<?xml version="1.0" encoding="UTF-8"?>
<gpx creator="Garmin Connect" version="1.1"
  xsi:schemaLocation="http://www.topografix.com/GPX/1/1 http://www.topografix.com/GPX/11.xsd"
  xmlns:ns3="http://www.garmin.com/xmlschemas/TrackPointExtension/v1"
  xmlns="http://www.topografix.com/GPX/1/1"
  xmlns:xsi="http://www.w3.org/2001/XMLSchema-instance" xmlns:ns2="http://www.garmin.com/xmlschemas/GpxExtensions/v3">
  <metadata>
    <link href="connect.garmin.com">
      <text>Garmin Connect</text>
    </link>
    <time>2020-08-05T12:25:44.000Z</time>
  </metadata>
  <trk>
    <name>北京市20200805</name>
    <type>street_running</type>
    <trkseg>
      <trkpt lat="39.89771299995481967926025390625" lon="116.63624592125415802001953125">
        <ele>30.799999237060546875</ele>
        <time>2020-08-05T12:25:44.000Z</time>
        <extensions>
          <ns3:TrackPointExtension/>
        </extensions>
      </trkpt>
      <trkpt lat="39.89770998246967792510986328125" lon="116.6362299956381320953369140625">
        <ele>30.799999237060546875</ele>
        <time>2020-08-05T12:25:44.000Z</time>
        <extensions>
          <ns3:TrackPointExtension/>
        </extensions>
      </trkpt>
      <trkpt lat="39.89770495332777500152587890625" lon="116.6362299956381320953369140625">
        <ele>30.799999237060546875</ele>
        <time>2020-08-05T12:25:44.000Z</time>
        <extensions>
          <ns3:TrackPointExtension/>
        </extensions>
      </trkpt>
      <trkpt lat="39.8976969905197620391845703125" lon="116.6362199373543262481689453125">
        <ele>30.799999237060546875</ele>
        <time>2020-08-05T12:25:44.000Z</time>
        <extensions>
          <ns3:TrackPointExtension/>
        </extensions>
      </trkpt>
      <trkpt lat="39.8976939730346202850341796875" lon="116.636199988424777984619140625">
        <ele>30.799999237060546875</ele>
        <time>2020-08-05T12:25:44.000Z</time>
        <extensions>
          <ns3:TrackPointExtension/>
        </extensions>
      </trkpt>
      <trkpt lat="39.8976859264075756072998046875" lon="116.636189930140972137451171875">
        <ele>30.6000003814697265625</ele>
        <time>2020-08-05T12:25:44.000Z</time>
        <extensions>
          <ns3:TrackPointExtension/>
        </extensions>
      </trkpt>
      <trkpt lat="39.8976859264075756072998046875" lon="116.63617995567619800567626953125">
        <ele>30.6000003814697265625</ele>
        <time>2020-08-05T12:25:44.000Z</time>
        <extensions>
          <ns3:TrackPointExtension/>
        </extensions>
      </trkpt>
      <trkpt lat="39.89768198691308498382568359375" lon="116.6361599229276180267333984375">
        <ele>30.6000003814697265625</ele>
        <time>2020-08-05T12:25:51.000Z</time>
        <extensions>
          <ns3:TrackPointExtension/>
        </extensions>
      </trkpt>
      <trkpt lat="39.89767997525632381439208984375" lon="116.63614994846284389495849609375">
        <ele>30.6000003814697265625</ele>
        <time>2020-08-05T12:25:51.000Z</time>
        <extensions>
          <ns3:TrackPointExtension/>
        </extensions>
      </trkpt>
      <trkpt lat="39.89766991697251796722412109375" lon="116.63613997399806976318359375">
        <ele>30.6000003814697265625</ele>
        <time>2020-08-05T12:25:51.000Z</time>
        <extensions>
          <ns3:TrackPointExtension/>
        </extensions>
      </trkpt>
      <trkpt lat="39.897662959992885589599609375" lon="116.63611591793596744537353515625">
        <ele>30.3999996185302734375</ele>
        <time>2020-08-05T12:25:51.000Z</time>
        <extensions>
          <ns3:TrackPointExtension/>
        </extensions>
      </trkpt>
      <trkpt lat="39.897662959992885589599609375" lon="116.6361099667847156524658203125">
        <ele>30.3999996185302734375</ele>
        <time>2020-08-05T12:25:51.000Z</time>
        <extensions>
          <ns3:TrackPointExtension/>
        </extensions>
      </trkpt>
      <trkpt lat="39.89765994250774383544921875" lon="116.636085994541645050048828125">
        <ele>30.3999996185302734375</ele>
        <time>2020-08-05T12:25:51.000Z</time>
        <extensions>
          <ns3:TrackPointExtension/>
        </extensions>
      </trkpt>
      <trkpt lat="39.89765499718487262725830078125" lon="116.636079959571361541748046875">
        <ele>30.3999996185302734375</ele>
        <time>2020-08-05T12:25:51.000Z</time>
        <extensions>
          <ns3:TrackPointExtension/>
        </extensions>
      </trkpt>
      <trkpt lat="39.89765499718487262725830078125" lon="116.63606998510658740997314453125">
        <ele>30.3999996185302734375</ele>
        <time>2020-08-05T12:25:58.000Z</time>
        <extensions>
          <ns3:TrackPointExtension/>
        </extensions>
      </trkpt>
      <trkpt lat="39.89765499718487262725830078125" lon="116.6360549814999103546142578125">
        <ele>30.200000762939453125</ele>
        <time>2020-08-05T12:25:58.000Z</time>
        <extensions>
          <ns3:TrackPointExtension/>
        </extensions>
      </trkpt>
      <trkpt lat="39.89765499718487262725830078125" lon="116.6360499523580074310302734375">
        <ele>30.200000762939453125</ele>
        <time>2020-08-05T12:25:58.000Z</time>
        <extensions>
          <ns3:TrackPointExtension/>
        </extensions>
      </trkpt>
      <trkpt lat="39.89765499718487262725830078125" lon="116.6360239684581756591796875">
        <ele>30.200000762939453125</ele>
        <time>2020-08-05T12:25:58.000Z</time>
        <extensions>
          <ns3:TrackPointExtension/>
        </extensions>
      </trkpt>
      <trkpt lat="39.89765499718487262725830078125" lon="116.6360199451446533203125">
        <ele>30.200000762939453125</ele>
        <time>2020-08-05T12:25:58.000Z</time>
        <extensions>
          <ns3:TrackPointExtension/>
        </extensions>
      </trkpt>
      <trkpt lat="39.89764795638620853424072265625" lon="116.6359939612448215484619140625">
        <ele>30.200000762939453125</ele>
        <time>2020-08-05T12:25:58.000Z</time>
        <extensions>
          <ns3:TrackPointExtension/>
        </extensions>
      </trkpt>
      <trkpt lat="39.89764795638620853424072265625" lon="116.6359899379312992095947265625">
        <ele>30.200000762939453125</ele>
        <time>2020-08-05T12:25:58.000Z</time>
        <extensions>
          <ns3:TrackPointExtension/>
        </extensions>
      </trkpt>
      <trkpt lat="39.89765499718487262725830078125" lon="116.63597996346652507781982421875">
        <ele>30.200000762939453125</ele>
        <time>2020-08-05T12:26:05.000Z</time>
        <extensions>
          <ns3:TrackPointExtension/>
        </extensions>
      </trkpt>
      <trkpt lat="39.89765994250774383544921875" lon="116.63595599122345447540283203125">
        <ele>30</ele>
        <time>2020-08-05T12:26:05.000Z</time>
        <extensions>
          <ns3:TrackPointExtension/>
        </extensions>
      </trkpt>
      <trkpt lat="39.897662959992885589599609375" lon="116.63595599122345447540283203125">
        <ele>30</ele>
        <time>2020-08-05T12:26:05.000Z</time>
        <extensions>
          <ns3:TrackPointExtension/>
        </extensions>
      </trkpt>
      <trkpt lat="39.897662959992885589599609375" lon="116.6359299235045909881591796875">
        <ele>30</ele>
        <time>2020-08-05T12:26:05.000Z</time>
        <extensions>
          <ns3:TrackPointExtension/>
        </extensions>
      </trkpt>
      <trkpt lat="39.897662959992885589599609375" lon="116.63592497818171977996826171875">
        <ele>30</ele>
        <time>2020-08-05T12:26:05.000Z</time>
        <extensions>
          <ns3:TrackPointExtension/>
        </extensions>
      </trkpt>
      <trkpt lat="39.897662959992885589599609375" lon="116.63591994903981685638427734375">
        <ele>30</ele>
        <time>2020-08-05T12:26:05.000Z</time>
        <extensions>
          <ns3:TrackPointExtension/>
        </extensions>
      </trkpt>
      <trkpt lat="39.897662959992885589599609375" lon="116.63589991629123687744140625">
        <ele>30</ele>
        <time>2020-08-05T12:26:05.000Z</time>
        <extensions>
          <ns3:TrackPointExtension/>
        </extensions>
      </trkpt>
      <trkpt lat="39.89765499718487262725830078125" lon="116.63589497096836566925048828125">
        <ele>30</ele>
        <time>2020-08-05T12:26:12.000Z</time>
        <extensions>
          <ns3:TrackPointExtension/>
        </extensions>
      </trkpt>
      <trkpt lat="39.89764795638620853424072265625" lon="116.63588994182646274566650390625">
        <ele>29.799999237060546875</ele>
        <time>2020-08-05T12:26:12.000Z</time>
        <extensions>
          <ns3:TrackPointExtension/>
        </extensions>
      </trkpt>
      <trkpt lat="39.8976329527795314788818359375" lon="116.63586395792663097381591796875">
        <ele>29.799999237060546875</ele>
        <time>2020-08-05T12:26:12.000Z</time>
        <extensions>
          <ns3:TrackPointExtension/>
        </extensions>
      </trkpt>
      <trkpt lat="39.89761694334447383880615234375" lon="116.635849960148334503173828125">
        <ele>29.799999237060546875</ele>
        <time>2020-08-05T12:26:12.000Z</time>
        <extensions>
          <ns3:TrackPointExtension/>
        </extensions>
      </trkpt>
      <trkpt lat="39.897601939737796783447265625" lon="116.63582992739975452423095703125">
        <ele>29.6000003814697265625</ele>
        <time>2020-08-05T12:26:12.000Z</time>
        <extensions>
          <ns3:TrackPointExtension/>
        </extensions>
      </trkpt>
      <trkpt lat="39.89758995361626148223876953125" lon="116.63580997847020626068115234375">
        <ele>29.6000003814697265625</ele>
        <time>2020-08-05T12:26:12.000Z</time>
        <extensions>
          <ns3:TrackPointExtension/>
        </extensions>
      </trkpt>
      <trkpt lat="39.89758693613111972808837890625" lon="116.63577997125685214996337890625">
        <ele>29.3999996185302734375</ele>
        <time>2020-08-05T12:26:12.000Z</time>
        <extensions>
          <ns3:TrackPointExtension/>
        </extensions>
      </trkpt>
      <trkpt lat="39.8975829966366291046142578125" lon="116.6357599385082721710205078125">
        <ele>29.3999996185302734375</ele>
        <time>2020-08-05T12:26:19.000Z</time>
        <extensions>
          <ns3:TrackPointExtension/>
        </extensions>
      </trkpt>
      <trkpt lat="39.8975749500095844268798828125" lon="116.635739989578723907470703125">
        <ele>29.3999996185302734375</ele>
        <time>2020-08-05T12:26:19.000Z</time>
        <extensions>
          <ns3:TrackPointExtension/>
        </extensions>
      </trkpt>
      <trkpt lat="39.89756799302995204925537109375" lon="116.63571995683014392852783203125">
        <ele>29.200000762939453125</ele>
        <time>2020-08-05T12:26:19.000Z</time>
        <extensions>
          <ns3:TrackPointExtension/>
        </extensions>
      </trkpt>
      <trkpt lat="39.89755994640290737152099609375" lon="116.6356999240815639495849609375">
        <ele>29.200000762939453125</ele>
        <time>2020-08-05T12:26:19.000Z</time>
        <extensions>
          <ns3:TrackPointExtension/>
        </extensions>
      </trkpt>
      <trkpt lat="39.897544942796230316162109375" lon="116.63567997515201568603515625">
        <ele>29.200000762939453125</ele>
        <time>2020-08-05T12:26:19.000Z</time>
        <extensions>
          <ns3:TrackPointExtension/>
        </extensions>
      </trkpt>
      <trkpt lat="39.89753295667469501495361328125" lon="116.6356499679386615753173828125">
        <ele>29.200000762939453125</ele>
        <time>2020-08-05T12:26:19.000Z</time>
        <extensions>
          <ns3:TrackPointExtension/>
        </extensions>
      </trkpt>
      <trkpt lat="39.8975219763815402984619140625" lon="116.63562993519008159637451171875">
        <ele>29.200000762939453125</ele>
        <time>2020-08-05T12:26:19.000Z</time>
        <extensions>
          <ns3:TrackPointExtension/>
        </extensions>
      </trkpt>
      <trkpt lat="39.8975139297544956207275390625" lon="116.63560495711863040924072265625">
        <ele>29.200000762939453125</ele>
        <time>2020-08-05T12:26:26.000Z</time>
        <extensions>
          <ns3:TrackPointExtension/>
        </extensions>
      </trkpt>
      <trkpt lat="39.89750697277486324310302734375" lon="116.6355899535119533538818359375">
        <ele>29.200000762939453125</ele>
        <time>2020-08-05T12:26:26.000Z</time>
        <extensions>
          <ns3:TrackPointExtension/>
        </extensions>
      </trkpt>
      <trkpt lat="39.89749993197619915008544921875" lon="116.63556992076337337493896484375">
        <ele>29.200000762939453125</ele>
        <time>2020-08-05T12:26:26.000Z</time>
        <extensions>
          <ns3:TrackPointExtension/>
        </extensions>
      </trkpt>
      <trkpt lat="39.897483922541141510009765625" lon="116.63554393686354160308837890625">
        <ele>29.200000762939453125</ele>
        <time>2020-08-05T12:26:26.000Z</time>
        <extensions>
          <ns3:TrackPointExtension/>
        </extensions>
      </trkpt>
      <trkpt lat="39.89746992476284503936767578125" lon="116.6355399973690509796142578125">
        <ele>29.200000762939453125</ele>
        <time>2020-08-05T12:26:26.000Z</time>
        <extensions>
          <ns3:TrackPointExtension/>
        </extensions>
      </trkpt>
      <trkpt lat="39.89745299331843852996826171875" lon="116.635509990155696868896484375">
        <ele>29.200000762939453125</ele>
        <time>2020-08-05T12:26:26.000Z</time>
        <extensions>
          <ns3:TrackPointExtension/>
        </extensions>
      </trkpt>
      <trkpt lat="39.897437989711761474609375" lon="116.635505966842174530029296875">
        <ele>29.200000762939453125</ele>
        <time>2020-08-05T12:26:26.000Z</time>
        <extensions>
          <ns3:TrackPointExtension/>
        </extensions>
      </trkpt>
      <trkpt lat="39.89742298610508441925048828125" lon="116.635499931871891021728515625">
        <ele>29</ele>
        <time>2020-08-05T12:26:35.000Z</time>
        <extensions>
          <ns3:TrackPointExtension/>
        </extensions>
      </trkpt>
      <trkpt lat="39.8974099941551685333251953125" lon="116.6354799829423427581787109375">
        <ele>29</ele>
        <time>2020-08-05T12:26:35.000Z</time>
        <extensions>
          <ns3:TrackPointExtension/>
        </extensions>
      </trkpt>
      <trkpt lat="39.8973999358713626861572265625" lon="116.6354799829423427581787109375">
        <ele>29</ele>
        <time>2020-08-05T12:26:35.000Z</time>
        <extensions>
          <ns3:TrackPointExtension/>
        </extensions>
      </trkpt>
      <trkpt lat="39.89739197306334972381591796875" lon="116.6354749538004398345947265625">
        <ele>29</ele>
        <time>2020-08-05T12:26:35.000Z</time>
        <extensions>
          <ns3:TrackPointExtension/>
        </extensions>
      </trkpt>
      <trkpt lat="39.89737294614315032958984375" lon="116.6354749538004398345947265625">
        <ele>29</ele>
        <time>2020-08-05T12:26:35.000Z</time>
        <extensions>
          <ns3:TrackPointExtension/>
        </extensions>
      </trkpt>
      <trkpt lat="39.89737294614315032958984375" lon="116.6354749538004398345947265625">
        <ele>29</ele>
        <time>2020-08-05T12:26:35.000Z</time>
        <extensions>
          <ns3:TrackPointExtension/>
        </extensions>
      </trkpt>
      <trkpt lat="39.89737294614315032958984375" lon="116.6354799829423427581787109375">
        <ele>29</ele>
        <time>2020-08-05T12:26:35.000Z</time>
        <extensions>
          <ns3:TrackPointExtension/>
        </extensions>
      </trkpt>
      <trkpt lat="39.897369928658008575439453125" lon="116.635499931871891021728515625">
        <ele>29</ele>
        <time>2020-08-05T12:26:42.000Z</time>
        <extensions>
          <ns3:TrackPointExtension/>
        </extensions>
      </trkpt>
      <trkpt lat="39.89736598916351795196533203125" lon="116.635505966842174530029296875">
        <ele>29</ele>
        <time>2020-08-05T12:26:42.000Z</time>
        <extensions>
          <ns3:TrackPointExtension/>
        </extensions>
      </trkpt>
      <trkpt lat="39.89735995419323444366455078125" lon="116.635509990155696868896484375">
        <ele>29</ele>
        <time>2020-08-05T12:26:42.000Z</time>
        <extensions>
          <ns3:TrackPointExtension/>
        </extensions>
      </trkpt>
      <trkpt lat="39.89735391922295093536376953125" lon="116.6355299390852451324462890625">
        <ele>28.799999237060546875</ele>
        <time>2020-08-05T12:26:42.000Z</time>
        <extensions>
          <ns3:TrackPointExtension/>
        </extensions>
      </trkpt>
      <trkpt lat="39.8973459564149379730224609375" lon="116.6355399973690509796142578125">
        <ele>28.799999237060546875</ele>
        <time>2020-08-05T12:26:42.000Z</time>
        <extensions>
          <ns3:TrackPointExtension/>
        </extensions>
      </trkpt>
      <trkpt lat="39.8973399214446544647216796875" lon="116.63554393686354160308837890625">
        <ele>28.799999237060546875</ele>
        <time>2020-08-05T12:26:42.000Z</time>
        <extensions>
          <ns3:TrackPointExtension/>
        </extensions>
      </trkpt>
      <trkpt lat="39.89733497612178325653076171875" lon="116.6355599462985992431640625">
        <ele>28.799999237060546875</ele>
        <time>2020-08-05T12:26:42.000Z</time>
        <extensions>
          <ns3:TrackPointExtension/>
        </extensions>
      </trkpt>
      <trkpt lat="39.89732692949473857879638671875" lon="116.63556992076337337493896484375">
        <ele>28.799999237060546875</ele>
        <time>2020-08-05T12:26:49.000Z</time>
        <extensions>
          <ns3:TrackPointExtension/>
        </extensions>
      </trkpt>
      <trkpt lat="39.897319972515106201171875" lon="116.63556992076337337493896484375">
        <ele>28.799999237060546875</ele>
        <time>2020-08-05T12:26:49.000Z</time>
        <extensions>
          <ns3:TrackPointExtension/>
        </extensions>
      </trkpt>
      <trkpt lat="39.8973119258880615234375" lon="116.63557394407689571380615234375">
        <ele>28.799999237060546875</ele>
        <time>2020-08-05T12:26:49.000Z</time>
        <extensions>
          <ns3:TrackPointExtension/>
        </extensions>
      </trkpt>
      <trkpt lat="39.89730496890842914581298828125" lon="116.6355899535119533538818359375">
        <ele>28.6000003814697265625</ele>
        <time>2020-08-05T12:26:49.000Z</time>
        <extensions>
          <ns3:TrackPointExtension/>
        </extensions>
      </trkpt>
      <trkpt lat="39.89729692228138446807861328125" lon="116.63559992797672748565673828125">
        <ele>28.6000003814697265625</ele>
        <time>2020-08-05T12:26:49.000Z</time>
        <extensions>
          <ns3:TrackPointExtension/>
        </extensions>
      </trkpt>
      <trkpt lat="39.8972849361598491668701171875" lon="116.63560495711863040924072265625">
        <ele>28.6000003814697265625</ele>
        <time>2020-08-05T12:26:49.000Z</time>
        <extensions>
          <ns3:TrackPointExtension/>
        </extensions>
      </trkpt>
      <trkpt lat="39.89727395586669445037841796875" lon="116.635619960725307464599609375">
        <ele>28.6000003814697265625</ele>
        <time>2020-08-05T12:26:49.000Z</time>
        <extensions>
          <ns3:TrackPointExtension/>
        </extensions>
      </trkpt>
      <trkpt lat="39.897259958088397979736328125" lon="116.635619960725307464599609375">
        <ele>28.6000003814697265625</ele>
        <time>2020-08-05T12:26:56.000Z</time>
        <extensions>
          <ns3:TrackPointExtension/>
        </extensions>
      </trkpt>
      <trkpt lat="39.89723992533981800079345703125" lon="116.635619960725307464599609375">
        <ele>28.6000003814697265625</ele>
        <time>2020-08-05T12:26:56.000Z</time>
        <extensions>
          <ns3:TrackPointExtension/>
        </extensions>
      </trkpt>
      <trkpt lat="39.89721997641026973724365234375" lon="116.635619960725307464599609375">
        <ele>28.3999996185302734375</ele>
        <time>2020-08-05T12:26:56.000Z</time>
        <extensions>
          <ns3:TrackPointExtension/>
        </extensions>
      </trkpt>
      <trkpt lat="39.89720991812646389007568359375" lon="116.63562993519008159637451171875">
        <ele>28.3999996185302734375</ele>
        <time>2020-08-05T12:26:56.000Z</time>
        <extensions>
          <ns3:TrackPointExtension/>
        </extensions>
      </trkpt>
      <trkpt lat="39.89719399251043796539306640625" lon="116.63563496433198451995849609375">
        <ele>28.3999996185302734375</ele>
        <time>2020-08-05T12:26:56.000Z</time>
        <extensions>
          <ns3:TrackPointExtension/>
        </extensions>
      </trkpt>
      <trkpt lat="39.89718192256987094879150390625" lon="116.63563496433198451995849609375">
        <ele>28.3999996185302734375</ele>
        <time>2020-08-05T12:26:56.000Z</time>
        <extensions>
          <ns3:TrackPointExtension/>
        </extensions>
      </trkpt>
      <trkpt lat="39.8971699364483356475830078125" lon="116.6356499679386615753173828125">
        <ele>28.200000762939453125</ele>
        <time>2020-08-05T12:26:56.000Z</time>
        <extensions>
          <ns3:TrackPointExtension/>
        </extensions>
      </trkpt>
      <trkpt lat="39.89715593867003917694091796875" lon="116.63565994240343570709228515625">
        <ele>28.200000762939453125</ele>
        <time>2020-08-05T12:27:03.000Z</time>
        <extensions>
          <ns3:TrackPointExtension/>
        </extensions>
      </trkpt>
      <trkpt lat="39.897139929234981536865234375" lon="116.63565994240343570709228515625">
        <ele>28.200000762939453125</ele>
        <time>2020-08-05T12:27:03.000Z</time>
        <extensions>
          <ns3:TrackPointExtension/>
        </extensions>
      </trkpt>
      <trkpt lat="39.89712492562830448150634765625" lon="116.63566597737371921539306640625">
        <ele>28.200000762939453125</ele>
        <time>2020-08-05T12:27:03.000Z</time>
        <extensions>
          <ns3:TrackPointExtension/>
        </extensions>
      </trkpt>
      <trkpt lat="39.8971099220216274261474609375" lon="116.63566597737371921539306640625">
        <ele>28.200000762939453125</ele>
        <time>2020-08-05T12:27:03.000Z</time>
        <extensions>
          <ns3:TrackPointExtension/>
        </extensions>
      </trkpt>
      <trkpt lat="39.89709994755685329437255859375" lon="116.63568994961678981781005859375">
        <ele>28</ele>
        <time>2020-08-05T12:27:03.000Z</time>
        <extensions>
          <ns3:TrackPointExtension/>
        </extensions>
      </trkpt>
      <trkpt lat="39.897086955606937408447265625" lon="116.6356999240815639495849609375">
        <ele>28</ele>
        <time>2020-08-05T12:27:03.000Z</time>
        <extensions>
          <ns3:TrackPointExtension/>
        </extensions>
      </trkpt>
      <trkpt lat="39.89706994034349918365478515625" lon="116.63571995683014392852783203125">
        <ele>28</ele>
        <time>2020-08-05T12:27:03.000Z</time>
        <extensions>
          <ns3:TrackPointExtension/>
        </extensions>
      </trkpt>
      <trkpt lat="39.8970599658787250518798828125" lon="116.635739989578723907470703125">
        <ele>28</ele>
        <time>2020-08-05T12:27:10.000Z</time>
        <extensions>
          <ns3:TrackPointExtension/>
        </extensions>
      </trkpt>
      <trkpt lat="39.89704496227204799652099609375" lon="116.63574996404349803924560546875">
        <ele>28</ele>
        <time>2020-08-05T12:27:10.000Z</time>
        <extensions>
          <ns3:TrackPointExtension/>
        </extensions>
      </trkpt>
      <trkpt lat="39.897033981978893280029296875" lon="116.6357599385082721710205078125">
        <ele>28.200000762939453125</ele>
        <time>2020-08-05T12:27:10.000Z</time>
        <extensions>
          <ns3:TrackPointExtension/>
        </extensions>
      </trkpt>
      <trkpt lat="39.89701998420059680938720703125" lon="116.63577997125685214996337890625">
        <ele>28.200000762939453125</ele>
        <time>2020-08-05T12:27:10.000Z</time>
        <extensions>
          <ns3:TrackPointExtension/>
        </extensions>
      </trkpt>
      <trkpt lat="39.8969999514520168304443359375" lon="116.63578994572162628173828125">
        <ele>28.200000762939453125</ele>
        <time>2020-08-05T12:27:10.000Z</time>
        <extensions>
          <ns3:TrackPointExtension/>
        </extensions>
      </trkpt>
      <trkpt lat="39.89698394201695919036865234375" lon="116.63578994572162628173828125">
        <ele>28.200000762939453125</ele>
        <time>2020-08-05T12:27:10.000Z</time>
        <extensions>
          <ns3:TrackPointExtension/>
        </extensions>
      </trkpt>
      <trkpt lat="39.8969699442386627197265625" lon="116.63579992018640041351318359375">
        <ele>28.200000762939453125</ele>
        <time>2020-08-05T12:27:10.000Z</time>
        <extensions>
          <ns3:TrackPointExtension/>
        </extensions>
      </trkpt>
      <trkpt lat="39.89695695228874683380126953125" lon="116.63580997847020626068115234375">
        <ele>28.200000762939453125</ele>
        <time>2020-08-05T12:27:17.000Z</time>
        <extensions>
          <ns3:TrackPointExtension/>
        </extensions>
      </trkpt>
      <trkpt lat="39.8969459719955921173095703125" lon="116.63580997847020626068115234375">
        <ele>28.200000762939453125</ele>
        <time>2020-08-05T12:27:17.000Z</time>
        <extensions>
          <ns3:TrackPointExtension/>
        </extensions>
      </trkpt>
      <trkpt lat="39.89692694507539272308349609375" lon="116.6358199529349803924560546875">
        <ele>28.3999996185302734375</ele>
        <time>2020-08-05T12:27:17.000Z</time>
        <extensions>
          <ns3:TrackPointExtension/>
        </extensions>
      </trkpt>
      <trkpt lat="39.896909929811954498291015625" lon="116.6358199529349803924560546875">
        <ele>28.3999996185302734375</ele>
        <time>2020-08-05T12:27:17.000Z</time>
        <extensions>
          <ns3:TrackPointExtension/>
        </extensions>
      </trkpt>
      <trkpt lat="39.89689593203365802764892578125" lon="116.63582992739975452423095703125">
        <ele>28.3999996185302734375</ele>
        <time>2020-08-05T12:27:17.000Z</time>
        <extensions>
          <ns3:TrackPointExtension/>
        </extensions>
      </trkpt>
      <trkpt lat="39.8968849517405033111572265625" lon="116.63583998568356037139892578125">
        <ele>28.3999996185302734375</ele>
        <time>2020-08-05T12:27:17.000Z</time>
        <extensions>
          <ns3:TrackPointExtension/>
        </extensions>
      </trkpt>
      <trkpt lat="39.89686994813382625579833984375" lon="116.635849960148334503173828125">
        <ele>28.3999996185302734375</ele>
        <time>2020-08-05T12:27:17.000Z</time>
        <extensions>
          <ns3:TrackPointExtension/>
        </extensions>
      </trkpt>
      <trkpt lat="39.8968599736690521240234375" lon="116.63586395792663097381591796875">
        <ele>28.3999996185302734375</ele>
        <time>2020-08-05T12:27:24.000Z</time>
        <extensions>
          <ns3:TrackPointExtension/>
        </extensions>
      </trkpt>
      <trkpt lat="39.89684295840561389923095703125" lon="116.63586999289691448211669921875">
        <ele>28.3999996185302734375</ele>
        <time>2020-08-05T12:27:24.000Z</time>
        <extensions>
          <ns3:TrackPointExtension/>
        </extensions>
      </trkpt>
      <trkpt lat="39.8968349955976009368896484375" lon="116.63588994182646274566650390625">
        <ele>28.6000003814697265625</ele>
        <time>2020-08-05T12:27:24.000Z</time>
        <extensions>
          <ns3:TrackPointExtension/>
        </extensions>
      </trkpt>
      <trkpt lat="39.89681999199092388153076171875" lon="116.63589497096836566925048828125">
        <ele>28.6000003814697265625</ele>
        <time>2020-08-05T12:27:24.000Z</time>
        <extensions>
          <ns3:TrackPointExtension/>
        </extensions>
      </trkpt>
      <trkpt lat="39.89680993370711803436279296875" lon="116.63589991629123687744140625">
        <ele>28.6000003814697265625</ele>
        <time>2020-08-05T12:27:24.000Z</time>
        <extensions>
          <ns3:TrackPointExtension/>
        </extensions>
      </trkpt>
      <trkpt lat="39.8967969417572021484375" lon="116.63591994903981685638427734375">
        <ele>28.6000003814697265625</ele>
        <time>2020-08-05T12:27:24.000Z</time>
        <extensions>
          <ns3:TrackPointExtension/>
        </extensions>
      </trkpt>
      <trkpt lat="39.89678193815052509307861328125" lon="116.63591994903981685638427734375">
        <ele>28.6000003814697265625</ele>
        <time>2020-08-05T12:27:24.000Z</time>
        <extensions>
          <ns3:TrackPointExtension/>
        </extensions>
      </trkpt>
      <trkpt lat="39.8967669345438480377197265625" lon="116.63592497818171977996826171875">
        <ele>28.6000003814697265625</ele>
        <time>2020-08-05T12:27:31.000Z</time>
        <extensions>
          <ns3:TrackPointExtension/>
        </extensions>
      </trkpt>
      <trkpt lat="39.89674991928040981292724609375" lon="116.6359299235045909881591796875">
        <ele>28.6000003814697265625</ele>
        <time>2020-08-05T12:27:31.000Z</time>
        <extensions>
          <ns3:TrackPointExtension/>
        </extensions>
      </trkpt>
      <trkpt lat="39.89673592150211334228515625" lon="116.6359299235045909881591796875">
        <ele>28.6000003814697265625</ele>
        <time>2020-08-05T12:27:31.000Z</time>
        <extensions>
          <ns3:TrackPointExtension/>
        </extensions>
      </trkpt>
      <trkpt lat="39.8967199958860874176025390625" lon="116.63594995625317096710205078125">
        <ele>28.799999237060546875</ele>
        <time>2020-08-05T12:27:31.000Z</time>
        <extensions>
          <ns3:TrackPointExtension/>
        </extensions>
      </trkpt>
      <trkpt lat="39.8967099376022815704345703125" lon="116.63595599122345447540283203125">
        <ele>28.799999237060546875</ele>
        <time>2020-08-05T12:27:31.000Z</time>
        <extensions>
          <ns3:TrackPointExtension/>
        </extensions>
      </trkpt>
      <trkpt lat="39.89669795148074626922607421875" lon="116.635959930717945098876953125">
        <ele>28.799999237060546875</ele>
        <time>2020-08-05T12:27:31.000Z</time>
        <extensions>
          <ns3:TrackPointExtension/>
        </extensions>
      </trkpt>
      <trkpt lat="39.896686971187591552734375" lon="116.63597996346652507781982421875">
        <ele>28.799999237060546875</ele>
        <time>2020-08-05T12:27:31.000Z</time>
        <extensions>
          <ns3:TrackPointExtension/>
        </extensions>
      </trkpt>
      <trkpt lat="39.89667498506605625152587890625" lon="116.6359899379312992095947265625">
        <ele>28.799999237060546875</ele>
        <time>2020-08-05T12:27:38.000Z</time>
        <extensions>
          <ns3:TrackPointExtension/>
        </extensions>
      </trkpt>
      <trkpt lat="39.89666392095386981964111328125" lon="116.6359939612448215484619140625">
        <ele>28.799999237060546875</ele>
        <time>2020-08-05T12:27:38.000Z</time>
        <extensions>
          <ns3:TrackPointExtension/>
        </extensions>
      </trkpt>
      <trkpt lat="39.8966559581458568572998046875" lon="116.63600997067987918853759765625">
        <ele>28.799999237060546875</ele>
        <time>2020-08-05T12:27:38.000Z</time>
        <extensions>
          <ns3:TrackPointExtension/>
        </extensions>
      </trkpt>
      <trkpt lat="39.89664497785270214080810546875" lon="116.63600997067987918853759765625">
        <ele>28.799999237060546875</ele>
        <time>2020-08-05T12:27:38.000Z</time>
        <extensions>
          <ns3:TrackPointExtension/>
        </extensions>
      </trkpt>
      <trkpt lat="39.896632991731166839599609375" lon="116.6360199451446533203125">
        <ele>29</ele>
        <time>2020-08-05T12:27:38.000Z</time>
        <extensions>
          <ns3:TrackPointExtension/>
        </extensions>
      </trkpt>
      <trkpt lat="39.89661999978125095367431640625" lon="116.6360239684581756591796875">
        <ele>29</ele>
        <time>2020-08-05T12:27:38.000Z</time>
        <extensions>
          <ns3:TrackPointExtension/>
        </extensions>
      </trkpt>
      <trkpt lat="39.89660994149744510650634765625" lon="116.63603997789323329925537109375">
        <ele>29</ele>
        <time>2020-08-05T12:27:38.000Z</time>
        <extensions>
          <ns3:TrackPointExtension/>
        </extensions>
      </trkpt>
      <trkpt lat="39.8965949378907680511474609375" lon="116.6360499523580074310302734375">
        <ele>29</ele>
        <time>2020-08-05T12:27:45.000Z</time>
        <extensions>
          <ns3:TrackPointExtension/>
        </extensions>
      </trkpt>
      <trkpt lat="39.89658395759761333465576171875" lon="116.63606998510658740997314453125">
        <ele>29</ele>
        <time>2020-08-05T12:27:45.000Z</time>
        <extensions>
          <ns3:TrackPointExtension/>
        </extensions>
      </trkpt>
      <trkpt lat="39.896571971476078033447265625" lon="116.636079959571361541748046875">
        <ele>29</ele>
        <time>2020-08-05T12:27:45.000Z</time>
        <extensions>
          <ns3:TrackPointExtension/>
        </extensions>
      </trkpt>
      <trkpt lat="39.89655696786940097808837890625" lon="116.636085994541645050048828125">
        <ele>29</ele>
        <time>2020-08-05T12:27:45.000Z</time>
        <extensions>
          <ns3:TrackPointExtension/>
        </extensions>
      </trkpt>
      <trkpt lat="39.8965399526059627532958984375" lon="116.63609999231994152069091796875">
        <ele>29</ele>
        <time>2020-08-05T12:27:45.000Z</time>
        <extensions>
          <ns3:TrackPointExtension/>
        </extensions>
      </trkpt>
      <trkpt lat="39.89652997814118862152099609375" lon="116.6361099667847156524658203125">
        <ele>29</ele>
        <time>2020-08-05T12:27:45.000Z</time>
        <extensions>
          <ns3:TrackPointExtension/>
        </extensions>
      </trkpt>
      <trkpt lat="39.89651991985738277435302734375" lon="116.63611591793596744537353515625">
        <ele>29</ele>
        <time>2020-08-05T12:27:45.000Z</time>
        <extensions>
          <ns3:TrackPointExtension/>
        </extensions>
      </trkpt>
      <trkpt lat="39.89650298841297626495361328125" lon="116.63612999953329563140869140625">
        <ele>29</ele>
        <time>2020-08-05T12:27:52.000Z</time>
        <extensions>
          <ns3:TrackPointExtension/>
        </extensions>
      </trkpt>
      <trkpt lat="39.8964899964630603790283203125" lon="116.63613997399806976318359375">
        <ele>29</ele>
        <time>2020-08-05T12:27:52.000Z</time>
        <extensions>
          <ns3:TrackPointExtension/>
        </extensions>
      </trkpt>
      <trkpt lat="39.8964769206941127777099609375" lon="116.63614994846284389495849609375">
        <ele>29</ele>
        <time>2020-08-05T12:27:52.000Z</time>
        <extensions>
          <ns3:TrackPointExtension/>
        </extensions>
      </trkpt>
      <trkpt lat="39.896459989249706268310546875" lon="116.6361599229276180267333984375">
        <ele>29</ele>
        <time>2020-08-05T12:27:52.000Z</time>
        <extensions>
          <ns3:TrackPointExtension/>
        </extensions>
      </trkpt>
      <trkpt lat="39.896449930965900421142578125" lon="116.6361599229276180267333984375">
        <ele>29</ele>
        <time>2020-08-05T12:27:52.000Z</time>
        <extensions>
          <ns3:TrackPointExtension/>
        </extensions>
      </trkpt>
      <trkpt lat="39.89643492735922336578369140625" lon="116.6361699812114238739013671875">
        <ele>29</ele>
        <time>2020-08-05T12:27:52.000Z</time>
        <extensions>
          <ns3:TrackPointExtension/>
        </extensions>
      </trkpt>
      <trkpt lat="39.8964229412376880645751953125" lon="116.63617995567619800567626953125">
        <ele>29</ele>
        <time>2020-08-05T12:27:52.000Z</time>
        <extensions>
          <ns3:TrackPointExtension/>
        </extensions>
      </trkpt>
      <trkpt lat="39.89640994928777217864990234375" lon="116.63617995567619800567626953125">
        <ele>29</ele>
        <time>2020-08-05T12:28:07.000Z</time>
        <extensions>
          <ns3:TrackPointExtension/>
        </extensions>
      </trkpt>
      <trkpt lat="39.896399974822998046875" lon="116.636189930140972137451171875">
        <ele>29</ele>
        <time>2020-08-05T12:28:07.000Z</time>
        <extensions>
          <ns3:TrackPointExtension/>
        </extensions>
      </trkpt>
      <trkpt lat="39.896392934024333953857421875" lon="116.636199988424777984619140625">
        <ele>29</ele>
        <time>2020-08-05T12:28:07.000Z</time>
        <extensions>
          <ns3:TrackPointExtension/>
        </extensions>
      </trkpt>
      <trkpt lat="39.89638497121632099151611328125" lon="116.636199988424777984619140625">
        <ele>29</ele>
        <time>2020-08-05T12:28:07.000Z</time>
        <extensions>
          <ns3:TrackPointExtension/>
        </extensions>
      </trkpt>
      <trkpt lat="39.8961939476430416107177734375" lon="116.63624994456768035888671875">
        <ele>29.200000762939453125</ele>
        <time>2020-08-05T12:28:07.000Z</time>
        <extensions>
          <ns3:TrackPointExtension/>
        </extensions>
      </trkpt>
      <trkpt lat="39.8961899243295192718505859375" lon="116.63624592125415802001953125">
        <ele>29.200000762939453125</ele>
        <time>2020-08-05T12:28:07.000Z</time>
        <extensions>
          <ns3:TrackPointExtension/>
        </extensions>
      </trkpt>
      <trkpt lat="39.89618296734988689422607421875" lon="116.6362299956381320953369140625">
        <ele>29.200000762939453125</ele>
        <time>2020-08-05T12:28:07.000Z</time>
        <extensions>
          <ns3:TrackPointExtension/>
        </extensions>
      </trkpt>
      <trkpt lat="39.89616997539997100830078125" lon="116.6362299956381320953369140625">
        <ele>29.200000762939453125</ele>
        <time>2020-08-05T12:28:14.000Z</time>
        <extensions>
          <ns3:TrackPointExtension/>
        </extensions>
      </trkpt>
      <trkpt lat="39.8961639404296875" lon="116.63624592125415802001953125">
        <ele>29.200000762939453125</ele>
        <time>2020-08-05T12:28:14.000Z</time>
        <extensions>
          <ns3:TrackPointExtension/>
        </extensions>
      </trkpt>
      <trkpt lat="39.89615597762167453765869140625" lon="116.63624994456768035888671875">
        <ele>29.200000762939453125</ele>
        <time>2020-08-05T12:28:14.000Z</time>
        <extensions>
          <ns3:TrackPointExtension/>
        </extensions>
      </trkpt>
      <trkpt lat="39.89615597762167453765869140625" lon="116.6362799517810344696044921875">
        <ele>29.200000762939453125</ele>
        <time>2020-08-05T12:28:14.000Z</time>
        <extensions>
          <ns3:TrackPointExtension/>
        </extensions>
      </trkpt>
      <trkpt lat="39.89615597762167453765869140625" lon="116.6362839750945568084716796875">
        <ele>29.200000762939453125</ele>
        <time>2020-08-05T12:28:14.000Z</time>
        <extensions>
          <ns3:TrackPointExtension/>
        </extensions>
      </trkpt>
      <trkpt lat="39.8961599171161651611328125" lon="116.636309958994388580322265625">
        <ele>29.200000762939453125</ele>
        <time>2020-08-05T12:28:14.000Z</time>
        <extensions>
          <ns3:TrackPointExtension/>
        </extensions>
      </trkpt>
      <trkpt lat="39.8961639404296875" lon="116.63631993345916271209716796875">
        <ele>29.200000762939453125</ele>
        <time>2020-08-05T12:28:14.000Z</time>
        <extensions>
          <ns3:TrackPointExtension/>
        </extensions>
      </trkpt>
      <trkpt lat="39.8961639404296875" lon="116.6363449953496456146240234375">
        <ele>29.200000762939453125</ele>
        <time>2020-08-05T12:28:21.000Z</time>
        <extensions>
          <ns3:TrackPointExtension/>
        </extensions>
      </trkpt>
      <trkpt lat="39.8961599171161651611328125" lon="116.6363699734210968017578125">
        <ele>29.200000762939453125</ele>
        <time>2020-08-05T12:28:21.000Z</time>
        <extensions>
          <ns3:TrackPointExtension/>
        </extensions>
      </trkpt>
      <trkpt lat="39.89615195430815219879150390625" lon="116.63637994788587093353271484375">
        <ele>29.200000762939453125</ele>
        <time>2020-08-05T12:28:21.000Z</time>
        <extensions>
          <ns3:TrackPointExtension/>
        </extensions>
      </trkpt>
      <trkpt lat="39.8961449973285198211669921875" lon="116.6363999806344509124755859375">
        <ele>29.3999996185302734375</ele>
        <time>2020-08-05T12:28:21.000Z</time>
        <extensions>
          <ns3:TrackPointExtension/>
        </extensions>
      </trkpt>
      <trkpt lat="39.8961369507014751434326171875" lon="116.63640593178570270538330078125">
        <ele>29.3999996185302734375</ele>
        <time>2020-08-05T12:28:21.000Z</time>
        <extensions>
          <ns3:TrackPointExtension/>
        </extensions>
      </trkpt>
      <trkpt lat="39.89612999372184276580810546875" lon="116.63640995509922504425048828125">
        <ele>29.3999996185302734375</ele>
        <time>2020-08-05T12:28:21.000Z</time>
        <extensions>
          <ns3:TrackPointExtension/>
        </extensions>
      </trkpt>
      <trkpt lat="39.89612597040832042694091796875" lon="116.636429987847805023193359375">
        <ele>29.3999996185302734375</ele>
        <time>2020-08-05T12:28:21.000Z</time>
        <extensions>
          <ns3:TrackPointExtension/>
        </extensions>
      </trkpt>
      <trkpt lat="39.89612194709479808807373046875" lon="116.63643996231257915496826171875">
        <ele>29.3999996185302734375</ele>
        <time>2020-08-05T12:28:29.000Z</time>
        <extensions>
          <ns3:TrackPointExtension/>
        </extensions>
      </trkpt>
      <trkpt lat="39.89611993543803691864013671875" lon="116.63643996231257915496826171875">
        <ele>29.3999996185302734375</ele>
        <time>2020-08-05T12:28:29.000Z</time>
        <extensions>
          <ns3:TrackPointExtension/>
        </extensions>
      </trkpt>
      <trkpt lat="39.896113984286785125732421875" lon="116.63644398562610149383544921875">
        <ele>29.3999996185302734375</ele>
        <time>2020-08-05T12:28:29.000Z</time>
        <extensions>
          <ns3:TrackPointExtension/>
        </extensions>
      </trkpt>
      <trkpt lat="39.89610694348812103271484375" lon="116.6364599950611591339111328125">
        <ele>29.3999996185302734375</ele>
        <time>2020-08-05T12:28:29.000Z</time>
        <extensions>
          <ns3:TrackPointExtension/>
        </extensions>
      </trkpt>
      <trkpt lat="39.89610292017459869384765625" lon="116.6364599950611591339111328125">
        <ele>29.3999996185302734375</ele>
        <time>2020-08-05T12:28:29.000Z</time>
        <extensions>
          <ns3:TrackPointExtension/>
        </extensions>
      </trkpt>
      <trkpt lat="39.89610292017459869384765625" lon="116.6364599950611591339111328125">
        <ele>29.3999996185302734375</ele>
        <time>2020-08-05T12:28:29.000Z</time>
        <extensions>
          <ns3:TrackPointExtension/>
        </extensions>
      </trkpt>
      <trkpt lat="39.89610292017459869384765625" lon="116.6364599950611591339111328125">
        <ele>29.3999996185302734375</ele>
        <time>2020-08-05T12:28:29.000Z</time>
        <extensions>
          <ns3:TrackPointExtension/>
        </extensions>
      </trkpt>
      <trkpt lat="39.89610694348812103271484375" lon="116.6364599950611591339111328125">
        <ele>29.3999996185302734375</ele>
        <time>2020-08-05T12:28:36.000Z</time>
        <extensions>
          <ns3:TrackPointExtension/>
        </extensions>
      </trkpt>
      <trkpt lat="39.896109960973262786865234375" lon="116.6364599950611591339111328125">
        <ele>29.200000762939453125</ele>
        <time>2020-08-05T12:28:36.000Z</time>
        <extensions>
          <ns3:TrackPointExtension/>
        </extensions>
      </trkpt>
      <trkpt lat="39.896113984286785125732421875" lon="116.6364599950611591339111328125">
        <ele>29.200000762939453125</ele>
        <time>2020-08-05T12:28:36.000Z</time>
        <extensions>
          <ns3:TrackPointExtension/>
        </extensions>
      </trkpt>
      <trkpt lat="39.89612194709479808807373046875" lon="116.63644398562610149383544921875">
        <ele>29.3999996185302734375</ele>
        <time>2020-08-05T12:28:36.000Z</time>
        <extensions>
          <ns3:TrackPointExtension/>
        </extensions>
      </trkpt>
      <trkpt lat="39.89612194709479808807373046875" lon="116.63644398562610149383544921875">
        <ele>29.3999996185302734375</ele>
        <time>2020-08-05T12:28:36.000Z</time>
        <extensions>
          <ns3:TrackPointExtension/>
        </extensions>
      </trkpt>
      <trkpt lat="39.89612999372184276580810546875" lon="116.63644398562610149383544921875">
        <ele>29.3999996185302734375</ele>
        <time>2020-08-05T12:28:36.000Z</time>
        <extensions>
          <ns3:TrackPointExtension/>
        </extensions>
      </trkpt>
      <trkpt lat="39.89612999372184276580810546875" lon="116.63643996231257915496826171875">
        <ele>29.3999996185302734375</ele>
        <time>2020-08-05T12:28:36.000Z</time>
        <extensions>
          <ns3:TrackPointExtension/>
        </extensions>
      </trkpt>
      <trkpt lat="39.89612999372184276580810546875" lon="116.63643996231257915496826171875">
        <ele>29.3999996185302734375</ele>
        <time>2020-08-05T12:28:58.000Z</time>
        <extensions>
          <ns3:TrackPointExtension/>
        </extensions>
      </trkpt>
      <trkpt lat="39.89612999372184276580810546875" lon="116.63643996231257915496826171875">
        <ele>29.3999996185302734375</ele>
        <time>2020-08-05T12:28:58.000Z</time>
        <extensions>
          <ns3:TrackPointExtension/>
        </extensions>
      </trkpt>
      <trkpt lat="39.89612999372184276580810546875" lon="116.636429987847805023193359375">
        <ele>29.3999996185302734375</ele>
        <time>2020-08-05T12:28:58.000Z</time>
        <extensions>
          <ns3:TrackPointExtension/>
        </extensions>
      </trkpt>
      <trkpt lat="39.89612999372184276580810546875" lon="116.636429987847805023193359375">
        <ele>29.3999996185302734375</ele>
        <time>2020-08-05T12:28:58.000Z</time>
        <extensions>
          <ns3:TrackPointExtension/>
        </extensions>
      </trkpt>
      <trkpt lat="39.89612597040832042694091796875" lon="116.63640995509922504425048828125">
        <ele>29.3999996185302734375</ele>
        <time>2020-08-05T12:28:58.000Z</time>
        <extensions>
          <ns3:TrackPointExtension/>
        </extensions>
      </trkpt>
      <trkpt lat="39.89612597040832042694091796875" lon="116.63640995509922504425048828125">
        <ele>29.3999996185302734375</ele>
        <time>2020-08-05T12:28:58.000Z</time>
        <extensions>
          <ns3:TrackPointExtension/>
        </extensions>
      </trkpt>
      <trkpt lat="39.89612194709479808807373046875" lon="116.63640995509922504425048828125">
        <ele>29.3999996185302734375</ele>
        <time>2020-08-05T12:28:58.000Z</time>
        <extensions>
          <ns3:TrackPointExtension/>
        </extensions>
      </trkpt>
      <trkpt lat="39.896113984286785125732421875" lon="116.63640593178570270538330078125">
        <ele>29.3999996185302734375</ele>
        <time>2020-08-05T12:29:07.000Z</time>
        <extensions>
          <ns3:TrackPointExtension/>
        </extensions>
      </trkpt>
      <trkpt lat="39.896109960973262786865234375" lon="116.63640593178570270538330078125">
        <ele>29.3999996185302734375</ele>
        <time>2020-08-05T12:29:07.000Z</time>
        <extensions>
          <ns3:TrackPointExtension/>
        </extensions>
      </trkpt>
      <trkpt lat="39.896109960973262786865234375" lon="116.63640593178570270538330078125">
        <ele>29.3999996185302734375</ele>
        <time>2020-08-05T12:29:07.000Z</time>
        <extensions>
          <ns3:TrackPointExtension/>
        </extensions>
      </trkpt>
      <trkpt lat="39.89610694348812103271484375" lon="116.63640593178570270538330078125">
        <ele>29.3999996185302734375</ele>
        <time>2020-08-05T12:29:07.000Z</time>
        <extensions>
          <ns3:TrackPointExtension/>
        </extensions>
      </trkpt>
      <trkpt lat="39.89610292017459869384765625" lon="116.63640593178570270538330078125">
        <ele>29.3999996185302734375</ele>
        <time>2020-08-05T12:29:07.000Z</time>
        <extensions>
          <ns3:TrackPointExtension/>
        </extensions>
      </trkpt>
      <trkpt lat="39.89609998650848865509033203125" lon="116.63640995509922504425048828125">
        <ele>29.3999996185302734375</ele>
        <time>2020-08-05T12:29:07.000Z</time>
        <extensions>
          <ns3:TrackPointExtension/>
        </extensions>
      </trkpt>
      <trkpt lat="39.89609495736658573150634765625" lon="116.63640593178570270538330078125">
        <ele>29.3999996185302734375</ele>
        <time>2020-08-05T12:29:07.000Z</time>
        <extensions>
          <ns3:TrackPointExtension/>
        </extensions>
      </trkpt>
      <trkpt lat="39.89608992822468280792236328125" lon="116.63640593178570270538330078125">
        <ele>29.3999996185302734375</ele>
        <time>2020-08-05T12:29:14.000Z</time>
        <extensions>
          <ns3:TrackPointExtension/>
        </extensions>
      </trkpt>
      <trkpt lat="39.89608791656792163848876953125" lon="116.63640593178570270538330078125">
        <ele>29.3999996185302734375</ele>
        <time>2020-08-05T12:29:14.000Z</time>
        <extensions>
          <ns3:TrackPointExtension/>
        </extensions>
      </trkpt>
      <trkpt lat="39.8960799537599086761474609375" lon="116.63640995509922504425048828125">
        <ele>29.3999996185302734375</ele>
        <time>2020-08-05T12:29:14.000Z</time>
        <extensions>
          <ns3:TrackPointExtension/>
        </extensions>
      </trkpt>
      <trkpt lat="39.8960799537599086761474609375" lon="116.63640995509922504425048828125">
        <ele>29.3999996185302734375</ele>
        <time>2020-08-05T12:29:14.000Z</time>
        <extensions>
          <ns3:TrackPointExtension/>
        </extensions>
      </trkpt>
      <trkpt lat="39.89607199095189571380615234375" lon="116.636429987847805023193359375">
        <ele>29.3999996185302734375</ele>
        <time>2020-08-05T12:29:14.000Z</time>
        <extensions>
          <ns3:TrackPointExtension/>
        </extensions>
      </trkpt>
      <trkpt lat="39.89607199095189571380615234375" lon="116.63643996231257915496826171875">
        <ele>29.3999996185302734375</ele>
        <time>2020-08-05T12:29:14.000Z</time>
        <extensions>
          <ns3:TrackPointExtension/>
        </extensions>
      </trkpt>
      <trkpt lat="39.89606997929513454437255859375" lon="116.63643996231257915496826171875">
        <ele>29.3999996185302734375</ele>
        <time>2020-08-05T12:29:14.000Z</time>
        <extensions>
          <ns3:TrackPointExtension/>
        </extensions>
      </trkpt>
      <trkpt lat="39.89606495015323162078857421875" lon="116.63644398562610149383544921875">
        <ele>29.3999996185302734375</ele>
        <time>2020-08-05T12:29:21.000Z</time>
        <extensions>
          <ns3:TrackPointExtension/>
        </extensions>
      </trkpt>
      <trkpt lat="39.89605992101132869720458984375" lon="116.6364599950611591339111328125">
        <ele>29.3999996185302734375</ele>
        <time>2020-08-05T12:29:21.000Z</time>
        <extensions>
          <ns3:TrackPointExtension/>
        </extensions>
      </trkpt>
      <trkpt lat="39.896052964031696319580078125" lon="116.63647499866783618927001953125">
        <ele>29.3999996185302734375</ele>
        <time>2020-08-05T12:29:21.000Z</time>
        <extensions>
          <ns3:TrackPointExtension/>
        </extensions>
      </trkpt>
      <trkpt lat="39.8960459232330322265625" lon="116.63649997673928737640380859375">
        <ele>29.200000762939453125</ele>
        <time>2020-08-05T12:29:21.000Z</time>
        <extensions>
          <ns3:TrackPointExtension/>
        </extensions>
      </trkpt>
      <trkpt lat="39.89603393711149692535400390625" lon="116.6365049220621585845947265625">
        <ele>29.200000762939453125</ele>
        <time>2020-08-05T12:29:21.000Z</time>
        <extensions>
          <ns3:TrackPointExtension/>
        </extensions>
      </trkpt>
      <trkpt lat="39.8960229568183422088623046875" lon="116.63652998395264148712158203125">
        <ele>29.200000762939453125</ele>
        <time>2020-08-05T12:29:21.000Z</time>
        <extensions>
          <ns3:TrackPointExtension/>
        </extensions>
      </trkpt>
      <trkpt lat="39.89600996486842632293701171875" lon="116.63654993288218975067138671875">
        <ele>29.200000762939453125</ele>
        <time>2020-08-05T12:29:21.000Z</time>
        <extensions>
          <ns3:TrackPointExtension/>
        </extensions>
      </trkpt>
      <trkpt lat="39.895995967090129852294921875" lon="116.63655999116599559783935546875">
        <ele>29.200000762939453125</ele>
        <time>2020-08-05T12:29:28.000Z</time>
        <extensions>
          <ns3:TrackPointExtension/>
        </extensions>
      </trkpt>
      <trkpt lat="39.89598498679697513580322265625" lon="116.63657994009554386138916015625">
        <ele>29.200000762939453125</ele>
        <time>2020-08-05T12:29:28.000Z</time>
        <extensions>
          <ns3:TrackPointExtension/>
        </extensions>
      </trkpt>
      <trkpt lat="39.89597291685640811920166015625" lon="116.63658999837934970855712890625">
        <ele>29.3999996185302734375</ele>
        <time>2020-08-05T12:29:28.000Z</time>
        <extensions>
          <ns3:TrackPointExtension/>
        </extensions>
      </trkpt>
      <trkpt lat="39.8959659598767757415771484375" lon="116.63660994730889797210693359375">
        <ele>29.3999996185302734375</ele>
        <time>2020-08-05T12:29:28.000Z</time>
        <extensions>
          <ns3:TrackPointExtension/>
        </extensions>
      </trkpt>
      <trkpt lat="39.89595799706876277923583984375" lon="116.63663492538034915924072265625">
        <ele>29.3999996185302734375</ele>
        <time>2020-08-05T12:29:28.000Z</time>
        <extensions>
          <ns3:TrackPointExtension/>
        </extensions>
      </trkpt>
      <trkpt lat="39.89595397375524044036865234375" lon="116.63663995452225208282470703125">
        <ele>29.3999996185302734375</ele>
        <time>2020-08-05T12:29:28.000Z</time>
        <extensions>
          <ns3:TrackPointExtension/>
        </extensions>
      </trkpt>
      <trkpt lat="39.89594995044171810150146484375" lon="116.636649928987026214599609375">
        <ele>29.3999996185302734375</ele>
        <time>2020-08-05T12:29:28.000Z</time>
        <extensions>
          <ns3:TrackPointExtension/>
        </extensions>
      </trkpt>
      <trkpt lat="39.89594995044171810150146484375" lon="116.63666996173560619354248046875">
        <ele>29.3999996185302734375</ele>
        <time>2020-08-05T12:29:35.000Z</time>
        <extensions>
          <ns3:TrackPointExtension/>
        </extensions>
      </trkpt>
      <trkpt lat="39.89595397375524044036865234375" lon="116.6366799362003803253173828125">
        <ele>29.3999996185302734375</ele>
        <time>2020-08-05T12:29:35.000Z</time>
        <extensions>
          <ns3:TrackPointExtension/>
        </extensions>
      </trkpt>
      <trkpt lat="39.89595799706876277923583984375" lon="116.63669594563543796539306640625">
        <ele>29.3999996185302734375</ele>
        <time>2020-08-05T12:29:35.000Z</time>
        <extensions>
          <ns3:TrackPointExtension/>
        </extensions>
      </trkpt>
      <trkpt lat="39.8959599249064922332763671875" lon="116.63669996894896030426025390625">
        <ele>29.3999996185302734375</ele>
        <time>2020-08-05T12:29:35.000Z</time>
        <extensions>
          <ns3:TrackPointExtension/>
        </extensions>
      </trkpt>
      <trkpt lat="39.8959699831902980804443359375" lon="116.63672997616231441497802734375">
        <ele>29.3999996185302734375</ele>
        <time>2020-08-05T12:29:35.000Z</time>
        <extensions>
          <ns3:TrackPointExtension/>
        </extensions>
      </trkpt>
      <trkpt lat="39.89597694016993045806884765625" lon="116.63673399947583675384521484375">
        <ele>29.3999996185302734375</ele>
        <time>2020-08-05T12:29:35.000Z</time>
        <extensions>
          <ns3:TrackPointExtension/>
        </extensions>
      </trkpt>
      <trkpt lat="39.89598498679697513580322265625" lon="116.63675998337566852569580078125">
        <ele>29.200000762939453125</ele>
        <time>2020-08-05T12:29:35.000Z</time>
        <extensions>
          <ns3:TrackPointExtension/>
        </extensions>
      </trkpt>
      <trkpt lat="39.895991943776607513427734375" lon="116.636769957840442657470703125">
        <ele>29.200000762939453125</ele>
        <time>2020-08-05T12:29:42.000Z</time>
        <extensions>
          <ns3:TrackPointExtension/>
        </extensions>
      </trkpt>
      <trkpt lat="39.89600392989814281463623046875" lon="116.63678999058902263641357421875">
        <ele>29.200000762939453125</ele>
        <time>2020-08-05T12:29:42.000Z</time>
        <extensions>
          <ns3:TrackPointExtension/>
        </extensions>
      </trkpt>
      <trkpt lat="39.89600996486842632293701171875" lon="116.6367999650537967681884765625">
        <ele>29.200000762939453125</ele>
        <time>2020-08-05T12:29:42.000Z</time>
        <extensions>
          <ns3:TrackPointExtension/>
        </extensions>
      </trkpt>
      <trkpt lat="39.8960199393332004547119140625" lon="116.6368259489536285400390625">
        <ele>29.200000762939453125</ele>
        <time>2020-08-05T12:29:42.000Z</time>
        <extensions>
          <ns3:TrackPointExtension/>
        </extensions>
      </trkpt>
      <trkpt lat="39.8960299976170063018798828125" lon="116.6368499211966991424560546875">
        <ele>29.200000762939453125</ele>
        <time>2020-08-05T12:29:42.000Z</time>
        <extensions>
          <ns3:TrackPointExtension/>
        </extensions>
      </trkpt>
      <trkpt lat="39.89603997208178043365478515625" lon="116.6368599794805049896240234375">
        <ele>29.200000762939453125</ele>
        <time>2020-08-05T12:29:42.000Z</time>
        <extensions>
          <ns3:TrackPointExtension/>
        </extensions>
      </trkpt>
      <trkpt lat="39.896056987345218658447265625" lon="116.636889986693859100341796875">
        <ele>29.200000762939453125</ele>
        <time>2020-08-05T12:29:42.000Z</time>
        <extensions>
          <ns3:TrackPointExtension/>
        </extensions>
      </trkpt>
      <trkpt lat="39.89606997929513454437255859375" lon="116.6369199939072132110595703125">
        <ele>29.200000762939453125</ele>
        <time>2020-08-05T12:29:49.000Z</time>
        <extensions>
          <ns3:TrackPointExtension/>
        </extensions>
      </trkpt>
      <trkpt lat="39.8960799537599086761474609375" lon="116.636939942836761474609375">
        <ele>29.200000762939453125</ele>
        <time>2020-08-05T12:29:49.000Z</time>
        <extensions>
          <ns3:TrackPointExtension/>
        </extensions>
      </trkpt>
      <trkpt lat="39.89609495736658573150634765625" lon="116.63695494644343852996826171875">
        <ele>29.200000762939453125</ele>
        <time>2020-08-05T12:29:49.000Z</time>
        <extensions>
          <ns3:TrackPointExtension/>
        </extensions>
      </trkpt>
      <trkpt lat="39.89610694348812103271484375" lon="116.63698595948517322540283203125">
        <ele>29.200000762939453125</ele>
        <time>2020-08-05T12:29:49.000Z</time>
        <extensions>
          <ns3:TrackPointExtension/>
        </extensions>
      </trkpt>
      <trkpt lat="39.896113984286785125732421875" lon="116.63700993172824382781982421875">
        <ele>29.200000762939453125</ele>
        <time>2020-08-05T12:29:49.000Z</time>
        <extensions>
          <ns3:TrackPointExtension/>
        </extensions>
      </trkpt>
      <trkpt lat="39.89612194709479808807373046875" lon="116.6370299644768238067626953125">
        <ele>29.200000762939453125</ele>
        <time>2020-08-05T12:29:49.000Z</time>
        <extensions>
          <ns3:TrackPointExtension/>
        </extensions>
      </trkpt>
      <trkpt lat="39.89612597040832042694091796875" lon="116.6370539367198944091796875">
        <ele>29.200000762939453125</ele>
        <time>2020-08-05T12:29:49.000Z</time>
        <extensions>
          <ns3:TrackPointExtension/>
        </extensions>
      </trkpt>
      <trkpt lat="39.89612999372184276580810546875" lon="116.63706994615495204925537109375">
        <ele>29.200000762939453125</ele>
        <time>2020-08-05T12:29:55.000Z</time>
        <extensions>
          <ns3:TrackPointExtension/>
        </extensions>
      </trkpt>
      <trkpt lat="39.8961329273879528045654296875" lon="116.6370899789035320281982421875">
        <ele>29.200000762939453125</ele>
        <time>2020-08-05T12:29:55.000Z</time>
        <extensions>
          <ns3:TrackPointExtension/>
        </extensions>
      </trkpt>
      <trkpt lat="39.8961369507014751434326171875" lon="116.63711495697498321533203125">
        <ele>29.200000762939453125</ele>
        <time>2020-08-05T12:29:55.000Z</time>
        <extensions>
          <ns3:TrackPointExtension/>
        </extensions>
      </trkpt>
      <trkpt lat="39.8961449973285198211669921875" lon="116.637119986116886138916015625">
        <ele>29.200000762939453125</ele>
        <time>2020-08-05T12:29:55.000Z</time>
        <extensions>
          <ns3:TrackPointExtension/>
        </extensions>
      </trkpt>
      <trkpt lat="39.89614994265139102935791015625" lon="116.6371459700167179107666015625">
        <ele>29</ele>
        <time>2020-08-05T12:29:55.000Z</time>
        <extensions>
          <ns3:TrackPointExtension/>
        </extensions>
      </trkpt>
      <trkpt lat="39.89615597762167453765869140625" lon="116.63715996779501438140869140625">
        <ele>29</ele>
        <time>2020-08-05T12:29:55.000Z</time>
        <extensions>
          <ns3:TrackPointExtension/>
        </extensions>
      </trkpt>
      <trkpt lat="39.8961599171161651611328125" lon="116.63717991672456264495849609375">
        <ele>29</ele>
        <time>2020-08-05T12:29:55.000Z</time>
        <extensions>
          <ns3:TrackPointExtension/>
        </extensions>
      </trkpt>
      <trkpt lat="39.8961639404296875" lon="116.63718997500836849212646484375">
        <ele>29</ele>
        <time>2020-08-05T12:30:02.000Z</time>
        <extensions>
          <ns3:TrackPointExtension/>
        </extensions>
      </trkpt>
      <trkpt lat="39.8961679637432098388671875" lon="116.63721495307981967926025390625">
        <ele>29</ele>
        <time>2020-08-05T12:30:02.000Z</time>
        <extensions>
          <ns3:TrackPointExtension/>
        </extensions>
      </trkpt>
      <trkpt lat="39.89617492072284221649169921875" lon="116.63724496029317378997802734375">
        <ele>29</ele>
        <time>2020-08-05T12:30:02.000Z</time>
        <extensions>
          <ns3:TrackPointExtension/>
        </extensions>
      </trkpt>
      <trkpt lat="39.89617492072284221649169921875" lon="116.63727597333490848541259765625">
        <ele>29</ele>
        <time>2020-08-05T12:30:02.000Z</time>
        <extensions>
          <ns3:TrackPointExtension/>
        </extensions>
      </trkpt>
      <trkpt lat="39.89617492072284221649169921875" lon="116.63729994557797908782958984375">
        <ele>29</ele>
        <time>2020-08-05T12:30:02.000Z</time>
        <extensions>
          <ns3:TrackPointExtension/>
        </extensions>
      </trkpt>
      <trkpt lat="39.89617492072284221649169921875" lon="116.63732995279133319854736328125">
        <ele>29</ele>
        <time>2020-08-05T12:30:02.000Z</time>
        <extensions>
          <ns3:TrackPointExtension/>
        </extensions>
      </trkpt>
      <trkpt lat="39.89618296734988689422607421875" lon="116.63735996000468730926513671875">
        <ele>29</ele>
        <time>2020-08-05T12:30:02.000Z</time>
        <extensions>
          <ns3:TrackPointExtension/>
        </extensions>
      </trkpt>
      <trkpt lat="39.89618296734988689422607421875" lon="116.63738996721804141998291015625">
        <ele>29</ele>
        <time>2020-08-05T12:30:09.000Z</time>
        <extensions>
          <ns3:TrackPointExtension/>
        </extensions>
      </trkpt>
      <trkpt lat="39.89618296734988689422607421875" lon="116.6374299488961696624755859375">
        <ele>29</ele>
        <time>2020-08-05T12:30:09.000Z</time>
        <extensions>
          <ns3:TrackPointExtension/>
        </extensions>
      </trkpt>
      <trkpt lat="39.89618296734988689422607421875" lon="116.637459956109523773193359375">
        <ele>29.200000762939453125</ele>
        <time>2020-08-05T12:30:09.000Z</time>
        <extensions>
          <ns3:TrackPointExtension/>
        </extensions>
      </trkpt>
      <trkpt lat="39.89618296734988689422607421875" lon="116.6374899633228778839111328125">
        <ele>29.200000762939453125</ele>
        <time>2020-08-05T12:30:09.000Z</time>
        <extensions>
          <ns3:TrackPointExtension/>
        </extensions>
      </trkpt>
      <trkpt lat="39.89617492072284221649169921875" lon="116.63753497414290904998779296875">
        <ele>29.200000762939453125</ele>
        <time>2020-08-05T12:30:09.000Z</time>
        <extensions>
          <ns3:TrackPointExtension/>
        </extensions>
      </trkpt>
      <trkpt lat="39.89616997539997100830078125" lon="116.63756598718464374542236328125">
        <ele>29.200000762939453125</ele>
        <time>2020-08-05T12:30:09.000Z</time>
        <extensions>
          <ns3:TrackPointExtension/>
        </extensions>
      </trkpt>
      <trkpt lat="39.8961679637432098388671875" lon="116.6375999338924884796142578125">
        <ele>29.200000762939453125</ele>
        <time>2020-08-05T12:30:09.000Z</time>
        <extensions>
          <ns3:TrackPointExtension/>
        </extensions>
      </trkpt>
      <trkpt lat="39.89616997539997100830078125" lon="116.63763396441936492919921875">
        <ele>29.3999996185302734375</ele>
        <time>2020-08-05T12:30:16.000Z</time>
        <extensions>
          <ns3:TrackPointExtension/>
        </extensions>
      </trkpt>
      <trkpt lat="39.89616997539997100830078125" lon="116.6376649774610996246337890625">
        <ele>29.3999996185302734375</ele>
        <time>2020-08-05T12:30:16.000Z</time>
        <extensions>
          <ns3:TrackPointExtension/>
        </extensions>
      </trkpt>
      <trkpt lat="39.89617492072284221649169921875" lon="116.63769992999732494354248046875">
        <ele>29.3999996185302734375</ele>
        <time>2020-08-05T12:30:16.000Z</time>
        <extensions>
          <ns3:TrackPointExtension/>
        </extensions>
      </trkpt>
      <trkpt lat="39.89617492072284221649169921875" lon="116.63772993721067905426025390625">
        <ele>29.3999996185302734375</ele>
        <time>2020-08-05T12:30:16.000Z</time>
        <extensions>
          <ns3:TrackPointExtension/>
        </extensions>
      </trkpt>
      <trkpt lat="39.89616997539997100830078125" lon="116.63776396773755550384521484375">
        <ele>29.3999996185302734375</ele>
        <time>2020-08-05T12:30:16.000Z</time>
        <extensions>
          <ns3:TrackPointExtension/>
        </extensions>
      </trkpt>
      <trkpt lat="39.8961679637432098388671875" lon="116.637809984385967254638671875">
        <ele>29.6000003814697265625</ele>
        <time>2020-08-05T12:30:16.000Z</time>
        <extensions>
          <ns3:TrackPointExtension/>
        </extensions>
      </trkpt>
      <trkpt lat="39.8961639404296875" lon="116.6378399915993213653564453125">
        <ele>29.6000003814697265625</ele>
        <time>2020-08-05T12:30:16.000Z</time>
        <extensions>
          <ns3:TrackPointExtension/>
        </extensions>
      </trkpt>
      <trkpt lat="39.8961599171161651611328125" lon="116.63787997327744960784912109375">
        <ele>29.6000003814697265625</ele>
        <time>2020-08-05T12:30:23.000Z</time>
        <extensions>
          <ns3:TrackPointExtension/>
        </extensions>
      </trkpt>
      <trkpt lat="39.89614994265139102935791015625" lon="116.63790998049080371856689453125">
        <ele>29.6000003814697265625</ele>
        <time>2020-08-05T12:30:23.000Z</time>
        <extensions>
          <ns3:TrackPointExtension/>
        </extensions>
      </trkpt>
      <trkpt lat="39.8961399681866168975830078125" lon="116.63793998770415782928466796875">
        <ele>29.6000003814697265625</ele>
        <time>2020-08-05T12:30:23.000Z</time>
        <extensions>
          <ns3:TrackPointExtension/>
        </extensions>
      </trkpt>
      <trkpt lat="39.8961329273879528045654296875" lon="116.63796999491751194000244140625">
        <ele>29.799999237060546875</ele>
        <time>2020-08-05T12:30:23.000Z</time>
        <extensions>
          <ns3:TrackPointExtension/>
        </extensions>
      </trkpt>
      <trkpt lat="39.89612999372184276580810546875" lon="116.6379999183118343353271484375">
        <ele>29.799999237060546875</ele>
        <time>2020-08-05T12:30:23.000Z</time>
        <extensions>
          <ns3:TrackPointExtension/>
        </extensions>
      </trkpt>
      <trkpt lat="39.8961329273879528045654296875" lon="116.638029925525188446044921875">
        <ele>29.799999237060546875</ele>
        <time>2020-08-05T12:30:23.000Z</time>
        <extensions>
          <ns3:TrackPointExtension/>
        </extensions>
      </trkpt>
      <trkpt lat="39.8961369507014751434326171875" lon="116.6380599327385425567626953125">
        <ele>29.799999237060546875</ele>
        <time>2020-08-05T12:30:23.000Z</time>
        <extensions>
          <ns3:TrackPointExtension/>
        </extensions>
      </trkpt>
      <trkpt lat="39.8961399681866168975830078125" lon="116.63808993995189666748046875">
        <ele>29.799999237060546875</ele>
        <time>2020-08-05T12:30:30.000Z</time>
        <extensions>
          <ns3:TrackPointExtension/>
        </extensions>
      </trkpt>
      <trkpt lat="39.8961449973285198211669921875" lon="116.6381199471652507781982421875">
        <ele>30</ele>
        <time>2020-08-05T12:30:30.000Z</time>
        <extensions>
          <ns3:TrackPointExtension/>
        </extensions>
      </trkpt>
      <trkpt lat="39.89614994265139102935791015625" lon="116.638149954378604888916015625">
        <ele>30</ele>
        <time>2020-08-05T12:30:30.000Z</time>
        <extensions>
          <ns3:TrackPointExtension/>
        </extensions>
      </trkpt>
      <trkpt lat="39.89615597762167453765869140625" lon="116.63818993605673313140869140625">
        <ele>30</ele>
        <time>2020-08-05T12:30:30.000Z</time>
        <extensions>
          <ns3:TrackPointExtension/>
        </extensions>
      </trkpt>
      <trkpt lat="39.8961639404296875" lon="116.63821994327008724212646484375">
        <ele>30.200000762939453125</ele>
        <time>2020-08-05T12:30:30.000Z</time>
        <extensions>
          <ns3:TrackPointExtension/>
        </extensions>
      </trkpt>
      <trkpt lat="39.89617492072284221649169921875" lon="116.638259924948215484619140625">
        <ele>30.200000762939453125</ele>
        <time>2020-08-05T12:30:30.000Z</time>
        <extensions>
          <ns3:TrackPointExtension/>
        </extensions>
      </trkpt>
      <trkpt lat="39.89618699066340923309326171875" lon="116.6382899321615695953369140625">
        <ele>30.200000762939453125</ele>
        <time>2020-08-05T12:30:30.000Z</time>
        <extensions>
          <ns3:TrackPointExtension/>
        </extensions>
      </trkpt>
      <trkpt lat="39.89620593376457691192626953125" lon="116.6383199393749237060546875">
        <ele>30.3999996185302734375</ele>
        <time>2020-08-05T12:30:37.000Z</time>
        <extensions>
          <ns3:TrackPointExtension/>
        </extensions>
      </trkpt>
      <trkpt lat="39.89622496068477630615234375" lon="116.63833997212350368499755859375">
        <ele>30.3999996185302734375</ele>
        <time>2020-08-05T12:30:37.000Z</time>
        <extensions>
          <ns3:TrackPointExtension/>
        </extensions>
      </trkpt>
      <trkpt lat="39.89624398760497570037841796875" lon="116.638373918831348419189453125">
        <ele>30.3999996185302734375</ele>
        <time>2020-08-05T12:30:37.000Z</time>
        <extensions>
          <ns3:TrackPointExtension/>
        </extensions>
      </trkpt>
      <trkpt lat="39.8962599970400333404541015625" lon="116.6384049318730831146240234375">
        <ele>30.3999996185302734375</ele>
        <time>2020-08-05T12:30:37.000Z</time>
        <extensions>
          <ns3:TrackPointExtension/>
        </extensions>
      </trkpt>
      <trkpt lat="39.89626695401966571807861328125" lon="116.638434939086437225341796875">
        <ele>30.3999996185302734375</ele>
        <time>2020-08-05T12:30:37.000Z</time>
        <extensions>
          <ns3:TrackPointExtension/>
        </extensions>
      </trkpt>
      <trkpt lat="39.8962819576263427734375" lon="116.6384659521281719207763671875">
        <ele>30.3999996185302734375</ele>
        <time>2020-08-05T12:30:37.000Z</time>
        <extensions>
          <ns3:TrackPointExtension/>
        </extensions>
      </trkpt>
      <trkpt lat="39.89629696123301982879638671875" lon="116.638499982655048370361328125">
        <ele>30.6000003814697265625</ele>
        <time>2020-08-05T12:30:37.000Z</time>
        <extensions>
          <ns3:TrackPointExtension/>
        </extensions>
      </trkpt>
      <trkpt lat="39.8963099531829357147216796875" lon="116.6385299898684024810791015625">
        <ele>30.6000003814697265625</ele>
        <time>2020-08-05T12:30:44.000Z</time>
        <extensions>
          <ns3:TrackPointExtension/>
        </extensions>
      </trkpt>
      <trkpt lat="39.89631992764770984649658203125" lon="116.638559997081756591796875">
        <ele>30.6000003814697265625</ele>
        <time>2020-08-05T12:30:44.000Z</time>
        <extensions>
          <ns3:TrackPointExtension/>
        </extensions>
      </trkpt>
      <trkpt lat="39.89632998593151569366455078125" lon="116.63858992047607898712158203125">
        <ele>30.6000003814697265625</ele>
        <time>2020-08-05T12:30:44.000Z</time>
        <extensions>
          <ns3:TrackPointExtension/>
        </extensions>
      </trkpt>
      <trkpt lat="39.896335937082767486572265625" lon="116.63862596265971660614013671875">
        <ele>30.6000003814697265625</ele>
        <time>2020-08-05T12:30:44.000Z</time>
        <extensions>
          <ns3:TrackPointExtension/>
        </extensions>
      </trkpt>
      <trkpt lat="39.89634297788143157958984375" lon="116.63865999318659305572509765625">
        <ele>30.799999237060546875</ele>
        <time>2020-08-05T12:30:44.000Z</time>
        <extensions>
          <ns3:TrackPointExtension/>
        </extensions>
      </trkpt>
      <trkpt lat="39.89635496400296688079833984375" lon="116.6386899165809154510498046875">
        <ele>30.799999237060546875</ele>
        <time>2020-08-05T12:30:44.000Z</time>
        <extensions>
          <ns3:TrackPointExtension/>
        </extensions>
      </trkpt>
      <trkpt lat="39.8963619209825992584228515625" lon="116.638729982078075408935546875">
        <ele>30.799999237060546875</ele>
        <time>2020-08-05T12:30:44.000Z</time>
        <extensions>
          <ns3:TrackPointExtension/>
        </extensions>
      </trkpt>
      <trkpt lat="39.8963699676096439361572265625" lon="116.6387599892914295196533203125">
        <ele>30.799999237060546875</ele>
        <time>2020-08-05T12:30:51.000Z</time>
        <extensions>
          <ns3:TrackPointExtension/>
        </extensions>
      </trkpt>
      <trkpt lat="39.89637793041765689849853515625" lon="116.63879393599927425384521484375">
        <ele>31</ele>
        <time>2020-08-05T12:30:51.000Z</time>
        <extensions>
          <ns3:TrackPointExtension/>
        </extensions>
      </trkpt>
      <trkpt lat="39.89637994207441806793212890625" lon="116.63882394321262836456298828125">
        <ele>31</ele>
        <time>2020-08-05T12:30:51.000Z</time>
        <extensions>
          <ns3:TrackPointExtension/>
        </extensions>
      </trkpt>
      <trkpt lat="39.89637994207441806793212890625" lon="116.63885998539626598358154296875">
        <ele>31</ele>
        <time>2020-08-05T12:30:51.000Z</time>
        <extensions>
          <ns3:TrackPointExtension/>
        </extensions>
      </trkpt>
      <trkpt lat="39.89637994207441806793212890625" lon="116.63888999260962009429931640625">
        <ele>31.200000762939453125</ele>
        <time>2020-08-05T12:30:51.000Z</time>
        <extensions>
          <ns3:TrackPointExtension/>
        </extensions>
      </trkpt>
      <trkpt lat="39.89637994207441806793212890625" lon="116.63891999982297420501708984375">
        <ele>31.200000762939453125</ele>
        <time>2020-08-05T12:30:51.000Z</time>
        <extensions>
          <ns3:TrackPointExtension/>
        </extensions>
      </trkpt>
      <trkpt lat="39.89637793041765689849853515625" lon="116.638953946530818939208984375">
        <ele>31.3999996185302734375</ele>
        <time>2020-08-05T12:30:51.000Z</time>
        <extensions>
          <ns3:TrackPointExtension/>
        </extensions>
      </trkpt>
      <trkpt lat="39.8963699676096439361572265625" lon="116.6389849595725536346435546875">
        <ele>31.3999996185302734375</ele>
        <time>2020-08-05T12:30:58.000Z</time>
        <extensions>
          <ns3:TrackPointExtension/>
        </extensions>
      </trkpt>
      <trkpt lat="39.89635999314486980438232421875" lon="116.639014966785907745361328125">
        <ele>31.6000003814697265625</ele>
        <time>2020-08-05T12:30:58.000Z</time>
        <extensions>
          <ns3:TrackPointExtension/>
        </extensions>
      </trkpt>
      <trkpt lat="39.89634993486106395721435546875" lon="116.6390459798276424407958984375">
        <ele>31.6000003814697265625</ele>
        <time>2020-08-05T12:30:58.000Z</time>
        <extensions>
          <ns3:TrackPointExtension/>
        </extensions>
      </trkpt>
      <trkpt lat="39.896339960396289825439453125" lon="116.63907992653548717498779296875">
        <ele>31.6000003814697265625</ele>
        <time>2020-08-05T12:30:58.000Z</time>
        <extensions>
          <ns3:TrackPointExtension/>
        </extensions>
      </trkpt>
      <trkpt lat="39.89632797427475452423095703125" lon="116.63910993374884128570556640625">
        <ele>31.6000003814697265625</ele>
        <time>2020-08-05T12:30:58.000Z</time>
        <extensions>
          <ns3:TrackPointExtension/>
        </extensions>
      </trkpt>
      <trkpt lat="39.8963169939815998077392578125" lon="116.63913994096219539642333984375">
        <ele>31.799999237060546875</ele>
        <time>2020-08-05T12:30:58.000Z</time>
        <extensions>
          <ns3:TrackPointExtension/>
        </extensions>
      </trkpt>
      <trkpt lat="39.8963049240410327911376953125" lon="116.63916994817554950714111328125">
        <ele>31.799999237060546875</ele>
        <time>2020-08-05T12:30:58.000Z</time>
        <extensions>
          <ns3:TrackPointExtension/>
        </extensions>
      </trkpt>
      <trkpt lat="39.89629696123301982879638671875" lon="116.63919995538890361785888671875">
        <ele>32</ele>
        <time>2020-08-05T12:31:05.000Z</time>
        <extensions>
          <ns3:TrackPointExtension/>
        </extensions>
      </trkpt>
      <trkpt lat="39.8962859809398651123046875" lon="116.6392199881374835968017578125">
        <ele>32</ele>
        <time>2020-08-05T12:31:05.000Z</time>
        <extensions>
          <ns3:TrackPointExtension/>
        </extensions>
      </trkpt>
      <trkpt lat="39.89627994596958160400390625" lon="116.63924999535083770751953125">
        <ele>32</ele>
        <time>2020-08-05T12:31:05.000Z</time>
        <extensions>
          <ns3:TrackPointExtension/>
        </extensions>
      </trkpt>
      <trkpt lat="39.89626293070614337921142578125" lon="116.63927991874516010284423828125">
        <ele>32.200000762939453125</ele>
        <time>2020-08-05T12:31:05.000Z</time>
        <extensions>
          <ns3:TrackPointExtension/>
        </extensions>
      </trkpt>
      <trkpt lat="39.8962499387562274932861328125" lon="116.63930992595851421356201171875">
        <ele>32.200000762939453125</ele>
        <time>2020-08-05T12:31:05.000Z</time>
        <extensions>
          <ns3:TrackPointExtension/>
        </extensions>
      </trkpt>
      <trkpt lat="39.89623996429145336151123046875" lon="116.63933993317186832427978515625">
        <ele>32.40000152587890625</ele>
        <time>2020-08-05T12:31:05.000Z</time>
        <extensions>
          <ns3:TrackPointExtension/>
        </extensions>
      </trkpt>
      <trkpt lat="39.89623292349278926849365234375" lon="116.63936994038522243499755859375">
        <ele>32.40000152587890625</ele>
        <time>2020-08-05T12:31:05.000Z</time>
        <extensions>
          <ns3:TrackPointExtension/>
        </extensions>
      </trkpt>
      <trkpt lat="39.896229989826679229736328125" lon="116.63940397091209888458251953125">
        <ele>32.40000152587890625</ele>
        <time>2020-08-05T12:31:12.000Z</time>
        <extensions>
          <ns3:TrackPointExtension/>
        </extensions>
      </trkpt>
      <trkpt lat="39.89622496068477630615234375" lon="116.63943498395383358001708984375">
        <ele>32.40000152587890625</ele>
        <time>2020-08-05T12:31:12.000Z</time>
        <extensions>
          <ns3:TrackPointExtension/>
        </extensions>
      </trkpt>
      <trkpt lat="39.896229989826679229736328125" lon="116.63946499116718769073486328125">
        <ele>32.59999847412109375</ele>
        <time>2020-08-05T12:31:12.000Z</time>
        <extensions>
          <ns3:TrackPointExtension/>
        </extensions>
      </trkpt>
      <trkpt lat="39.89622496068477630615234375" lon="116.6394959203898906707763671875">
        <ele>32.59999847412109375</ele>
        <time>2020-08-05T12:31:12.000Z</time>
        <extensions>
          <ns3:TrackPointExtension/>
        </extensions>
      </trkpt>
      <trkpt lat="39.896219931542873382568359375" lon="116.639529950916767120361328125">
        <ele>32.59999847412109375</ele>
        <time>2020-08-05T12:31:12.000Z</time>
        <extensions>
          <ns3:TrackPointExtension/>
        </extensions>
      </trkpt>
      <trkpt lat="39.89621398039162158966064453125" lon="116.6395599581301212310791015625">
        <ele>32.59999847412109375</ele>
        <time>2020-08-05T12:31:12.000Z</time>
        <extensions>
          <ns3:TrackPointExtension/>
        </extensions>
      </trkpt>
      <trkpt lat="39.89621398039162158966064453125" lon="116.639589965343475341796875">
        <ele>32.59999847412109375</ele>
        <time>2020-08-05T12:31:12.000Z</time>
        <extensions>
          <ns3:TrackPointExtension/>
        </extensions>
      </trkpt>
      <trkpt lat="39.896219931542873382568359375" lon="116.6396199725568294525146484375">
        <ele>32.799999237060546875</ele>
        <time>2020-08-05T12:31:19.000Z</time>
        <extensions>
          <ns3:TrackPointExtension/>
        </extensions>
      </trkpt>
      <trkpt lat="39.896219931542873382568359375" lon="116.639639921486377716064453125">
        <ele>32.799999237060546875</ele>
        <time>2020-08-05T12:31:19.000Z</time>
        <extensions>
          <ns3:TrackPointExtension/>
        </extensions>
      </trkpt>
      <trkpt lat="39.896229989826679229736328125" lon="116.6396699286997318267822265625">
        <ele>32.799999237060546875</ele>
        <time>2020-08-05T12:31:19.000Z</time>
        <extensions>
          <ns3:TrackPointExtension/>
        </extensions>
      </trkpt>
      <trkpt lat="39.896229989826679229736328125" lon="116.6396999359130859375">
        <ele>32.799999237060546875</ele>
        <time>2020-08-05T12:31:19.000Z</time>
        <extensions>
          <ns3:TrackPointExtension/>
        </extensions>
      </trkpt>
      <trkpt lat="39.896229989826679229736328125" lon="116.63972499780356884002685546875">
        <ele>32.799999237060546875</ele>
        <time>2020-08-05T12:31:19.000Z</time>
        <extensions>
          <ns3:TrackPointExtension/>
        </extensions>
      </trkpt>
      <trkpt lat="39.896229989826679229736328125" lon="116.6397549211978912353515625">
        <ele>32.799999237060546875</ele>
        <time>2020-08-05T12:31:19.000Z</time>
        <extensions>
          <ns3:TrackPointExtension/>
        </extensions>
      </trkpt>
      <trkpt lat="39.896219931542873382568359375" lon="116.6397859342396259307861328125">
        <ele>33</ele>
        <time>2020-08-05T12:31:19.000Z</time>
        <extensions>
          <ns3:TrackPointExtension/>
        </extensions>
      </trkpt>
      <trkpt lat="39.89621699787676334381103515625" lon="116.63981996476650238037109375">
        <ele>33</ele>
        <time>2020-08-05T12:31:26.000Z</time>
        <extensions>
          <ns3:TrackPointExtension/>
        </extensions>
      </trkpt>
      <trkpt lat="39.89621398039162158966064453125" lon="116.6398499719798564910888671875">
        <ele>33</ele>
        <time>2020-08-05T12:31:26.000Z</time>
        <extensions>
          <ns3:TrackPointExtension/>
        </extensions>
      </trkpt>
      <trkpt lat="39.89621398039162158966064453125" lon="116.639879979193210601806640625">
        <ele>33</ele>
        <time>2020-08-05T12:31:26.000Z</time>
        <extensions>
          <ns3:TrackPointExtension/>
        </extensions>
      </trkpt>
      <trkpt lat="39.89621398039162158966064453125" lon="116.6399099864065647125244140625">
        <ele>33</ele>
        <time>2020-08-05T12:31:26.000Z</time>
        <extensions>
          <ns3:TrackPointExtension/>
        </extensions>
      </trkpt>
      <trkpt lat="39.89621699787676334381103515625" lon="116.6399399936199188232421875">
        <ele>32.799999237060546875</ele>
        <time>2020-08-05T12:31:26.000Z</time>
        <extensions>
          <ns3:TrackPointExtension/>
        </extensions>
      </trkpt>
      <trkpt lat="39.896219931542873382568359375" lon="116.63996991701424121856689453125">
        <ele>32.799999237060546875</ele>
        <time>2020-08-05T12:31:26.000Z</time>
        <extensions>
          <ns3:TrackPointExtension/>
        </extensions>
      </trkpt>
      <trkpt lat="39.89622496068477630615234375" lon="116.63999992422759532928466796875">
        <ele>32.799999237060546875</ele>
        <time>2020-08-05T12:31:26.000Z</time>
        <extensions>
          <ns3:TrackPointExtension/>
        </extensions>
      </trkpt>
      <trkpt lat="39.89622496068477630615234375" lon="116.64002993144094944000244140625">
        <ele>32.799999237060546875</ele>
        <time>2020-08-05T12:31:33.000Z</time>
        <extensions>
          <ns3:TrackPointExtension/>
        </extensions>
      </trkpt>
      <trkpt lat="39.89622496068477630615234375" lon="116.6400499641895294189453125">
        <ele>32.799999237060546875</ele>
        <time>2020-08-05T12:31:33.000Z</time>
        <extensions>
          <ns3:TrackPointExtension/>
        </extensions>
      </trkpt>
      <trkpt lat="39.896219931542873382568359375" lon="116.6400799714028835296630859375">
        <ele>32.799999237060546875</ele>
        <time>2020-08-05T12:31:33.000Z</time>
        <extensions>
          <ns3:TrackPointExtension/>
        </extensions>
      </trkpt>
      <trkpt lat="39.896219931542873382568359375" lon="116.64011391811072826385498046875">
        <ele>32.59999847412109375</ele>
        <time>2020-08-05T12:31:33.000Z</time>
        <extensions>
          <ns3:TrackPointExtension/>
        </extensions>
      </trkpt>
      <trkpt lat="39.89621398039162158966064453125" lon="116.64014392532408237457275390625">
        <ele>32.59999847412109375</ele>
        <time>2020-08-05T12:31:33.000Z</time>
        <extensions>
          <ns3:TrackPointExtension/>
        </extensions>
      </trkpt>
      <trkpt lat="39.89621398039162158966064453125" lon="116.64017493836581707000732421875">
        <ele>32.59999847412109375</ele>
        <time>2020-08-05T12:31:33.000Z</time>
        <extensions>
          <ns3:TrackPointExtension/>
        </extensions>
      </trkpt>
      <trkpt lat="39.89621398039162158966064453125" lon="116.64020494557917118072509765625">
        <ele>32.59999847412109375</ele>
        <time>2020-08-05T12:31:33.000Z</time>
        <extensions>
          <ns3:TrackPointExtension/>
        </extensions>
      </trkpt>
      <trkpt lat="39.89621398039162158966064453125" lon="116.64023595862090587615966796875">
        <ele>32.59999847412109375</ele>
        <time>2020-08-05T12:31:40.000Z</time>
        <extensions>
          <ns3:TrackPointExtension/>
        </extensions>
      </trkpt>
      <trkpt lat="39.896219931542873382568359375" lon="116.64026998914778232574462890625">
        <ele>32.40000152587890625</ele>
        <time>2020-08-05T12:31:40.000Z</time>
        <extensions>
          <ns3:TrackPointExtension/>
        </extensions>
      </trkpt>
      <trkpt lat="39.89623594097793102264404296875" lon="116.64029999636113643646240234375">
        <ele>32.40000152587890625</ele>
        <time>2020-08-05T12:31:40.000Z</time>
        <extensions>
          <ns3:TrackPointExtension/>
        </extensions>
      </trkpt>
      <trkpt lat="39.8962499387562274932861328125" lon="116.640329919755458831787109375">
        <ele>32.40000152587890625</ele>
        <time>2020-08-05T12:31:40.000Z</time>
        <extensions>
          <ns3:TrackPointExtension/>
        </extensions>
      </trkpt>
      <trkpt lat="39.89626695401966571807861328125" lon="116.6403599269688129425048828125">
        <ele>32.200000762939453125</ele>
        <time>2020-08-05T12:31:40.000Z</time>
        <extensions>
          <ns3:TrackPointExtension/>
        </extensions>
      </trkpt>
      <trkpt lat="39.89627994596958160400390625" lon="116.64038993418216705322265625">
        <ele>32.200000762939453125</ele>
        <time>2020-08-05T12:31:40.000Z</time>
        <extensions>
          <ns3:TrackPointExtension/>
        </extensions>
      </trkpt>
      <trkpt lat="39.8962859809398651123046875" lon="116.6404199413955211639404296875">
        <ele>32.200000762939453125</ele>
        <time>2020-08-05T12:31:40.000Z</time>
        <extensions>
          <ns3:TrackPointExtension/>
        </extensions>
      </trkpt>
      <trkpt lat="39.89627994596958160400390625" lon="116.640449948608875274658203125">
        <ele>32.200000762939453125</ele>
        <time>2020-08-05T12:31:47.000Z</time>
        <extensions>
          <ns3:TrackPointExtension/>
        </extensions>
      </trkpt>
      <trkpt lat="39.89626695401966571807861328125" lon="116.6404799558222293853759765625">
        <ele>32.200000762939453125</ele>
        <time>2020-08-05T12:31:47.000Z</time>
        <extensions>
          <ns3:TrackPointExtension/>
        </extensions>
      </trkpt>
      <trkpt lat="39.8962499387562274932861328125" lon="116.64050996303558349609375">
        <ele>32.200000762939453125</ele>
        <time>2020-08-05T12:31:47.000Z</time>
        <extensions>
          <ns3:TrackPointExtension/>
        </extensions>
      </trkpt>
      <trkpt lat="39.89623996429145336151123046875" lon="116.6405399702489376068115234375">
        <ele>32.200000762939453125</ele>
        <time>2020-08-05T12:31:47.000Z</time>
        <extensions>
          <ns3:TrackPointExtension/>
        </extensions>
      </trkpt>
      <trkpt lat="39.89622496068477630615234375" lon="116.640569977462291717529296875">
        <ele>32.200000762939453125</ele>
        <time>2020-08-05T12:31:47.000Z</time>
        <extensions>
          <ns3:TrackPointExtension/>
        </extensions>
      </trkpt>
      <trkpt lat="39.89621398039162158966064453125" lon="116.6405999846756458282470703125">
        <ele>32</ele>
        <time>2020-08-05T12:31:47.000Z</time>
        <extensions>
          <ns3:TrackPointExtension/>
        </extensions>
      </trkpt>
      <trkpt lat="39.89620593376457691192626953125" lon="116.64062999188899993896484375">
        <ele>32</ele>
        <time>2020-08-05T12:31:47.000Z</time>
        <extensions>
          <ns3:TrackPointExtension/>
        </extensions>
      </trkpt>
      <trkpt lat="39.8961939476430416107177734375" lon="116.6406599991023540496826171875">
        <ele>32</ele>
        <time>2020-08-05T12:31:54.000Z</time>
        <extensions>
          <ns3:TrackPointExtension/>
        </extensions>
      </trkpt>
      <trkpt lat="39.89618296734988689422607421875" lon="116.64068992249667644500732421875">
        <ele>32</ele>
        <time>2020-08-05T12:31:54.000Z</time>
        <extensions>
          <ns3:TrackPointExtension/>
        </extensions>
      </trkpt>
      <trkpt lat="39.8961679637432098388671875" lon="116.64072395302355289459228515625">
        <ele>31.799999237060546875</ele>
        <time>2020-08-05T12:31:54.000Z</time>
        <extensions>
          <ns3:TrackPointExtension/>
        </extensions>
      </trkpt>
      <trkpt lat="39.89615597762167453765869140625" lon="116.64075496606528759002685546875">
        <ele>31.6000003814697265625</ele>
        <time>2020-08-05T12:31:54.000Z</time>
        <extensions>
          <ns3:TrackPointExtension/>
        </extensions>
      </trkpt>
      <trkpt lat="39.8961399681866168975830078125" lon="116.64078497327864170074462890625">
        <ele>31.6000003814697265625</ele>
        <time>2020-08-05T12:31:54.000Z</time>
        <extensions>
          <ns3:TrackPointExtension/>
        </extensions>
      </trkpt>
      <trkpt lat="39.89612597040832042694091796875" lon="116.64081598632037639617919921875">
        <ele>31.3999996185302734375</ele>
        <time>2020-08-05T12:31:54.000Z</time>
        <extensions>
          <ns3:TrackPointExtension/>
        </extensions>
      </trkpt>
      <trkpt lat="39.896109960973262786865234375" lon="116.64084993302822113037109375">
        <ele>31.200000762939453125</ele>
        <time>2020-08-05T12:31:54.000Z</time>
        <extensions>
          <ns3:TrackPointExtension/>
        </extensions>
      </trkpt>
      <trkpt lat="39.89609998650848865509033203125" lon="116.6408839635550975799560546875">
        <ele>31.200000762939453125</ele>
        <time>2020-08-05T12:32:01.000Z</time>
        <extensions>
          <ns3:TrackPointExtension/>
        </extensions>
      </trkpt>
      <trkpt lat="39.89608791656792163848876953125" lon="116.640914976596832275390625">
        <ele>31</ele>
        <time>2020-08-05T12:32:01.000Z</time>
        <extensions>
          <ns3:TrackPointExtension/>
        </extensions>
      </trkpt>
      <trkpt lat="39.8960799537599086761474609375" lon="116.6409449838101863861083984375">
        <ele>31</ele>
        <time>2020-08-05T12:32:01.000Z</time>
        <extensions>
          <ns3:TrackPointExtension/>
        </extensions>
      </trkpt>
      <trkpt lat="39.89607199095189571380615234375" lon="116.64095998741686344146728515625">
        <ele>30.799999237060546875</ele>
        <time>2020-08-05T12:32:01.000Z</time>
        <extensions>
          <ns3:TrackPointExtension/>
        </extensions>
      </trkpt>
      <trkpt lat="39.89607199095189571380615234375" lon="116.64098999463021755218505859375">
        <ele>30.799999237060546875</ele>
        <time>2020-08-05T12:32:01.000Z</time>
        <extensions>
          <ns3:TrackPointExtension/>
        </extensions>
      </trkpt>
      <trkpt lat="39.8960799537599086761474609375" lon="116.641019918024539947509765625">
        <ele>30.6000003814697265625</ele>
        <time>2020-08-05T12:32:01.000Z</time>
        <extensions>
          <ns3:TrackPointExtension/>
        </extensions>
      </trkpt>
      <trkpt lat="39.8960839770734310150146484375" lon="116.6410499252378940582275390625">
        <ele>30.6000003814697265625</ele>
        <time>2020-08-05T12:32:01.000Z</time>
        <extensions>
          <ns3:TrackPointExtension/>
        </extensions>
      </trkpt>
      <trkpt lat="39.89608992822468280792236328125" lon="116.6410799324512481689453125">
        <ele>30.3999996185302734375</ele>
        <time>2020-08-05T12:32:08.000Z</time>
        <extensions>
          <ns3:TrackPointExtension/>
        </extensions>
      </trkpt>
      <trkpt lat="39.89609495736658573150634765625" lon="116.6411059163510799407958984375">
        <ele>30.3999996185302734375</ele>
        <time>2020-08-05T12:32:08.000Z</time>
        <extensions>
          <ns3:TrackPointExtension/>
        </extensions>
      </trkpt>
      <trkpt lat="39.89609998650848865509033203125" lon="116.641135923564434051513671875">
        <ele>30.200000762939453125</ele>
        <time>2020-08-05T12:32:08.000Z</time>
        <extensions>
          <ns3:TrackPointExtension/>
        </extensions>
      </trkpt>
      <trkpt lat="39.89610694348812103271484375" lon="116.6411739774048328399658203125">
        <ele>30.200000762939453125</ele>
        <time>2020-08-05T12:32:08.000Z</time>
        <extensions>
          <ns3:TrackPointExtension/>
        </extensions>
      </trkpt>
      <trkpt lat="39.896109960973262786865234375" lon="116.641204990446567535400390625">
        <ele>30</ele>
        <time>2020-08-05T12:32:08.000Z</time>
        <extensions>
          <ns3:TrackPointExtension/>
        </extensions>
      </trkpt>
      <trkpt lat="39.896113984286785125732421875" lon="116.6412349976599216461181640625">
        <ele>29.799999237060546875</ele>
        <time>2020-08-05T12:32:08.000Z</time>
        <extensions>
          <ns3:TrackPointExtension/>
        </extensions>
      </trkpt>
      <trkpt lat="39.89611993543803691864013671875" lon="116.64126995019614696502685546875">
        <ele>29.799999237060546875</ele>
        <time>2020-08-05T12:32:08.000Z</time>
        <extensions>
          <ns3:TrackPointExtension/>
        </extensions>
      </trkpt>
      <trkpt lat="39.89612194709479808807373046875" lon="116.64130993187427520751953125">
        <ele>29.6000003814697265625</ele>
        <time>2020-08-05T12:32:15.000Z</time>
        <extensions>
          <ns3:TrackPointExtension/>
        </extensions>
      </trkpt>
      <trkpt lat="39.89612597040832042694091796875" lon="116.6413399390876293182373046875">
        <ele>29.6000003814697265625</ele>
        <time>2020-08-05T12:32:15.000Z</time>
        <extensions>
          <ns3:TrackPointExtension/>
        </extensions>
      </trkpt>
      <trkpt lat="39.89612597040832042694091796875" lon="116.64137992076575756072998046875">
        <ele>29.3999996185302734375</ele>
        <time>2020-08-05T12:32:15.000Z</time>
        <extensions>
          <ns3:TrackPointExtension/>
        </extensions>
      </trkpt>
      <trkpt lat="39.89611993543803691864013671875" lon="116.64140992797911167144775390625">
        <ele>29.200000762939453125</ele>
        <time>2020-08-05T12:32:15.000Z</time>
        <extensions>
          <ns3:TrackPointExtension/>
        </extensions>
      </trkpt>
      <trkpt lat="39.896109960973262786865234375" lon="116.64143993519246578216552734375">
        <ele>29.200000762939453125</ele>
        <time>2020-08-05T12:32:15.000Z</time>
        <extensions>
          <ns3:TrackPointExtension/>
        </extensions>
      </trkpt>
      <trkpt lat="39.89610694348812103271484375" lon="116.641489975154399871826171875">
        <ele>28.799999237060546875</ele>
        <time>2020-08-05T12:32:15.000Z</time>
        <extensions>
          <ns3:TrackPointExtension/>
        </extensions>
      </trkpt>
      <trkpt lat="39.89610292017459869384765625" lon="116.6415199823677539825439453125">
        <ele>28.799999237060546875</ele>
        <time>2020-08-05T12:32:15.000Z</time>
        <extensions>
          <ns3:TrackPointExtension/>
        </extensions>
      </trkpt>
      <trkpt lat="39.89609998650848865509033203125" lon="116.64154998958110809326171875">
        <ele>28.6000003814697265625</ele>
        <time>2020-08-05T12:32:22.000Z</time>
        <extensions>
          <ns3:TrackPointExtension/>
        </extensions>
      </trkpt>
      <trkpt lat="39.89609998650848865509033203125" lon="116.6415799967944622039794921875">
        <ele>28.6000003814697265625</ele>
        <time>2020-08-05T12:32:22.000Z</time>
        <extensions>
          <ns3:TrackPointExtension/>
        </extensions>
      </trkpt>
      <trkpt lat="39.89609998650848865509033203125" lon="116.64161997847259044647216796875">
        <ele>28.3999996185302734375</ele>
        <time>2020-08-05T12:32:22.000Z</time>
        <extensions>
          <ns3:TrackPointExtension/>
        </extensions>
      </trkpt>
      <trkpt lat="39.89610292017459869384765625" lon="116.64164998568594455718994140625">
        <ele>28.3999996185302734375</ele>
        <time>2020-08-05T12:32:22.000Z</time>
        <extensions>
          <ns3:TrackPointExtension/>
        </extensions>
      </trkpt>
      <trkpt lat="39.89610292017459869384765625" lon="116.64167999289929866790771484375">
        <ele>28.3999996185302734375</ele>
        <time>2020-08-05T12:32:22.000Z</time>
        <extensions>
          <ns3:TrackPointExtension/>
        </extensions>
      </trkpt>
      <trkpt lat="39.89610292017459869384765625" lon="116.641719974577426910400390625">
        <ele>28.200000762939453125</ele>
        <time>2020-08-05T12:32:22.000Z</time>
        <extensions>
          <ns3:TrackPointExtension/>
        </extensions>
      </trkpt>
      <trkpt lat="39.89609998650848865509033203125" lon="116.64175392128527164459228515625">
        <ele>28.200000762939453125</ele>
        <time>2020-08-05T12:32:22.000Z</time>
        <extensions>
          <ns3:TrackPointExtension/>
        </extensions>
      </trkpt>
      <trkpt lat="39.89609998650848865509033203125" lon="116.64178493432700634002685546875">
        <ele>28</ele>
        <time>2020-08-05T12:32:29.000Z</time>
        <extensions>
          <ns3:TrackPointExtension/>
        </extensions>
      </trkpt>
      <trkpt lat="39.89609998650848865509033203125" lon="116.64181494154036045074462890625">
        <ele>28</ele>
        <time>2020-08-05T12:32:29.000Z</time>
        <extensions>
          <ns3:TrackPointExtension/>
        </extensions>
      </trkpt>
      <trkpt lat="39.89610292017459869384765625" lon="116.64184595458209514617919921875">
        <ele>28</ele>
        <time>2020-08-05T12:32:29.000Z</time>
        <extensions>
          <ns3:TrackPointExtension/>
        </extensions>
      </trkpt>
      <trkpt lat="39.89610292017459869384765625" lon="116.64187998510897159576416015625">
        <ele>27.799999237060546875</ele>
        <time>2020-08-05T12:32:29.000Z</time>
        <extensions>
          <ns3:TrackPointExtension/>
        </extensions>
      </trkpt>
      <trkpt lat="39.89609998650848865509033203125" lon="116.6419139318168163299560546875">
        <ele>27.799999237060546875</ele>
        <time>2020-08-05T12:32:29.000Z</time>
        <extensions>
          <ns3:TrackPointExtension/>
        </extensions>
      </trkpt>
      <trkpt lat="39.89608992822468280792236328125" lon="116.641944944858551025390625">
        <ele>27.6000003814697265625</ele>
        <time>2020-08-05T12:32:29.000Z</time>
        <extensions>
          <ns3:TrackPointExtension/>
        </extensions>
      </trkpt>
      <trkpt lat="39.8960839770734310150146484375" lon="116.6419749520719051361083984375">
        <ele>27.6000003814697265625</ele>
        <time>2020-08-05T12:32:29.000Z</time>
        <extensions>
          <ns3:TrackPointExtension/>
        </extensions>
      </trkpt>
      <trkpt lat="39.8960799537599086761474609375" lon="116.64200596511363983154296875">
        <ele>27.3999996185302734375</ele>
        <time>2020-08-05T12:32:36.000Z</time>
        <extensions>
          <ns3:TrackPointExtension/>
        </extensions>
      </trkpt>
      <trkpt lat="39.89607199095189571380615234375" lon="116.6420399956405162811279296875">
        <ele>27.3999996185302734375</ele>
        <time>2020-08-05T12:32:36.000Z</time>
        <extensions>
          <ns3:TrackPointExtension/>
        </extensions>
      </trkpt>
      <trkpt lat="39.89606495015323162078857421875" lon="116.64206991903483867645263671875">
        <ele>27.200000762939453125</ele>
        <time>2020-08-05T12:32:36.000Z</time>
        <extensions>
          <ns3:TrackPointExtension/>
        </extensions>
      </trkpt>
      <trkpt lat="39.89606495015323162078857421875" lon="116.64209992624819278717041015625">
        <ele>27.200000762939453125</ele>
        <time>2020-08-05T12:32:36.000Z</time>
        <extensions>
          <ns3:TrackPointExtension/>
        </extensions>
      </trkpt>
      <trkpt lat="39.896056987345218658447265625" lon="116.64212993346154689788818359375">
        <ele>27.200000762939453125</ele>
        <time>2020-08-05T12:32:36.000Z</time>
        <extensions>
          <ns3:TrackPointExtension/>
        </extensions>
      </trkpt>
      <trkpt lat="39.896056987345218658447265625" lon="116.6421499662101268768310546875">
        <ele>27</ele>
        <time>2020-08-05T12:32:36.000Z</time>
        <extensions>
          <ns3:TrackPointExtension/>
        </extensions>
      </trkpt>
      <trkpt lat="39.896056987345218658447265625" lon="116.642179973423480987548828125">
        <ele>27</ele>
        <time>2020-08-05T12:32:36.000Z</time>
        <extensions>
          <ns3:TrackPointExtension/>
        </extensions>
      </trkpt>
      <trkpt lat="39.896056987345218658447265625" lon="116.6422099806368350982666015625">
        <ele>27</ele>
        <time>2020-08-05T12:32:43.000Z</time>
        <extensions>
          <ns3:TrackPointExtension/>
        </extensions>
      </trkpt>
      <trkpt lat="39.896056987345218658447265625" lon="116.642239987850189208984375">
        <ele>27</ele>
        <time>2020-08-05T12:32:43.000Z</time>
        <extensions>
          <ns3:TrackPointExtension/>
        </extensions>
      </trkpt>
      <trkpt lat="39.89606495015323162078857421875" lon="116.6422699950635433197021484375">
        <ele>27</ele>
        <time>2020-08-05T12:32:43.000Z</time>
        <extensions>
          <ns3:TrackPointExtension/>
        </extensions>
      </trkpt>
      <trkpt lat="39.89607199095189571380615234375" lon="116.64229991845786571502685546875">
        <ele>27.200000762939453125</ele>
        <time>2020-08-05T12:32:43.000Z</time>
        <extensions>
          <ns3:TrackPointExtension/>
        </extensions>
      </trkpt>
      <trkpt lat="39.8960759304463863372802734375" lon="116.64233394898474216461181640625">
        <ele>27.200000762939453125</ele>
        <time>2020-08-05T12:32:43.000Z</time>
        <extensions>
          <ns3:TrackPointExtension/>
        </extensions>
      </trkpt>
      <trkpt lat="39.8960799537599086761474609375" lon="116.64236496202647686004638671875">
        <ele>27.200000762939453125</ele>
        <time>2020-08-05T12:32:43.000Z</time>
        <extensions>
          <ns3:TrackPointExtension/>
        </extensions>
      </trkpt>
      <trkpt lat="39.89608791656792163848876953125" lon="116.64239496923983097076416015625">
        <ele>27.200000762939453125</ele>
        <time>2020-08-05T12:32:43.000Z</time>
        <extensions>
          <ns3:TrackPointExtension/>
        </extensions>
      </trkpt>
      <trkpt lat="39.89608992822468280792236328125" lon="116.64241994731128215789794921875">
        <ele>27.200000762939453125</ele>
        <time>2020-08-05T12:32:50.000Z</time>
        <extensions>
          <ns3:TrackPointExtension/>
        </extensions>
      </trkpt>
      <trkpt lat="39.89609495736658573150634765625" lon="116.64244995452463626861572265625">
        <ele>27.200000762939453125</ele>
        <time>2020-08-05T12:32:50.000Z</time>
        <extensions>
          <ns3:TrackPointExtension/>
        </extensions>
      </trkpt>
      <trkpt lat="39.89609998650848865509033203125" lon="116.64247996173799037933349609375">
        <ele>27.200000762939453125</ele>
        <time>2020-08-05T12:32:50.000Z</time>
        <extensions>
          <ns3:TrackPointExtension/>
        </extensions>
      </trkpt>
      <trkpt lat="39.89609998650848865509033203125" lon="116.64250996895134449005126953125">
        <ele>27.200000762939453125</ele>
        <time>2020-08-05T12:32:50.000Z</time>
        <extensions>
          <ns3:TrackPointExtension/>
        </extensions>
      </trkpt>
      <trkpt lat="39.89610292017459869384765625" lon="116.64252991788089275360107421875">
        <ele>27.200000762939453125</ele>
        <time>2020-08-05T12:32:50.000Z</time>
        <extensions>
          <ns3:TrackPointExtension/>
        </extensions>
      </trkpt>
      <trkpt lat="39.89609998650848865509033203125" lon="116.64255992509424686431884765625">
        <ele>27.200000762939453125</ele>
        <time>2020-08-05T12:32:50.000Z</time>
        <extensions>
          <ns3:TrackPointExtension/>
        </extensions>
      </trkpt>
      <trkpt lat="39.89609998650848865509033203125" lon="116.64258993230760097503662109375">
        <ele>27.200000762939453125</ele>
        <time>2020-08-05T12:32:50.000Z</time>
        <extensions>
          <ns3:TrackPointExtension/>
        </extensions>
      </trkpt>
      <trkpt lat="39.89608992822468280792236328125" lon="116.64262396283447742462158203125">
        <ele>27.200000762939453125</ele>
        <time>2020-08-05T12:32:57.000Z</time>
        <extensions>
          <ns3:TrackPointExtension/>
        </extensions>
      </trkpt>
      <trkpt lat="39.8960799537599086761474609375" lon="116.64265397004783153533935546875">
        <ele>27.200000762939453125</ele>
        <time>2020-08-05T12:32:57.000Z</time>
        <extensions>
          <ns3:TrackPointExtension/>
        </extensions>
      </trkpt>
      <trkpt lat="39.89607199095189571380615234375" lon="116.64268498308956623077392578125">
        <ele>27.200000762939453125</ele>
        <time>2020-08-05T12:32:57.000Z</time>
        <extensions>
          <ns3:TrackPointExtension/>
        </extensions>
      </trkpt>
      <trkpt lat="39.89606997929513454437255859375" lon="116.64271499030292034149169921875">
        <ele>27.200000762939453125</ele>
        <time>2020-08-05T12:32:57.000Z</time>
        <extensions>
          <ns3:TrackPointExtension/>
        </extensions>
      </trkpt>
      <trkpt lat="39.89606997929513454437255859375" lon="116.6427299939095973968505859375">
        <ele>27.200000762939453125</ele>
        <time>2020-08-05T12:32:57.000Z</time>
        <extensions>
          <ns3:TrackPointExtension/>
        </extensions>
      </trkpt>
      <trkpt lat="39.89607199095189571380615234375" lon="116.64275991730391979217529296875">
        <ele>27.200000762939453125</ele>
        <time>2020-08-05T12:32:57.000Z</time>
        <extensions>
          <ns3:TrackPointExtension/>
        </extensions>
      </trkpt>
      <trkpt lat="39.8960799537599086761474609375" lon="116.64278992451727390289306640625">
        <ele>27.200000762939453125</ele>
        <time>2020-08-05T12:32:57.000Z</time>
        <extensions>
          <ns3:TrackPointExtension/>
        </extensions>
      </trkpt>
      <trkpt lat="39.89608992822468280792236328125" lon="116.642814986407756805419921875">
        <ele>27.200000762939453125</ele>
        <time>2020-08-05T12:33:04.000Z</time>
        <extensions>
          <ns3:TrackPointExtension/>
        </extensions>
      </trkpt>
      <trkpt lat="39.89609998650848865509033203125" lon="116.6428449936211109161376953125">
        <ele>27.200000762939453125</ele>
        <time>2020-08-05T12:33:04.000Z</time>
        <extensions>
          <ns3:TrackPointExtension/>
        </extensions>
      </trkpt>
      <trkpt lat="39.89610694348812103271484375" lon="116.64287592284381389617919921875">
        <ele>27.200000762939453125</ele>
        <time>2020-08-05T12:33:04.000Z</time>
        <extensions>
          <ns3:TrackPointExtension/>
        </extensions>
      </trkpt>
      <trkpt lat="39.89611993543803691864013671875" lon="116.6428999789059162139892578125">
        <ele>27.200000762939453125</ele>
        <time>2020-08-05T12:33:04.000Z</time>
        <extensions>
          <ns3:TrackPointExtension/>
        </extensions>
      </trkpt>
      <trkpt lat="39.89612597040832042694091796875" lon="116.64292998611927032470703125">
        <ele>27.200000762939453125</ele>
        <time>2020-08-05T12:33:04.000Z</time>
        <extensions>
          <ns3:TrackPointExtension/>
        </extensions>
      </trkpt>
      <trkpt lat="39.8961369507014751434326171875" lon="116.6429599933326244354248046875">
        <ele>27.200000762939453125</ele>
        <time>2020-08-05T12:33:04.000Z</time>
        <extensions>
          <ns3:TrackPointExtension/>
        </extensions>
      </trkpt>
      <trkpt lat="39.8961369507014751434326171875" lon="116.64298991672694683074951171875">
        <ele>27.200000762939453125</ele>
        <time>2020-08-05T12:33:04.000Z</time>
        <extensions>
          <ns3:TrackPointExtension/>
        </extensions>
      </trkpt>
      <trkpt lat="39.8961369507014751434326171875" lon="116.64301992394030094146728515625">
        <ele>27.200000762939453125</ele>
        <time>2020-08-05T12:33:11.000Z</time>
        <extensions>
          <ns3:TrackPointExtension/>
        </extensions>
      </trkpt>
      <trkpt lat="39.8961369507014751434326171875" lon="116.64304993115365505218505859375">
        <ele>27.200000762939453125</ele>
        <time>2020-08-05T12:33:11.000Z</time>
        <extensions>
          <ns3:TrackPointExtension/>
        </extensions>
      </trkpt>
      <trkpt lat="39.89612999372184276580810546875" lon="116.64307993836700916290283203125">
        <ele>27.200000762939453125</ele>
        <time>2020-08-05T12:33:11.000Z</time>
        <extensions>
          <ns3:TrackPointExtension/>
        </extensions>
      </trkpt>
      <trkpt lat="39.89612597040832042694091796875" lon="116.64310994558036327362060546875">
        <ele>27</ele>
        <time>2020-08-05T12:33:11.000Z</time>
        <extensions>
          <ns3:TrackPointExtension/>
        </extensions>
      </trkpt>
      <trkpt lat="39.89612194709479808807373046875" lon="116.64313995279371738433837890625">
        <ele>27</ele>
        <time>2020-08-05T12:33:11.000Z</time>
        <extensions>
          <ns3:TrackPointExtension/>
        </extensions>
      </trkpt>
      <trkpt lat="39.896113984286785125732421875" lon="116.64316996000707149505615234375">
        <ele>27</ele>
        <time>2020-08-05T12:33:11.000Z</time>
        <extensions>
          <ns3:TrackPointExtension/>
        </extensions>
      </trkpt>
      <trkpt lat="39.89610694348812103271484375" lon="116.64319996722042560577392578125">
        <ele>26.799999237060546875</ele>
        <time>2020-08-05T12:33:11.000Z</time>
        <extensions>
          <ns3:TrackPointExtension/>
        </extensions>
      </trkpt>
      <trkpt lat="39.89609998650848865509033203125" lon="116.64323399774730205535888671875">
        <ele>26.799999237060546875</ele>
        <time>2020-08-05T12:33:18.000Z</time>
        <extensions>
          <ns3:TrackPointExtension/>
        </extensions>
      </trkpt>
      <trkpt lat="39.89608992822468280792236328125" lon="116.643264926970005035400390625">
        <ele>26.799999237060546875</ele>
        <time>2020-08-05T12:33:18.000Z</time>
        <extensions>
          <ns3:TrackPointExtension/>
        </extensions>
      </trkpt>
      <trkpt lat="39.8960799537599086761474609375" lon="116.64328998886048793792724609375">
        <ele>26.799999237060546875</ele>
        <time>2020-08-05T12:33:18.000Z</time>
        <extensions>
          <ns3:TrackPointExtension/>
        </extensions>
      </trkpt>
      <trkpt lat="39.89606997929513454437255859375" lon="116.64331999607384204864501953125">
        <ele>26.799999237060546875</ele>
        <time>2020-08-05T12:33:18.000Z</time>
        <extensions>
          <ns3:TrackPointExtension/>
        </extensions>
      </trkpt>
      <trkpt lat="39.89606495015323162078857421875" lon="116.6433499194681644439697265625">
        <ele>26.799999237060546875</ele>
        <time>2020-08-05T12:33:18.000Z</time>
        <extensions>
          <ns3:TrackPointExtension/>
        </extensions>
      </trkpt>
      <trkpt lat="39.896056987345218658447265625" lon="116.6433799266815185546875">
        <ele>26.799999237060546875</ele>
        <time>2020-08-05T12:33:18.000Z</time>
        <extensions>
          <ns3:TrackPointExtension/>
        </extensions>
      </trkpt>
      <trkpt lat="39.896056987345218658447265625" lon="116.6434099338948726654052734375">
        <ele>26.799999237060546875</ele>
        <time>2020-08-05T12:33:18.000Z</time>
        <extensions>
          <ns3:TrackPointExtension/>
        </extensions>
      </trkpt>
      <trkpt lat="39.896056987345218658447265625" lon="116.643449999392032623291015625">
        <ele>26.799999237060546875</ele>
        <time>2020-08-05T12:33:25.000Z</time>
        <extensions>
          <ns3:TrackPointExtension/>
        </extensions>
      </trkpt>
      <trkpt lat="39.89605992101132869720458984375" lon="116.64347992278635501861572265625">
        <ele>26.799999237060546875</ele>
        <time>2020-08-05T12:33:25.000Z</time>
        <extensions>
          <ns3:TrackPointExtension/>
        </extensions>
      </trkpt>
      <trkpt lat="39.89606495015323162078857421875" lon="116.64350992999970912933349609375">
        <ele>26.799999237060546875</ele>
        <time>2020-08-05T12:33:25.000Z</time>
        <extensions>
          <ns3:TrackPointExtension/>
        </extensions>
      </trkpt>
      <trkpt lat="39.89607199095189571380615234375" lon="116.64353993721306324005126953125">
        <ele>26.799999237060546875</ele>
        <time>2020-08-05T12:33:25.000Z</time>
        <extensions>
          <ns3:TrackPointExtension/>
        </extensions>
      </trkpt>
      <trkpt lat="39.89607199095189571380615234375" lon="116.643559969961643218994140625">
        <ele>26.799999237060546875</ele>
        <time>2020-08-05T12:33:25.000Z</time>
        <extensions>
          <ns3:TrackPointExtension/>
        </extensions>
      </trkpt>
      <trkpt lat="39.89607199095189571380615234375" lon="116.6435899771749973297119140625">
        <ele>26.799999237060546875</ele>
        <time>2020-08-05T12:33:25.000Z</time>
        <extensions>
          <ns3:TrackPointExtension/>
        </extensions>
      </trkpt>
      <trkpt lat="39.89606495015323162078857421875" lon="116.6436199843883514404296875">
        <ele>26.799999237060546875</ele>
        <time>2020-08-05T12:33:25.000Z</time>
        <extensions>
          <ns3:TrackPointExtension/>
        </extensions>
      </trkpt>
      <trkpt lat="39.896056987345218658447265625" lon="116.64365393109619617462158203125">
        <ele>26.799999237060546875</ele>
        <time>2020-08-05T12:33:32.000Z</time>
        <extensions>
          <ns3:TrackPointExtension/>
        </extensions>
      </trkpt>
      <trkpt lat="39.8960499465465545654296875" lon="116.64368393830955028533935546875">
        <ele>26.799999237060546875</ele>
        <time>2020-08-05T12:33:32.000Z</time>
        <extensions>
          <ns3:TrackPointExtension/>
        </extensions>
      </trkpt>
      <trkpt lat="39.89603997208178043365478515625" lon="116.64371495135128498077392578125">
        <ele>26.799999237060546875</ele>
        <time>2020-08-05T12:33:32.000Z</time>
        <extensions>
          <ns3:TrackPointExtension/>
        </extensions>
      </trkpt>
      <trkpt lat="39.89603997208178043365478515625" lon="116.64374495856463909149169921875">
        <ele>26.799999237060546875</ele>
        <time>2020-08-05T12:33:32.000Z</time>
        <extensions>
          <ns3:TrackPointExtension/>
        </extensions>
      </trkpt>
      <trkpt lat="39.89603997208178043365478515625" lon="116.64377597160637378692626953125">
        <ele>26.799999237060546875</ele>
        <time>2020-08-05T12:33:32.000Z</time>
        <extensions>
          <ns3:TrackPointExtension/>
        </extensions>
      </trkpt>
      <trkpt lat="39.8960499465465545654296875" lon="116.6438099183142185211181640625">
        <ele>26.799999237060546875</ele>
        <time>2020-08-05T12:33:32.000Z</time>
        <extensions>
          <ns3:TrackPointExtension/>
        </extensions>
      </trkpt>
      <trkpt lat="39.896056987345218658447265625" lon="116.6438399255275726318359375">
        <ele>26.799999237060546875</ele>
        <time>2020-08-05T12:33:32.000Z</time>
        <extensions>
          <ns3:TrackPointExtension/>
        </extensions>
      </trkpt>
      <trkpt lat="39.89606495015323162078857421875" lon="116.6438699327409267425537109375">
        <ele>26.799999237060546875</ele>
        <time>2020-08-05T12:33:39.000Z</time>
        <extensions>
          <ns3:TrackPointExtension/>
        </extensions>
      </trkpt>
      <trkpt lat="39.89607199095189571380615234375" lon="116.643899939954280853271484375">
        <ele>27</ele>
        <time>2020-08-05T12:33:39.000Z</time>
        <extensions>
          <ns3:TrackPointExtension/>
        </extensions>
      </trkpt>
      <trkpt lat="39.8960799537599086761474609375" lon="116.6439299471676349639892578125">
        <ele>27</ele>
        <time>2020-08-05T12:33:39.000Z</time>
        <extensions>
          <ns3:TrackPointExtension/>
        </extensions>
      </trkpt>
      <trkpt lat="39.89608791656792163848876953125" lon="116.64396992884576320648193359375">
        <ele>27.200000762939453125</ele>
        <time>2020-08-05T12:33:39.000Z</time>
        <extensions>
          <ns3:TrackPointExtension/>
        </extensions>
      </trkpt>
      <trkpt lat="39.89608992822468280792236328125" lon="116.64397998712956905364990234375">
        <ele>27.200000762939453125</ele>
        <time>2020-08-05T12:33:39.000Z</time>
        <extensions>
          <ns3:TrackPointExtension/>
        </extensions>
      </trkpt>
      <trkpt lat="39.89609998650848865509033203125" lon="116.64400999434292316436767578125">
        <ele>27.200000762939453125</ele>
        <time>2020-08-05T12:33:39.000Z</time>
        <extensions>
          <ns3:TrackPointExtension/>
        </extensions>
      </trkpt>
      <trkpt lat="39.89609998650848865509033203125" lon="116.6440399177372455596923828125">
        <ele>27.3999996185302734375</ele>
        <time>2020-08-05T12:33:39.000Z</time>
        <extensions>
          <ns3:TrackPointExtension/>
        </extensions>
      </trkpt>
      <trkpt lat="39.89610292017459869384765625" lon="116.64406598545610904693603515625">
        <ele>27.3999996185302734375</ele>
        <time>2020-08-05T12:33:46.000Z</time>
        <extensions>
          <ns3:TrackPointExtension/>
        </extensions>
      </trkpt>
      <trkpt lat="39.89610292017459869384765625" lon="116.6440999321639537811279296875">
        <ele>27.3999996185302734375</ele>
        <time>2020-08-05T12:33:46.000Z</time>
        <extensions>
          <ns3:TrackPointExtension/>
        </extensions>
      </trkpt>
      <trkpt lat="39.89610292017459869384765625" lon="116.644129939377307891845703125">
        <ele>27.3999996185302734375</ele>
        <time>2020-08-05T12:33:46.000Z</time>
        <extensions>
          <ns3:TrackPointExtension/>
        </extensions>
      </trkpt>
      <trkpt lat="39.89610694348812103271484375" lon="116.6441599465906620025634765625">
        <ele>27.3999996185302734375</ele>
        <time>2020-08-05T12:33:46.000Z</time>
        <extensions>
          <ns3:TrackPointExtension/>
        </extensions>
      </trkpt>
      <trkpt lat="39.89610694348812103271484375" lon="116.64418995380401611328125">
        <ele>27.6000003814697265625</ele>
        <time>2020-08-05T12:33:46.000Z</time>
        <extensions>
          <ns3:TrackPointExtension/>
        </extensions>
      </trkpt>
      <trkpt lat="39.896109960973262786865234375" lon="116.6442199610173702239990234375">
        <ele>27.6000003814697265625</ele>
        <time>2020-08-05T12:33:46.000Z</time>
        <extensions>
          <ns3:TrackPointExtension/>
        </extensions>
      </trkpt>
      <trkpt lat="39.896113984286785125732421875" lon="116.644249968230724334716796875">
        <ele>27.6000003814697265625</ele>
        <time>2020-08-05T12:33:46.000Z</time>
        <extensions>
          <ns3:TrackPointExtension/>
        </extensions>
      </trkpt>
      <trkpt lat="39.896113984286785125732421875" lon="116.6442799754440784454345703125">
        <ele>27.6000003814697265625</ele>
        <time>2020-08-05T12:33:53.000Z</time>
        <extensions>
          <ns3:TrackPointExtension/>
        </extensions>
      </trkpt>
      <trkpt lat="39.896113984286785125732421875" lon="116.64430998265743255615234375">
        <ele>27.6000003814697265625</ele>
        <time>2020-08-05T12:33:53.000Z</time>
        <extensions>
          <ns3:TrackPointExtension/>
        </extensions>
      </trkpt>
      <trkpt lat="39.896109960973262786865234375" lon="116.6443399898707866668701171875">
        <ele>27.6000003814697265625</ele>
        <time>2020-08-05T12:33:53.000Z</time>
        <extensions>
          <ns3:TrackPointExtension/>
        </extensions>
      </trkpt>
      <trkpt lat="39.89610694348812103271484375" lon="116.644369997084140777587890625">
        <ele>27.799999237060546875</ele>
        <time>2020-08-05T12:33:53.000Z</time>
        <extensions>
          <ns3:TrackPointExtension/>
        </extensions>
      </trkpt>
      <trkpt lat="39.89610292017459869384765625" lon="116.64439992047846317291259765625">
        <ele>27.799999237060546875</ele>
        <time>2020-08-05T12:33:53.000Z</time>
        <extensions>
          <ns3:TrackPointExtension/>
        </extensions>
      </trkpt>
      <trkpt lat="39.89609998650848865509033203125" lon="116.64442397654056549072265625">
        <ele>27.799999237060546875</ele>
        <time>2020-08-05T12:33:53.000Z</time>
        <extensions>
          <ns3:TrackPointExtension/>
        </extensions>
      </trkpt>
      <trkpt lat="39.89610292017459869384765625" lon="116.6444549895823001861572265625">
        <ele>27.799999237060546875</ele>
        <time>2020-08-05T12:33:53.000Z</time>
        <extensions>
          <ns3:TrackPointExtension/>
        </extensions>
      </trkpt>
      <trkpt lat="39.89610694348812103271484375" lon="116.644484996795654296875">
        <ele>27.799999237060546875</ele>
        <time>2020-08-05T12:34:00.000Z</time>
        <extensions>
          <ns3:TrackPointExtension/>
        </extensions>
      </trkpt>
      <trkpt lat="39.89610292017459869384765625" lon="116.64451592601835727691650390625">
        <ele>28</ele>
        <time>2020-08-05T12:34:00.000Z</time>
        <extensions>
          <ns3:TrackPointExtension/>
        </extensions>
      </trkpt>
      <trkpt lat="39.89610292017459869384765625" lon="116.64454995654523372650146484375">
        <ele>28</ele>
        <time>2020-08-05T12:34:00.000Z</time>
        <extensions>
          <ns3:TrackPointExtension/>
        </extensions>
      </trkpt>
      <trkpt lat="39.89610694348812103271484375" lon="116.64457996375858783721923828125">
        <ele>28</ele>
        <time>2020-08-05T12:34:00.000Z</time>
        <extensions>
          <ns3:TrackPointExtension/>
        </extensions>
      </trkpt>
      <trkpt lat="39.89610694348812103271484375" lon="116.64460997097194194793701171875">
        <ele>28</ele>
        <time>2020-08-05T12:34:00.000Z</time>
        <extensions>
          <ns3:TrackPointExtension/>
        </extensions>
      </trkpt>
      <trkpt lat="39.896113984286785125732421875" lon="116.64463997818529605865478515625">
        <ele>28</ele>
        <time>2020-08-05T12:34:00.000Z</time>
        <extensions>
          <ns3:TrackPointExtension/>
        </extensions>
      </trkpt>
      <trkpt lat="39.896113984286785125732421875" lon="116.64466998539865016937255859375">
        <ele>28</ele>
        <time>2020-08-05T12:34:00.000Z</time>
        <extensions>
          <ns3:TrackPointExtension/>
        </extensions>
      </trkpt>
      <trkpt lat="39.896113984286785125732421875" lon="116.64469999261200428009033203125">
        <ele>28</ele>
        <time>2020-08-05T12:34:06.000Z</time>
        <extensions>
          <ns3:TrackPointExtension/>
        </extensions>
      </trkpt>
      <trkpt lat="39.896113984286785125732421875" lon="116.64472999982535839080810546875">
        <ele>28.200000762939453125</ele>
        <time>2020-08-05T12:34:06.000Z</time>
        <extensions>
          <ns3:TrackPointExtension/>
        </extensions>
      </trkpt>
      <trkpt lat="39.896113984286785125732421875" lon="116.6447599232196807861328125">
        <ele>28.200000762939453125</ele>
        <time>2020-08-05T12:34:06.000Z</time>
        <extensions>
          <ns3:TrackPointExtension/>
        </extensions>
      </trkpt>
      <trkpt lat="39.896109960973262786865234375" lon="116.6447899304330348968505859375">
        <ele>28.200000762939453125</ele>
        <time>2020-08-05T12:34:06.000Z</time>
        <extensions>
          <ns3:TrackPointExtension/>
        </extensions>
      </trkpt>
      <trkpt lat="39.896113984286785125732421875" lon="116.644819937646389007568359375">
        <ele>28.200000762939453125</ele>
        <time>2020-08-05T12:34:06.000Z</time>
        <extensions>
          <ns3:TrackPointExtension/>
        </extensions>
      </trkpt>
      <trkpt lat="39.896113984286785125732421875" lon="116.6448499448597431182861328125">
        <ele>28.200000762939453125</ele>
        <time>2020-08-05T12:34:06.000Z</time>
        <extensions>
          <ns3:TrackPointExtension/>
        </extensions>
      </trkpt>
      <trkpt lat="39.896113984286785125732421875" lon="116.64487995207309722900390625">
        <ele>28</ele>
        <time>2020-08-05T12:34:06.000Z</time>
        <extensions>
          <ns3:TrackPointExtension/>
        </extensions>
      </trkpt>
      <trkpt lat="39.896109960973262786865234375" lon="116.6449099592864513397216796875">
        <ele>28</ele>
        <time>2020-08-05T12:34:13.000Z</time>
        <extensions>
          <ns3:TrackPointExtension/>
        </extensions>
      </trkpt>
      <trkpt lat="39.89610694348812103271484375" lon="116.644939966499805450439453125">
        <ele>28</ele>
        <time>2020-08-05T12:34:13.000Z</time>
        <extensions>
          <ns3:TrackPointExtension/>
        </extensions>
      </trkpt>
      <trkpt lat="39.89610292017459869384765625" lon="116.64498992264270782470703125">
        <ele>27.799999237060546875</ele>
        <time>2020-08-05T12:34:13.000Z</time>
        <extensions>
          <ns3:TrackPointExtension/>
        </extensions>
      </trkpt>
      <trkpt lat="39.89609998650848865509033203125" lon="116.64500392042100429534912109375">
        <ele>27.799999237060546875</ele>
        <time>2020-08-05T12:34:13.000Z</time>
        <extensions>
          <ns3:TrackPointExtension/>
        </extensions>
      </trkpt>
      <trkpt lat="39.89609998650848865509033203125" lon="116.645049937069416046142578125">
        <ele>27.6000003814697265625</ele>
        <time>2020-08-05T12:34:13.000Z</time>
        <extensions>
          <ns3:TrackPointExtension/>
        </extensions>
      </trkpt>
      <trkpt lat="39.89608992822468280792236328125" lon="116.6450799442827701568603515625">
        <ele>27.6000003814697265625</ele>
        <time>2020-08-05T12:34:13.000Z</time>
        <extensions>
          <ns3:TrackPointExtension/>
        </extensions>
      </trkpt>
      <trkpt lat="39.89608791656792163848876953125" lon="116.645109951496124267578125">
        <ele>27.6000003814697265625</ele>
        <time>2020-08-05T12:34:13.000Z</time>
        <extensions>
          <ns3:TrackPointExtension/>
        </extensions>
      </trkpt>
      <trkpt lat="39.8960759304463863372802734375" lon="116.6451399587094783782958984375">
        <ele>27.6000003814697265625</ele>
        <time>2020-08-05T12:34:20.000Z</time>
        <extensions>
          <ns3:TrackPointExtension/>
        </extensions>
      </trkpt>
      <trkpt lat="39.89606495015323162078857421875" lon="116.645169965922832489013671875">
        <ele>27.3999996185302734375</ele>
        <time>2020-08-05T12:34:20.000Z</time>
        <extensions>
          <ns3:TrackPointExtension/>
        </extensions>
      </trkpt>
      <trkpt lat="39.896056987345218658447265625" lon="116.6451949439942836761474609375">
        <ele>27.3999996185302734375</ele>
        <time>2020-08-05T12:34:20.000Z</time>
        <extensions>
          <ns3:TrackPointExtension/>
        </extensions>
      </trkpt>
      <trkpt lat="39.8960499465465545654296875" lon="116.64522595703601837158203125">
        <ele>27.3999996185302734375</ele>
        <time>2020-08-05T12:34:20.000Z</time>
        <extensions>
          <ns3:TrackPointExtension/>
        </extensions>
      </trkpt>
      <trkpt lat="39.8960459232330322265625" lon="116.6452559642493724822998046875">
        <ele>27.200000762939453125</ele>
        <time>2020-08-05T12:34:20.000Z</time>
        <extensions>
          <ns3:TrackPointExtension/>
        </extensions>
      </trkpt>
      <trkpt lat="39.8960459232330322265625" lon="116.645289994776248931884765625">
        <ele>27.200000762939453125</ele>
        <time>2020-08-05T12:34:20.000Z</time>
        <extensions>
          <ns3:TrackPointExtension/>
        </extensions>
      </trkpt>
      <trkpt lat="39.8960459232330322265625" lon="116.64529996924102306365966796875">
        <ele>27.200000762939453125</ele>
        <time>2020-08-05T12:34:20.000Z</time>
        <extensions>
          <ns3:TrackPointExtension/>
        </extensions>
      </trkpt>
      <trkpt lat="39.8960459232330322265625" lon="116.64532997645437717437744140625">
        <ele>27</ele>
        <time>2020-08-05T12:34:27.000Z</time>
        <extensions>
          <ns3:TrackPointExtension/>
        </extensions>
      </trkpt>
      <trkpt lat="39.89603997208178043365478515625" lon="116.64535998366773128509521484375">
        <ele>27</ele>
        <time>2020-08-05T12:34:27.000Z</time>
        <extensions>
          <ns3:TrackPointExtension/>
        </extensions>
      </trkpt>
      <trkpt lat="39.89603796042501926422119140625" lon="116.64538999088108539581298828125">
        <ele>27</ele>
        <time>2020-08-05T12:34:27.000Z</time>
        <extensions>
          <ns3:TrackPointExtension/>
        </extensions>
      </trkpt>
      <trkpt lat="39.89603393711149692535400390625" lon="116.6454239375889301300048828125">
        <ele>26.799999237060546875</ele>
        <time>2020-08-05T12:34:27.000Z</time>
        <extensions>
          <ns3:TrackPointExtension/>
        </extensions>
      </trkpt>
      <trkpt lat="39.8960269801318645477294921875" lon="116.64545394480228424072265625">
        <ele>26.799999237060546875</ele>
        <time>2020-08-05T12:34:27.000Z</time>
        <extensions>
          <ns3:TrackPointExtension/>
        </extensions>
      </trkpt>
      <trkpt lat="39.8960199393332004547119140625" lon="116.6454849578440189361572265625">
        <ele>26.799999237060546875</ele>
        <time>2020-08-05T12:34:27.000Z</time>
        <extensions>
          <ns3:TrackPointExtension/>
        </extensions>
      </trkpt>
      <trkpt lat="39.89600996486842632293701171875" lon="116.645519994199275970458984375">
        <ele>26.799999237060546875</ele>
        <time>2020-08-05T12:34:27.000Z</time>
        <extensions>
          <ns3:TrackPointExtension/>
        </extensions>
      </trkpt>
      <trkpt lat="39.895995967090129852294921875" lon="116.64554991759359836578369140625">
        <ele>26.799999237060546875</ele>
        <time>2020-08-05T12:34:34.000Z</time>
        <extensions>
          <ns3:TrackPointExtension/>
        </extensions>
      </trkpt>
      <trkpt lat="39.895989932119846343994140625" lon="116.64558998309075832366943359375">
        <ele>26.799999237060546875</ele>
        <time>2020-08-05T12:34:34.000Z</time>
        <extensions>
          <ns3:TrackPointExtension/>
        </extensions>
      </trkpt>
      <trkpt lat="39.89597995765507221221923828125" lon="116.64561999030411243438720703125">
        <ele>26.6000003814697265625</ele>
        <time>2020-08-05T12:34:34.000Z</time>
        <extensions>
          <ns3:TrackPointExtension/>
        </extensions>
      </trkpt>
      <trkpt lat="39.89597291685640811920166015625" lon="116.64564496837556362152099609375">
        <ele>26.6000003814697265625</ele>
        <time>2020-08-05T12:34:34.000Z</time>
        <extensions>
          <ns3:TrackPointExtension/>
        </extensions>
      </trkpt>
      <trkpt lat="39.89597291685640811920166015625" lon="116.64567598141729831695556640625">
        <ele>26.6000003814697265625</ele>
        <time>2020-08-05T12:34:34.000Z</time>
        <extensions>
          <ns3:TrackPointExtension/>
        </extensions>
      </trkpt>
      <trkpt lat="39.8959699831902980804443359375" lon="116.64570598863065242767333984375">
        <ele>26.6000003814697265625</ele>
        <time>2020-08-05T12:34:34.000Z</time>
        <extensions>
          <ns3:TrackPointExtension/>
        </extensions>
      </trkpt>
      <trkpt lat="39.8959659598767757415771484375" lon="116.6457199864089488983154296875">
        <ele>26.6000003814697265625</ele>
        <time>2020-08-05T12:34:34.000Z</time>
        <extensions>
          <ns3:TrackPointExtension/>
        </extensions>
      </trkpt>
      <trkpt lat="39.8959659598767757415771484375" lon="116.645749993622303009033203125">
        <ele>26.799999237060546875</ele>
        <time>2020-08-05T12:34:41.000Z</time>
        <extensions>
          <ns3:TrackPointExtension/>
        </extensions>
      </trkpt>
      <trkpt lat="39.8959659598767757415771484375" lon="116.64577991701662540435791015625">
        <ele>26.799999237060546875</ele>
        <time>2020-08-05T12:34:41.000Z</time>
        <extensions>
          <ns3:TrackPointExtension/>
        </extensions>
      </trkpt>
      <trkpt lat="39.8959659598767757415771484375" lon="116.645804978907108306884765625">
        <ele>26.799999237060546875</ele>
        <time>2020-08-05T12:34:41.000Z</time>
        <extensions>
          <ns3:TrackPointExtension/>
        </extensions>
      </trkpt>
      <trkpt lat="39.89595799706876277923583984375" lon="116.6458359919488430023193359375">
        <ele>26.799999237060546875</ele>
        <time>2020-08-05T12:34:41.000Z</time>
        <extensions>
          <ns3:TrackPointExtension/>
        </extensions>
      </trkpt>
      <trkpt lat="39.89595799706876277923583984375" lon="116.645859964191913604736328125">
        <ele>26.799999237060546875</ele>
        <time>2020-08-05T12:34:41.000Z</time>
        <extensions>
          <ns3:TrackPointExtension/>
        </extensions>
      </trkpt>
      <trkpt lat="39.89595799706876277923583984375" lon="116.6458899714052677154541015625">
        <ele>26.799999237060546875</ele>
        <time>2020-08-05T12:34:41.000Z</time>
        <extensions>
          <ns3:TrackPointExtension/>
        </extensions>
      </trkpt>
      <trkpt lat="39.89595397375524044036865234375" lon="116.64590992033481597900390625">
        <ele>27</ele>
        <time>2020-08-05T12:34:41.000Z</time>
        <extensions>
          <ns3:TrackPointExtension/>
        </extensions>
      </trkpt>
      <trkpt lat="39.89595397375524044036865234375" lon="116.6459399275481700897216796875">
        <ele>27</ele>
        <time>2020-08-05T12:34:48.000Z</time>
        <extensions>
          <ns3:TrackPointExtension/>
        </extensions>
      </trkpt>
      <trkpt lat="39.89595799706876277923583984375" lon="116.645969934761524200439453125">
        <ele>27</ele>
        <time>2020-08-05T12:34:48.000Z</time>
        <extensions>
          <ns3:TrackPointExtension/>
        </extensions>
      </trkpt>
      <trkpt lat="39.8959599249064922332763671875" lon="116.6459999419748783111572265625">
        <ele>27</ele>
        <time>2020-08-05T12:34:48.000Z</time>
        <extensions>
          <ns3:TrackPointExtension/>
        </extensions>
      </trkpt>
      <trkpt lat="39.8959659598767757415771484375" lon="116.64601997472345829010009765625">
        <ele>27</ele>
        <time>2020-08-05T12:34:48.000Z</time>
        <extensions>
          <ns3:TrackPointExtension/>
        </extensions>
      </trkpt>
      <trkpt lat="39.8959659598767757415771484375" lon="116.64604998193681240081787109375">
        <ele>27</ele>
        <time>2020-08-05T12:34:48.000Z</time>
        <extensions>
          <ns3:TrackPointExtension/>
        </extensions>
      </trkpt>
      <trkpt lat="39.8959659598767757415771484375" lon="116.64607998915016651153564453125">
        <ele>27.200000762939453125</ele>
        <time>2020-08-05T12:34:48.000Z</time>
        <extensions>
          <ns3:TrackPointExtension/>
        </extensions>
      </trkpt>
      <trkpt lat="39.8959659598767757415771484375" lon="116.64610999636352062225341796875">
        <ele>27.200000762939453125</ele>
        <time>2020-08-05T12:34:48.000Z</time>
        <extensions>
          <ns3:TrackPointExtension/>
        </extensions>
      </trkpt>
      <trkpt lat="39.8959599249064922332763671875" lon="116.646139919757843017578125">
        <ele>27.200000762939453125</ele>
        <time>2020-08-05T12:34:55.000Z</time>
        <extensions>
          <ns3:TrackPointExtension/>
        </extensions>
      </trkpt>
      <trkpt lat="39.8959599249064922332763671875" lon="116.64616397581994533538818359375">
        <ele>27.200000762939453125</ele>
        <time>2020-08-05T12:34:55.000Z</time>
        <extensions>
          <ns3:TrackPointExtension/>
        </extensions>
      </trkpt>
      <trkpt lat="39.8959599249064922332763671875" lon="116.64619398303329944610595703125">
        <ele>27.200000762939453125</ele>
        <time>2020-08-05T12:34:55.000Z</time>
        <extensions>
          <ns3:TrackPointExtension/>
        </extensions>
      </trkpt>
      <trkpt lat="39.8959599249064922332763671875" lon="116.64622499607503414154052734375">
        <ele>27.200000762939453125</ele>
        <time>2020-08-05T12:34:55.000Z</time>
        <extensions>
          <ns3:TrackPointExtension/>
        </extensions>
      </trkpt>
      <trkpt lat="39.89595799706876277923583984375" lon="116.646254919469356536865234375">
        <ele>27.3999996185302734375</ele>
        <time>2020-08-05T12:34:55.000Z</time>
        <extensions>
          <ns3:TrackPointExtension/>
        </extensions>
      </trkpt>
      <trkpt lat="39.89595799706876277923583984375" lon="116.64627998135983943939208984375">
        <ele>27.3999996185302734375</ele>
        <time>2020-08-05T12:34:55.000Z</time>
        <extensions>
          <ns3:TrackPointExtension/>
        </extensions>
      </trkpt>
      <trkpt lat="39.89595799706876277923583984375" lon="116.64630998857319355010986328125">
        <ele>27.3999996185302734375</ele>
        <time>2020-08-05T12:34:55.000Z</time>
        <extensions>
          <ns3:TrackPointExtension/>
        </extensions>
      </trkpt>
      <trkpt lat="39.89595799706876277923583984375" lon="116.64633999578654766082763671875">
        <ele>27.3999996185302734375</ele>
        <time>2020-08-05T12:35:02.000Z</time>
        <extensions>
          <ns3:TrackPointExtension/>
        </extensions>
      </trkpt>
      <trkpt lat="39.89595397375524044036865234375" lon="116.64636991918087005615234375">
        <ele>27.3999996185302734375</ele>
        <time>2020-08-05T12:35:02.000Z</time>
        <extensions>
          <ns3:TrackPointExtension/>
        </extensions>
      </trkpt>
      <trkpt lat="39.89594995044171810150146484375" lon="116.6464099846780300140380859375">
        <ele>27.6000003814697265625</ele>
        <time>2020-08-05T12:35:02.000Z</time>
        <extensions>
          <ns3:TrackPointExtension/>
        </extensions>
      </trkpt>
      <trkpt lat="39.89594995044171810150146484375" lon="116.646439991891384124755859375">
        <ele>27.6000003814697265625</ele>
        <time>2020-08-05T12:35:02.000Z</time>
        <extensions>
          <ns3:TrackPointExtension/>
        </extensions>
      </trkpt>
      <trkpt lat="39.89594693295657634735107421875" lon="116.6464699991047382354736328125">
        <ele>27.6000003814697265625</ele>
        <time>2020-08-05T12:35:02.000Z</time>
        <extensions>
          <ns3:TrackPointExtension/>
        </extensions>
      </trkpt>
      <trkpt lat="39.895942993462085723876953125" lon="116.64649992249906063079833984375">
        <ele>27.6000003814697265625</ele>
        <time>2020-08-05T12:35:02.000Z</time>
        <extensions>
          <ns3:TrackPointExtension/>
        </extensions>
      </trkpt>
      <trkpt lat="39.895934946835041046142578125" lon="116.64652992971241474151611328125">
        <ele>27.799999237060546875</ele>
        <time>2020-08-05T12:35:02.000Z</time>
        <extensions>
          <ns3:TrackPointExtension/>
        </extensions>
      </trkpt>
      <trkpt lat="39.89592991769313812255859375" lon="116.64655993692576885223388671875">
        <ele>27.799999237060546875</ele>
        <time>2020-08-05T12:35:09.000Z</time>
        <extensions>
          <ns3:TrackPointExtension/>
        </extensions>
      </trkpt>
      <trkpt lat="39.89592396654188632965087890625" lon="116.64658994413912296295166015625">
        <ele>27.799999237060546875</ele>
        <time>2020-08-05T12:35:09.000Z</time>
        <extensions>
          <ns3:TrackPointExtension/>
        </extensions>
      </trkpt>
      <trkpt lat="39.89591994322836399078369140625" lon="116.64661995135247707366943359375">
        <ele>27.799999237060546875</ele>
        <time>2020-08-05T12:35:09.000Z</time>
        <extensions>
          <ns3:TrackPointExtension/>
        </extensions>
      </trkpt>
      <trkpt lat="39.89591994322836399078369140625" lon="116.64664995856583118438720703125">
        <ele>28</ele>
        <time>2020-08-05T12:35:09.000Z</time>
        <extensions>
          <ns3:TrackPointExtension/>
        </extensions>
      </trkpt>
      <trkpt lat="39.89591994322836399078369140625" lon="116.6466899402439594268798828125">
        <ele>28</ele>
        <time>2020-08-05T12:35:09.000Z</time>
        <extensions>
          <ns3:TrackPointExtension/>
        </extensions>
      </trkpt>
      <trkpt lat="39.89591994322836399078369140625" lon="116.64671994745731353759765625">
        <ele>28</ele>
        <time>2020-08-05T12:35:09.000Z</time>
        <extensions>
          <ns3:TrackPointExtension/>
        </extensions>
      </trkpt>
      <trkpt lat="39.89591994322836399078369140625" lon="116.6467499546706676483154296875">
        <ele>28</ele>
        <time>2020-08-05T12:35:09.000Z</time>
        <extensions>
          <ns3:TrackPointExtension/>
        </extensions>
      </trkpt>
      <trkpt lat="39.8959119804203510284423828125" lon="116.64676998741924762725830078125">
        <ele>28</ele>
        <time>2020-08-05T12:35:16.000Z</time>
        <extensions>
          <ns3:TrackPointExtension/>
        </extensions>
      </trkpt>
      <trkpt lat="39.8959049396216869354248046875" lon="116.64679999463260173797607421875">
        <ele>28.200000762939453125</ele>
        <time>2020-08-05T12:35:16.000Z</time>
        <extensions>
          <ns3:TrackPointExtension/>
        </extensions>
      </trkpt>
      <trkpt lat="39.89588993601500988006591796875" lon="116.64681994356215000152587890625">
        <ele>28.200000762939453125</ele>
        <time>2020-08-05T12:35:16.000Z</time>
        <extensions>
          <ns3:TrackPointExtension/>
        </extensions>
      </trkpt>
      <trkpt lat="39.895877949893474578857421875" lon="116.64682991802692413330078125">
        <ele>28.200000762939453125</ele>
        <time>2020-08-05T12:35:16.000Z</time>
        <extensions>
          <ns3:TrackPointExtension/>
        </extensions>
      </trkpt>
      <trkpt lat="39.89586294628679752349853515625" lon="116.64683997631072998046875">
        <ele>28.200000762939453125</ele>
        <time>2020-08-05T12:35:16.000Z</time>
        <extensions>
          <ns3:TrackPointExtension/>
        </extensions>
      </trkpt>
      <trkpt lat="39.8958469368517398834228515625" lon="116.64684995077550411224365234375">
        <ele>28.3999996185302734375</ele>
        <time>2020-08-05T12:35:16.000Z</time>
        <extensions>
          <ns3:TrackPointExtension/>
        </extensions>
      </trkpt>
      <trkpt lat="39.89583997987210750579833984375" lon="116.6468599252402782440185546875">
        <ele>28.3999996185302734375</ele>
        <time>2020-08-05T12:35:16.000Z</time>
        <extensions>
          <ns3:TrackPointExtension/>
        </extensions>
      </trkpt>
      <trkpt lat="39.89582992158830165863037109375" lon="116.6468599252402782440185546875">
        <ele>28.3999996185302734375</ele>
        <time>2020-08-05T12:35:23.000Z</time>
        <extensions>
          <ns3:TrackPointExtension/>
        </extensions>
      </trkpt>
      <trkpt lat="39.895816929638385772705078125" lon="116.6468699835240840911865234375">
        <ele>28.3999996185302734375</ele>
        <time>2020-08-05T12:35:23.000Z</time>
        <extensions>
          <ns3:TrackPointExtension/>
        </extensions>
      </trkpt>
      <trkpt lat="39.8957999981939792633056640625" lon="116.6468599252402782440185546875">
        <ele>28.3999996185302734375</ele>
        <time>2020-08-05T12:35:23.000Z</time>
        <extensions>
          <ns3:TrackPointExtension/>
        </extensions>
      </trkpt>
      <trkpt lat="39.8957859165966510772705078125" lon="116.64684995077550411224365234375">
        <ele>28.3999996185302734375</ele>
        <time>2020-08-05T12:35:23.000Z</time>
        <extensions>
          <ns3:TrackPointExtension/>
        </extensions>
      </trkpt>
      <trkpt lat="39.895769990980625152587890625" lon="116.64683997631072998046875">
        <ele>28.3999996185302734375</ele>
        <time>2020-08-05T12:35:23.000Z</time>
        <extensions>
          <ns3:TrackPointExtension/>
        </extensions>
      </trkpt>
      <trkpt lat="39.89575599320232868194580078125" lon="116.64682991802692413330078125">
        <ele>28.6000003814697265625</ele>
        <time>2020-08-05T12:35:23.000Z</time>
        <extensions>
          <ns3:TrackPointExtension/>
        </extensions>
      </trkpt>
      <trkpt lat="39.8957329429686069488525390625" lon="116.6468099690973758697509765625">
        <ele>28.6000003814697265625</ele>
        <time>2020-08-05T12:35:23.000Z</time>
        <extensions>
          <ns3:TrackPointExtension/>
        </extensions>
      </trkpt>
      <trkpt lat="39.89571399986743927001953125" lon="116.64678993634879589080810546875">
        <ele>28.6000003814697265625</ele>
        <time>2020-08-05T12:35:30.000Z</time>
        <extensions>
          <ns3:TrackPointExtension/>
        </extensions>
      </trkpt>
      <trkpt lat="39.89569497294723987579345703125" lon="116.64676998741924762725830078125">
        <ele>28.6000003814697265625</ele>
        <time>2020-08-05T12:35:30.000Z</time>
        <extensions>
          <ns3:TrackPointExtension/>
        </extensions>
      </trkpt>
      <trkpt lat="39.8956759460270404815673828125" lon="116.6467499546706676483154296875">
        <ele>28.6000003814697265625</ele>
        <time>2020-08-05T12:35:30.000Z</time>
        <extensions>
          <ns3:TrackPointExtension/>
        </extensions>
      </trkpt>
      <trkpt lat="39.89565993659198284149169921875" lon="116.64673595689237117767333984375">
        <ele>28.6000003814697265625</ele>
        <time>2020-08-05T12:35:30.000Z</time>
        <extensions>
          <ns3:TrackPointExtension/>
        </extensions>
      </trkpt>
      <trkpt lat="39.8956449329853057861328125" lon="116.64671994745731353759765625">
        <ele>28.6000003814697265625</ele>
        <time>2020-08-05T12:35:30.000Z</time>
        <extensions>
          <ns3:TrackPointExtension/>
        </extensions>
      </trkpt>
      <trkpt lat="39.89562992937862873077392578125" lon="116.64670594967901706695556640625">
        <ele>28.6000003814697265625</ele>
        <time>2020-08-05T12:35:30.000Z</time>
        <extensions>
          <ns3:TrackPointExtension/>
        </extensions>
      </trkpt>
      <trkpt lat="39.89560998044908046722412109375" lon="116.6466899402439594268798828125">
        <ele>28.6000003814697265625</ele>
        <time>2020-08-05T12:35:30.000Z</time>
        <extensions>
          <ns3:TrackPointExtension/>
        </extensions>
      </trkpt>
      <trkpt lat="39.89558994770050048828125" lon="116.64667493663728237152099609375">
        <ele>28.799999237060546875</ele>
        <time>2020-08-05T12:35:37.000Z</time>
        <extensions>
          <ns3:TrackPointExtension/>
        </extensions>
      </trkpt>
      <trkpt lat="39.89557293243706226348876953125" lon="116.646669991314411163330078125">
        <ele>28.799999237060546875</ele>
        <time>2020-08-05T12:35:37.000Z</time>
        <extensions>
          <ns3:TrackPointExtension/>
        </extensions>
      </trkpt>
      <trkpt lat="39.89555398933589458465576171875" lon="116.64664995856583118438720703125">
        <ele>28.799999237060546875</ele>
        <time>2020-08-05T12:35:37.000Z</time>
        <extensions>
          <ns3:TrackPointExtension/>
        </extensions>
      </trkpt>
      <trkpt lat="39.8955349624156951904296875" lon="116.64664492942392826080322265625">
        <ele>28.799999237060546875</ele>
        <time>2020-08-05T12:35:37.000Z</time>
        <extensions>
          <ns3:TrackPointExtension/>
        </extensions>
      </trkpt>
      <trkpt lat="39.8955079726874828338623046875" lon="116.6466399841010570526123046875">
        <ele>28.799999237060546875</ele>
        <time>2020-08-05T12:35:37.000Z</time>
        <extensions>
          <ns3:TrackPointExtension/>
        </extensions>
      </trkpt>
      <trkpt lat="39.895479977130889892578125" lon="116.64661995135247707366943359375">
        <ele>29</ele>
        <time>2020-08-05T12:35:37.000Z</time>
        <extensions>
          <ns3:TrackPointExtension/>
        </extensions>
      </trkpt>
      <trkpt lat="39.89545994438230991363525390625" lon="116.64661391638219356536865234375">
        <ele>29</ele>
        <time>2020-08-05T12:35:37.000Z</time>
        <extensions>
          <ns3:TrackPointExtension/>
        </extensions>
      </trkpt>
      <trkpt lat="39.89543496631085872650146484375" lon="116.64660997688770294189453125">
        <ele>29</ele>
        <time>2020-08-05T12:35:44.000Z</time>
        <extensions>
          <ns3:TrackPointExtension/>
        </extensions>
      </trkpt>
      <trkpt lat="39.89541199989616870880126953125" lon="116.64658994413912296295166015625">
        <ele>29</ele>
        <time>2020-08-05T12:35:44.000Z</time>
        <extensions>
          <ns3:TrackPointExtension/>
        </extensions>
      </trkpt>
      <trkpt lat="39.8953859321773052215576171875" lon="116.6465799696743488311767578125">
        <ele>29</ele>
        <time>2020-08-05T12:35:44.000Z</time>
        <extensions>
          <ns3:TrackPointExtension/>
        </extensions>
      </trkpt>
      <trkpt lat="39.895366989076137542724609375" lon="116.6465759463608264923095703125">
        <ele>29</ele>
        <time>2020-08-05T12:35:44.000Z</time>
        <extensions>
          <ns3:TrackPointExtension/>
        </extensions>
      </trkpt>
      <trkpt lat="39.89534393884241580963134765625" lon="116.646549962460994720458984375">
        <ele>29</ele>
        <time>2020-08-05T12:35:44.000Z</time>
        <extensions>
          <ns3:TrackPointExtension/>
        </extensions>
      </trkpt>
      <trkpt lat="39.89532499574124813079833984375" lon="116.646544933319091796875">
        <ele>29</ele>
        <time>2020-08-05T12:35:44.000Z</time>
        <extensions>
          <ns3:TrackPointExtension/>
        </extensions>
      </trkpt>
      <trkpt lat="39.895299933850765228271484375" lon="116.64652992971241474151611328125">
        <ele>29</ele>
        <time>2020-08-05T12:35:44.000Z</time>
        <extensions>
          <ns3:TrackPointExtension/>
        </extensions>
      </trkpt>
      <trkpt lat="39.89528291858732700347900390625" lon="116.6465199552476406097412109375">
        <ele>29</ele>
        <time>2020-08-05T12:35:51.000Z</time>
        <extensions>
          <ns3:TrackPointExtension/>
        </extensions>
      </trkpt>
      <trkpt lat="39.89526397548615932464599609375" lon="116.6465199552476406097412109375">
        <ele>29</ele>
        <time>2020-08-05T12:35:51.000Z</time>
        <extensions>
          <ns3:TrackPointExtension/>
        </extensions>
      </trkpt>
      <trkpt lat="39.8952399194240570068359375" lon="116.6465149261057376861572265625">
        <ele>29</ele>
        <time>2020-08-05T12:35:51.000Z</time>
        <extensions>
          <ns3:TrackPointExtension/>
        </extensions>
      </trkpt>
      <trkpt lat="39.89522592164576053619384765625" lon="116.64649992249906063079833984375">
        <ele>29</ele>
        <time>2020-08-05T12:35:51.000Z</time>
        <extensions>
          <ns3:TrackPointExtension/>
        </extensions>
      </trkpt>
      <trkpt lat="39.89520295523107051849365234375" lon="116.6464899480342864990234375">
        <ele>29</ele>
        <time>2020-08-05T12:35:51.000Z</time>
        <extensions>
          <ns3:TrackPointExtension/>
        </extensions>
      </trkpt>
      <trkpt lat="39.895183928310871124267578125" lon="116.6464899480342864990234375">
        <ele>29</ele>
        <time>2020-08-05T12:35:51.000Z</time>
        <extensions>
          <ns3:TrackPointExtension/>
        </extensions>
      </trkpt>
      <trkpt lat="39.8951599560678005218505859375" lon="116.64648399688303470611572265625">
        <ele>29</ele>
        <time>2020-08-05T12:35:51.000Z</time>
        <extensions>
          <ns3:TrackPointExtension/>
        </extensions>
      </trkpt>
      <trkpt lat="39.89513992331922054290771484375" lon="116.6464699991047382354736328125">
        <ele>28.799999237060546875</ele>
        <time>2020-08-05T12:35:58.000Z</time>
        <extensions>
          <ns3:TrackPointExtension/>
        </extensions>
      </trkpt>
      <trkpt lat="39.89511997438967227935791015625" lon="116.6464699991047382354736328125">
        <ele>28.799999237060546875</ele>
        <time>2020-08-05T12:35:58.000Z</time>
        <extensions>
          <ns3:TrackPointExtension/>
        </extensions>
      </trkpt>
      <trkpt lat="39.8950999416410923004150390625" lon="116.6464599408209323883056640625">
        <ele>28.799999237060546875</ele>
        <time>2020-08-05T12:35:58.000Z</time>
        <extensions>
          <ns3:TrackPointExtension/>
        </extensions>
      </trkpt>
      <trkpt lat="39.89507697522640228271484375" lon="116.64645398966968059539794921875">
        <ele>28.799999237060546875</ele>
        <time>2020-08-05T12:35:58.000Z</time>
        <extensions>
          <ns3:TrackPointExtension/>
        </extensions>
      </trkpt>
      <trkpt lat="39.89505794830620288848876953125" lon="116.646439991891384124755859375">
        <ele>28.799999237060546875</ele>
        <time>2020-08-05T12:35:58.000Z</time>
        <extensions>
          <ns3:TrackPointExtension/>
        </extensions>
      </trkpt>
      <trkpt lat="39.89503498189151287078857421875" lon="116.646439991891384124755859375">
        <ele>28.799999237060546875</ele>
        <time>2020-08-05T12:35:58.000Z</time>
        <extensions>
          <ns3:TrackPointExtension/>
        </extensions>
      </trkpt>
      <trkpt lat="39.89500992000102996826171875" lon="116.646439991891384124755859375">
        <ele>28.799999237060546875</ele>
        <time>2020-08-05T12:35:58.000Z</time>
        <extensions>
          <ns3:TrackPointExtension/>
        </extensions>
      </trkpt>
      <trkpt lat="39.8949849419295787811279296875" lon="116.646429933607578277587890625">
        <ele>28.799999237060546875</ele>
        <time>2020-08-05T12:36:05.000Z</time>
        <extensions>
          <ns3:TrackPointExtension/>
        </extensions>
      </trkpt>
      <trkpt lat="39.894961975514888763427734375" lon="116.64641995914280414581298828125">
        <ele>28.799999237060546875</ele>
        <time>2020-08-05T12:36:05.000Z</time>
        <extensions>
          <ns3:TrackPointExtension/>
        </extensions>
      </trkpt>
      <trkpt lat="39.89493993110954761505126953125" lon="116.6464099846780300140380859375">
        <ele>28.799999237060546875</ele>
        <time>2020-08-05T12:36:05.000Z</time>
        <extensions>
          <ns3:TrackPointExtension/>
        </extensions>
      </trkpt>
      <trkpt lat="39.89491998217999935150146484375" lon="116.6464099846780300140380859375">
        <ele>28.799999237060546875</ele>
        <time>2020-08-05T12:36:05.000Z</time>
        <extensions>
          <ns3:TrackPointExtension/>
        </extensions>
      </trkpt>
      <trkpt lat="39.894896931946277618408203125" lon="116.6463999263942241668701171875">
        <ele>28.6000003814697265625</ele>
        <time>2020-08-05T12:36:05.000Z</time>
        <extensions>
          <ns3:TrackPointExtension/>
        </extensions>
      </trkpt>
      <trkpt lat="39.8948749713599681854248046875" lon="116.6463999263942241668701171875">
        <ele>28.6000003814697265625</ele>
        <time>2020-08-05T12:36:05.000Z</time>
        <extensions>
          <ns3:TrackPointExtension/>
        </extensions>
      </trkpt>
      <trkpt lat="39.894847981631755828857421875" lon="116.64638995192945003509521484375">
        <ele>28.6000003814697265625</ele>
        <time>2020-08-05T12:36:05.000Z</time>
        <extensions>
          <ns3:TrackPointExtension/>
        </extensions>
      </trkpt>
      <trkpt lat="39.8948199860751628875732421875" lon="116.64638995192945003509521484375">
        <ele>28.6000003814697265625</ele>
        <time>2020-08-05T12:36:12.000Z</time>
        <extensions>
          <ns3:TrackPointExtension/>
        </extensions>
      </trkpt>
      <trkpt lat="39.89478997886180877685546875" lon="116.6463799774646759033203125">
        <ele>28.6000003814697265625</ele>
        <time>2020-08-05T12:36:12.000Z</time>
        <extensions>
          <ns3:TrackPointExtension/>
        </extensions>
      </trkpt>
      <trkpt lat="39.89476793445646762847900390625" lon="116.64636991918087005615234375">
        <ele>28.6000003814697265625</ele>
        <time>2020-08-05T12:36:12.000Z</time>
        <extensions>
          <ns3:TrackPointExtension/>
        </extensions>
      </trkpt>
      <trkpt lat="39.89473692141473293304443359375" lon="116.64635994471609592437744140625">
        <ele>28.6000003814697265625</ele>
        <time>2020-08-05T12:36:12.000Z</time>
        <extensions>
          <ns3:TrackPointExtension/>
        </extensions>
      </trkpt>
      <trkpt lat="39.89470993168652057647705078125" lon="116.6463499702513217926025390625">
        <ele>28.6000003814697265625</ele>
        <time>2020-08-05T12:36:12.000Z</time>
        <extensions>
          <ns3:TrackPointExtension/>
        </extensions>
      </trkpt>
      <trkpt lat="39.89468797110021114349365234375" lon="116.64633999578654766082763671875">
        <ele>28.6000003814697265625</ele>
        <time>2020-08-05T12:36:12.000Z</time>
        <extensions>
          <ns3:TrackPointExtension/>
        </extensions>
      </trkpt>
      <trkpt lat="39.894664920866489410400390625" lon="116.646319963037967681884765625">
        <ele>28.6000003814697265625</ele>
        <time>2020-08-05T12:36:12.000Z</time>
        <extensions>
          <ns3:TrackPointExtension/>
        </extensions>
      </trkpt>
      <trkpt lat="39.8946399427950382232666015625" lon="116.64630998857319355010986328125">
        <ele>28.3999996185302734375</ele>
        <time>2020-08-05T12:36:19.000Z</time>
        <extensions>
          <ns3:TrackPointExtension/>
        </extensions>
      </trkpt>
      <trkpt lat="39.89462292753159999847412109375" lon="116.6462859325110912322998046875">
        <ele>28.3999996185302734375</ele>
        <time>2020-08-05T12:36:19.000Z</time>
        <extensions>
          <ns3:TrackPointExtension/>
        </extensions>
      </trkpt>
      <trkpt lat="39.89460398443043231964111328125" lon="116.64627998135983943939208984375">
        <ele>28.3999996185302734375</ele>
        <time>2020-08-05T12:36:19.000Z</time>
        <extensions>
          <ns3:TrackPointExtension/>
        </extensions>
      </trkpt>
      <trkpt lat="39.8945799283683300018310546875" lon="116.64625994861125946044921875">
        <ele>28.3999996185302734375</ele>
        <time>2020-08-05T12:36:19.000Z</time>
        <extensions>
          <ns3:TrackPointExtension/>
        </extensions>
      </trkpt>
      <trkpt lat="39.89455997943878173828125" lon="116.64624997414648532867431640625">
        <ele>28.3999996185302734375</ele>
        <time>2020-08-05T12:36:19.000Z</time>
        <extensions>
          <ns3:TrackPointExtension/>
        </extensions>
      </trkpt>
      <trkpt lat="39.89454296417534351348876953125" lon="116.64624997414648532867431640625">
        <ele>28.3999996185302734375</ele>
        <time>2020-08-05T12:36:19.000Z</time>
        <extensions>
          <ns3:TrackPointExtension/>
        </extensions>
      </trkpt>
      <trkpt lat="39.8945239372551441192626953125" lon="116.6462299413979053497314453125">
        <ele>28.3999996185302734375</ele>
        <time>2020-08-05T12:36:19.000Z</time>
        <extensions>
          <ns3:TrackPointExtension/>
        </extensions>
      </trkpt>
      <trkpt lat="39.894499965012073516845703125" lon="116.64622499607503414154052734375">
        <ele>28.3999996185302734375</ele>
        <time>2020-08-05T12:36:26.000Z</time>
        <extensions>
          <ns3:TrackPointExtension/>
        </extensions>
      </trkpt>
      <trkpt lat="39.89447792060673236846923828125" lon="116.64621996693313121795654296875">
        <ele>28.3999996185302734375</ele>
        <time>2020-08-05T12:36:26.000Z</time>
        <extensions>
          <ns3:TrackPointExtension/>
        </extensions>
      </trkpt>
      <trkpt lat="39.89445998333394527435302734375" lon="116.64621996693313121795654296875">
        <ele>28.3999996185302734375</ele>
        <time>2020-08-05T12:36:26.000Z</time>
        <extensions>
          <ns3:TrackPointExtension/>
        </extensions>
      </trkpt>
      <trkpt lat="39.89443592727184295654296875" lon="116.646199934184551239013671875">
        <ele>28.3999996185302734375</ele>
        <time>2020-08-05T12:36:26.000Z</time>
        <extensions>
          <ns3:TrackPointExtension/>
        </extensions>
      </trkpt>
      <trkpt lat="39.8944169841706752777099609375" lon="116.64619398303329944610595703125">
        <ele>28.3999996185302734375</ele>
        <time>2020-08-05T12:36:26.000Z</time>
        <extensions>
          <ns3:TrackPointExtension/>
        </extensions>
      </trkpt>
      <trkpt lat="39.89439795725047588348388671875" lon="116.64618995971977710723876953125">
        <ele>28.3999996185302734375</ele>
        <time>2020-08-05T12:36:26.000Z</time>
        <extensions>
          <ns3:TrackPointExtension/>
        </extensions>
      </trkpt>
      <trkpt lat="39.894379936158657073974609375" lon="116.64618995971977710723876953125">
        <ele>28.3999996185302734375</ele>
        <time>2020-08-05T12:36:26.000Z</time>
        <extensions>
          <ns3:TrackPointExtension/>
        </extensions>
      </trkpt>
      <trkpt lat="39.8943559639155864715576171875" lon="116.6461699269711971282958984375">
        <ele>28.3999996185302734375</ele>
        <time>2020-08-05T12:36:33.000Z</time>
        <extensions>
          <ns3:TrackPointExtension/>
        </extensions>
      </trkpt>
      <trkpt lat="39.89433693699538707733154296875" lon="116.64615995250642299652099609375">
        <ele>28.3999996185302734375</ele>
        <time>2020-08-05T12:36:33.000Z</time>
        <extensions>
          <ns3:TrackPointExtension/>
        </extensions>
      </trkpt>
      <trkpt lat="39.89431397058069705963134765625" lon="116.646139919757843017578125">
        <ele>28.3999996185302734375</ele>
        <time>2020-08-05T12:36:33.000Z</time>
        <extensions>
          <ns3:TrackPointExtension/>
        </extensions>
      </trkpt>
      <trkpt lat="39.8942949436604976654052734375" lon="116.64612994529306888580322265625">
        <ele>28.3999996185302734375</ele>
        <time>2020-08-05T12:36:33.000Z</time>
        <extensions>
          <ns3:TrackPointExtension/>
        </extensions>
      </trkpt>
      <trkpt lat="39.89427591674029827117919921875" lon="116.64612592197954654693603515625">
        <ele>28.3999996185302734375</ele>
        <time>2020-08-05T12:36:33.000Z</time>
        <extensions>
          <ns3:TrackPointExtension/>
        </extensions>
      </trkpt>
      <trkpt lat="39.89425295032560825347900390625" lon="116.64610999636352062225341796875">
        <ele>28.3999996185302734375</ele>
        <time>2020-08-05T12:36:33.000Z</time>
        <extensions>
          <ns3:TrackPointExtension/>
        </extensions>
      </trkpt>
      <trkpt lat="39.89422998391091823577880859375" lon="116.64609993807971477508544921875">
        <ele>28.3999996185302734375</ele>
        <time>2020-08-05T12:36:33.000Z</time>
        <extensions>
          <ns3:TrackPointExtension/>
        </extensions>
      </trkpt>
      <trkpt lat="39.894206933677196502685546875" lon="116.64609499275684356689453125">
        <ele>28.3999996185302734375</ele>
        <time>2020-08-05T12:36:40.000Z</time>
        <extensions>
          <ns3:TrackPointExtension/>
        </extensions>
      </trkpt>
      <trkpt lat="39.8941839672625064849853515625" lon="116.64607998915016651153564453125">
        <ele>28.3999996185302734375</ele>
        <time>2020-08-05T12:36:40.000Z</time>
        <extensions>
          <ns3:TrackPointExtension/>
        </extensions>
      </trkpt>
      <trkpt lat="39.894159995019435882568359375" lon="116.64607998915016651153564453125">
        <ele>28.3999996185302734375</ele>
        <time>2020-08-05T12:36:40.000Z</time>
        <extensions>
          <ns3:TrackPointExtension/>
        </extensions>
      </trkpt>
      <trkpt lat="39.89414197392761707305908203125" lon="116.64606993086636066436767578125">
        <ele>28.3999996185302734375</ele>
        <time>2020-08-05T12:36:40.000Z</time>
        <extensions>
          <ns3:TrackPointExtension/>
        </extensions>
      </trkpt>
      <trkpt lat="39.8941229470074176788330078125" lon="116.6460649855434894561767578125">
        <ele>28.3999996185302734375</ele>
        <time>2020-08-05T12:36:40.000Z</time>
        <extensions>
          <ns3:TrackPointExtension/>
        </extensions>
      </trkpt>
      <trkpt lat="39.89410794340074062347412109375" lon="116.6460649855434894561767578125">
        <ele>28.3999996185302734375</ele>
        <time>2020-08-05T12:36:40.000Z</time>
        <extensions>
          <ns3:TrackPointExtension/>
        </extensions>
      </trkpt>
      <trkpt lat="39.89408992230892181396484375" lon="116.64604998193681240081787109375">
        <ele>28.3999996185302734375</ele>
        <time>2020-08-05T12:36:40.000Z</time>
        <extensions>
          <ns3:TrackPointExtension/>
        </extensions>
      </trkpt>
      <trkpt lat="39.8940699733793735504150390625" lon="116.64603992365300655364990234375">
        <ele>28.3999996185302734375</ele>
        <time>2020-08-05T12:36:47.000Z</time>
        <extensions>
          <ns3:TrackPointExtension/>
        </extensions>
      </trkpt>
      <trkpt lat="39.89404994063079357147216796875" lon="116.6460339725017547607421875">
        <ele>28.3999996185302734375</ele>
        <time>2020-08-05T12:36:47.000Z</time>
        <extensions>
          <ns3:TrackPointExtension/>
        </extensions>
      </trkpt>
      <trkpt lat="39.89402798004448413848876953125" lon="116.64601997472345829010009765625">
        <ele>28.3999996185302734375</ele>
        <time>2020-08-05T12:36:47.000Z</time>
        <extensions>
          <ns3:TrackPointExtension/>
        </extensions>
      </trkpt>
      <trkpt lat="39.8940099589526653289794921875" lon="116.64600991643965244293212890625">
        <ele>28.3999996185302734375</ele>
        <time>2020-08-05T12:36:47.000Z</time>
        <extensions>
          <ns3:TrackPointExtension/>
        </extensions>
      </trkpt>
      <trkpt lat="39.8939859867095947265625" lon="116.6459999419748783111572265625">
        <ele>28.3999996185302734375</ele>
        <time>2020-08-05T12:36:47.000Z</time>
        <extensions>
          <ns3:TrackPointExtension/>
        </extensions>
      </trkpt>
      <trkpt lat="39.89396695978939533233642578125" lon="116.64598996751010417938232421875">
        <ele>28.3999996185302734375</ele>
        <time>2020-08-05T12:36:47.000Z</time>
        <extensions>
          <ns3:TrackPointExtension/>
        </extensions>
      </trkpt>
      <trkpt lat="39.89393997006118297576904296875" lon="116.645979993045330047607421875">
        <ele>28.3999996185302734375</ele>
        <time>2020-08-05T12:36:47.000Z</time>
        <extensions>
          <ns3:TrackPointExtension/>
        </extensions>
      </trkpt>
      <trkpt lat="39.89391691982746124267578125" lon="116.645979993045330047607421875">
        <ele>28.3999996185302734375</ele>
        <time>2020-08-05T12:36:54.000Z</time>
        <extensions>
          <ns3:TrackPointExtension/>
        </extensions>
      </trkpt>
      <trkpt lat="39.8938939534127712249755859375" lon="116.645979993045330047607421875">
        <ele>28.3999996185302734375</ele>
        <time>2020-08-05T12:36:54.000Z</time>
        <extensions>
          <ns3:TrackPointExtension/>
        </extensions>
      </trkpt>
      <trkpt lat="39.89386998116970062255859375" lon="116.64598996751010417938232421875">
        <ele>28.3999996185302734375</ele>
        <time>2020-08-05T12:36:54.000Z</time>
        <extensions>
          <ns3:TrackPointExtension/>
        </extensions>
      </trkpt>
      <trkpt lat="39.89385196007788181304931640625" lon="116.6459999419748783111572265625">
        <ele>28.3999996185302734375</ele>
        <time>2020-08-05T12:36:54.000Z</time>
        <extensions>
          <ns3:TrackPointExtension/>
        </extensions>
      </trkpt>
      <trkpt lat="39.8938329331576824188232421875" lon="116.64601997472345829010009765625">
        <ele>28.3999996185302734375</ele>
        <time>2020-08-05T12:36:54.000Z</time>
        <extensions>
          <ns3:TrackPointExtension/>
        </extensions>
      </trkpt>
      <trkpt lat="39.89381994120776653289794921875" lon="116.64603992365300655364990234375">
        <ele>28.3999996185302734375</ele>
        <time>2020-08-05T12:36:54.000Z</time>
        <extensions>
          <ns3:TrackPointExtension/>
        </extensions>
      </trkpt>
      <trkpt lat="39.893809966742992401123046875" lon="116.6460649855434894561767578125">
        <ele>28.3999996185302734375</ele>
        <time>2020-08-05T12:36:54.000Z</time>
        <extensions>
          <ns3:TrackPointExtension/>
        </extensions>
      </trkpt>
      <trkpt lat="39.89379999227821826934814453125" lon="116.64607998915016651153564453125">
        <ele>28.3999996185302734375</ele>
        <time>2020-08-05T12:37:01.000Z</time>
        <extensions>
          <ns3:TrackPointExtension/>
        </extensions>
      </trkpt>
      <trkpt lat="39.89378691650927066802978515625" lon="116.64610999636352062225341796875">
        <ele>28.6000003814697265625</ele>
        <time>2020-08-05T12:37:01.000Z</time>
        <extensions>
          <ns3:TrackPointExtension/>
        </extensions>
      </trkpt>
      <trkpt lat="39.8937799595296382904052734375" lon="116.64612994529306888580322265625">
        <ele>28.6000003814697265625</ele>
        <time>2020-08-05T12:37:01.000Z</time>
        <extensions>
          <ns3:TrackPointExtension/>
        </extensions>
      </trkpt>
      <trkpt lat="39.89376998506486415863037109375" lon="116.64616397581994533538818359375">
        <ele>28.6000003814697265625</ele>
        <time>2020-08-05T12:37:01.000Z</time>
        <extensions>
          <ns3:TrackPointExtension/>
        </extensions>
      </trkpt>
      <trkpt lat="39.893756993114948272705078125" lon="116.64618995971977710723876953125">
        <ele>28.6000003814697265625</ele>
        <time>2020-08-05T12:37:01.000Z</time>
        <extensions>
          <ns3:TrackPointExtension/>
        </extensions>
      </trkpt>
      <trkpt lat="39.893744923174381256103515625" lon="116.646199934184551239013671875">
        <ele>28.6000003814697265625</ele>
        <time>2020-08-05T12:37:01.000Z</time>
        <extensions>
          <ns3:TrackPointExtension/>
        </extensions>
      </trkpt>
      <trkpt lat="39.89372991956770420074462890625" lon="116.64622499607503414154052734375">
        <ele>28.6000003814697265625</ele>
        <time>2020-08-05T12:37:01.000Z</time>
        <extensions>
          <ns3:TrackPointExtension/>
        </extensions>
      </trkpt>
      <trkpt lat="39.8937229625880718231201171875" lon="116.64624997414648532867431640625">
        <ele>28.6000003814697265625</ele>
        <time>2020-08-05T12:37:08.000Z</time>
        <extensions>
          <ns3:TrackPointExtension/>
        </extensions>
      </trkpt>
      <trkpt lat="39.8937199451029300689697265625" lon="116.64625994861125946044921875">
        <ele>28.6000003814697265625</ele>
        <time>2020-08-05T12:37:08.000Z</time>
        <extensions>
          <ns3:TrackPointExtension/>
        </extensions>
      </trkpt>
      <trkpt lat="39.89371499978005886077880859375" lon="116.64629993028938770294189453125">
        <ele>28.799999237060546875</ele>
        <time>2020-08-05T12:37:08.000Z</time>
        <extensions>
          <ns3:TrackPointExtension/>
        </extensions>
      </trkpt>
      <trkpt lat="39.89370695315301418304443359375" lon="116.64632993750274181365966796875">
        <ele>28.799999237060546875</ele>
        <time>2020-08-05T12:37:08.000Z</time>
        <extensions>
          <ns3:TrackPointExtension/>
        </extensions>
      </trkpt>
      <trkpt lat="39.893695972859859466552734375" lon="116.6463499702513217926025390625">
        <ele>28.799999237060546875</ele>
        <time>2020-08-05T12:37:08.000Z</time>
        <extensions>
          <ns3:TrackPointExtension/>
        </extensions>
      </trkpt>
      <trkpt lat="39.89368398673832416534423828125" lon="116.6463799774646759033203125">
        <ele>28.799999237060546875</ele>
        <time>2020-08-05T12:37:08.000Z</time>
        <extensions>
          <ns3:TrackPointExtension/>
        </extensions>
      </trkpt>
      <trkpt lat="39.8936699889600276947021484375" lon="116.6463999263942241668701171875">
        <ele>29</ele>
        <time>2020-08-05T12:37:08.000Z</time>
        <extensions>
          <ns3:TrackPointExtension/>
        </extensions>
      </trkpt>
      <trkpt lat="39.89364995621144771575927734375" lon="116.6464099846780300140380859375">
        <ele>29</ele>
        <time>2020-08-05T12:37:15.000Z</time>
        <extensions>
          <ns3:TrackPointExtension/>
        </extensions>
      </trkpt>
      <trkpt lat="39.89362992346286773681640625" lon="116.6464099846780300140380859375">
        <ele>29</ele>
        <time>2020-08-05T12:37:15.000Z</time>
        <extensions>
          <ns3:TrackPointExtension/>
        </extensions>
      </trkpt>
      <trkpt lat="39.8936119861900806427001953125" lon="116.6464099846780300140380859375">
        <ele>29</ele>
        <time>2020-08-05T12:37:15.000Z</time>
        <extensions>
          <ns3:TrackPointExtension/>
        </extensions>
      </trkpt>
      <trkpt lat="39.89359295926988124847412109375" lon="116.6463999263942241668701171875">
        <ele>29</ele>
        <time>2020-08-05T12:37:15.000Z</time>
        <extensions>
          <ns3:TrackPointExtension/>
        </extensions>
      </trkpt>
      <trkpt lat="39.893573932349681854248046875" lon="116.64638995192945003509521484375">
        <ele>29</ele>
        <time>2020-08-05T12:37:15.000Z</time>
        <extensions>
          <ns3:TrackPointExtension/>
        </extensions>
      </trkpt>
      <trkpt lat="39.8935499601066112518310546875" lon="116.6463799774646759033203125">
        <ele>29</ele>
        <time>2020-08-05T12:37:15.000Z</time>
        <extensions>
          <ns3:TrackPointExtension/>
        </extensions>
      </trkpt>
      <trkpt lat="39.89352799952030181884765625" lon="116.64636991918087005615234375">
        <ele>29</ele>
        <time>2020-08-05T12:37:15.000Z</time>
        <extensions>
          <ns3:TrackPointExtension/>
        </extensions>
      </trkpt>
      <trkpt lat="39.89350997842848300933837890625" lon="116.64635994471609592437744140625">
        <ele>29</ele>
        <time>2020-08-05T12:37:22.000Z</time>
        <extensions>
          <ns3:TrackPointExtension/>
        </extensions>
      </trkpt>
      <trkpt lat="39.8934859223663806915283203125" lon="116.6463499702513217926025390625">
        <ele>29</ele>
        <time>2020-08-05T12:37:22.000Z</time>
        <extensions>
          <ns3:TrackPointExtension/>
        </extensions>
      </trkpt>
      <trkpt lat="39.893459938466548919677734375" lon="116.64633999578654766082763671875">
        <ele>29</ele>
        <time>2020-08-05T12:37:22.000Z</time>
        <extensions>
          <ns3:TrackPointExtension/>
        </extensions>
      </trkpt>
      <trkpt lat="39.8934399895370006561279296875" lon="116.64632993750274181365966796875">
        <ele>29</ele>
        <time>2020-08-05T12:37:22.000Z</time>
        <extensions>
          <ns3:TrackPointExtension/>
        </extensions>
      </trkpt>
      <trkpt lat="39.89341693930327892303466796875" lon="116.646319963037967681884765625">
        <ele>29</ele>
        <time>2020-08-05T12:37:22.000Z</time>
        <extensions>
          <ns3:TrackPointExtension/>
        </extensions>
      </trkpt>
      <trkpt lat="39.8933999240398406982421875" lon="116.646319963037967681884765625">
        <ele>29</ele>
        <time>2020-08-05T12:37:22.000Z</time>
        <extensions>
          <ns3:TrackPointExtension/>
        </extensions>
      </trkpt>
      <trkpt lat="39.8933799751102924346923828125" lon="116.64630998857319355010986328125">
        <ele>29</ele>
        <time>2020-08-05T12:37:22.000Z</time>
        <extensions>
          <ns3:TrackPointExtension/>
        </extensions>
      </trkpt>
      <trkpt lat="39.89336396567523479461669921875" lon="116.6462859325110912322998046875">
        <ele>29</ele>
        <time>2020-08-05T12:37:29.000Z</time>
        <extensions>
          <ns3:TrackPointExtension/>
        </extensions>
      </trkpt>
      <trkpt lat="39.893349967896938323974609375" lon="116.64627998135983943939208984375">
        <ele>29</ele>
        <time>2020-08-05T12:37:29.000Z</time>
        <extensions>
          <ns3:TrackPointExtension/>
        </extensions>
      </trkpt>
      <trkpt lat="39.8933259956538677215576171875" lon="116.646254919469356536865234375">
        <ele>29</ele>
        <time>2020-08-05T12:37:29.000Z</time>
        <extensions>
          <ns3:TrackPointExtension/>
        </extensions>
      </trkpt>
      <trkpt lat="39.89330294542014598846435546875" lon="116.64624997414648532867431640625">
        <ele>29</ele>
        <time>2020-08-05T12:37:29.000Z</time>
        <extensions>
          <ns3:TrackPointExtension/>
        </extensions>
      </trkpt>
      <trkpt lat="39.89327997900545597076416015625" lon="116.6462299413979053497314453125">
        <ele>29</ele>
        <time>2020-08-05T12:37:29.000Z</time>
        <extensions>
          <ns3:TrackPointExtension/>
        </extensions>
      </trkpt>
      <trkpt lat="39.8932569287717342376708984375" lon="116.64621996693313121795654296875">
        <ele>29</ele>
        <time>2020-08-05T12:37:29.000Z</time>
        <extensions>
          <ns3:TrackPointExtension/>
        </extensions>
      </trkpt>
      <trkpt lat="39.893237985670566558837890625" lon="116.646199934184551239013671875">
        <ele>29</ele>
        <time>2020-08-05T12:37:29.000Z</time>
        <extensions>
          <ns3:TrackPointExtension/>
        </extensions>
      </trkpt>
      <trkpt lat="39.89321996457874774932861328125" lon="116.646199934184551239013671875">
        <ele>29</ele>
        <time>2020-08-05T12:37:36.000Z</time>
        <extensions>
          <ns3:TrackPointExtension/>
        </extensions>
      </trkpt>
      <trkpt lat="39.8931999318301677703857421875" lon="116.64619398303329944610595703125">
        <ele>29</ele>
        <time>2020-08-05T12:37:36.000Z</time>
        <extensions>
          <ns3:TrackPointExtension/>
        </extensions>
      </trkpt>
      <trkpt lat="39.893176965415477752685546875" lon="116.64619398303329944610595703125">
        <ele>29</ele>
        <time>2020-08-05T12:37:36.000Z</time>
        <extensions>
          <ns3:TrackPointExtension/>
        </extensions>
      </trkpt>
      <trkpt lat="39.8931539990007877349853515625" lon="116.64618995971977710723876953125">
        <ele>29</ele>
        <time>2020-08-05T12:37:36.000Z</time>
        <extensions>
          <ns3:TrackPointExtension/>
        </extensions>
      </trkpt>
      <trkpt lat="39.89312994293868541717529296875" lon="116.64618995971977710723876953125">
        <ele>29</ele>
        <time>2020-08-05T12:37:36.000Z</time>
        <extensions>
          <ns3:TrackPointExtension/>
        </extensions>
      </trkpt>
      <trkpt lat="39.893111921846866607666015625" lon="116.64618995971977710723876953125">
        <ele>29</ele>
        <time>2020-08-05T12:37:36.000Z</time>
        <extensions>
          <ns3:TrackPointExtension/>
        </extensions>
      </trkpt>
      <trkpt lat="39.8930929787456989288330078125" lon="116.6461699269711971282958984375">
        <ele>29</ele>
        <time>2020-08-05T12:37:36.000Z</time>
        <extensions>
          <ns3:TrackPointExtension/>
        </extensions>
      </trkpt>
      <trkpt lat="39.89307395182549953460693359375" lon="116.64616397581994533538818359375">
        <ele>29</ele>
        <time>2020-08-05T12:37:43.000Z</time>
        <extensions>
          <ns3:TrackPointExtension/>
        </extensions>
      </trkpt>
      <trkpt lat="39.893054924905300140380859375" lon="116.64615995250642299652099609375">
        <ele>29</ele>
        <time>2020-08-05T12:37:43.000Z</time>
        <extensions>
          <ns3:TrackPointExtension/>
        </extensions>
      </trkpt>
      <trkpt lat="39.89303992129862308502197265625" lon="116.646139919757843017578125">
        <ele>29</ele>
        <time>2020-08-05T12:37:43.000Z</time>
        <extensions>
          <ns3:TrackPointExtension/>
        </extensions>
      </trkpt>
      <trkpt lat="39.89302399568259716033935546875" lon="116.64612994529306888580322265625">
        <ele>29</ele>
        <time>2020-08-05T12:37:43.000Z</time>
        <extensions>
          <ns3:TrackPointExtension/>
        </extensions>
      </trkpt>
      <trkpt lat="39.89300496876239776611328125" lon="116.64612592197954654693603515625">
        <ele>29</ele>
        <time>2020-08-05T12:37:43.000Z</time>
        <extensions>
          <ns3:TrackPointExtension/>
        </extensions>
      </trkpt>
      <trkpt lat="39.89298594184219837188720703125" lon="116.64612592197954654693603515625">
        <ele>29</ele>
        <time>2020-08-05T12:37:43.000Z</time>
        <extensions>
          <ns3:TrackPointExtension/>
        </extensions>
      </trkpt>
      <trkpt lat="39.89296699874103069305419921875" lon="116.64610999636352062225341796875">
        <ele>29</ele>
        <time>2020-08-05T12:37:43.000Z</time>
        <extensions>
          <ns3:TrackPointExtension/>
        </extensions>
      </trkpt>
      <trkpt lat="39.8929439485073089599609375" lon="116.64610999636352062225341796875">
        <ele>29</ele>
        <time>2020-08-05T12:37:50.000Z</time>
        <extensions>
          <ns3:TrackPointExtension/>
        </extensions>
      </trkpt>
      <trkpt lat="39.8929179646074771881103515625" lon="116.64609993807971477508544921875">
        <ele>29</ele>
        <time>2020-08-05T12:37:50.000Z</time>
        <extensions>
          <ns3:TrackPointExtension/>
        </extensions>
      </trkpt>
      <trkpt lat="39.892889969050884246826171875" lon="116.64609499275684356689453125">
        <ele>29</ele>
        <time>2020-08-05T12:37:50.000Z</time>
        <extensions>
          <ns3:TrackPointExtension/>
        </extensions>
      </trkpt>
      <trkpt lat="39.8928599618375301361083984375" lon="116.64609499275684356689453125">
        <ele>29</ele>
        <time>2020-08-05T12:37:50.000Z</time>
        <extensions>
          <ns3:TrackPointExtension/>
        </extensions>
      </trkpt>
      <trkpt lat="39.8928339779376983642578125" lon="116.64607998915016651153564453125">
        <ele>29.200000762939453125</ele>
        <time>2020-08-05T12:37:50.000Z</time>
        <extensions>
          <ns3:TrackPointExtension/>
        </extensions>
      </trkpt>
      <trkpt lat="39.8928069882094860076904296875" lon="116.64606993086636066436767578125">
        <ele>29.200000762939453125</ele>
        <time>2020-08-05T12:37:50.000Z</time>
        <extensions>
          <ns3:TrackPointExtension/>
        </extensions>
      </trkpt>
      <trkpt lat="39.892779998481273651123046875" lon="116.6460649855434894561767578125">
        <ele>29.200000762939453125</ele>
        <time>2020-08-05T12:37:50.000Z</time>
        <extensions>
          <ns3:TrackPointExtension/>
        </extensions>
      </trkpt>
      <trkpt lat="39.89275694824755191802978515625" lon="116.64604998193681240081787109375">
        <ele>29.3999996185302734375</ele>
        <time>2020-08-05T12:37:57.000Z</time>
        <extensions>
          <ns3:TrackPointExtension/>
        </extensions>
      </trkpt>
      <trkpt lat="39.89273498766124248504638671875" lon="116.64603992365300655364990234375">
        <ele>29.3999996185302734375</ele>
        <time>2020-08-05T12:37:57.000Z</time>
        <extensions>
          <ns3:TrackPointExtension/>
        </extensions>
      </trkpt>
      <trkpt lat="39.892714954912662506103515625" lon="116.6460339725017547607421875">
        <ele>29.3999996185302734375</ele>
        <time>2020-08-05T12:37:57.000Z</time>
        <extensions>
          <ns3:TrackPointExtension/>
        </extensions>
      </trkpt>
      <trkpt lat="39.89269592799246311187744140625" lon="116.64601997472345829010009765625">
        <ele>29.3999996185302734375</ele>
        <time>2020-08-05T12:37:57.000Z</time>
        <extensions>
          <ns3:TrackPointExtension/>
        </extensions>
      </trkpt>
      <trkpt lat="39.89267698489129543304443359375" lon="116.6459999419748783111572265625">
        <ele>29.6000003814697265625</ele>
        <time>2020-08-05T12:37:57.000Z</time>
        <extensions>
          <ns3:TrackPointExtension/>
        </extensions>
      </trkpt>
      <trkpt lat="39.892659969627857208251953125" lon="116.64598996751010417938232421875">
        <ele>29.6000003814697265625</ele>
        <time>2020-08-05T12:37:57.000Z</time>
        <extensions>
          <ns3:TrackPointExtension/>
        </extensions>
      </trkpt>
      <trkpt lat="39.89263993687927722930908203125" lon="116.645979993045330047607421875">
        <ele>29.6000003814697265625</ele>
        <time>2020-08-05T12:37:57.000Z</time>
        <extensions>
          <ns3:TrackPointExtension/>
        </extensions>
      </trkpt>
      <trkpt lat="39.89261998794972896575927734375" lon="116.645969934761524200439453125">
        <ele>29.6000003814697265625</ele>
        <time>2020-08-05T12:38:04.000Z</time>
        <extensions>
          <ns3:TrackPointExtension/>
        </extensions>
      </trkpt>
      <trkpt lat="39.89259995520114898681640625" lon="116.64595996029675006866455078125">
        <ele>29.799999237060546875</ele>
        <time>2020-08-05T12:38:04.000Z</time>
        <extensions>
          <ns3:TrackPointExtension/>
        </extensions>
      </trkpt>
      <trkpt lat="39.89257992245256900787353515625" lon="116.64595996029675006866455078125">
        <ele>29.799999237060546875</ele>
        <time>2020-08-05T12:38:04.000Z</time>
        <extensions>
          <ns3:TrackPointExtension/>
        </extensions>
      </trkpt>
      <trkpt lat="39.89255494438111782073974609375" lon="116.64595996029675006866455078125">
        <ele>29.799999237060546875</ele>
        <time>2020-08-05T12:38:04.000Z</time>
        <extensions>
          <ns3:TrackPointExtension/>
        </extensions>
      </trkpt>
      <trkpt lat="39.89253197796642780303955078125" lon="116.6459499858319759368896484375">
        <ele>29.799999237060546875</ele>
        <time>2020-08-05T12:38:04.000Z</time>
        <extensions>
          <ns3:TrackPointExtension/>
        </extensions>
      </trkpt>
      <trkpt lat="39.8925099335610866546630859375" lon="116.6459499858319759368896484375">
        <ele>30</ele>
        <time>2020-08-05T12:38:04.000Z</time>
        <extensions>
          <ns3:TrackPointExtension/>
        </extensions>
      </trkpt>
      <trkpt lat="39.892486967146396636962890625" lon="116.6459399275481700897216796875">
        <ele>30</ele>
        <time>2020-08-05T12:38:04.000Z</time>
        <extensions>
          <ns3:TrackPointExtension/>
        </extensions>
      </trkpt>
      <trkpt lat="39.89246995188295841217041015625" lon="116.6459399275481700897216796875">
        <ele>30</ele>
        <time>2020-08-05T12:38:11.000Z</time>
        <extensions>
          <ns3:TrackPointExtension/>
        </extensions>
      </trkpt>
      <trkpt lat="39.8924499191343784332275390625" lon="116.64592995308339595794677734375">
        <ele>30</ele>
        <time>2020-08-05T12:38:11.000Z</time>
        <extensions>
          <ns3:TrackPointExtension/>
        </extensions>
      </trkpt>
      <trkpt lat="39.892429970204830169677734375" lon="116.645919978618621826171875">
        <ele>30.200000762939453125</ele>
        <time>2020-08-05T12:38:11.000Z</time>
        <extensions>
          <ns3:TrackPointExtension/>
        </extensions>
      </trkpt>
      <trkpt lat="39.8924059979617595672607421875" lon="116.64590992033481597900390625">
        <ele>30.200000762939453125</ele>
        <time>2020-08-05T12:38:11.000Z</time>
        <extensions>
          <ns3:TrackPointExtension/>
        </extensions>
      </trkpt>
      <trkpt lat="39.89238395355641841888427734375" lon="116.64590992033481597900390625">
        <ele>30.200000762939453125</ele>
        <time>2020-08-05T12:38:11.000Z</time>
        <extensions>
          <ns3:TrackPointExtension/>
        </extensions>
      </trkpt>
      <trkpt lat="39.89235998131334781646728515625" lon="116.64589994587004184722900390625">
        <ele>30.200000762939453125</ele>
        <time>2020-08-05T12:38:11.000Z</time>
        <extensions>
          <ns3:TrackPointExtension/>
        </extensions>
      </trkpt>
      <trkpt lat="39.89233399741351604461669921875" lon="116.6458899714052677154541015625">
        <ele>30.3999996185302734375</ele>
        <time>2020-08-05T12:38:11.000Z</time>
        <extensions>
          <ns3:TrackPointExtension/>
        </extensions>
      </trkpt>
      <trkpt lat="39.89230692386627197265625" lon="116.64587396197021007537841796875">
        <ele>30.3999996185302734375</ele>
        <time>2020-08-05T12:38:18.000Z</time>
        <extensions>
          <ns3:TrackPointExtension/>
        </extensions>
      </trkpt>
      <trkpt lat="39.8922839574515819549560546875" lon="116.64586993865668773651123046875">
        <ele>30.3999996185302734375</ele>
        <time>2020-08-05T12:38:18.000Z</time>
        <extensions>
          <ns3:TrackPointExtension/>
        </extensions>
      </trkpt>
      <trkpt lat="39.8922599852085113525390625" lon="116.645859964191913604736328125">
        <ele>30.6000003814697265625</ele>
        <time>2020-08-05T12:38:18.000Z</time>
        <extensions>
          <ns3:TrackPointExtension/>
        </extensions>
      </trkpt>
      <trkpt lat="39.89223492331802845001220703125" lon="116.645859964191913604736328125">
        <ele>30.6000003814697265625</ele>
        <time>2020-08-05T12:38:18.000Z</time>
        <extensions>
          <ns3:TrackPointExtension/>
        </extensions>
      </trkpt>
      <trkpt lat="39.89221195690333843231201171875" lon="116.64583993144333362579345703125">
        <ele>30.6000003814697265625</ele>
        <time>2020-08-05T12:38:18.000Z</time>
        <extensions>
          <ns3:TrackPointExtension/>
        </extensions>
      </trkpt>
      <trkpt lat="39.89218999631702899932861328125" lon="116.6458359919488430023193359375">
        <ele>30.6000003814697265625</ele>
        <time>2020-08-05T12:38:18.000Z</time>
        <extensions>
          <ns3:TrackPointExtension/>
        </extensions>
      </trkpt>
      <trkpt lat="39.8921699635684490203857421875" lon="116.64580992422997951507568359375">
        <ele>30.6000003814697265625</ele>
        <time>2020-08-05T12:38:18.000Z</time>
        <extensions>
          <ns3:TrackPointExtension/>
        </extensions>
      </trkpt>
      <trkpt lat="39.89214993081986904144287109375" lon="116.64579994976520538330078125">
        <ele>30.6000003814697265625</ele>
        <time>2020-08-05T12:38:24.000Z</time>
        <extensions>
          <ns3:TrackPointExtension/>
        </extensions>
      </trkpt>
      <trkpt lat="39.89212797023355960845947265625" lon="116.6457749716937541961669921875">
        <ele>30.799999237060546875</ele>
        <time>2020-08-05T12:38:24.000Z</time>
        <extensions>
          <ns3:TrackPointExtension/>
        </extensions>
      </trkpt>
      <trkpt lat="39.8921129666268825531005859375" lon="116.645749993622303009033203125">
        <ele>30.799999237060546875</ele>
        <time>2020-08-05T12:38:24.000Z</time>
        <extensions>
          <ns3:TrackPointExtension/>
        </extensions>
      </trkpt>
      <trkpt lat="39.89208991639316082000732421875" lon="116.645739935338497161865234375">
        <ele>30.799999237060546875</ele>
        <time>2020-08-05T12:38:24.000Z</time>
        <extensions>
          <ns3:TrackPointExtension/>
        </extensions>
      </trkpt>
      <trkpt lat="39.89206996746361255645751953125" lon="116.6457199864089488983154296875">
        <ele>30.799999237060546875</ele>
        <time>2020-08-05T12:38:24.000Z</time>
        <extensions>
          <ns3:TrackPointExtension/>
        </extensions>
      </trkpt>
      <trkpt lat="39.8920499347150325775146484375" lon="116.6457099281251430511474609375">
        <ele>30.799999237060546875</ele>
        <time>2020-08-05T12:38:24.000Z</time>
        <extensions>
          <ns3:TrackPointExtension/>
        </extensions>
      </trkpt>
      <trkpt lat="39.89202998578548431396484375" lon="116.64570598863065242767333984375">
        <ele>30.799999237060546875</ele>
        <time>2020-08-05T12:38:24.000Z</time>
        <extensions>
          <ns3:TrackPointExtension/>
        </extensions>
      </trkpt>
      <trkpt lat="39.89200592972338199615478515625" lon="116.64570598863065242767333984375">
        <ele>30.799999237060546875</ele>
        <time>2020-08-05T12:38:31.000Z</time>
        <extensions>
          <ns3:TrackPointExtension/>
        </extensions>
      </trkpt>
      <trkpt lat="39.89198296330869197845458984375" lon="116.64570598863065242767333984375">
        <ele>30.6000003814697265625</ele>
        <time>2020-08-05T12:38:31.000Z</time>
        <extensions>
          <ns3:TrackPointExtension/>
        </extensions>
      </trkpt>
      <trkpt lat="39.89195999689400196075439453125" lon="116.64568997919559478759765625">
        <ele>30.6000003814697265625</ele>
        <time>2020-08-05T12:38:31.000Z</time>
        <extensions>
          <ns3:TrackPointExtension/>
        </extensions>
      </trkpt>
      <trkpt lat="39.8919399641454219818115234375" lon="116.64568997919559478759765625">
        <ele>30.6000003814697265625</ele>
        <time>2020-08-05T12:38:31.000Z</time>
        <extensions>
          <ns3:TrackPointExtension/>
        </extensions>
      </trkpt>
      <trkpt lat="39.89191993139684200286865234375" lon="116.64568997919559478759765625">
        <ele>30.3999996185302734375</ele>
        <time>2020-08-05T12:38:31.000Z</time>
        <extensions>
          <ns3:TrackPointExtension/>
        </extensions>
      </trkpt>
      <trkpt lat="39.89189495332539081573486328125" lon="116.6456799209117889404296875">
        <ele>30.3999996185302734375</ele>
        <time>2020-08-05T12:38:31.000Z</time>
        <extensions>
          <ns3:TrackPointExtension/>
        </extensions>
      </trkpt>
      <trkpt lat="39.89187198691070079803466796875" lon="116.64568997919559478759765625">
        <ele>30.3999996185302734375</ele>
        <time>2020-08-05T12:38:31.000Z</time>
        <extensions>
          <ns3:TrackPointExtension/>
        </extensions>
      </trkpt>
      <trkpt lat="39.891849942505359649658203125" lon="116.64568997919559478759765625">
        <ele>30.200000762939453125</ele>
        <time>2020-08-05T12:38:38.000Z</time>
        <extensions>
          <ns3:TrackPointExtension/>
        </extensions>
      </trkpt>
      <trkpt lat="39.8918299935758113861083984375" lon="116.6456799209117889404296875">
        <ele>30.200000762939453125</ele>
        <time>2020-08-05T12:38:38.000Z</time>
        <extensions>
          <ns3:TrackPointExtension/>
        </extensions>
      </trkpt>
      <trkpt lat="39.89181498996913433074951171875" lon="116.64567598141729831695556640625">
        <ele>30</ele>
        <time>2020-08-05T12:38:38.000Z</time>
        <extensions>
          <ns3:TrackPointExtension/>
        </extensions>
      </trkpt>
      <trkpt lat="39.8917959630489349365234375" lon="116.6456599719822406768798828125">
        <ele>30</ele>
        <time>2020-08-05T12:38:38.000Z</time>
        <extensions>
          <ns3:TrackPointExtension/>
        </extensions>
      </trkpt>
      <trkpt lat="39.89177693612873554229736328125" lon="116.64564999751746654510498046875">
        <ele>30</ele>
        <time>2020-08-05T12:38:38.000Z</time>
        <extensions>
          <ns3:TrackPointExtension/>
        </extensions>
      </trkpt>
      <trkpt lat="39.89175799302756786346435546875" lon="116.645629964768886566162109375">
        <ele>29.799999237060546875</ele>
        <time>2020-08-05T12:38:38.000Z</time>
        <extensions>
          <ns3:TrackPointExtension/>
        </extensions>
      </trkpt>
      <trkpt lat="39.89174298942089080810546875" lon="116.64561496116220951080322265625">
        <ele>29.799999237060546875</ele>
        <time>2020-08-05T12:38:38.000Z</time>
        <extensions>
          <ns3:TrackPointExtension/>
        </extensions>
      </trkpt>
      <trkpt lat="39.89172396250069141387939453125" lon="116.64558998309075832366943359375">
        <ele>29.799999237060546875</ele>
        <time>2020-08-05T12:38:45.000Z</time>
        <extensions>
          <ns3:TrackPointExtension/>
        </extensions>
      </trkpt>
      <trkpt lat="39.8917119763791561126708984375" lon="116.6455699503421783447265625">
        <ele>29.799999237060546875</ele>
        <time>2020-08-05T12:38:45.000Z</time>
        <extensions>
          <ns3:TrackPointExtension/>
        </extensions>
      </trkpt>
      <trkpt lat="39.89169999025762081146240234375" lon="116.64555997587740421295166015625">
        <ele>29.6000003814697265625</ele>
        <time>2020-08-05T12:38:45.000Z</time>
        <extensions>
          <ns3:TrackPointExtension/>
        </extensions>
      </trkpt>
      <trkpt lat="39.89168993197381496429443359375" lon="116.6455399431288242340087890625">
        <ele>29.6000003814697265625</ele>
        <time>2020-08-05T12:38:45.000Z</time>
        <extensions>
          <ns3:TrackPointExtension/>
        </extensions>
      </trkpt>
      <trkpt lat="39.89167995750904083251953125" lon="116.64552996866405010223388671875">
        <ele>29.6000003814697265625</ele>
        <time>2020-08-05T12:38:45.000Z</time>
        <extensions>
          <ns3:TrackPointExtension/>
        </extensions>
      </trkpt>
      <trkpt lat="39.89167392253875732421875" lon="116.645519994199275970458984375">
        <ele>29.6000003814697265625</ele>
        <time>2020-08-05T12:38:45.000Z</time>
        <extensions>
          <ns3:TrackPointExtension/>
        </extensions>
      </trkpt>
      <trkpt lat="39.89166595973074436187744140625" lon="116.645509935915470123291015625">
        <ele>29.6000003814697265625</ele>
        <time>2020-08-05T12:38:45.000Z</time>
        <extensions>
          <ns3:TrackPointExtension/>
        </extensions>
      </trkpt>
      <trkpt lat="39.8916549794375896453857421875" lon="116.64549996145069599151611328125">
        <ele>29.6000003814697265625</ele>
        <time>2020-08-05T12:38:52.000Z</time>
        <extensions>
          <ns3:TrackPointExtension/>
        </extensions>
      </trkpt>
      <trkpt lat="39.8916499502956867218017578125" lon="116.64549996145069599151611328125">
        <ele>29.6000003814697265625</ele>
        <time>2020-08-05T12:38:52.000Z</time>
        <extensions>
          <ns3:TrackPointExtension/>
        </extensions>
      </trkpt>
      <trkpt lat="39.89164399914443492889404296875" lon="116.6454849578440189361572265625">
        <ele>29.3999996185302734375</ele>
        <time>2020-08-05T12:38:52.000Z</time>
        <extensions>
          <ns3:TrackPointExtension/>
        </extensions>
      </trkpt>
      <trkpt lat="39.89164399914443492889404296875" lon="116.6454799287021160125732421875">
        <ele>29.3999996185302734375</ele>
        <time>2020-08-05T12:38:52.000Z</time>
        <extensions>
          <ns3:TrackPointExtension/>
        </extensions>
      </trkpt>
      <trkpt lat="39.89163997583091259002685546875" lon="116.6454799287021160125732421875">
        <ele>29.3999996185302734375</ele>
        <time>2020-08-05T12:38:52.000Z</time>
        <extensions>
          <ns3:TrackPointExtension/>
        </extensions>
      </trkpt>
      <trkpt lat="39.89163997583091259002685546875" lon="116.64546995423734188079833984375">
        <ele>29.3999996185302734375</ele>
        <time>2020-08-05T12:38:52.000Z</time>
        <extensions>
          <ns3:TrackPointExtension/>
        </extensions>
      </trkpt>
      <trkpt lat="39.89163595251739025115966796875" lon="116.64546995423734188079833984375">
        <ele>29.3999996185302734375</ele>
        <time>2020-08-05T12:38:52.000Z</time>
        <extensions>
          <ns3:TrackPointExtension/>
        </extensions>
      </trkpt>
      <trkpt lat="39.89163595251739025115966796875" lon="116.64546995423734188079833984375">
        <ele>29.3999996185302734375</ele>
        <time>2020-08-05T12:38:59.000Z</time>
        <extensions>
          <ns3:TrackPointExtension/>
        </extensions>
      </trkpt>
      <trkpt lat="39.89163595251739025115966796875" lon="116.64546995423734188079833984375">
        <ele>29.3999996185302734375</ele>
        <time>2020-08-05T12:38:59.000Z</time>
        <extensions>
          <ns3:TrackPointExtension/>
        </extensions>
      </trkpt>
      <trkpt lat="39.89164399914443492889404296875" lon="116.64546995423734188079833984375">
        <ele>29.3999996185302734375</ele>
        <time>2020-08-05T12:38:59.000Z</time>
        <extensions>
          <ns3:TrackPointExtension/>
        </extensions>
      </trkpt>
      <trkpt lat="39.8916469328105449676513671875" lon="116.64546995423734188079833984375">
        <ele>29.3999996185302734375</ele>
        <time>2020-08-05T12:38:59.000Z</time>
        <extensions>
          <ns3:TrackPointExtension/>
        </extensions>
      </trkpt>
      <trkpt lat="39.8916549794375896453857421875" lon="116.64546995423734188079833984375">
        <ele>29.6000003814697265625</ele>
        <time>2020-08-05T12:38:59.000Z</time>
        <extensions>
          <ns3:TrackPointExtension/>
        </extensions>
      </trkpt>
      <trkpt lat="39.89165992476046085357666015625" lon="116.64546995423734188079833984375">
        <ele>29.6000003814697265625</ele>
        <time>2020-08-05T12:38:59.000Z</time>
        <extensions>
          <ns3:TrackPointExtension/>
        </extensions>
      </trkpt>
      <trkpt lat="39.89166294224560260772705078125" lon="116.6454799287021160125732421875">
        <ele>29.6000003814697265625</ele>
        <time>2020-08-05T12:38:59.000Z</time>
        <extensions>
          <ns3:TrackPointExtension/>
        </extensions>
      </trkpt>
      <trkpt lat="39.89166998304426670074462890625" lon="116.6454799287021160125732421875">
        <ele>29.6000003814697265625</ele>
        <time>2020-08-05T12:39:06.000Z</time>
        <extensions>
          <ns3:TrackPointExtension/>
        </extensions>
      </trkpt>
      <trkpt lat="39.89167995750904083251953125" lon="116.6454799287021160125732421875">
        <ele>29.6000003814697265625</ele>
        <time>2020-08-05T12:39:06.000Z</time>
        <extensions>
          <ns3:TrackPointExtension/>
        </extensions>
      </trkpt>
      <trkpt lat="39.89169294945895671844482421875" lon="116.6454849578440189361572265625">
        <ele>29.6000003814697265625</ele>
        <time>2020-08-05T12:39:06.000Z</time>
        <extensions>
          <ns3:TrackPointExtension/>
        </extensions>
      </trkpt>
      <trkpt lat="39.8917099647223949432373046875" lon="116.6454849578440189361572265625">
        <ele>29.799999237060546875</ele>
        <time>2020-08-05T12:39:06.000Z</time>
        <extensions>
          <ns3:TrackPointExtension/>
        </extensions>
      </trkpt>
      <trkpt lat="39.8917159996926784515380859375" lon="116.6454849578440189361572265625">
        <ele>29.799999237060546875</ele>
        <time>2020-08-05T12:39:06.000Z</time>
        <extensions>
          <ns3:TrackPointExtension/>
        </extensions>
      </trkpt>
      <trkpt lat="39.89172396250069141387939453125" lon="116.6454849578440189361572265625">
        <ele>29.799999237060546875</ele>
        <time>2020-08-05T12:39:06.000Z</time>
        <extensions>
          <ns3:TrackPointExtension/>
        </extensions>
      </trkpt>
      <trkpt lat="39.89172999747097492218017578125" lon="116.6454849578440189361572265625">
        <ele>29.799999237060546875</ele>
        <time>2020-08-05T12:39:06.000Z</time>
        <extensions>
          <ns3:TrackPointExtension/>
        </extensions>
      </trkpt>
      <trkpt lat="39.891739971935749053955078125" lon="116.64549996145069599151611328125">
        <ele>29.799999237060546875</ele>
        <time>2020-08-05T12:39:14.000Z</time>
        <extensions>
          <ns3:TrackPointExtension/>
        </extensions>
      </trkpt>
      <trkpt lat="39.89174298942089080810546875" lon="116.64549996145069599151611328125">
        <ele>29.799999237060546875</ele>
        <time>2020-08-05T12:39:14.000Z</time>
        <extensions>
          <ns3:TrackPointExtension/>
        </extensions>
      </trkpt>
      <trkpt lat="39.89174692891538143157958984375" lon="116.64549996145069599151611328125">
        <ele>29.799999237060546875</ele>
        <time>2020-08-05T12:39:14.000Z</time>
        <extensions>
          <ns3:TrackPointExtension/>
        </extensions>
      </trkpt>
      <trkpt lat="39.89175396971404552459716796875" lon="116.64549996145069599151611328125">
        <ele>29.799999237060546875</ele>
        <time>2020-08-05T12:39:14.000Z</time>
        <extensions>
          <ns3:TrackPointExtension/>
        </extensions>
      </trkpt>
      <trkpt lat="39.89175396971404552459716796875" lon="116.645509935915470123291015625">
        <ele>29.799999237060546875</ele>
        <time>2020-08-05T12:39:14.000Z</time>
        <extensions>
          <ns3:TrackPointExtension/>
        </extensions>
      </trkpt>
      <trkpt lat="39.89175799302756786346435546875" lon="116.645509935915470123291015625">
        <ele>29.799999237060546875</ele>
        <time>2020-08-05T12:39:14.000Z</time>
        <extensions>
          <ns3:TrackPointExtension/>
        </extensions>
      </trkpt>
      <trkpt lat="39.8917599208652973175048828125" lon="116.645509935915470123291015625">
        <ele>30</ele>
        <time>2020-08-05T12:39:14.000Z</time>
        <extensions>
          <ns3:TrackPointExtension/>
        </extensions>
      </trkpt>
      <trkpt lat="39.8917699791491031646728515625" lon="116.645509935915470123291015625">
        <ele>30</ele>
        <time>2020-08-05T12:39:21.000Z</time>
        <extensions>
          <ns3:TrackPointExtension/>
        </extensions>
      </trkpt>
      <trkpt lat="39.89177995361387729644775390625" lon="116.645519994199275970458984375">
        <ele>30</ele>
        <time>2020-08-05T12:39:21.000Z</time>
        <extensions>
          <ns3:TrackPointExtension/>
        </extensions>
      </trkpt>
      <trkpt lat="39.89179193973541259765625" lon="116.645519994199275970458984375">
        <ele>30</ele>
        <time>2020-08-05T12:39:21.000Z</time>
        <extensions>
          <ns3:TrackPointExtension/>
        </extensions>
      </trkpt>
      <trkpt lat="39.891799986362457275390625" lon="116.64552996866405010223388671875">
        <ele>30</ele>
        <time>2020-08-05T12:39:21.000Z</time>
        <extensions>
          <ns3:TrackPointExtension/>
        </extensions>
      </trkpt>
      <trkpt lat="39.89181498996913433074951171875" lon="116.64552996866405010223388671875">
        <ele>30</ele>
        <time>2020-08-05T12:39:21.000Z</time>
        <extensions>
          <ns3:TrackPointExtension/>
        </extensions>
      </trkpt>
      <trkpt lat="39.8918269760906696319580078125" lon="116.6455399431288242340087890625">
        <ele>30.200000762939453125</ele>
        <time>2020-08-05T12:39:21.000Z</time>
        <extensions>
          <ns3:TrackPointExtension/>
        </extensions>
      </trkpt>
      <trkpt lat="39.89183996804058551788330078125" lon="116.64554991759359836578369140625">
        <ele>30.200000762939453125</ele>
        <time>2020-08-05T12:39:21.000Z</time>
        <extensions>
          <ns3:TrackPointExtension/>
        </extensions>
      </trkpt>
      <trkpt lat="39.891849942505359649658203125" lon="116.64555997587740421295166015625">
        <ele>30.200000762939453125</ele>
        <time>2020-08-05T12:39:28.000Z</time>
        <extensions>
          <ns3:TrackPointExtension/>
        </extensions>
      </trkpt>
      <trkpt lat="39.89185991697013378143310546875" lon="116.6455699503421783447265625">
        <ele>30.200000762939453125</ele>
        <time>2020-08-05T12:39:28.000Z</time>
        <extensions>
          <ns3:TrackPointExtension/>
        </extensions>
      </trkpt>
      <trkpt lat="39.89187198691070079803466796875" lon="116.64558394812047481536865234375">
        <ele>30.3999996185302734375</ele>
        <time>2020-08-05T12:39:28.000Z</time>
        <extensions>
          <ns3:TrackPointExtension/>
        </extensions>
      </trkpt>
      <trkpt lat="39.8918799497187137603759765625" lon="116.64558998309075832366943359375">
        <ele>30.3999996185302734375</ele>
        <time>2020-08-05T12:39:28.000Z</time>
        <extensions>
          <ns3:TrackPointExtension/>
        </extensions>
      </trkpt>
      <trkpt lat="39.8918879963457584381103515625" lon="116.64558998309075832366943359375">
        <ele>30.3999996185302734375</ele>
        <time>2020-08-05T12:39:28.000Z</time>
        <extensions>
          <ns3:TrackPointExtension/>
        </extensions>
      </trkpt>
      <trkpt lat="39.89189998246729373931884765625" lon="116.6455999575555324554443359375">
        <ele>30.3999996185302734375</ele>
        <time>2020-08-05T12:39:28.000Z</time>
        <extensions>
          <ns3:TrackPointExtension/>
        </extensions>
      </trkpt>
      <trkpt lat="39.89190995693206787109375" lon="116.6455999575555324554443359375">
        <ele>30.3999996185302734375</ele>
        <time>2020-08-05T12:39:28.000Z</time>
        <extensions>
          <ns3:TrackPointExtension/>
        </extensions>
      </trkpt>
      <trkpt lat="39.89192596636712551116943359375" lon="116.64561496116220951080322265625">
        <ele>30.3999996185302734375</ele>
        <time>2020-08-05T12:39:35.000Z</time>
        <extensions>
          <ns3:TrackPointExtension/>
        </extensions>
      </trkpt>
      <trkpt lat="39.8919399641454219818115234375" lon="116.64561496116220951080322265625">
        <ele>30.6000003814697265625</ele>
        <time>2020-08-05T12:39:35.000Z</time>
        <extensions>
          <ns3:TrackPointExtension/>
        </extensions>
      </trkpt>
      <trkpt lat="39.89195999689400196075439453125" lon="116.64561999030411243438720703125">
        <ele>30.6000003814697265625</ele>
        <time>2020-08-05T12:39:35.000Z</time>
        <extensions>
          <ns3:TrackPointExtension/>
        </extensions>
      </trkpt>
      <trkpt lat="39.89197994582355022430419921875" lon="116.64561999030411243438720703125">
        <ele>30.6000003814697265625</ele>
        <time>2020-08-05T12:39:35.000Z</time>
        <extensions>
          <ns3:TrackPointExtension/>
        </extensions>
      </trkpt>
      <trkpt lat="39.8919939436018466949462890625" lon="116.64561999030411243438720703125">
        <ele>30.799999237060546875</ele>
        <time>2020-08-05T12:39:35.000Z</time>
        <extensions>
          <ns3:TrackPointExtension/>
        </extensions>
      </trkpt>
      <trkpt lat="39.89200995303690433502197265625" lon="116.645629964768886566162109375">
        <ele>30.799999237060546875</ele>
        <time>2020-08-05T12:39:35.000Z</time>
        <extensions>
          <ns3:TrackPointExtension/>
        </extensions>
      </trkpt>
      <trkpt lat="39.892024956643581390380859375" lon="116.64564496837556362152099609375">
        <ele>30.799999237060546875</ele>
        <time>2020-08-05T12:39:35.000Z</time>
        <extensions>
          <ns3:TrackPointExtension/>
        </extensions>
      </trkpt>
      <trkpt lat="39.8920479230582714080810546875" lon="116.64564496837556362152099609375">
        <ele>31</ele>
        <time>2020-08-05T12:39:42.000Z</time>
        <extensions>
          <ns3:TrackPointExtension/>
        </extensions>
      </trkpt>
      <trkpt lat="39.89206694997847080230712890625" lon="116.64564999751746654510498046875">
        <ele>31</ele>
        <time>2020-08-05T12:39:42.000Z</time>
        <extensions>
          <ns3:TrackPointExtension/>
        </extensions>
      </trkpt>
      <trkpt lat="39.892085976898670196533203125" lon="116.6456599719822406768798828125">
        <ele>31</ele>
        <time>2020-08-05T12:39:42.000Z</time>
        <extensions>
          <ns3:TrackPointExtension/>
        </extensions>
      </trkpt>
      <trkpt lat="39.8921099491417407989501953125" lon="116.64567598141729831695556640625">
        <ele>30.799999237060546875</ele>
        <time>2020-08-05T12:39:42.000Z</time>
        <extensions>
          <ns3:TrackPointExtension/>
        </extensions>
      </trkpt>
      <trkpt lat="39.89213593304157257080078125" lon="116.6456799209117889404296875">
        <ele>30.799999237060546875</ele>
        <time>2020-08-05T12:39:42.000Z</time>
        <extensions>
          <ns3:TrackPointExtension/>
        </extensions>
      </trkpt>
      <trkpt lat="39.89215998910367488861083984375" lon="116.64568997919559478759765625">
        <ele>30.799999237060546875</ele>
        <time>2020-08-05T12:39:42.000Z</time>
        <extensions>
          <ns3:TrackPointExtension/>
        </extensions>
      </trkpt>
      <trkpt lat="39.89217993803322315216064453125" lon="116.64570598863065242767333984375">
        <ele>30.799999237060546875</ele>
        <time>2020-08-05T12:39:42.000Z</time>
        <extensions>
          <ns3:TrackPointExtension/>
        </extensions>
      </trkpt>
      <trkpt lat="39.89221195690333843231201171875" lon="116.6457099281251430511474609375">
        <ele>30.6000003814697265625</ele>
        <time>2020-08-05T12:39:49.000Z</time>
        <extensions>
          <ns3:TrackPointExtension/>
        </extensions>
      </trkpt>
      <trkpt lat="39.89223995245993137359619140625" lon="116.6457199864089488983154296875">
        <ele>30.6000003814697265625</ele>
        <time>2020-08-05T12:39:49.000Z</time>
        <extensions>
          <ns3:TrackPointExtension/>
        </extensions>
      </trkpt>
      <trkpt lat="39.89226493053138256072998046875" lon="116.645739935338497161865234375">
        <ele>30.6000003814697265625</ele>
        <time>2020-08-05T12:39:49.000Z</time>
        <extensions>
          <ns3:TrackPointExtension/>
        </extensions>
      </trkpt>
      <trkpt lat="39.8922899924218654632568359375" lon="116.645743958652019500732421875">
        <ele>30.3999996185302734375</ele>
        <time>2020-08-05T12:39:49.000Z</time>
        <extensions>
          <ns3:TrackPointExtension/>
        </extensions>
      </trkpt>
      <trkpt lat="39.89230692386627197265625" lon="116.645749993622303009033203125">
        <ele>30.3999996185302734375</ele>
        <time>2020-08-05T12:39:49.000Z</time>
        <extensions>
          <ns3:TrackPointExtension/>
        </extensions>
      </trkpt>
      <trkpt lat="39.89233399741351604461669921875" lon="116.6457699425518512725830078125">
        <ele>30.3999996185302734375</ele>
        <time>2020-08-05T12:39:49.000Z</time>
        <extensions>
          <ns3:TrackPointExtension/>
        </extensions>
      </trkpt>
      <trkpt lat="39.89235696382820606231689453125" lon="116.6457749716937541961669921875">
        <ele>30.3999996185302734375</ele>
        <time>2020-08-05T12:39:49.000Z</time>
        <extensions>
          <ns3:TrackPointExtension/>
        </extensions>
      </trkpt>
      <trkpt lat="39.89237599074840545654296875" lon="116.64577991701662540435791015625">
        <ele>30.200000762939453125</ele>
        <time>2020-08-05T12:39:56.000Z</time>
        <extensions>
          <ns3:TrackPointExtension/>
        </extensions>
      </trkpt>
      <trkpt lat="39.8923999629914760589599609375" lon="116.64579994976520538330078125">
        <ele>30.200000762939453125</ele>
        <time>2020-08-05T12:39:56.000Z</time>
        <extensions>
          <ns3:TrackPointExtension/>
        </extensions>
      </trkpt>
      <trkpt lat="39.89241999574005603790283203125" lon="116.645804978907108306884765625">
        <ele>30.200000762939453125</ele>
        <time>2020-08-05T12:39:56.000Z</time>
        <extensions>
          <ns3:TrackPointExtension/>
        </extensions>
      </trkpt>
      <trkpt lat="39.8924499191343784332275390625" lon="116.6458299569785594940185546875">
        <ele>30</ele>
        <time>2020-08-05T12:39:56.000Z</time>
        <extensions>
          <ns3:TrackPointExtension/>
        </extensions>
      </trkpt>
      <trkpt lat="39.8924799263477325439453125" lon="116.6458359919488430023193359375">
        <ele>30</ele>
        <time>2020-08-05T12:39:56.000Z</time>
        <extensions>
          <ns3:TrackPointExtension/>
        </extensions>
      </trkpt>
      <trkpt lat="39.8925099335610866546630859375" lon="116.645859964191913604736328125">
        <ele>30</ele>
        <time>2020-08-05T12:39:56.000Z</time>
        <extensions>
          <ns3:TrackPointExtension/>
        </extensions>
      </trkpt>
      <trkpt lat="39.892535917460918426513671875" lon="116.64586993865668773651123046875">
        <ele>29.799999237060546875</ele>
        <time>2020-08-05T12:39:56.000Z</time>
        <extensions>
          <ns3:TrackPointExtension/>
        </extensions>
      </trkpt>
      <trkpt lat="39.89256299100816249847412109375" lon="116.64587396197021007537841796875">
        <ele>29.799999237060546875</ele>
        <time>2020-08-05T12:40:03.000Z</time>
        <extensions>
          <ns3:TrackPointExtension/>
        </extensions>
      </trkpt>
      <trkpt lat="39.89258998073637485504150390625" lon="116.64589994587004184722900390625">
        <ele>29.799999237060546875</ele>
        <time>2020-08-05T12:40:03.000Z</time>
        <extensions>
          <ns3:TrackPointExtension/>
        </extensions>
      </trkpt>
      <trkpt lat="39.89261596463620662689208984375" lon="116.64590992033481597900390625">
        <ele>29.6000003814697265625</ele>
        <time>2020-08-05T12:40:03.000Z</time>
        <extensions>
          <ns3:TrackPointExtension/>
        </extensions>
      </trkpt>
      <trkpt lat="39.89264295436441898345947265625" lon="116.645919978618621826171875">
        <ele>29.6000003814697265625</ele>
        <time>2020-08-05T12:40:03.000Z</time>
        <extensions>
          <ns3:TrackPointExtension/>
        </extensions>
      </trkpt>
      <trkpt lat="39.89266592077910900115966796875" lon="116.64592995308339595794677734375">
        <ele>29.6000003814697265625</ele>
        <time>2020-08-05T12:40:03.000Z</time>
        <extensions>
          <ns3:TrackPointExtension/>
        </extensions>
      </trkpt>
      <trkpt lat="39.89269592799246311187744140625" lon="116.6459399275481700897216796875">
        <ele>29.3999996185302734375</ele>
        <time>2020-08-05T12:40:03.000Z</time>
        <extensions>
          <ns3:TrackPointExtension/>
        </extensions>
      </trkpt>
      <trkpt lat="39.8927199840545654296875" lon="116.6459499858319759368896484375">
        <ele>29.3999996185302734375</ele>
        <time>2020-08-05T12:40:03.000Z</time>
        <extensions>
          <ns3:TrackPointExtension/>
        </extensions>
      </trkpt>
      <trkpt lat="39.8927459679543972015380859375" lon="116.6459499858319759368896484375">
        <ele>29.3999996185302734375</ele>
        <time>2020-08-05T12:40:10.000Z</time>
        <extensions>
          <ns3:TrackPointExtension/>
        </extensions>
      </trkpt>
      <trkpt lat="39.892775975167751312255859375" lon="116.64595996029675006866455078125">
        <ele>29.200000762939453125</ele>
        <time>2020-08-05T12:40:10.000Z</time>
        <extensions>
          <ns3:TrackPointExtension/>
        </extensions>
      </trkpt>
      <trkpt lat="39.8928069882094860076904296875" lon="116.64595996029675006866455078125">
        <ele>29.200000762939453125</ele>
        <time>2020-08-05T12:40:10.000Z</time>
        <extensions>
          <ns3:TrackPointExtension/>
        </extensions>
      </trkpt>
      <trkpt lat="39.89283791743218898773193359375" lon="116.645969934761524200439453125">
        <ele>29.200000762939453125</ele>
        <time>2020-08-05T12:40:10.000Z</time>
        <extensions>
          <ns3:TrackPointExtension/>
        </extensions>
      </trkpt>
      <trkpt lat="39.89286792464554309844970703125" lon="116.645979993045330047607421875">
        <ele>29</ele>
        <time>2020-08-05T12:40:10.000Z</time>
        <extensions>
          <ns3:TrackPointExtension/>
        </extensions>
      </trkpt>
      <trkpt lat="39.89289499819278717041015625" lon="116.64598996751010417938232421875">
        <ele>29</ele>
        <time>2020-08-05T12:40:10.000Z</time>
        <extensions>
          <ns3:TrackPointExtension/>
        </extensions>
      </trkpt>
      <trkpt lat="39.8929199762642383575439453125" lon="116.6459999419748783111572265625">
        <ele>29</ele>
        <time>2020-08-05T12:40:10.000Z</time>
        <extensions>
          <ns3:TrackPointExtension/>
        </extensions>
      </trkpt>
      <trkpt lat="39.8929439485073089599609375" lon="116.64600991643965244293212890625">
        <ele>29</ele>
        <time>2020-08-05T12:40:17.000Z</time>
        <extensions>
          <ns3:TrackPointExtension/>
        </extensions>
      </trkpt>
      <trkpt lat="39.89296699874103069305419921875" lon="116.64601997472345829010009765625">
        <ele>29</ele>
        <time>2020-08-05T12:40:17.000Z</time>
        <extensions>
          <ns3:TrackPointExtension/>
        </extensions>
      </trkpt>
      <trkpt lat="39.89298996515572071075439453125" lon="116.6460339725017547607421875">
        <ele>29</ele>
        <time>2020-08-05T12:40:17.000Z</time>
        <extensions>
          <ns3:TrackPointExtension/>
        </extensions>
      </trkpt>
      <trkpt lat="39.893009997904300689697265625" lon="116.6460339725017547607421875">
        <ele>29</ele>
        <time>2020-08-05T12:40:17.000Z</time>
        <extensions>
          <ns3:TrackPointExtension/>
        </extensions>
      </trkpt>
      <trkpt lat="39.89302399568259716033935546875" lon="116.64603992365300655364990234375">
        <ele>29</ele>
        <time>2020-08-05T12:40:17.000Z</time>
        <extensions>
          <ns3:TrackPointExtension/>
        </extensions>
      </trkpt>
      <trkpt lat="39.89304696209728717803955078125" lon="116.64604998193681240081787109375">
        <ele>29</ele>
        <time>2020-08-05T12:40:17.000Z</time>
        <extensions>
          <ns3:TrackPointExtension/>
        </extensions>
      </trkpt>
      <trkpt lat="39.893062971532344818115234375" lon="116.6460649855434894561767578125">
        <ele>29</ele>
        <time>2020-08-05T12:40:17.000Z</time>
        <extensions>
          <ns3:TrackPointExtension/>
        </extensions>
      </trkpt>
      <trkpt lat="39.8930849321186542510986328125" lon="116.64606993086636066436767578125">
        <ele>29</ele>
        <time>2020-08-05T12:40:24.000Z</time>
        <extensions>
          <ns3:TrackPointExtension/>
        </extensions>
      </trkpt>
      <trkpt lat="39.89310496486723423004150390625" lon="116.64607998915016651153564453125">
        <ele>29</ele>
        <time>2020-08-05T12:40:24.000Z</time>
        <extensions>
          <ns3:TrackPointExtension/>
        </extensions>
      </trkpt>
      <trkpt lat="39.893123991787433624267578125" lon="116.64609499275684356689453125">
        <ele>29</ele>
        <time>2020-08-05T12:40:24.000Z</time>
        <extensions>
          <ns3:TrackPointExtension/>
        </extensions>
      </trkpt>
      <trkpt lat="39.8931469582021236419677734375" lon="116.64609993807971477508544921875">
        <ele>29</ele>
        <time>2020-08-05T12:40:24.000Z</time>
        <extensions>
          <ns3:TrackPointExtension/>
        </extensions>
      </trkpt>
      <trkpt lat="39.89316598512232303619384765625" lon="116.64610999636352062225341796875">
        <ele>29</ele>
        <time>2020-08-05T12:40:24.000Z</time>
        <extensions>
          <ns3:TrackPointExtension/>
        </extensions>
      </trkpt>
      <trkpt lat="39.89318492822349071502685546875" lon="116.64612592197954654693603515625">
        <ele>29</ele>
        <time>2020-08-05T12:40:24.000Z</time>
        <extensions>
          <ns3:TrackPointExtension/>
        </extensions>
      </trkpt>
      <trkpt lat="39.8932079784572124481201171875" lon="116.646139919757843017578125">
        <ele>29</ele>
        <time>2020-08-05T12:40:24.000Z</time>
        <extensions>
          <ns3:TrackPointExtension/>
        </extensions>
      </trkpt>
      <trkpt lat="39.893226921558380126953125" lon="116.64615995250642299652099609375">
        <ele>29</ele>
        <time>2020-08-05T12:40:31.000Z</time>
        <extensions>
          <ns3:TrackPointExtension/>
        </extensions>
      </trkpt>
      <trkpt lat="39.89324594847857952117919921875" lon="116.64616397581994533538818359375">
        <ele>29</ele>
        <time>2020-08-05T12:40:31.000Z</time>
        <extensions>
          <ns3:TrackPointExtension/>
        </extensions>
      </trkpt>
      <trkpt lat="39.8932649753987789154052734375" lon="116.6461699269711971282958984375">
        <ele>29</ele>
        <time>2020-08-05T12:40:31.000Z</time>
        <extensions>
          <ns3:TrackPointExtension/>
        </extensions>
      </trkpt>
      <trkpt lat="39.89327997900545597076416015625" lon="116.6461699269711971282958984375">
        <ele>29</ele>
        <time>2020-08-05T12:40:31.000Z</time>
        <extensions>
          <ns3:TrackPointExtension/>
        </extensions>
      </trkpt>
      <trkpt lat="39.89329992793500423431396484375" lon="116.64618995971977710723876953125">
        <ele>29</ele>
        <time>2020-08-05T12:40:31.000Z</time>
        <extensions>
          <ns3:TrackPointExtension/>
        </extensions>
      </trkpt>
      <trkpt lat="39.8933199606835842132568359375" lon="116.64619398303329944610595703125">
        <ele>29</ele>
        <time>2020-08-05T12:40:31.000Z</time>
        <extensions>
          <ns3:TrackPointExtension/>
        </extensions>
      </trkpt>
      <trkpt lat="39.89333999343216419219970703125" lon="116.646199934184551239013671875">
        <ele>29</ele>
        <time>2020-08-05T12:40:31.000Z</time>
        <extensions>
          <ns3:TrackPointExtension/>
        </extensions>
      </trkpt>
      <trkpt lat="39.89336396567523479461669921875" lon="116.64622499607503414154052734375">
        <ele>29</ele>
        <time>2020-08-05T12:40:38.000Z</time>
        <extensions>
          <ns3:TrackPointExtension/>
        </extensions>
      </trkpt>
      <trkpt lat="39.89338994957506656646728515625" lon="116.6462299413979053497314453125">
        <ele>29</ele>
        <time>2020-08-05T12:40:38.000Z</time>
        <extensions>
          <ns3:TrackPointExtension/>
        </extensions>
      </trkpt>
      <trkpt lat="39.89341693930327892303466796875" lon="116.64624997414648532867431640625">
        <ele>29</ele>
        <time>2020-08-05T12:40:38.000Z</time>
        <extensions>
          <ns3:TrackPointExtension/>
        </extensions>
      </trkpt>
      <trkpt lat="39.8934399895370006561279296875" lon="116.64625994861125946044921875">
        <ele>29</ele>
        <time>2020-08-05T12:40:38.000Z</time>
        <extensions>
          <ns3:TrackPointExtension/>
        </extensions>
      </trkpt>
      <trkpt lat="39.893462955951690673828125" lon="116.64627998135983943939208984375">
        <ele>29</ele>
        <time>2020-08-05T12:40:38.000Z</time>
        <extensions>
          <ns3:TrackPointExtension/>
        </extensions>
      </trkpt>
      <trkpt lat="39.8934859223663806915283203125" lon="116.6462859325110912322998046875">
        <ele>29</ele>
        <time>2020-08-05T12:40:38.000Z</time>
        <extensions>
          <ns3:TrackPointExtension/>
        </extensions>
      </trkpt>
      <trkpt lat="39.89350494928658008575439453125" lon="116.64630998857319355010986328125">
        <ele>29</ele>
        <time>2020-08-05T12:40:38.000Z</time>
        <extensions>
          <ns3:TrackPointExtension/>
        </extensions>
      </trkpt>
      <trkpt lat="39.89352397620677947998046875" lon="116.646319963037967681884765625">
        <ele>29</ele>
        <time>2020-08-05T12:40:45.000Z</time>
        <extensions>
          <ns3:TrackPointExtension/>
        </extensions>
      </trkpt>
      <trkpt lat="39.8935429193079471588134765625" lon="116.64632993750274181365966796875">
        <ele>29</ele>
        <time>2020-08-05T12:40:45.000Z</time>
        <extensions>
          <ns3:TrackPointExtension/>
        </extensions>
      </trkpt>
      <trkpt lat="39.89356596954166889190673828125" lon="116.64633999578654766082763671875">
        <ele>29</ele>
        <time>2020-08-05T12:40:45.000Z</time>
        <extensions>
          <ns3:TrackPointExtension/>
        </extensions>
      </trkpt>
      <trkpt lat="39.8935849964618682861328125" lon="116.6463499702513217926025390625">
        <ele>29</ele>
        <time>2020-08-05T12:40:45.000Z</time>
        <extensions>
          <ns3:TrackPointExtension/>
        </extensions>
      </trkpt>
      <trkpt lat="39.8936099745333194732666015625" lon="116.64635994471609592437744140625">
        <ele>29</ele>
        <time>2020-08-05T12:40:45.000Z</time>
        <extensions>
          <ns3:TrackPointExtension/>
        </extensions>
      </trkpt>
      <trkpt lat="39.89362992346286773681640625" lon="116.64635994471609592437744140625">
        <ele>29</ele>
        <time>2020-08-05T12:40:45.000Z</time>
        <extensions>
          <ns3:TrackPointExtension/>
        </extensions>
      </trkpt>
      <trkpt lat="39.89365397952497005462646484375" lon="116.64635994471609592437744140625">
        <ele>28.799999237060546875</ele>
        <time>2020-08-05T12:40:45.000Z</time>
        <extensions>
          <ns3:TrackPointExtension/>
        </extensions>
      </trkpt>
      <trkpt lat="39.89367292262613773345947265625" lon="116.64635994471609592437744140625">
        <ele>28.799999237060546875</ele>
        <time>2020-08-05T12:40:52.000Z</time>
        <extensions>
          <ns3:TrackPointExtension/>
        </extensions>
      </trkpt>
      <trkpt lat="39.893691949546337127685546875" lon="116.6463499702513217926025390625">
        <ele>28.799999237060546875</ele>
        <time>2020-08-05T12:40:52.000Z</time>
        <extensions>
          <ns3:TrackPointExtension/>
        </extensions>
      </trkpt>
      <trkpt lat="39.89370695315301418304443359375" lon="116.64632993750274181365966796875">
        <ele>28.799999237060546875</ele>
        <time>2020-08-05T12:40:52.000Z</time>
        <extensions>
          <ns3:TrackPointExtension/>
        </extensions>
      </trkpt>
      <trkpt lat="39.8937259800732135772705078125" lon="116.646319963037967681884765625">
        <ele>28.799999237060546875</ele>
        <time>2020-08-05T12:40:52.000Z</time>
        <extensions>
          <ns3:TrackPointExtension/>
        </extensions>
      </trkpt>
      <trkpt lat="39.893744923174381256103515625" lon="116.64629993028938770294189453125">
        <ele>28.799999237060546875</ele>
        <time>2020-08-05T12:40:52.000Z</time>
        <extensions>
          <ns3:TrackPointExtension/>
        </extensions>
      </trkpt>
      <trkpt lat="39.89375992678105831146240234375" lon="116.64627998135983943939208984375">
        <ele>28.799999237060546875</ele>
        <time>2020-08-05T12:40:52.000Z</time>
        <extensions>
          <ns3:TrackPointExtension/>
        </extensions>
      </trkpt>
      <trkpt lat="39.8937799595296382904052734375" lon="116.64625994861125946044921875">
        <ele>28.6000003814697265625</ele>
        <time>2020-08-05T12:40:52.000Z</time>
        <extensions>
          <ns3:TrackPointExtension/>
        </extensions>
      </trkpt>
      <trkpt lat="39.89379496313631534576416015625" lon="116.64624997414648532867431640625">
        <ele>28.6000003814697265625</ele>
        <time>2020-08-05T12:40:59.000Z</time>
        <extensions>
          <ns3:TrackPointExtension/>
        </extensions>
      </trkpt>
      <trkpt lat="39.893805943429470062255859375" lon="116.64622499607503414154052734375">
        <ele>28.6000003814697265625</ele>
        <time>2020-08-05T12:40:59.000Z</time>
        <extensions>
          <ns3:TrackPointExtension/>
        </extensions>
      </trkpt>
      <trkpt lat="39.89381792955100536346435546875" lon="116.646199934184551239013671875">
        <ele>28.6000003814697265625</ele>
        <time>2020-08-05T12:40:59.000Z</time>
        <extensions>
          <ns3:TrackPointExtension/>
        </extensions>
      </trkpt>
      <trkpt lat="39.89382597617805004119873046875" lon="116.64618995971977710723876953125">
        <ele>28.6000003814697265625</ele>
        <time>2020-08-05T12:40:59.000Z</time>
        <extensions>
          <ns3:TrackPointExtension/>
        </extensions>
      </trkpt>
      <trkpt lat="39.8938369564712047576904296875" lon="116.64615995250642299652099609375">
        <ele>28.6000003814697265625</ele>
        <time>2020-08-05T12:40:59.000Z</time>
        <extensions>
          <ns3:TrackPointExtension/>
        </extensions>
      </trkpt>
      <trkpt lat="39.89384994842112064361572265625" lon="116.64612994529306888580322265625">
        <ele>28.6000003814697265625</ele>
        <time>2020-08-05T12:40:59.000Z</time>
        <extensions>
          <ns3:TrackPointExtension/>
        </extensions>
      </trkpt>
      <trkpt lat="39.89385598339140415191650390625" lon="116.64609993807971477508544921875">
        <ele>28.3999996185302734375</ele>
        <time>2020-08-05T12:40:59.000Z</time>
        <extensions>
          <ns3:TrackPointExtension/>
        </extensions>
      </trkpt>
      <trkpt lat="39.89386998116970062255859375" lon="116.64606993086636066436767578125">
        <ele>28.3999996185302734375</ele>
        <time>2020-08-05T12:41:06.000Z</time>
        <extensions>
          <ns3:TrackPointExtension/>
        </extensions>
      </trkpt>
      <trkpt lat="39.89388297311961650848388671875" lon="116.64604998193681240081787109375">
        <ele>28.3999996185302734375</ele>
        <time>2020-08-05T12:41:06.000Z</time>
        <extensions>
          <ns3:TrackPointExtension/>
        </extensions>
      </trkpt>
      <trkpt lat="39.8938999883830547332763671875" lon="116.6460339725017547607421875">
        <ele>28.3999996185302734375</ele>
        <time>2020-08-05T12:41:06.000Z</time>
        <extensions>
          <ns3:TrackPointExtension/>
        </extensions>
      </trkpt>
      <trkpt lat="39.893919937312602996826171875" lon="116.64600991643965244293212890625">
        <ele>28.3999996185302734375</ele>
        <time>2020-08-05T12:41:06.000Z</time>
        <extensions>
          <ns3:TrackPointExtension/>
        </extensions>
      </trkpt>
      <trkpt lat="39.89393997006118297576904296875" lon="116.64598996751010417938232421875">
        <ele>28.3999996185302734375</ele>
        <time>2020-08-05T12:41:06.000Z</time>
        <extensions>
          <ns3:TrackPointExtension/>
        </extensions>
      </trkpt>
      <trkpt lat="39.89395991899073123931884765625" lon="116.645979993045330047607421875">
        <ele>28.3999996185302734375</ele>
        <time>2020-08-05T12:41:06.000Z</time>
        <extensions>
          <ns3:TrackPointExtension/>
        </extensions>
      </trkpt>
      <trkpt lat="39.8939819633960723876953125" lon="116.645969934761524200439453125">
        <ele>28.3999996185302734375</ele>
        <time>2020-08-05T12:41:06.000Z</time>
        <extensions>
          <ns3:TrackPointExtension/>
        </extensions>
      </trkpt>
      <trkpt lat="39.8940049298107624053955078125" lon="116.64595996029675006866455078125">
        <ele>28.3999996185302734375</ele>
        <time>2020-08-05T12:41:13.000Z</time>
        <extensions>
          <ns3:TrackPointExtension/>
        </extensions>
      </trkpt>
      <trkpt lat="39.89402798004448413848876953125" lon="116.64595996029675006866455078125">
        <ele>28.200000762939453125</ele>
        <time>2020-08-05T12:41:13.000Z</time>
        <extensions>
          <ns3:TrackPointExtension/>
        </extensions>
      </trkpt>
      <trkpt lat="39.89404994063079357147216796875" lon="116.6459499858319759368896484375">
        <ele>28.200000762939453125</ele>
        <time>2020-08-05T12:41:13.000Z</time>
        <extensions>
          <ns3:TrackPointExtension/>
        </extensions>
      </trkpt>
      <trkpt lat="39.8940729908645153045654296875" lon="116.64595996029675006866455078125">
        <ele>28.200000762939453125</ele>
        <time>2020-08-05T12:41:13.000Z</time>
        <extensions>
          <ns3:TrackPointExtension/>
        </extensions>
      </trkpt>
      <trkpt lat="39.8940999805927276611328125" lon="116.64595996029675006866455078125">
        <ele>28.200000762939453125</ele>
        <time>2020-08-05T12:41:13.000Z</time>
        <extensions>
          <ns3:TrackPointExtension/>
        </extensions>
      </trkpt>
      <trkpt lat="39.8941269703209400177001953125" lon="116.645969934761524200439453125">
        <ele>28.200000762939453125</ele>
        <time>2020-08-05T12:41:13.000Z</time>
        <extensions>
          <ns3:TrackPointExtension/>
        </extensions>
      </trkpt>
      <trkpt lat="39.894149936735630035400390625" lon="116.645969934761524200439453125">
        <ele>28.200000762939453125</ele>
        <time>2020-08-05T12:41:13.000Z</time>
        <extensions>
          <ns3:TrackPointExtension/>
        </extensions>
      </trkpt>
      <trkpt lat="39.8941759206354618072509765625" lon="116.645979993045330047607421875">
        <ele>28.200000762939453125</ele>
        <time>2020-08-05T12:41:20.000Z</time>
        <extensions>
          <ns3:TrackPointExtension/>
        </extensions>
      </trkpt>
      <trkpt lat="39.89420299418270587921142578125" lon="116.6459999419748783111572265625">
        <ele>28.200000762939453125</ele>
        <time>2020-08-05T12:41:20.000Z</time>
        <extensions>
          <ns3:TrackPointExtension/>
        </extensions>
      </trkpt>
      <trkpt lat="39.89422998391091823577880859375" lon="116.64600991643965244293212890625">
        <ele>28.200000762939453125</ele>
        <time>2020-08-05T12:41:20.000Z</time>
        <extensions>
          <ns3:TrackPointExtension/>
        </extensions>
      </trkpt>
      <trkpt lat="39.89425295032560825347900390625" lon="116.64601997472345829010009765625">
        <ele>28.200000762939453125</ele>
        <time>2020-08-05T12:41:20.000Z</time>
        <extensions>
          <ns3:TrackPointExtension/>
        </extensions>
      </trkpt>
      <trkpt lat="39.89427591674029827117919921875" lon="116.6460339725017547607421875">
        <ele>28.200000762939453125</ele>
        <time>2020-08-05T12:41:20.000Z</time>
        <extensions>
          <ns3:TrackPointExtension/>
        </extensions>
      </trkpt>
      <trkpt lat="39.8942949436604976654052734375" lon="116.64603992365300655364990234375">
        <ele>28.200000762939453125</ele>
        <time>2020-08-05T12:41:20.000Z</time>
        <extensions>
          <ns3:TrackPointExtension/>
        </extensions>
      </trkpt>
      <trkpt lat="39.8943199217319488525390625" lon="116.64604998193681240081787109375">
        <ele>28.200000762939453125</ele>
        <time>2020-08-05T12:41:20.000Z</time>
        <extensions>
          <ns3:TrackPointExtension/>
        </extensions>
      </trkpt>
      <trkpt lat="39.89433995448052883148193359375" lon="116.6460649855434894561767578125">
        <ele>28.200000762939453125</ele>
        <time>2020-08-05T12:41:27.000Z</time>
        <extensions>
          <ns3:TrackPointExtension/>
        </extensions>
      </trkpt>
      <trkpt lat="39.89436292089521884918212890625" lon="116.64606993086636066436767578125">
        <ele>28.200000762939453125</ele>
        <time>2020-08-05T12:41:27.000Z</time>
        <extensions>
          <ns3:TrackPointExtension/>
        </extensions>
      </trkpt>
      <trkpt lat="39.894379936158657073974609375" lon="116.64607998915016651153564453125">
        <ele>28.200000762939453125</ele>
        <time>2020-08-05T12:41:27.000Z</time>
        <extensions>
          <ns3:TrackPointExtension/>
        </extensions>
      </trkpt>
      <trkpt lat="39.89439996890723705291748046875" lon="116.64609499275684356689453125">
        <ele>28.200000762939453125</ele>
        <time>2020-08-05T12:41:27.000Z</time>
        <extensions>
          <ns3:TrackPointExtension/>
        </extensions>
      </trkpt>
      <trkpt lat="39.89441991783678531646728515625" lon="116.64610999636352062225341796875">
        <ele>28.200000762939453125</ele>
        <time>2020-08-05T12:41:27.000Z</time>
        <extensions>
          <ns3:TrackPointExtension/>
        </extensions>
      </trkpt>
      <trkpt lat="39.89443995058536529541015625" lon="116.64612592197954654693603515625">
        <ele>28.200000762939453125</ele>
        <time>2020-08-05T12:41:27.000Z</time>
        <extensions>
          <ns3:TrackPointExtension/>
        </extensions>
      </trkpt>
      <trkpt lat="39.89445998333394527435302734375" lon="116.64612994529306888580322265625">
        <ele>28.200000762939453125</ele>
        <time>2020-08-05T12:41:27.000Z</time>
        <extensions>
          <ns3:TrackPointExtension/>
        </extensions>
      </trkpt>
      <trkpt lat="39.89447792060673236846923828125" lon="116.64615995250642299652099609375">
        <ele>28.200000762939453125</ele>
        <time>2020-08-05T12:41:34.000Z</time>
        <extensions>
          <ns3:TrackPointExtension/>
        </extensions>
      </trkpt>
      <trkpt lat="39.8944969475269317626953125" lon="116.64615995250642299652099609375">
        <ele>28.200000762939453125</ele>
        <time>2020-08-05T12:41:34.000Z</time>
        <extensions>
          <ns3:TrackPointExtension/>
        </extensions>
      </trkpt>
      <trkpt lat="39.89451597444713115692138671875" lon="116.64616397581994533538818359375">
        <ele>28.200000762939453125</ele>
        <time>2020-08-05T12:41:34.000Z</time>
        <extensions>
          <ns3:TrackPointExtension/>
        </extensions>
      </trkpt>
      <trkpt lat="39.8945299722254276275634765625" lon="116.6461699269711971282958984375">
        <ele>28.200000762939453125</ele>
        <time>2020-08-05T12:41:34.000Z</time>
        <extensions>
          <ns3:TrackPointExtension/>
        </extensions>
      </trkpt>
      <trkpt lat="39.89454992115497589111328125" lon="116.64618995971977710723876953125">
        <ele>28.200000762939453125</ele>
        <time>2020-08-05T12:41:34.000Z</time>
        <extensions>
          <ns3:TrackPointExtension/>
        </extensions>
      </trkpt>
      <trkpt lat="39.89456995390355587005615234375" lon="116.64619398303329944610595703125">
        <ele>28.200000762939453125</ele>
        <time>2020-08-05T12:41:34.000Z</time>
        <extensions>
          <ns3:TrackPointExtension/>
        </extensions>
      </trkpt>
      <trkpt lat="39.8945899866521358489990234375" lon="116.646199934184551239013671875">
        <ele>28.200000762939453125</ele>
        <time>2020-08-05T12:41:34.000Z</time>
        <extensions>
          <ns3:TrackPointExtension/>
        </extensions>
      </trkpt>
      <trkpt lat="39.89460398443043231964111328125" lon="116.64621996693313121795654296875">
        <ele>28.200000762939453125</ele>
        <time>2020-08-05T12:41:41.000Z</time>
        <extensions>
          <ns3:TrackPointExtension/>
        </extensions>
      </trkpt>
      <trkpt lat="39.89462292753159999847412109375" lon="116.6462299413979053497314453125">
        <ele>28.200000762939453125</ele>
        <time>2020-08-05T12:41:41.000Z</time>
        <extensions>
          <ns3:TrackPointExtension/>
        </extensions>
      </trkpt>
      <trkpt lat="39.8946459777653217315673828125" lon="116.64624997414648532867431640625">
        <ele>28.3999996185302734375</ele>
        <time>2020-08-05T12:41:41.000Z</time>
        <extensions>
          <ns3:TrackPointExtension/>
        </extensions>
      </trkpt>
      <trkpt lat="39.894669950008392333984375" lon="116.646254919469356536865234375">
        <ele>28.3999996185302734375</ele>
        <time>2020-08-05T12:41:41.000Z</time>
        <extensions>
          <ns3:TrackPointExtension/>
        </extensions>
      </trkpt>
      <trkpt lat="39.8946949280798435211181640625" lon="116.64627998135983943939208984375">
        <ele>28.3999996185302734375</ele>
        <time>2020-08-05T12:41:41.000Z</time>
        <extensions>
          <ns3:TrackPointExtension/>
        </extensions>
      </trkpt>
      <trkpt lat="39.89471998997032642364501953125" lon="116.6462859325110912322998046875">
        <ele>28.3999996185302734375</ele>
        <time>2020-08-05T12:41:41.000Z</time>
        <extensions>
          <ns3:TrackPointExtension/>
        </extensions>
      </trkpt>
      <trkpt lat="39.89474999718368053436279296875" lon="116.64630998857319355010986328125">
        <ele>28.3999996185302734375</ele>
        <time>2020-08-05T12:41:41.000Z</time>
        <extensions>
          <ns3:TrackPointExtension/>
        </extensions>
      </trkpt>
      <trkpt lat="39.89476994611322879791259765625" lon="116.646319963037967681884765625">
        <ele>28.6000003814697265625</ele>
        <time>2020-08-05T12:41:48.000Z</time>
        <extensions>
          <ns3:TrackPointExtension/>
        </extensions>
      </trkpt>
      <trkpt lat="39.89478997886180877685546875" lon="116.64632993750274181365966796875">
        <ele>28.6000003814697265625</ele>
        <time>2020-08-05T12:41:48.000Z</time>
        <extensions>
          <ns3:TrackPointExtension/>
        </extensions>
      </trkpt>
      <trkpt lat="39.89480598829686641693115234375" lon="116.64633999578654766082763671875">
        <ele>28.6000003814697265625</ele>
        <time>2020-08-05T12:41:48.000Z</time>
        <extensions>
          <ns3:TrackPointExtension/>
        </extensions>
      </trkpt>
      <trkpt lat="39.8948199860751628875732421875" lon="116.64633999578654766082763671875">
        <ele>28.6000003814697265625</ele>
        <time>2020-08-05T12:41:48.000Z</time>
        <extensions>
          <ns3:TrackPointExtension/>
        </extensions>
      </trkpt>
      <trkpt lat="39.89483297802507877349853515625" lon="116.6463499702513217926025390625">
        <ele>28.6000003814697265625</ele>
        <time>2020-08-05T12:41:48.000Z</time>
        <extensions>
          <ns3:TrackPointExtension/>
        </extensions>
      </trkpt>
      <trkpt lat="39.894849993288516998291015625" lon="116.64635994471609592437744140625">
        <ele>28.6000003814697265625</ele>
        <time>2020-08-05T12:41:48.000Z</time>
        <extensions>
          <ns3:TrackPointExtension/>
        </extensions>
      </trkpt>
      <trkpt lat="39.8948699422180652618408203125" lon="116.64636991918087005615234375">
        <ele>28.6000003814697265625</ele>
        <time>2020-08-05T12:41:48.000Z</time>
        <extensions>
          <ns3:TrackPointExtension/>
        </extensions>
      </trkpt>
      <trkpt lat="39.89489399828016757965087890625" lon="116.64636991918087005615234375">
        <ele>28.6000003814697265625</ele>
        <time>2020-08-05T12:41:55.000Z</time>
        <extensions>
          <ns3:TrackPointExtension/>
        </extensions>
      </trkpt>
      <trkpt lat="39.89491998217999935150146484375" lon="116.6463799774646759033203125">
        <ele>28.6000003814697265625</ele>
        <time>2020-08-05T12:41:55.000Z</time>
        <extensions>
          <ns3:TrackPointExtension/>
        </extensions>
      </trkpt>
      <trkpt lat="39.89494697190821170806884765625" lon="116.6463999263942241668701171875">
        <ele>28.6000003814697265625</ele>
        <time>2020-08-05T12:41:55.000Z</time>
        <extensions>
          <ns3:TrackPointExtension/>
        </extensions>
      </trkpt>
      <trkpt lat="39.89497396163642406463623046875" lon="116.6464099846780300140380859375">
        <ele>28.799999237060546875</ele>
        <time>2020-08-05T12:41:55.000Z</time>
        <extensions>
          <ns3:TrackPointExtension/>
        </extensions>
      </trkpt>
      <trkpt lat="39.89499994553625583648681640625" lon="116.64641995914280414581298828125">
        <ele>28.799999237060546875</ele>
        <time>2020-08-05T12:41:55.000Z</time>
        <extensions>
          <ns3:TrackPointExtension/>
        </extensions>
      </trkpt>
      <trkpt lat="39.8950199782848358154296875" lon="116.646429933607578277587890625">
        <ele>28.799999237060546875</ele>
        <time>2020-08-05T12:41:55.000Z</time>
        <extensions>
          <ns3:TrackPointExtension/>
        </extensions>
      </trkpt>
      <trkpt lat="39.8950459621846675872802734375" lon="116.646429933607578277587890625">
        <ele>28.799999237060546875</ele>
        <time>2020-08-05T12:41:55.000Z</time>
        <extensions>
          <ns3:TrackPointExtension/>
        </extensions>
      </trkpt>
      <trkpt lat="39.895069934427738189697265625" lon="116.646439991891384124755859375">
        <ele>28.799999237060546875</ele>
        <time>2020-08-05T12:42:02.000Z</time>
        <extensions>
          <ns3:TrackPointExtension/>
        </extensions>
      </trkpt>
      <trkpt lat="39.8950999416410923004150390625" lon="116.64645398966968059539794921875">
        <ele>28.799999237060546875</ele>
        <time>2020-08-05T12:42:02.000Z</time>
        <extensions>
          <ns3:TrackPointExtension/>
        </extensions>
      </trkpt>
      <trkpt lat="39.8951299488544464111328125" lon="116.6464599408209323883056640625">
        <ele>28.799999237060546875</ele>
        <time>2020-08-05T12:42:02.000Z</time>
        <extensions>
          <ns3:TrackPointExtension/>
        </extensions>
      </trkpt>
      <trkpt lat="39.8951569385826587677001953125" lon="116.6464699991047382354736328125">
        <ele>28.799999237060546875</ele>
        <time>2020-08-05T12:42:02.000Z</time>
        <extensions>
          <ns3:TrackPointExtension/>
        </extensions>
      </trkpt>
      <trkpt lat="39.89517998881638050079345703125" lon="116.64648399688303470611572265625">
        <ele>29</ele>
        <time>2020-08-05T12:42:02.000Z</time>
        <extensions>
          <ns3:TrackPointExtension/>
        </extensions>
      </trkpt>
      <trkpt lat="39.89520295523107051849365234375" lon="116.6464899480342864990234375">
        <ele>29</ele>
        <time>2020-08-05T12:42:02.000Z</time>
        <extensions>
          <ns3:TrackPointExtension/>
        </extensions>
      </trkpt>
      <trkpt lat="39.89522592164576053619384765625" lon="116.64649992249906063079833984375">
        <ele>29</ele>
        <time>2020-08-05T12:42:02.000Z</time>
        <extensions>
          <ns3:TrackPointExtension/>
        </extensions>
      </trkpt>
      <trkpt lat="39.895244948565959930419921875" lon="116.6465199552476406097412109375">
        <ele>29</ele>
        <time>2020-08-05T12:42:09.000Z</time>
        <extensions>
          <ns3:TrackPointExtension/>
        </extensions>
      </trkpt>
      <trkpt lat="39.89525995217263698577880859375" lon="116.64652992971241474151611328125">
        <ele>29</ele>
        <time>2020-08-05T12:42:09.000Z</time>
        <extensions>
          <ns3:TrackPointExtension/>
        </extensions>
      </trkpt>
      <trkpt lat="39.8952749557793140411376953125" lon="116.646544933319091796875">
        <ele>29</ele>
        <time>2020-08-05T12:42:09.000Z</time>
        <extensions>
          <ns3:TrackPointExtension/>
        </extensions>
      </trkpt>
      <trkpt lat="39.89528694190084934234619140625" lon="116.646549962460994720458984375">
        <ele>29</ele>
        <time>2020-08-05T12:42:09.000Z</time>
        <extensions>
          <ns3:TrackPointExtension/>
        </extensions>
      </trkpt>
      <trkpt lat="39.895297922194004058837890625" lon="116.64655993692576885223388671875">
        <ele>29</ele>
        <time>2020-08-05T12:42:09.000Z</time>
        <extensions>
          <ns3:TrackPointExtension/>
        </extensions>
      </trkpt>
      <trkpt lat="39.895309992134571075439453125" lon="116.6465759463608264923095703125">
        <ele>29</ele>
        <time>2020-08-05T12:42:09.000Z</time>
        <extensions>
          <ns3:TrackPointExtension/>
        </extensions>
      </trkpt>
      <trkpt lat="39.89531996659934520721435546875" lon="116.6465799696743488311767578125">
        <ele>29</ele>
        <time>2020-08-05T12:42:09.000Z</time>
        <extensions>
          <ns3:TrackPointExtension/>
        </extensions>
      </trkpt>
      <trkpt lat="39.8953359760344028472900390625" lon="116.64660997688770294189453125">
        <ele>29</ele>
        <time>2020-08-05T12:42:16.000Z</time>
        <extensions>
          <ns3:TrackPointExtension/>
        </extensions>
      </trkpt>
      <trkpt lat="39.89534997381269931793212890625" lon="116.64661391638219356536865234375">
        <ele>29</ele>
        <time>2020-08-05T12:42:16.000Z</time>
        <extensions>
          <ns3:TrackPointExtension/>
        </extensions>
      </trkpt>
      <trkpt lat="39.895366989076137542724609375" lon="116.64661995135247707366943359375">
        <ele>29</ele>
        <time>2020-08-05T12:42:16.000Z</time>
        <extensions>
          <ns3:TrackPointExtension/>
        </extensions>
      </trkpt>
      <trkpt lat="39.8953859321773052215576171875" lon="116.6466399841010570526123046875">
        <ele>29</ele>
        <time>2020-08-05T12:42:16.000Z</time>
        <extensions>
          <ns3:TrackPointExtension/>
        </extensions>
      </trkpt>
      <trkpt lat="39.89540495909750461578369140625" lon="116.64664492942392826080322265625">
        <ele>29</ele>
        <time>2020-08-05T12:42:16.000Z</time>
        <extensions>
          <ns3:TrackPointExtension/>
        </extensions>
      </trkpt>
      <trkpt lat="39.895419962704181671142578125" lon="116.64664995856583118438720703125">
        <ele>29</ele>
        <time>2020-08-05T12:42:16.000Z</time>
        <extensions>
          <ns3:TrackPointExtension/>
        </extensions>
      </trkpt>
      <trkpt lat="39.8954429291188716888427734375" lon="116.646669991314411163330078125">
        <ele>29</ele>
        <time>2020-08-05T12:42:16.000Z</time>
        <extensions>
          <ns3:TrackPointExtension/>
        </extensions>
      </trkpt>
      <trkpt lat="39.89545994438230991363525390625" lon="116.64667493663728237152099609375">
        <ele>29</ele>
        <time>2020-08-05T12:42:23.000Z</time>
        <extensions>
          <ns3:TrackPointExtension/>
        </extensions>
      </trkpt>
      <trkpt lat="39.895476959645748138427734375" lon="116.6466899402439594268798828125">
        <ele>29</ele>
        <time>2020-08-05T12:42:23.000Z</time>
        <extensions>
          <ns3:TrackPointExtension/>
        </extensions>
      </trkpt>
      <trkpt lat="39.89549296908080577850341796875" lon="116.6466999985277652740478515625">
        <ele>28.799999237060546875</ele>
        <time>2020-08-05T12:42:23.000Z</time>
        <extensions>
          <ns3:TrackPointExtension/>
        </extensions>
      </trkpt>
      <trkpt lat="39.8955099843442440032958984375" lon="116.64670594967901706695556640625">
        <ele>28.799999237060546875</ele>
        <time>2020-08-05T12:42:23.000Z</time>
        <extensions>
          <ns3:TrackPointExtension/>
        </extensions>
      </trkpt>
      <trkpt lat="39.8955349624156951904296875" lon="116.64671994745731353759765625">
        <ele>28.799999237060546875</ele>
        <time>2020-08-05T12:42:23.000Z</time>
        <extensions>
          <ns3:TrackPointExtension/>
        </extensions>
      </trkpt>
      <trkpt lat="39.8955569230020046234130859375" lon="116.64672992192208766937255859375">
        <ele>28.799999237060546875</ele>
        <time>2020-08-05T12:42:23.000Z</time>
        <extensions>
          <ns3:TrackPointExtension/>
        </extensions>
      </trkpt>
      <trkpt lat="39.89558399654924869537353515625" lon="116.64672992192208766937255859375">
        <ele>28.799999237060546875</ele>
        <time>2020-08-05T12:42:23.000Z</time>
        <extensions>
          <ns3:TrackPointExtension/>
        </extensions>
      </trkpt>
      <trkpt lat="39.89560293965041637420654296875" lon="116.64673595689237117767333984375">
        <ele>28.799999237060546875</ele>
        <time>2020-08-05T12:42:30.000Z</time>
        <extensions>
          <ns3:TrackPointExtension/>
        </extensions>
      </trkpt>
      <trkpt lat="39.8956219665706157684326171875" lon="116.64673595689237117767333984375">
        <ele>28.799999237060546875</ele>
        <time>2020-08-05T12:42:30.000Z</time>
        <extensions>
          <ns3:TrackPointExtension/>
        </extensions>
      </trkpt>
      <trkpt lat="39.8956449329853057861328125" lon="116.6467499546706676483154296875">
        <ele>28.6000003814697265625</ele>
        <time>2020-08-05T12:42:30.000Z</time>
        <extensions>
          <ns3:TrackPointExtension/>
        </extensions>
      </trkpt>
      <trkpt lat="39.89566999487578868865966796875" lon="116.64675992913544178009033203125">
        <ele>28.6000003814697265625</ele>
        <time>2020-08-05T12:42:30.000Z</time>
        <extensions>
          <ns3:TrackPointExtension/>
        </extensions>
      </trkpt>
      <trkpt lat="39.895699918270111083984375" lon="116.64676998741924762725830078125">
        <ele>28.6000003814697265625</ele>
        <time>2020-08-05T12:42:30.000Z</time>
        <extensions>
          <ns3:TrackPointExtension/>
        </extensions>
      </trkpt>
      <trkpt lat="39.89572498016059398651123046875" lon="116.64676998741924762725830078125">
        <ele>28.6000003814697265625</ele>
        <time>2020-08-05T12:42:30.000Z</time>
        <extensions>
          <ns3:TrackPointExtension/>
        </extensions>
      </trkpt>
      <trkpt lat="39.89575599320232868194580078125" lon="116.646779961884021759033203125">
        <ele>28.3999996185302734375</ele>
        <time>2020-08-05T12:42:30.000Z</time>
        <extensions>
          <ns3:TrackPointExtension/>
        </extensions>
      </trkpt>
      <trkpt lat="39.8957859165966510772705078125" lon="116.64678993634879589080810546875">
        <ele>28.3999996185302734375</ele>
        <time>2020-08-05T12:42:36.000Z</time>
        <extensions>
          <ns3:TrackPointExtension/>
        </extensions>
      </trkpt>
      <trkpt lat="39.895816929638385772705078125" lon="116.64679999463260173797607421875">
        <ele>28.3999996185302734375</ele>
        <time>2020-08-05T12:42:36.000Z</time>
        <extensions>
          <ns3:TrackPointExtension/>
        </extensions>
      </trkpt>
      <trkpt lat="39.8958439193665981292724609375" lon="116.6468099690973758697509765625">
        <ele>28.200000762939453125</ele>
        <time>2020-08-05T12:42:36.000Z</time>
        <extensions>
          <ns3:TrackPointExtension/>
        </extensions>
      </trkpt>
      <trkpt lat="39.89586998708546161651611328125" lon="116.64681994356215000152587890625">
        <ele>28.200000762939453125</ele>
        <time>2020-08-05T12:42:36.000Z</time>
        <extensions>
          <ns3:TrackPointExtension/>
        </extensions>
      </trkpt>
      <trkpt lat="39.89589697681367397308349609375" lon="116.64681994356215000152587890625">
        <ele>28.200000762939453125</ele>
        <time>2020-08-05T12:42:36.000Z</time>
        <extensions>
          <ns3:TrackPointExtension/>
        </extensions>
      </trkpt>
      <trkpt lat="39.89591994322836399078369140625" lon="116.64681994356215000152587890625">
        <ele>28.200000762939453125</ele>
        <time>2020-08-05T12:42:36.000Z</time>
        <extensions>
          <ns3:TrackPointExtension/>
        </extensions>
      </trkpt>
      <trkpt lat="39.895942993462085723876953125" lon="116.64681994356215000152587890625">
        <ele>28</ele>
        <time>2020-08-05T12:42:36.000Z</time>
        <extensions>
          <ns3:TrackPointExtension/>
        </extensions>
      </trkpt>
      <trkpt lat="39.8959659598767757415771484375" lon="116.64681994356215000152587890625">
        <ele>28</ele>
        <time>2020-08-05T12:42:43.000Z</time>
        <extensions>
          <ns3:TrackPointExtension/>
        </extensions>
      </trkpt>
      <trkpt lat="39.89597694016993045806884765625" lon="116.6468099690973758697509765625">
        <ele>28</ele>
        <time>2020-08-05T12:42:43.000Z</time>
        <extensions>
          <ns3:TrackPointExtension/>
        </extensions>
      </trkpt>
      <trkpt lat="39.89598498679697513580322265625" lon="116.64679999463260173797607421875">
        <ele>28</ele>
        <time>2020-08-05T12:42:43.000Z</time>
        <extensions>
          <ns3:TrackPointExtension/>
        </extensions>
      </trkpt>
      <trkpt lat="39.895989932119846343994140625" lon="116.646779961884021759033203125">
        <ele>27.799999237060546875</ele>
        <time>2020-08-05T12:42:43.000Z</time>
        <extensions>
          <ns3:TrackPointExtension/>
        </extensions>
      </trkpt>
      <trkpt lat="39.895989932119846343994140625" lon="116.64676998741924762725830078125">
        <ele>27.799999237060546875</ele>
        <time>2020-08-05T12:42:43.000Z</time>
        <extensions>
          <ns3:TrackPointExtension/>
        </extensions>
      </trkpt>
      <trkpt lat="39.89598498679697513580322265625" lon="116.6467499546706676483154296875">
        <ele>27.799999237060546875</ele>
        <time>2020-08-05T12:42:43.000Z</time>
        <extensions>
          <ns3:TrackPointExtension/>
        </extensions>
      </trkpt>
      <trkpt lat="39.89597995765507221221923828125" lon="116.64672992192208766937255859375">
        <ele>27.799999237060546875</ele>
        <time>2020-08-05T12:42:43.000Z</time>
        <extensions>
          <ns3:TrackPointExtension/>
        </extensions>
      </trkpt>
      <trkpt lat="39.89597291685640811920166015625" lon="116.6466999985277652740478515625">
        <ele>27.799999237060546875</ele>
        <time>2020-08-05T12:42:50.000Z</time>
        <extensions>
          <ns3:TrackPointExtension/>
        </extensions>
      </trkpt>
      <trkpt lat="39.8959699831902980804443359375" lon="116.64667493663728237152099609375">
        <ele>27.799999237060546875</ele>
        <time>2020-08-05T12:42:50.000Z</time>
        <extensions>
          <ns3:TrackPointExtension/>
        </extensions>
      </trkpt>
      <trkpt lat="39.8959599249064922332763671875" lon="116.64664492942392826080322265625">
        <ele>27.799999237060546875</ele>
        <time>2020-08-05T12:42:50.000Z</time>
        <extensions>
          <ns3:TrackPointExtension/>
        </extensions>
      </trkpt>
      <trkpt lat="39.89595799706876277923583984375" lon="116.64661391638219356536865234375">
        <ele>27.799999237060546875</ele>
        <time>2020-08-05T12:42:50.000Z</time>
        <extensions>
          <ns3:TrackPointExtension/>
        </extensions>
      </trkpt>
      <trkpt lat="39.89595397375524044036865234375" lon="116.6465799696743488311767578125">
        <ele>27.799999237060546875</ele>
        <time>2020-08-05T12:42:50.000Z</time>
        <extensions>
          <ns3:TrackPointExtension/>
        </extensions>
      </trkpt>
      <trkpt lat="39.89594995044171810150146484375" lon="116.64655993692576885223388671875">
        <ele>27.799999237060546875</ele>
        <time>2020-08-05T12:42:50.000Z</time>
        <extensions>
          <ns3:TrackPointExtension/>
        </extensions>
      </trkpt>
      <trkpt lat="39.895942993462085723876953125" lon="116.64652992971241474151611328125">
        <ele>27.799999237060546875</ele>
        <time>2020-08-05T12:42:50.000Z</time>
        <extensions>
          <ns3:TrackPointExtension/>
        </extensions>
      </trkpt>
      <trkpt lat="39.895942993462085723876953125" lon="116.64649992249906063079833984375">
        <ele>27.6000003814697265625</ele>
        <time>2020-08-05T12:42:57.000Z</time>
        <extensions>
          <ns3:TrackPointExtension/>
        </extensions>
      </trkpt>
      <trkpt lat="39.895942993462085723876953125" lon="116.6464699991047382354736328125">
        <ele>27.6000003814697265625</ele>
        <time>2020-08-05T12:42:57.000Z</time>
        <extensions>
          <ns3:TrackPointExtension/>
        </extensions>
      </trkpt>
      <trkpt lat="39.895942993462085723876953125" lon="116.646439991891384124755859375">
        <ele>27.6000003814697265625</ele>
        <time>2020-08-05T12:42:57.000Z</time>
        <extensions>
          <ns3:TrackPointExtension/>
        </extensions>
      </trkpt>
      <trkpt lat="39.895942993462085723876953125" lon="116.6464099846780300140380859375">
        <ele>27.6000003814697265625</ele>
        <time>2020-08-05T12:42:57.000Z</time>
        <extensions>
          <ns3:TrackPointExtension/>
        </extensions>
      </trkpt>
      <trkpt lat="39.895942993462085723876953125" lon="116.6463799774646759033203125">
        <ele>27.6000003814697265625</ele>
        <time>2020-08-05T12:42:57.000Z</time>
        <extensions>
          <ns3:TrackPointExtension/>
        </extensions>
      </trkpt>
      <trkpt lat="39.895942993462085723876953125" lon="116.6463499702513217926025390625">
        <ele>27.3999996185302734375</ele>
        <time>2020-08-05T12:42:57.000Z</time>
        <extensions>
          <ns3:TrackPointExtension/>
        </extensions>
      </trkpt>
      <trkpt lat="39.895942993462085723876953125" lon="116.646319963037967681884765625">
        <ele>27.3999996185302734375</ele>
        <time>2020-08-05T12:42:57.000Z</time>
        <extensions>
          <ns3:TrackPointExtension/>
        </extensions>
      </trkpt>
      <trkpt lat="39.895942993462085723876953125" lon="116.64629993028938770294189453125">
        <ele>27.3999996185302734375</ele>
        <time>2020-08-05T12:43:04.000Z</time>
        <extensions>
          <ns3:TrackPointExtension/>
        </extensions>
      </trkpt>
      <trkpt lat="39.8959399759769439697265625" lon="116.64625994861125946044921875">
        <ele>27.3999996185302734375</ele>
        <time>2020-08-05T12:43:04.000Z</time>
        <extensions>
          <ns3:TrackPointExtension/>
        </extensions>
      </trkpt>
      <trkpt lat="39.8959399759769439697265625" lon="116.64624997414648532867431640625">
        <ele>27.3999996185302734375</ele>
        <time>2020-08-05T12:43:04.000Z</time>
        <extensions>
          <ns3:TrackPointExtension/>
        </extensions>
      </trkpt>
      <trkpt lat="39.8959399759769439697265625" lon="116.64621996693313121795654296875">
        <ele>27.3999996185302734375</ele>
        <time>2020-08-05T12:43:04.000Z</time>
        <extensions>
          <ns3:TrackPointExtension/>
        </extensions>
      </trkpt>
      <trkpt lat="39.8959399759769439697265625" lon="116.64619398303329944610595703125">
        <ele>27.3999996185302734375</ele>
        <time>2020-08-05T12:43:04.000Z</time>
        <extensions>
          <ns3:TrackPointExtension/>
        </extensions>
      </trkpt>
      <trkpt lat="39.8959399759769439697265625" lon="116.64616397581994533538818359375">
        <ele>27.200000762939453125</ele>
        <time>2020-08-05T12:43:04.000Z</time>
        <extensions>
          <ns3:TrackPointExtension/>
        </extensions>
      </trkpt>
      <trkpt lat="39.8959399759769439697265625" lon="116.646139919757843017578125">
        <ele>27.200000762939453125</ele>
        <time>2020-08-05T12:43:04.000Z</time>
        <extensions>
          <ns3:TrackPointExtension/>
        </extensions>
      </trkpt>
      <trkpt lat="39.895942993462085723876953125" lon="116.64610999636352062225341796875">
        <ele>27.200000762939453125</ele>
        <time>2020-08-05T12:43:11.000Z</time>
        <extensions>
          <ns3:TrackPointExtension/>
        </extensions>
      </trkpt>
      <trkpt lat="39.8959399759769439697265625" lon="116.64609499275684356689453125">
        <ele>27.200000762939453125</ele>
        <time>2020-08-05T12:43:11.000Z</time>
        <extensions>
          <ns3:TrackPointExtension/>
        </extensions>
      </trkpt>
      <trkpt lat="39.8959399759769439697265625" lon="116.6460649855434894561767578125">
        <ele>27.200000762939453125</ele>
        <time>2020-08-05T12:43:11.000Z</time>
        <extensions>
          <ns3:TrackPointExtension/>
        </extensions>
      </trkpt>
      <trkpt lat="39.895934946835041046142578125" lon="116.6460339725017547607421875">
        <ele>27.200000762939453125</ele>
        <time>2020-08-05T12:43:11.000Z</time>
        <extensions>
          <ns3:TrackPointExtension/>
        </extensions>
      </trkpt>
      <trkpt lat="39.895934946835041046142578125" lon="116.6459999419748783111572265625">
        <ele>27</ele>
        <time>2020-08-05T12:43:11.000Z</time>
        <extensions>
          <ns3:TrackPointExtension/>
        </extensions>
      </trkpt>
      <trkpt lat="39.895934946835041046142578125" lon="116.645979993045330047607421875">
        <ele>27</ele>
        <time>2020-08-05T12:43:11.000Z</time>
        <extensions>
          <ns3:TrackPointExtension/>
        </extensions>
      </trkpt>
      <trkpt lat="39.895942993462085723876953125" lon="116.6459499858319759368896484375">
        <ele>27</ele>
        <time>2020-08-05T12:43:11.000Z</time>
        <extensions>
          <ns3:TrackPointExtension/>
        </extensions>
      </trkpt>
      <trkpt lat="39.89594693295657634735107421875" lon="116.64592995308339595794677734375">
        <ele>27</ele>
        <time>2020-08-05T12:43:18.000Z</time>
        <extensions>
          <ns3:TrackPointExtension/>
        </extensions>
      </trkpt>
      <trkpt lat="39.89594995044171810150146484375" lon="116.64589994587004184722900390625">
        <ele>27</ele>
        <time>2020-08-05T12:43:18.000Z</time>
        <extensions>
          <ns3:TrackPointExtension/>
        </extensions>
      </trkpt>
      <trkpt lat="39.89595799706876277923583984375" lon="116.64587396197021007537841796875">
        <ele>26.799999237060546875</ele>
        <time>2020-08-05T12:43:18.000Z</time>
        <extensions>
          <ns3:TrackPointExtension/>
        </extensions>
      </trkpt>
      <trkpt lat="39.8959659598767757415771484375" lon="116.64583993144333362579345703125">
        <ele>26.799999237060546875</ele>
        <time>2020-08-05T12:43:18.000Z</time>
        <extensions>
          <ns3:TrackPointExtension/>
        </extensions>
      </trkpt>
      <trkpt lat="39.8959699831902980804443359375" lon="116.64580992422997951507568359375">
        <ele>26.799999237060546875</ele>
        <time>2020-08-05T12:43:18.000Z</time>
        <extensions>
          <ns3:TrackPointExtension/>
        </extensions>
      </trkpt>
      <trkpt lat="39.89597291685640811920166015625" lon="116.64577991701662540435791015625">
        <ele>26.799999237060546875</ele>
        <time>2020-08-05T12:43:18.000Z</time>
        <extensions>
          <ns3:TrackPointExtension/>
        </extensions>
      </trkpt>
      <trkpt lat="39.89597694016993045806884765625" lon="116.645749993622303009033203125">
        <ele>26.6000003814697265625</ele>
        <time>2020-08-05T12:43:18.000Z</time>
        <extensions>
          <ns3:TrackPointExtension/>
        </extensions>
      </trkpt>
      <trkpt lat="39.89597995765507221221923828125" lon="116.6457199864089488983154296875">
        <ele>26.6000003814697265625</ele>
        <time>2020-08-05T12:43:25.000Z</time>
        <extensions>
          <ns3:TrackPointExtension/>
        </extensions>
      </trkpt>
      <trkpt lat="39.895989932119846343994140625" lon="116.64570598863065242767333984375">
        <ele>26.6000003814697265625</ele>
        <time>2020-08-05T12:43:25.000Z</time>
        <extensions>
          <ns3:TrackPointExtension/>
        </extensions>
      </trkpt>
      <trkpt lat="39.895995967090129852294921875" lon="116.64567598141729831695556640625">
        <ele>26.6000003814697265625</ele>
        <time>2020-08-05T12:43:25.000Z</time>
        <extensions>
          <ns3:TrackPointExtension/>
        </extensions>
      </trkpt>
      <trkpt lat="39.89600392989814281463623046875" lon="116.64564496837556362152099609375">
        <ele>26.6000003814697265625</ele>
        <time>2020-08-05T12:43:25.000Z</time>
        <extensions>
          <ns3:TrackPointExtension/>
        </extensions>
      </trkpt>
      <trkpt lat="39.89600996486842632293701171875" lon="116.64561496116220951080322265625">
        <ele>26.6000003814697265625</ele>
        <time>2020-08-05T12:43:25.000Z</time>
        <extensions>
          <ns3:TrackPointExtension/>
        </extensions>
      </trkpt>
      <trkpt lat="39.8960199393332004547119140625" lon="116.64558998309075832366943359375">
        <ele>26.6000003814697265625</ele>
        <time>2020-08-05T12:43:25.000Z</time>
        <extensions>
          <ns3:TrackPointExtension/>
        </extensions>
      </trkpt>
      <trkpt lat="39.8960269801318645477294921875" lon="116.64555997587740421295166015625">
        <ele>26.6000003814697265625</ele>
        <time>2020-08-05T12:43:25.000Z</time>
        <extensions>
          <ns3:TrackPointExtension/>
        </extensions>
      </trkpt>
      <trkpt lat="39.89603796042501926422119140625" lon="116.64552996866405010223388671875">
        <ele>26.6000003814697265625</ele>
        <time>2020-08-05T12:43:32.000Z</time>
        <extensions>
          <ns3:TrackPointExtension/>
        </extensions>
      </trkpt>
      <trkpt lat="39.89603997208178043365478515625" lon="116.64549996145069599151611328125">
        <ele>26.6000003814697265625</ele>
        <time>2020-08-05T12:43:32.000Z</time>
        <extensions>
          <ns3:TrackPointExtension/>
        </extensions>
      </trkpt>
      <trkpt lat="39.89603997208178043365478515625" lon="116.6454799287021160125732421875">
        <ele>26.799999237060546875</ele>
        <time>2020-08-05T12:43:32.000Z</time>
        <extensions>
          <ns3:TrackPointExtension/>
        </extensions>
      </trkpt>
      <trkpt lat="39.89603997208178043365478515625" lon="116.64544992148876190185546875">
        <ele>26.799999237060546875</ele>
        <time>2020-08-05T12:43:32.000Z</time>
        <extensions>
          <ns3:TrackPointExtension/>
        </extensions>
      </trkpt>
      <trkpt lat="39.89603997208178043365478515625" lon="116.6454239375889301300048828125">
        <ele>26.799999237060546875</ele>
        <time>2020-08-05T12:43:32.000Z</time>
        <extensions>
          <ns3:TrackPointExtension/>
        </extensions>
      </trkpt>
      <trkpt lat="39.89603997208178043365478515625" lon="116.64538999088108539581298828125">
        <ele>27</ele>
        <time>2020-08-05T12:43:32.000Z</time>
        <extensions>
          <ns3:TrackPointExtension/>
        </extensions>
      </trkpt>
      <trkpt lat="39.89603997208178043365478515625" lon="116.64535998366773128509521484375">
        <ele>27</ele>
        <time>2020-08-05T12:43:32.000Z</time>
        <extensions>
          <ns3:TrackPointExtension/>
        </extensions>
      </trkpt>
      <trkpt lat="39.89603997208178043365478515625" lon="116.64532997645437717437744140625">
        <ele>27</ele>
        <time>2020-08-05T12:43:39.000Z</time>
        <extensions>
          <ns3:TrackPointExtension/>
        </extensions>
      </trkpt>
      <trkpt lat="39.89603796042501926422119140625" lon="116.64529996924102306365966796875">
        <ele>27.200000762939453125</ele>
        <time>2020-08-05T12:43:39.000Z</time>
        <extensions>
          <ns3:TrackPointExtension/>
        </extensions>
      </trkpt>
      <trkpt lat="39.89603393711149692535400390625" lon="116.6452599875628948211669921875">
        <ele>27.200000762939453125</ele>
        <time>2020-08-05T12:43:39.000Z</time>
        <extensions>
          <ns3:TrackPointExtension/>
        </extensions>
      </trkpt>
      <trkpt lat="39.89603393711149692535400390625" lon="116.64522998034954071044921875">
        <ele>27.3999996185302734375</ele>
        <time>2020-08-05T12:43:39.000Z</time>
        <extensions>
          <ns3:TrackPointExtension/>
        </extensions>
      </trkpt>
      <trkpt lat="39.89603796042501926422119140625" lon="116.6451949439942836761474609375">
        <ele>27.3999996185302734375</ele>
        <time>2020-08-05T12:43:39.000Z</time>
        <extensions>
          <ns3:TrackPointExtension/>
        </extensions>
      </trkpt>
      <trkpt lat="39.89603997208178043365478515625" lon="116.645163930952548980712890625">
        <ele>27.3999996185302734375</ele>
        <time>2020-08-05T12:43:39.000Z</time>
        <extensions>
          <ns3:TrackPointExtension/>
        </extensions>
      </trkpt>
      <trkpt lat="39.8960459232330322265625" lon="116.6451339237391948699951171875">
        <ele>27.6000003814697265625</ele>
        <time>2020-08-05T12:43:39.000Z</time>
        <extensions>
          <ns3:TrackPointExtension/>
        </extensions>
      </trkpt>
      <trkpt lat="39.8960499465465545654296875" lon="116.64509595371782779693603515625">
        <ele>27.6000003814697265625</ele>
        <time>2020-08-05T12:43:46.000Z</time>
        <extensions>
          <ns3:TrackPointExtension/>
        </extensions>
      </trkpt>
      <trkpt lat="39.896056987345218658447265625" lon="116.6450799442827701568603515625">
        <ele>27.6000003814697265625</ele>
        <time>2020-08-05T12:43:46.000Z</time>
        <extensions>
          <ns3:TrackPointExtension/>
        </extensions>
      </trkpt>
      <trkpt lat="39.89606495015323162078857421875" lon="116.645049937069416046142578125">
        <ele>27.799999237060546875</ele>
        <time>2020-08-05T12:43:46.000Z</time>
        <extensions>
          <ns3:TrackPointExtension/>
        </extensions>
      </trkpt>
      <trkpt lat="39.89607199095189571380615234375" lon="116.6450199298560619354248046875">
        <ele>27.799999237060546875</ele>
        <time>2020-08-05T12:43:46.000Z</time>
        <extensions>
          <ns3:TrackPointExtension/>
        </extensions>
      </trkpt>
      <trkpt lat="39.8960759304463863372802734375" lon="116.644999980926513671875">
        <ele>27.799999237060546875</ele>
        <time>2020-08-05T12:43:46.000Z</time>
        <extensions>
          <ns3:TrackPointExtension/>
        </extensions>
      </trkpt>
      <trkpt lat="39.8960839770734310150146484375" lon="116.6449659503996372222900390625">
        <ele>28</ele>
        <time>2020-08-05T12:43:46.000Z</time>
        <extensions>
          <ns3:TrackPointExtension/>
        </extensions>
      </trkpt>
      <trkpt lat="39.89608992822468280792236328125" lon="116.644939966499805450439453125">
        <ele>28</ele>
        <time>2020-08-05T12:43:46.000Z</time>
        <extensions>
          <ns3:TrackPointExtension/>
        </extensions>
      </trkpt>
      <trkpt lat="39.89609495736658573150634765625" lon="116.6449099592864513397216796875">
        <ele>28</ele>
        <time>2020-08-05T12:43:53.000Z</time>
        <extensions>
          <ns3:TrackPointExtension/>
        </extensions>
      </trkpt>
      <trkpt lat="39.89609998650848865509033203125" lon="116.64487995207309722900390625">
        <ele>28.200000762939453125</ele>
        <time>2020-08-05T12:43:53.000Z</time>
        <extensions>
          <ns3:TrackPointExtension/>
        </extensions>
      </trkpt>
      <trkpt lat="39.89609998650848865509033203125" lon="116.6448499448597431182861328125">
        <ele>28.200000762939453125</ele>
        <time>2020-08-05T12:43:53.000Z</time>
        <extensions>
          <ns3:TrackPointExtension/>
        </extensions>
      </trkpt>
      <trkpt lat="39.89609998650848865509033203125" lon="116.644819937646389007568359375">
        <ele>28.200000762939453125</ele>
        <time>2020-08-05T12:43:53.000Z</time>
        <extensions>
          <ns3:TrackPointExtension/>
        </extensions>
      </trkpt>
      <trkpt lat="39.89609998650848865509033203125" lon="116.6447899304330348968505859375">
        <ele>28.200000762939453125</ele>
        <time>2020-08-05T12:43:53.000Z</time>
        <extensions>
          <ns3:TrackPointExtension/>
        </extensions>
      </trkpt>
      <trkpt lat="39.89609998650848865509033203125" lon="116.64474994875490665435791015625">
        <ele>28.200000762939453125</ele>
        <time>2020-08-05T12:43:53.000Z</time>
        <extensions>
          <ns3:TrackPointExtension/>
        </extensions>
      </trkpt>
      <trkpt lat="39.89609998650848865509033203125" lon="116.64471994154155254364013671875">
        <ele>28.200000762939453125</ele>
        <time>2020-08-05T12:43:53.000Z</time>
        <extensions>
          <ns3:TrackPointExtension/>
        </extensions>
      </trkpt>
      <trkpt lat="39.89608992822468280792236328125" lon="116.64469999261200428009033203125">
        <ele>28.200000762939453125</ele>
        <time>2020-08-05T12:44:00.000Z</time>
        <extensions>
          <ns3:TrackPointExtension/>
        </extensions>
      </trkpt>
      <trkpt lat="39.89608791656792163848876953125" lon="116.64466998539865016937255859375">
        <ele>28.200000762939453125</ele>
        <time>2020-08-05T12:44:00.000Z</time>
        <extensions>
          <ns3:TrackPointExtension/>
        </extensions>
      </trkpt>
      <trkpt lat="39.8960799537599086761474609375" lon="116.64463997818529605865478515625">
        <ele>28.200000762939453125</ele>
        <time>2020-08-05T12:44:00.000Z</time>
        <extensions>
          <ns3:TrackPointExtension/>
        </extensions>
      </trkpt>
      <trkpt lat="39.89607199095189571380615234375" lon="116.64460997097194194793701171875">
        <ele>28</ele>
        <time>2020-08-05T12:44:00.000Z</time>
        <extensions>
          <ns3:TrackPointExtension/>
        </extensions>
      </trkpt>
      <trkpt lat="39.89606495015323162078857421875" lon="116.64457996375858783721923828125">
        <ele>28</ele>
        <time>2020-08-05T12:44:00.000Z</time>
        <extensions>
          <ns3:TrackPointExtension/>
        </extensions>
      </trkpt>
      <trkpt lat="39.89606997929513454437255859375" lon="116.64454995654523372650146484375">
        <ele>28</ele>
        <time>2020-08-05T12:44:00.000Z</time>
        <extensions>
          <ns3:TrackPointExtension/>
        </extensions>
      </trkpt>
      <trkpt lat="39.8960759304463863372802734375" lon="116.64451994933187961578369140625">
        <ele>28</ele>
        <time>2020-08-05T12:44:00.000Z</time>
        <extensions>
          <ns3:TrackPointExtension/>
        </extensions>
      </trkpt>
      <trkpt lat="39.89608791656792163848876953125" lon="116.64448994211852550506591796875">
        <ele>28</ele>
        <time>2020-08-05T12:44:07.000Z</time>
        <extensions>
          <ns3:TrackPointExtension/>
        </extensions>
      </trkpt>
      <trkpt lat="39.89609998650848865509033203125" lon="116.644479967653751373291015625">
        <ele>27.799999237060546875</ele>
        <time>2020-08-05T12:44:07.000Z</time>
        <extensions>
          <ns3:TrackPointExtension/>
        </extensions>
      </trkpt>
      <trkpt lat="39.896113984286785125732421875" lon="116.6444499604403972625732421875">
        <ele>27.799999237060546875</ele>
        <time>2020-08-05T12:44:07.000Z</time>
        <extensions>
          <ns3:TrackPointExtension/>
        </extensions>
      </trkpt>
      <trkpt lat="39.89612597040832042694091796875" lon="116.64442397654056549072265625">
        <ele>27.799999237060546875</ele>
        <time>2020-08-05T12:44:07.000Z</time>
        <extensions>
          <ns3:TrackPointExtension/>
        </extensions>
      </trkpt>
      <trkpt lat="39.8961329273879528045654296875" lon="116.6443939693272113800048828125">
        <ele>27.6000003814697265625</ele>
        <time>2020-08-05T12:44:07.000Z</time>
        <extensions>
          <ns3:TrackPointExtension/>
        </extensions>
      </trkpt>
      <trkpt lat="39.8961369507014751434326171875" lon="116.644359938800334930419921875">
        <ele>27.6000003814697265625</ele>
        <time>2020-08-05T12:44:07.000Z</time>
        <extensions>
          <ns3:TrackPointExtension/>
        </extensions>
      </trkpt>
      <trkpt lat="39.8961369507014751434326171875" lon="116.6443299315869808197021484375">
        <ele>27.6000003814697265625</ele>
        <time>2020-08-05T12:44:07.000Z</time>
        <extensions>
          <ns3:TrackPointExtension/>
        </extensions>
      </trkpt>
      <trkpt lat="39.8961329273879528045654296875" lon="116.64430998265743255615234375">
        <ele>27.6000003814697265625</ele>
        <time>2020-08-05T12:44:14.000Z</time>
        <extensions>
          <ns3:TrackPointExtension/>
        </extensions>
      </trkpt>
      <trkpt lat="39.89612999372184276580810546875" lon="116.6442799754440784454345703125">
        <ele>27.6000003814697265625</ele>
        <time>2020-08-05T12:44:14.000Z</time>
        <extensions>
          <ns3:TrackPointExtension/>
        </extensions>
      </trkpt>
      <trkpt lat="39.89612194709479808807373046875" lon="116.64425994269549846649169921875">
        <ele>27.6000003814697265625</ele>
        <time>2020-08-05T12:44:14.000Z</time>
        <extensions>
          <ns3:TrackPointExtension/>
        </extensions>
      </trkpt>
      <trkpt lat="39.89611993543803691864013671875" lon="116.6442259959876537322998046875">
        <ele>27.6000003814697265625</ele>
        <time>2020-08-05T12:44:14.000Z</time>
        <extensions>
          <ns3:TrackPointExtension/>
        </extensions>
      </trkpt>
      <trkpt lat="39.896113984286785125732421875" lon="116.64419598877429962158203125">
        <ele>27.3999996185302734375</ele>
        <time>2020-08-05T12:44:14.000Z</time>
        <extensions>
          <ns3:TrackPointExtension/>
        </extensions>
      </trkpt>
      <trkpt lat="39.896113984286785125732421875" lon="116.6441649757325649261474609375">
        <ele>27.3999996185302734375</ele>
        <time>2020-08-05T12:44:14.000Z</time>
        <extensions>
          <ns3:TrackPointExtension/>
        </extensions>
      </trkpt>
      <trkpt lat="39.896113984286785125732421875" lon="116.64414997212588787078857421875">
        <ele>27.3999996185302734375</ele>
        <time>2020-08-05T12:44:14.000Z</time>
        <extensions>
          <ns3:TrackPointExtension/>
        </extensions>
      </trkpt>
      <trkpt lat="39.89611993543803691864013671875" lon="116.64411996491253376007080078125">
        <ele>27.3999996185302734375</ele>
        <time>2020-08-05T12:44:21.000Z</time>
        <extensions>
          <ns3:TrackPointExtension/>
        </extensions>
      </trkpt>
      <trkpt lat="39.89611993543803691864013671875" lon="116.6440999321639537811279296875">
        <ele>27.3999996185302734375</ele>
        <time>2020-08-05T12:44:21.000Z</time>
        <extensions>
          <ns3:TrackPointExtension/>
        </extensions>
      </trkpt>
      <trkpt lat="39.89611993543803691864013671875" lon="116.64406598545610904693603515625">
        <ele>27.3999996185302734375</ele>
        <time>2020-08-05T12:44:21.000Z</time>
        <extensions>
          <ns3:TrackPointExtension/>
        </extensions>
      </trkpt>
      <trkpt lat="39.89612194709479808807373046875" lon="116.6440399177372455596923828125">
        <ele>27.200000762939453125</ele>
        <time>2020-08-05T12:44:21.000Z</time>
        <extensions>
          <ns3:TrackPointExtension/>
        </extensions>
      </trkpt>
      <trkpt lat="39.89612194709479808807373046875" lon="116.64400999434292316436767578125">
        <ele>27.200000762939453125</ele>
        <time>2020-08-05T12:44:21.000Z</time>
        <extensions>
          <ns3:TrackPointExtension/>
        </extensions>
      </trkpt>
      <trkpt lat="39.89611993543803691864013671875" lon="116.64397998712956905364990234375">
        <ele>27.200000762939453125</ele>
        <time>2020-08-05T12:44:21.000Z</time>
        <extensions>
          <ns3:TrackPointExtension/>
        </extensions>
      </trkpt>
      <trkpt lat="39.896113984286785125732421875" lon="116.64394997991621494293212890625">
        <ele>27</ele>
        <time>2020-08-05T12:44:21.000Z</time>
        <extensions>
          <ns3:TrackPointExtension/>
        </extensions>
      </trkpt>
      <trkpt lat="39.89610694348812103271484375" lon="116.6439299471676349639892578125">
        <ele>27</ele>
        <time>2020-08-05T12:44:28.000Z</time>
        <extensions>
          <ns3:TrackPointExtension/>
        </extensions>
      </trkpt>
      <trkpt lat="39.89609495736658573150634765625" lon="116.643899939954280853271484375">
        <ele>26.799999237060546875</ele>
        <time>2020-08-05T12:44:28.000Z</time>
        <extensions>
          <ns3:TrackPointExtension/>
        </extensions>
      </trkpt>
      <trkpt lat="39.89608791656792163848876953125" lon="116.64385995827615261077880859375">
        <ele>26.799999237060546875</ele>
        <time>2020-08-05T12:44:28.000Z</time>
        <extensions>
          <ns3:TrackPointExtension/>
        </extensions>
      </trkpt>
      <trkpt lat="39.8960799537599086761474609375" lon="116.64382995106279850006103515625">
        <ele>26.799999237060546875</ele>
        <time>2020-08-05T12:44:28.000Z</time>
        <extensions>
          <ns3:TrackPointExtension/>
        </extensions>
      </trkpt>
      <trkpt lat="39.8960759304463863372802734375" lon="116.64379994384944438934326171875">
        <ele>26.799999237060546875</ele>
        <time>2020-08-05T12:44:28.000Z</time>
        <extensions>
          <ns3:TrackPointExtension/>
        </extensions>
      </trkpt>
      <trkpt lat="39.89607199095189571380615234375" lon="116.64376993663609027862548828125">
        <ele>26.799999237060546875</ele>
        <time>2020-08-05T12:44:28.000Z</time>
        <extensions>
          <ns3:TrackPointExtension/>
        </extensions>
      </trkpt>
      <trkpt lat="39.89607199095189571380615234375" lon="116.64374495856463909149169921875">
        <ele>26.799999237060546875</ele>
        <time>2020-08-05T12:44:28.000Z</time>
        <extensions>
          <ns3:TrackPointExtension/>
        </extensions>
      </trkpt>
      <trkpt lat="39.8960759304463863372802734375" lon="116.64371495135128498077392578125">
        <ele>26.799999237060546875</ele>
        <time>2020-08-05T12:44:35.000Z</time>
        <extensions>
          <ns3:TrackPointExtension/>
        </extensions>
      </trkpt>
      <trkpt lat="39.8960799537599086761474609375" lon="116.64368393830955028533935546875">
        <ele>26.799999237060546875</ele>
        <time>2020-08-05T12:44:35.000Z</time>
        <extensions>
          <ns3:TrackPointExtension/>
        </extensions>
      </trkpt>
      <trkpt lat="39.8960839770734310150146484375" lon="116.643669940531253814697265625">
        <ele>26.799999237060546875</ele>
        <time>2020-08-05T12:44:35.000Z</time>
        <extensions>
          <ns3:TrackPointExtension/>
        </extensions>
      </trkpt>
      <trkpt lat="39.89608992822468280792236328125" lon="116.6436399333178997039794921875">
        <ele>26.799999237060546875</ele>
        <time>2020-08-05T12:44:35.000Z</time>
        <extensions>
          <ns3:TrackPointExtension/>
        </extensions>
      </trkpt>
      <trkpt lat="39.89609495736658573150634765625" lon="116.6436159610748291015625">
        <ele>26.799999237060546875</ele>
        <time>2020-08-05T12:44:35.000Z</time>
        <extensions>
          <ns3:TrackPointExtension/>
        </extensions>
      </trkpt>
      <trkpt lat="39.89609495736658573150634765625" lon="116.6435849480330944061279296875">
        <ele>26.799999237060546875</ele>
        <time>2020-08-05T12:44:35.000Z</time>
        <extensions>
          <ns3:TrackPointExtension/>
        </extensions>
      </trkpt>
      <trkpt lat="39.89609495736658573150634765625" lon="116.643559969961643218994140625">
        <ele>26.799999237060546875</ele>
        <time>2020-08-05T12:44:35.000Z</time>
        <extensions>
          <ns3:TrackPointExtension/>
        </extensions>
      </trkpt>
      <trkpt lat="39.89608992822468280792236328125" lon="116.6435299627482891082763671875">
        <ele>26.799999237060546875</ele>
        <time>2020-08-05T12:44:42.000Z</time>
        <extensions>
          <ns3:TrackPointExtension/>
        </extensions>
      </trkpt>
      <trkpt lat="39.8960839770734310150146484375" lon="116.64349995553493499755859375">
        <ele>26.799999237060546875</ele>
        <time>2020-08-05T12:44:42.000Z</time>
        <extensions>
          <ns3:TrackPointExtension/>
        </extensions>
      </trkpt>
      <trkpt lat="39.8960799537599086761474609375" lon="116.6434699483215808868408203125">
        <ele>26.799999237060546875</ele>
        <time>2020-08-05T12:44:42.000Z</time>
        <extensions>
          <ns3:TrackPointExtension/>
        </extensions>
      </trkpt>
      <trkpt lat="39.8960799537599086761474609375" lon="116.643449999392032623291015625">
        <ele>26.799999237060546875</ele>
        <time>2020-08-05T12:44:42.000Z</time>
        <extensions>
          <ns3:TrackPointExtension/>
        </extensions>
      </trkpt>
      <trkpt lat="39.8960799537599086761474609375" lon="116.6434199921786785125732421875">
        <ele>26.799999237060546875</ele>
        <time>2020-08-05T12:44:42.000Z</time>
        <extensions>
          <ns3:TrackPointExtension/>
        </extensions>
      </trkpt>
      <trkpt lat="39.8960839770734310150146484375" lon="116.64338998496532440185546875">
        <ele>26.799999237060546875</ele>
        <time>2020-08-05T12:44:42.000Z</time>
        <extensions>
          <ns3:TrackPointExtension/>
        </extensions>
      </trkpt>
      <trkpt lat="39.89608992822468280792236328125" lon="116.6433599777519702911376953125">
        <ele>26.799999237060546875</ele>
        <time>2020-08-05T12:44:42.000Z</time>
        <extensions>
          <ns3:TrackPointExtension/>
        </extensions>
      </trkpt>
      <trkpt lat="39.89609998650848865509033203125" lon="116.64333994500339031219482421875">
        <ele>26.799999237060546875</ele>
        <time>2020-08-05T12:44:49.000Z</time>
        <extensions>
          <ns3:TrackPointExtension/>
        </extensions>
      </trkpt>
      <trkpt lat="39.89610694348812103271484375" lon="116.64330993779003620147705078125">
        <ele>26.799999237060546875</ele>
        <time>2020-08-05T12:44:49.000Z</time>
        <extensions>
          <ns3:TrackPointExtension/>
        </extensions>
      </trkpt>
      <trkpt lat="39.896113984286785125732421875" lon="116.64328998886048793792724609375">
        <ele>26.799999237060546875</ele>
        <time>2020-08-05T12:44:49.000Z</time>
        <extensions>
          <ns3:TrackPointExtension/>
        </extensions>
      </trkpt>
      <trkpt lat="39.89611993543803691864013671875" lon="116.64325998164713382720947265625">
        <ele>26.799999237060546875</ele>
        <time>2020-08-05T12:44:49.000Z</time>
        <extensions>
          <ns3:TrackPointExtension/>
        </extensions>
      </trkpt>
      <trkpt lat="39.89611993543803691864013671875" lon="116.64322997443377971649169921875">
        <ele>26.799999237060546875</ele>
        <time>2020-08-05T12:44:49.000Z</time>
        <extensions>
          <ns3:TrackPointExtension/>
        </extensions>
      </trkpt>
      <trkpt lat="39.896109960973262786865234375" lon="116.64319594390690326690673828125">
        <ele>26.799999237060546875</ele>
        <time>2020-08-05T12:44:49.000Z</time>
        <extensions>
          <ns3:TrackPointExtension/>
        </extensions>
      </trkpt>
      <trkpt lat="39.89610292017459869384765625" lon="116.64316593669354915618896484375">
        <ele>27</ele>
        <time>2020-08-05T12:44:49.000Z</time>
        <extensions>
          <ns3:TrackPointExtension/>
        </extensions>
      </trkpt>
      <trkpt lat="39.89609495736658573150634765625" lon="116.6431199200451374053955078125">
        <ele>27</ele>
        <time>2020-08-05T12:44:56.000Z</time>
        <extensions>
          <ns3:TrackPointExtension/>
        </extensions>
      </trkpt>
      <trkpt lat="39.8960839770734310150146484375" lon="116.64308999665081501007080078125">
        <ele>27</ele>
        <time>2020-08-05T12:44:56.000Z</time>
        <extensions>
          <ns3:TrackPointExtension/>
        </extensions>
      </trkpt>
      <trkpt lat="39.89607199095189571380615234375" lon="116.64304993115365505218505859375">
        <ele>27.200000762939453125</ele>
        <time>2020-08-05T12:44:56.000Z</time>
        <extensions>
          <ns3:TrackPointExtension/>
        </extensions>
      </trkpt>
      <trkpt lat="39.89606495015323162078857421875" lon="116.64301992394030094146728515625">
        <ele>27.200000762939453125</ele>
        <time>2020-08-05T12:44:56.000Z</time>
        <extensions>
          <ns3:TrackPointExtension/>
        </extensions>
      </trkpt>
      <trkpt lat="39.896056987345218658447265625" lon="116.64298991672694683074951171875">
        <ele>27.200000762939453125</ele>
        <time>2020-08-05T12:44:56.000Z</time>
        <extensions>
          <ns3:TrackPointExtension/>
        </extensions>
      </trkpt>
      <trkpt lat="39.896056987345218658447265625" lon="116.6429599933326244354248046875">
        <ele>27.200000762939453125</ele>
        <time>2020-08-05T12:44:56.000Z</time>
        <extensions>
          <ns3:TrackPointExtension/>
        </extensions>
      </trkpt>
      <trkpt lat="39.896056987345218658447265625" lon="116.64293996058404445648193359375">
        <ele>27.200000762939453125</ele>
        <time>2020-08-05T12:44:56.000Z</time>
        <extensions>
          <ns3:TrackPointExtension/>
        </extensions>
      </trkpt>
      <trkpt lat="39.89605992101132869720458984375" lon="116.64290995337069034576416015625">
        <ele>27.200000762939453125</ele>
        <time>2020-08-05T12:45:03.000Z</time>
        <extensions>
          <ns3:TrackPointExtension/>
        </extensions>
      </trkpt>
      <trkpt lat="39.89606495015323162078857421875" lon="116.64287592284381389617919921875">
        <ele>27.200000762939453125</ele>
        <time>2020-08-05T12:45:03.000Z</time>
        <extensions>
          <ns3:TrackPointExtension/>
        </extensions>
      </trkpt>
      <trkpt lat="39.89606495015323162078857421875" lon="116.6428449936211109161376953125">
        <ele>27.200000762939453125</ele>
        <time>2020-08-05T12:45:03.000Z</time>
        <extensions>
          <ns3:TrackPointExtension/>
        </extensions>
      </trkpt>
      <trkpt lat="39.89606495015323162078857421875" lon="116.6428099572658538818359375">
        <ele>27.200000762939453125</ele>
        <time>2020-08-05T12:45:03.000Z</time>
        <extensions>
          <ns3:TrackPointExtension/>
        </extensions>
      </trkpt>
      <trkpt lat="39.896056987345218658447265625" lon="116.6427799500524997711181640625">
        <ele>27.200000762939453125</ele>
        <time>2020-08-05T12:45:03.000Z</time>
        <extensions>
          <ns3:TrackPointExtension/>
        </extensions>
      </trkpt>
      <trkpt lat="39.896052964031696319580078125" lon="116.642745919525623321533203125">
        <ele>27.200000762939453125</ele>
        <time>2020-08-05T12:45:03.000Z</time>
        <extensions>
          <ns3:TrackPointExtension/>
        </extensions>
      </trkpt>
      <trkpt lat="39.8960499465465545654296875" lon="116.64271499030292034149169921875">
        <ele>27.200000762939453125</ele>
        <time>2020-08-05T12:45:03.000Z</time>
        <extensions>
          <ns3:TrackPointExtension/>
        </extensions>
      </trkpt>
      <trkpt lat="39.89603997208178043365478515625" lon="116.64268498308956623077392578125">
        <ele>27.200000762939453125</ele>
        <time>2020-08-05T12:45:10.000Z</time>
        <extensions>
          <ns3:TrackPointExtension/>
        </extensions>
      </trkpt>
      <trkpt lat="39.89603796042501926422119140625" lon="116.6426599211990833282470703125">
        <ele>27.200000762939453125</ele>
        <time>2020-08-05T12:45:10.000Z</time>
        <extensions>
          <ns3:TrackPointExtension/>
        </extensions>
      </trkpt>
      <trkpt lat="39.89603796042501926422119140625" lon="116.64262999780476093292236328125">
        <ele>27.200000762939453125</ele>
        <time>2020-08-05T12:45:10.000Z</time>
        <extensions>
          <ns3:TrackPointExtension/>
        </extensions>
      </trkpt>
      <trkpt lat="39.89603796042501926422119140625" lon="116.64259999059140682220458984375">
        <ele>27.200000762939453125</ele>
        <time>2020-08-05T12:45:10.000Z</time>
        <extensions>
          <ns3:TrackPointExtension/>
        </extensions>
      </trkpt>
      <trkpt lat="39.89603997208178043365478515625" lon="116.64257995784282684326171875">
        <ele>27.200000762939453125</ele>
        <time>2020-08-05T12:45:10.000Z</time>
        <extensions>
          <ns3:TrackPointExtension/>
        </extensions>
      </trkpt>
      <trkpt lat="39.896052964031696319580078125" lon="116.64255992509424686431884765625">
        <ele>27.200000762939453125</ele>
        <time>2020-08-05T12:45:10.000Z</time>
        <extensions>
          <ns3:TrackPointExtension/>
        </extensions>
      </trkpt>
      <trkpt lat="39.896056987345218658447265625" lon="116.64252991788089275360107421875">
        <ele>27.200000762939453125</ele>
        <time>2020-08-05T12:45:10.000Z</time>
        <extensions>
          <ns3:TrackPointExtension/>
        </extensions>
      </trkpt>
      <trkpt lat="39.896056987345218658447265625" lon="116.6424999944865703582763671875">
        <ele>27.200000762939453125</ele>
        <time>2020-08-05T12:45:17.000Z</time>
        <extensions>
          <ns3:TrackPointExtension/>
        </extensions>
      </trkpt>
      <trkpt lat="39.896056987345218658447265625" lon="116.64247996173799037933349609375">
        <ele>27.200000762939453125</ele>
        <time>2020-08-05T12:45:17.000Z</time>
        <extensions>
          <ns3:TrackPointExtension/>
        </extensions>
      </trkpt>
      <trkpt lat="39.89605992101132869720458984375" lon="116.64244995452463626861572265625">
        <ele>27.200000762939453125</ele>
        <time>2020-08-05T12:45:17.000Z</time>
        <extensions>
          <ns3:TrackPointExtension/>
        </extensions>
      </trkpt>
      <trkpt lat="39.89606495015323162078857421875" lon="116.64241994731128215789794921875">
        <ele>27.200000762939453125</ele>
        <time>2020-08-05T12:45:17.000Z</time>
        <extensions>
          <ns3:TrackPointExtension/>
        </extensions>
      </trkpt>
      <trkpt lat="39.89606495015323162078857421875" lon="116.64238994009792804718017578125">
        <ele>27.200000762939453125</ele>
        <time>2020-08-05T12:45:17.000Z</time>
        <extensions>
          <ns3:TrackPointExtension/>
        </extensions>
      </trkpt>
      <trkpt lat="39.89607199095189571380615234375" lon="116.64235993288457393646240234375">
        <ele>27.200000762939453125</ele>
        <time>2020-08-05T12:45:17.000Z</time>
        <extensions>
          <ns3:TrackPointExtension/>
        </extensions>
      </trkpt>
      <trkpt lat="39.8960759304463863372802734375" lon="116.64233394898474216461181640625">
        <ele>27.200000762939453125</ele>
        <time>2020-08-05T12:45:17.000Z</time>
        <extensions>
          <ns3:TrackPointExtension/>
        </extensions>
      </trkpt>
      <trkpt lat="39.8960799537599086761474609375" lon="116.64229991845786571502685546875">
        <ele>27.200000762939453125</ele>
        <time>2020-08-05T12:45:24.000Z</time>
        <extensions>
          <ns3:TrackPointExtension/>
        </extensions>
      </trkpt>
      <trkpt lat="39.89608791656792163848876953125" lon="116.6422699950635433197021484375">
        <ele>27</ele>
        <time>2020-08-05T12:45:24.000Z</time>
        <extensions>
          <ns3:TrackPointExtension/>
        </extensions>
      </trkpt>
      <trkpt lat="39.89608992822468280792236328125" lon="116.64224996231496334075927734375">
        <ele>27</ele>
        <time>2020-08-05T12:45:24.000Z</time>
        <extensions>
          <ns3:TrackPointExtension/>
        </extensions>
      </trkpt>
      <trkpt lat="39.89609998650848865509033203125" lon="116.64221995510160923004150390625">
        <ele>27</ele>
        <time>2020-08-05T12:45:24.000Z</time>
        <extensions>
          <ns3:TrackPointExtension/>
        </extensions>
      </trkpt>
      <trkpt lat="39.89610292017459869384765625" lon="116.64218994788825511932373046875">
        <ele>27</ele>
        <time>2020-08-05T12:45:24.000Z</time>
        <extensions>
          <ns3:TrackPointExtension/>
        </extensions>
      </trkpt>
      <trkpt lat="39.896109960973262786865234375" lon="116.64216999895870685577392578125">
        <ele>27.200000762939453125</ele>
        <time>2020-08-05T12:45:24.000Z</time>
        <extensions>
          <ns3:TrackPointExtension/>
        </extensions>
      </trkpt>
      <trkpt lat="39.89611993543803691864013671875" lon="116.6421499662101268768310546875">
        <ele>27.200000762939453125</ele>
        <time>2020-08-05T12:45:24.000Z</time>
        <extensions>
          <ns3:TrackPointExtension/>
        </extensions>
      </trkpt>
      <trkpt lat="39.89612194709479808807373046875" lon="116.64211995899677276611328125">
        <ele>27.3999996185302734375</ele>
        <time>2020-08-05T12:45:31.000Z</time>
        <extensions>
          <ns3:TrackPointExtension/>
        </extensions>
      </trkpt>
      <trkpt lat="39.89612194709479808807373046875" lon="116.6420899517834186553955078125">
        <ele>27.3999996185302734375</ele>
        <time>2020-08-05T12:45:31.000Z</time>
        <extensions>
          <ns3:TrackPointExtension/>
        </extensions>
      </trkpt>
      <trkpt lat="39.89612194709479808807373046875" lon="116.642059944570064544677734375">
        <ele>27.3999996185302734375</ele>
        <time>2020-08-05T12:45:31.000Z</time>
        <extensions>
          <ns3:TrackPointExtension/>
        </extensions>
      </trkpt>
      <trkpt lat="39.89612194709479808807373046875" lon="116.6420299373567104339599609375">
        <ele>27.6000003814697265625</ele>
        <time>2020-08-05T12:45:31.000Z</time>
        <extensions>
          <ns3:TrackPointExtension/>
        </extensions>
      </trkpt>
      <trkpt lat="39.89612194709479808807373046875" lon="116.6419999301433563232421875">
        <ele>27.6000003814697265625</ele>
        <time>2020-08-05T12:45:31.000Z</time>
        <extensions>
          <ns3:TrackPointExtension/>
        </extensions>
      </trkpt>
      <trkpt lat="39.89611993543803691864013671875" lon="116.6419699229300022125244140625">
        <ele>27.6000003814697265625</ele>
        <time>2020-08-05T12:45:31.000Z</time>
        <extensions>
          <ns3:TrackPointExtension/>
        </extensions>
      </trkpt>
      <trkpt lat="39.896113984286785125732421875" lon="116.64193999953567981719970703125">
        <ele>27.799999237060546875</ele>
        <time>2020-08-05T12:45:31.000Z</time>
        <extensions>
          <ns3:TrackPointExtension/>
        </extensions>
      </trkpt>
      <trkpt lat="39.896113984286785125732421875" lon="116.64190999232232570648193359375">
        <ele>27.799999237060546875</ele>
        <time>2020-08-05T12:45:38.000Z</time>
        <extensions>
          <ns3:TrackPointExtension/>
        </extensions>
      </trkpt>
      <trkpt lat="39.89611993543803691864013671875" lon="116.64187998510897159576416015625">
        <ele>27.799999237060546875</ele>
        <time>2020-08-05T12:45:38.000Z</time>
        <extensions>
          <ns3:TrackPointExtension/>
        </extensions>
      </trkpt>
      <trkpt lat="39.89612194709479808807373046875" lon="116.64184595458209514617919921875">
        <ele>28</ele>
        <time>2020-08-05T12:45:38.000Z</time>
        <extensions>
          <ns3:TrackPointExtension/>
        </extensions>
      </trkpt>
      <trkpt lat="39.89612194709479808807373046875" lon="116.64181494154036045074462890625">
        <ele>28</ele>
        <time>2020-08-05T12:45:38.000Z</time>
        <extensions>
          <ns3:TrackPointExtension/>
        </extensions>
      </trkpt>
      <trkpt lat="39.896113984286785125732421875" lon="116.64178493432700634002685546875">
        <ele>28</ele>
        <time>2020-08-05T12:45:38.000Z</time>
        <extensions>
          <ns3:TrackPointExtension/>
        </extensions>
      </trkpt>
      <trkpt lat="39.896109960973262786865234375" lon="116.64175392128527164459228515625">
        <ele>28.200000762939453125</ele>
        <time>2020-08-05T12:45:38.000Z</time>
        <extensions>
          <ns3:TrackPointExtension/>
        </extensions>
      </trkpt>
      <trkpt lat="39.89610694348812103271484375" lon="116.641719974577426910400390625">
        <ele>28.200000762939453125</ele>
        <time>2020-08-05T12:45:38.000Z</time>
        <extensions>
          <ns3:TrackPointExtension/>
        </extensions>
      </trkpt>
      <trkpt lat="39.89609998650848865509033203125" lon="116.64169994182884693145751953125">
        <ele>28.200000762939453125</ele>
        <time>2020-08-05T12:45:45.000Z</time>
        <extensions>
          <ns3:TrackPointExtension/>
        </extensions>
      </trkpt>
      <trkpt lat="39.89609998650848865509033203125" lon="116.64166993461549282073974609375">
        <ele>28.3999996185302734375</ele>
        <time>2020-08-05T12:45:45.000Z</time>
        <extensions>
          <ns3:TrackPointExtension/>
        </extensions>
      </trkpt>
      <trkpt lat="39.89609998650848865509033203125" lon="116.64163992740213871002197265625">
        <ele>28.3999996185302734375</ele>
        <time>2020-08-05T12:45:45.000Z</time>
        <extensions>
          <ns3:TrackPointExtension/>
        </extensions>
      </trkpt>
      <trkpt lat="39.89609998650848865509033203125" lon="116.64160992018878459930419921875">
        <ele>28.3999996185302734375</ele>
        <time>2020-08-05T12:45:45.000Z</time>
        <extensions>
          <ns3:TrackPointExtension/>
        </extensions>
      </trkpt>
      <trkpt lat="39.89609998650848865509033203125" lon="116.6415799967944622039794921875">
        <ele>28.6000003814697265625</ele>
        <time>2020-08-05T12:45:45.000Z</time>
        <extensions>
          <ns3:TrackPointExtension/>
        </extensions>
      </trkpt>
      <trkpt lat="39.89610694348812103271484375" lon="116.64154998958110809326171875">
        <ele>28.6000003814697265625</ele>
        <time>2020-08-05T12:45:45.000Z</time>
        <extensions>
          <ns3:TrackPointExtension/>
        </extensions>
      </trkpt>
      <trkpt lat="39.89610694348812103271484375" lon="116.64152492769062519073486328125">
        <ele>28.6000003814697265625</ele>
        <time>2020-08-05T12:45:45.000Z</time>
        <extensions>
          <ns3:TrackPointExtension/>
        </extensions>
      </trkpt>
      <trkpt lat="39.896113984286785125732421875" lon="116.64149492047727108001708984375">
        <ele>28.799999237060546875</ele>
        <time>2020-08-05T12:45:52.000Z</time>
        <extensions>
          <ns3:TrackPointExtension/>
        </extensions>
      </trkpt>
      <trkpt lat="39.896113984286785125732421875" lon="116.64146994240581989288330078125">
        <ele>29</ele>
        <time>2020-08-05T12:45:52.000Z</time>
        <extensions>
          <ns3:TrackPointExtension/>
        </extensions>
      </trkpt>
      <trkpt lat="39.896113984286785125732421875" lon="116.64143993519246578216552734375">
        <ele>29.200000762939453125</ele>
        <time>2020-08-05T12:45:52.000Z</time>
        <extensions>
          <ns3:TrackPointExtension/>
        </extensions>
      </trkpt>
      <trkpt lat="39.896113984286785125732421875" lon="116.64140992797911167144775390625">
        <ele>29.200000762939453125</ele>
        <time>2020-08-05T12:45:52.000Z</time>
        <extensions>
          <ns3:TrackPointExtension/>
        </extensions>
      </trkpt>
      <trkpt lat="39.896109960973262786865234375" lon="116.6413959302008152008056640625">
        <ele>29.3999996185302734375</ele>
        <time>2020-08-05T12:45:52.000Z</time>
        <extensions>
          <ns3:TrackPointExtension/>
        </extensions>
      </trkpt>
      <trkpt lat="39.896109960973262786865234375" lon="116.64136491715908050537109375">
        <ele>29.3999996185302734375</ele>
        <time>2020-08-05T12:45:52.000Z</time>
        <extensions>
          <ns3:TrackPointExtension/>
        </extensions>
      </trkpt>
      <trkpt lat="39.896109960973262786865234375" lon="116.6413399390876293182373046875">
        <ele>29.6000003814697265625</ele>
        <time>2020-08-05T12:45:52.000Z</time>
        <extensions>
          <ns3:TrackPointExtension/>
        </extensions>
      </trkpt>
      <trkpt lat="39.896113984286785125732421875" lon="116.64130993187427520751953125">
        <ele>29.6000003814697265625</ele>
        <time>2020-08-05T12:45:59.000Z</time>
        <extensions>
          <ns3:TrackPointExtension/>
        </extensions>
      </trkpt>
      <trkpt lat="39.896113984286785125732421875" lon="116.6412899829447269439697265625">
        <ele>29.799999237060546875</ele>
        <time>2020-08-05T12:45:59.000Z</time>
        <extensions>
          <ns3:TrackPointExtension/>
        </extensions>
      </trkpt>
      <trkpt lat="39.896113984286785125732421875" lon="116.641259975731372833251953125">
        <ele>29.799999237060546875</ele>
        <time>2020-08-05T12:45:59.000Z</time>
        <extensions>
          <ns3:TrackPointExtension/>
        </extensions>
      </trkpt>
      <trkpt lat="39.896113984286785125732421875" lon="116.6412299685180187225341796875">
        <ele>30</ele>
        <time>2020-08-05T12:45:59.000Z</time>
        <extensions>
          <ns3:TrackPointExtension/>
        </extensions>
      </trkpt>
      <trkpt lat="39.89611993543803691864013671875" lon="116.641204990446567535400390625">
        <ele>30</ele>
        <time>2020-08-05T12:45:59.000Z</time>
        <extensions>
          <ns3:TrackPointExtension/>
        </extensions>
      </trkpt>
      <trkpt lat="39.89612194709479808807373046875" lon="116.6411739774048328399658203125">
        <ele>30.200000762939453125</ele>
        <time>2020-08-05T12:45:59.000Z</time>
        <extensions>
          <ns3:TrackPointExtension/>
        </extensions>
      </trkpt>
      <trkpt lat="39.89612999372184276580810546875" lon="116.64115997962653636932373046875">
        <ele>30.200000762939453125</ele>
        <time>2020-08-05T12:45:59.000Z</time>
        <extensions>
          <ns3:TrackPointExtension/>
        </extensions>
      </trkpt>
      <trkpt lat="39.8961329273879528045654296875" lon="116.641135923564434051513671875">
        <ele>30.200000762939453125</ele>
        <time>2020-08-05T12:46:06.000Z</time>
        <extensions>
          <ns3:TrackPointExtension/>
        </extensions>
      </trkpt>
      <trkpt lat="39.8961369507014751434326171875" lon="116.6411099396646022796630859375">
        <ele>30.3999996185302734375</ele>
        <time>2020-08-05T12:46:06.000Z</time>
        <extensions>
          <ns3:TrackPointExtension/>
        </extensions>
      </trkpt>
      <trkpt lat="39.8961449973285198211669921875" lon="116.6410799324512481689453125">
        <ele>30.3999996185302734375</ele>
        <time>2020-08-05T12:46:06.000Z</time>
        <extensions>
          <ns3:TrackPointExtension/>
        </extensions>
      </trkpt>
      <trkpt lat="39.89614994265139102935791015625" lon="116.64106995798647403717041015625">
        <ele>30.6000003814697265625</ele>
        <time>2020-08-05T12:46:06.000Z</time>
        <extensions>
          <ns3:TrackPointExtension/>
        </extensions>
      </trkpt>
      <trkpt lat="39.89615195430815219879150390625" lon="116.64103995077311992645263671875">
        <ele>30.6000003814697265625</ele>
        <time>2020-08-05T12:46:06.000Z</time>
        <extensions>
          <ns3:TrackPointExtension/>
        </extensions>
      </trkpt>
      <trkpt lat="39.8961599171161651611328125" lon="116.64101396687328815460205078125">
        <ele>30.799999237060546875</ele>
        <time>2020-08-05T12:46:06.000Z</time>
        <extensions>
          <ns3:TrackPointExtension/>
        </extensions>
      </trkpt>
      <trkpt lat="39.8961599171161651611328125" lon="116.64097993634641170501708984375">
        <ele>30.799999237060546875</ele>
        <time>2020-08-05T12:46:06.000Z</time>
        <extensions>
          <ns3:TrackPointExtension/>
        </extensions>
      </trkpt>
      <trkpt lat="39.8961599171161651611328125" lon="116.64094992913305759429931640625">
        <ele>31</ele>
        <time>2020-08-05T12:46:13.000Z</time>
        <extensions>
          <ns3:TrackPointExtension/>
        </extensions>
      </trkpt>
      <trkpt lat="39.8961599171161651611328125" lon="116.64091992191970348358154296875">
        <ele>31</ele>
        <time>2020-08-05T12:46:13.000Z</time>
        <extensions>
          <ns3:TrackPointExtension/>
        </extensions>
      </trkpt>
      <trkpt lat="39.89615597762167453765869140625" lon="116.6408899985253810882568359375">
        <ele>31.200000762939453125</ele>
        <time>2020-08-05T12:46:13.000Z</time>
        <extensions>
          <ns3:TrackPointExtension/>
        </extensions>
      </trkpt>
      <trkpt lat="39.89615195430815219879150390625" lon="116.6408599913120269775390625">
        <ele>31.200000762939453125</ele>
        <time>2020-08-05T12:46:13.000Z</time>
        <extensions>
          <ns3:TrackPointExtension/>
        </extensions>
      </trkpt>
      <trkpt lat="39.89615195430815219879150390625" lon="116.6408299840986728668212890625">
        <ele>31.3999996185302734375</ele>
        <time>2020-08-05T12:46:13.000Z</time>
        <extensions>
          <ns3:TrackPointExtension/>
        </extensions>
      </trkpt>
      <trkpt lat="39.89615195430815219879150390625" lon="116.640799976885318756103515625">
        <ele>31.6000003814697265625</ele>
        <time>2020-08-05T12:46:13.000Z</time>
        <extensions>
          <ns3:TrackPointExtension/>
        </extensions>
      </trkpt>
      <trkpt lat="39.89615195430815219879150390625" lon="116.6407699696719646453857421875">
        <ele>31.6000003814697265625</ele>
        <time>2020-08-05T12:46:13.000Z</time>
        <extensions>
          <ns3:TrackPointExtension/>
        </extensions>
      </trkpt>
      <trkpt lat="39.89615195430815219879150390625" lon="116.64073996245861053466796875">
        <ele>31.799999237060546875</ele>
        <time>2020-08-05T12:46:20.000Z</time>
        <extensions>
          <ns3:TrackPointExtension/>
        </extensions>
      </trkpt>
      <trkpt lat="39.89615195430815219879150390625" lon="116.6407099552452564239501953125">
        <ele>31.799999237060546875</ele>
        <time>2020-08-05T12:46:20.000Z</time>
        <extensions>
          <ns3:TrackPointExtension/>
        </extensions>
      </trkpt>
      <trkpt lat="39.89614994265139102935791015625" lon="116.640679948031902313232421875">
        <ele>32</ele>
        <time>2020-08-05T12:46:20.000Z</time>
        <extensions>
          <ns3:TrackPointExtension/>
        </extensions>
      </trkpt>
      <trkpt lat="39.8961449973285198211669921875" lon="116.6406559757888317108154296875">
        <ele>32</ele>
        <time>2020-08-05T12:46:20.000Z</time>
        <extensions>
          <ns3:TrackPointExtension/>
        </extensions>
      </trkpt>
      <trkpt lat="39.8961449973285198211669921875" lon="116.640624962747097015380859375">
        <ele>32</ele>
        <time>2020-08-05T12:46:20.000Z</time>
        <extensions>
          <ns3:TrackPointExtension/>
        </extensions>
      </trkpt>
      <trkpt lat="39.8961449973285198211669921875" lon="116.6405939497053623199462890625">
        <ele>32</ele>
        <time>2020-08-05T12:46:20.000Z</time>
        <extensions>
          <ns3:TrackPointExtension/>
        </extensions>
      </trkpt>
      <trkpt lat="39.89614994265139102935791015625" lon="116.640569977462291717529296875">
        <ele>32</ele>
        <time>2020-08-05T12:46:20.000Z</time>
        <extensions>
          <ns3:TrackPointExtension/>
        </extensions>
      </trkpt>
      <trkpt lat="39.89615195430815219879150390625" lon="116.6405399702489376068115234375">
        <ele>32</ele>
        <time>2020-08-05T12:46:37.000Z</time>
        <extensions>
          <ns3:TrackPointExtension/>
        </extensions>
      </trkpt>
      <trkpt lat="39.8961599171161651611328125" lon="116.64052597247064113616943359375">
        <ele>32.200000762939453125</ele>
        <time>2020-08-05T12:46:37.000Z</time>
        <extensions>
          <ns3:TrackPointExtension/>
        </extensions>
      </trkpt>
      <trkpt lat="39.89616997539997100830078125" lon="116.64050996303558349609375">
        <ele>32.200000762939453125</ele>
        <time>2020-08-05T12:46:37.000Z</time>
        <extensions>
          <ns3:TrackPointExtension/>
        </extensions>
      </trkpt>
      <trkpt lat="39.89618699066340923309326171875" lon="116.64049495942890644073486328125">
        <ele>32.200000762939453125</ele>
        <time>2020-08-05T12:46:37.000Z</time>
        <extensions>
          <ns3:TrackPointExtension/>
        </extensions>
      </trkpt>
      <trkpt lat="39.89620593376457691192626953125" lon="116.6404799558222293853759765625">
        <ele>32.200000762939453125</ele>
        <time>2020-08-05T12:46:37.000Z</time>
        <extensions>
          <ns3:TrackPointExtension/>
        </extensions>
      </trkpt>
      <trkpt lat="39.89669392816722393035888671875" lon="116.64052597247064113616943359375">
        <ele>30.6000003814697265625</ele>
        <time>2020-08-05T12:46:37.000Z</time>
        <extensions>
          <ns3:TrackPointExtension/>
        </extensions>
      </trkpt>
      <trkpt lat="39.8966029845178127288818359375" lon="116.64049495942890644073486328125">
        <ele>31</ele>
        <time>2020-08-05T12:46:37.000Z</time>
        <extensions>
          <ns3:TrackPointExtension/>
        </extensions>
      </trkpt>
      <trkpt lat="39.89661396481096744537353515625" lon="116.64049998857080936431884765625">
        <ele>30.799999237060546875</ele>
        <time>2020-08-05T12:46:44.000Z</time>
        <extensions>
          <ns3:TrackPointExtension/>
        </extensions>
      </trkpt>
      <trkpt lat="39.89662595093250274658203125" lon="116.64050996303558349609375">
        <ele>30.799999237060546875</ele>
        <time>2020-08-05T12:46:44.000Z</time>
        <extensions>
          <ns3:TrackPointExtension/>
        </extensions>
      </trkpt>
      <trkpt lat="39.8966499231755733489990234375" lon="116.64052999578416347503662109375">
        <ele>30.6000003814697265625</ele>
        <time>2020-08-05T12:46:44.000Z</time>
        <extensions>
          <ns3:TrackPointExtension/>
        </extensions>
      </trkpt>
      <trkpt lat="39.89667498506605625152587890625" lon="116.6405399702489376068115234375">
        <ele>30.6000003814697265625</ele>
        <time>2020-08-05T12:46:44.000Z</time>
        <extensions>
          <ns3:TrackPointExtension/>
        </extensions>
      </trkpt>
      <trkpt lat="39.896689988672733306884765625" lon="116.640559919178485870361328125">
        <ele>30.6000003814697265625</ele>
        <time>2020-08-05T12:46:44.000Z</time>
        <extensions>
          <ns3:TrackPointExtension/>
        </extensions>
      </trkpt>
      <trkpt lat="39.8967129550874233245849609375" lon="116.640563942492008209228515625">
        <ele>30.3999996185302734375</ele>
        <time>2020-08-05T12:46:44.000Z</time>
        <extensions>
          <ns3:TrackPointExtension/>
        </extensions>
      </trkpt>
      <trkpt lat="39.89673198200762271881103515625" lon="116.640569977462291717529296875">
        <ele>30.3999996185302734375</ele>
        <time>2020-08-05T12:46:44.000Z</time>
        <extensions>
          <ns3:TrackPointExtension/>
        </extensions>
      </trkpt>
      <trkpt lat="39.89674991928040981292724609375" lon="116.6405899263918399810791015625">
        <ele>30.200000762939453125</ele>
        <time>2020-08-05T12:46:51.000Z</time>
        <extensions>
          <ns3:TrackPointExtension/>
        </extensions>
      </trkpt>
      <trkpt lat="39.8967739753425121307373046875" lon="116.6405899263918399810791015625">
        <ele>30.200000762939453125</ele>
        <time>2020-08-05T12:46:51.000Z</time>
        <extensions>
          <ns3:TrackPointExtension/>
        </extensions>
      </trkpt>
      <trkpt lat="39.8967969417572021484375" lon="116.6405939497053623199462890625">
        <ele>30</ele>
        <time>2020-08-05T12:46:51.000Z</time>
        <extensions>
          <ns3:TrackPointExtension/>
        </extensions>
      </trkpt>
      <trkpt lat="39.89681194536387920379638671875" lon="116.6405999846756458282470703125">
        <ele>30</ele>
        <time>2020-08-05T12:46:51.000Z</time>
        <extensions>
          <ns3:TrackPointExtension/>
        </extensions>
      </trkpt>
      <trkpt lat="39.8968279547989368438720703125" lon="116.640619933605194091796875">
        <ele>30</ele>
        <time>2020-08-05T12:46:51.000Z</time>
        <extensions>
          <ns3:TrackPointExtension/>
        </extensions>
      </trkpt>
      <trkpt lat="39.89684295840561389923095703125" lon="116.640624962747097015380859375">
        <ele>29.799999237060546875</ele>
        <time>2020-08-05T12:46:51.000Z</time>
        <extensions>
          <ns3:TrackPointExtension/>
        </extensions>
      </trkpt>
      <trkpt lat="39.89686198532581329345703125" lon="116.64062999188899993896484375">
        <ele>29.799999237060546875</ele>
        <time>2020-08-05T12:46:51.000Z</time>
        <extensions>
          <ns3:TrackPointExtension/>
        </extensions>
      </trkpt>
      <trkpt lat="39.89687698893249034881591796875" lon="116.6406499408185482025146484375">
        <ele>29.799999237060546875</ele>
        <time>2020-08-05T12:46:57.000Z</time>
        <extensions>
          <ns3:TrackPointExtension/>
        </extensions>
      </trkpt>
      <trkpt lat="39.8968929983675479888916015625" lon="116.6406599991023540496826171875">
        <ele>29.6000003814697265625</ele>
        <time>2020-08-05T12:46:57.000Z</time>
        <extensions>
          <ns3:TrackPointExtension/>
        </extensions>
      </trkpt>
      <trkpt lat="39.896909929811954498291015625" lon="116.640679948031902313232421875">
        <ele>29.6000003814697265625</ele>
        <time>2020-08-05T12:46:57.000Z</time>
        <extensions>
          <ns3:TrackPointExtension/>
        </extensions>
      </trkpt>
      <trkpt lat="39.89692996256053447723388671875" lon="116.640685983002185821533203125">
        <ele>29.3999996185302734375</ele>
        <time>2020-08-05T12:46:57.000Z</time>
        <extensions>
          <ns3:TrackPointExtension/>
        </extensions>
      </trkpt>
      <trkpt lat="39.8969499953091144561767578125" lon="116.64068992249667644500732421875">
        <ele>29.3999996185302734375</ele>
        <time>2020-08-05T12:46:57.000Z</time>
        <extensions>
          <ns3:TrackPointExtension/>
        </extensions>
      </trkpt>
      <trkpt lat="39.8969699442386627197265625" lon="116.6407099552452564239501953125">
        <ele>29.3999996185302734375</ele>
        <time>2020-08-05T12:46:57.000Z</time>
        <extensions>
          <ns3:TrackPointExtension/>
        </extensions>
      </trkpt>
      <trkpt lat="39.89698997698724269866943359375" lon="116.64071992971003055572509765625">
        <ele>29.200000762939453125</ele>
        <time>2020-08-05T12:46:57.000Z</time>
        <extensions>
          <ns3:TrackPointExtension/>
        </extensions>
      </trkpt>
      <trkpt lat="39.8970069922506809234619140625" lon="116.64072395302355289459228515625">
        <ele>29.200000762939453125</ele>
        <time>2020-08-05T12:47:04.000Z</time>
        <extensions>
          <ns3:TrackPointExtension/>
        </extensions>
      </trkpt>
      <trkpt lat="39.897025935351848602294921875" lon="116.64072395302355289459228515625">
        <ele>29.200000762939453125</ele>
        <time>2020-08-05T12:47:04.000Z</time>
        <extensions>
          <ns3:TrackPointExtension/>
        </extensions>
      </trkpt>
      <trkpt lat="39.89704496227204799652099609375" lon="116.64072395302355289459228515625">
        <ele>29</ele>
        <time>2020-08-05T12:47:04.000Z</time>
        <extensions>
          <ns3:TrackPointExtension/>
        </extensions>
      </trkpt>
      <trkpt lat="39.8970639891922473907470703125" lon="116.64072395302355289459228515625">
        <ele>29</ele>
        <time>2020-08-05T12:47:04.000Z</time>
        <extensions>
          <ns3:TrackPointExtension/>
        </extensions>
      </trkpt>
      <trkpt lat="39.897082932293415069580078125" lon="116.64072395302355289459228515625">
        <ele>29</ele>
        <time>2020-08-05T12:47:04.000Z</time>
        <extensions>
          <ns3:TrackPointExtension/>
        </extensions>
      </trkpt>
      <trkpt lat="39.89710195921361446380615234375" lon="116.64072395302355289459228515625">
        <ele>29.200000762939453125</ele>
        <time>2020-08-05T12:47:04.000Z</time>
        <extensions>
          <ns3:TrackPointExtension/>
        </extensions>
      </trkpt>
      <trkpt lat="39.8971179686486721038818359375" lon="116.64073996245861053466796875">
        <ele>29.200000762939453125</ele>
        <time>2020-08-05T12:47:04.000Z</time>
        <extensions>
          <ns3:TrackPointExtension/>
        </extensions>
      </trkpt>
      <trkpt lat="39.89713699556887149810791015625" lon="116.64074993692338466644287109375">
        <ele>29.200000762939453125</ele>
        <time>2020-08-05T12:47:11.000Z</time>
        <extensions>
          <ns3:TrackPointExtension/>
        </extensions>
      </trkpt>
      <trkpt lat="39.89715593867003917694091796875" lon="116.64075496606528759002685546875">
        <ele>29.3999996185302734375</ele>
        <time>2020-08-05T12:47:11.000Z</time>
        <extensions>
          <ns3:TrackPointExtension/>
        </extensions>
      </trkpt>
      <trkpt lat="39.8971799947321414947509765625" lon="116.6407699696719646453857421875">
        <ele>29.3999996185302734375</ele>
        <time>2020-08-05T12:47:11.000Z</time>
        <extensions>
          <ns3:TrackPointExtension/>
        </extensions>
      </trkpt>
      <trkpt lat="39.89719994366168975830078125" lon="116.64077994413673877716064453125">
        <ele>29.3999996185302734375</ele>
        <time>2020-08-05T12:47:11.000Z</time>
        <extensions>
          <ns3:TrackPointExtension/>
        </extensions>
      </trkpt>
      <trkpt lat="39.89721997641026973724365234375" lon="116.64078497327864170074462890625">
        <ele>29.6000003814697265625</ele>
        <time>2020-08-05T12:47:11.000Z</time>
        <extensions>
          <ns3:TrackPointExtension/>
        </extensions>
      </trkpt>
      <trkpt lat="39.89724294282495975494384765625" lon="116.640799976885318756103515625">
        <ele>29.6000003814697265625</ele>
        <time>2020-08-05T12:47:11.000Z</time>
        <extensions>
          <ns3:TrackPointExtension/>
        </extensions>
      </trkpt>
      <trkpt lat="39.897259958088397979736328125" lon="116.64080995135009288787841796875">
        <ele>29.6000003814697265625</ele>
        <time>2020-08-05T12:47:11.000Z</time>
        <extensions>
          <ns3:TrackPointExtension/>
        </extensions>
      </trkpt>
      <trkpt lat="39.89727395586669445037841796875" lon="116.6408299840986728668212890625">
        <ele>29.799999237060546875</ele>
        <time>2020-08-05T12:47:18.000Z</time>
        <extensions>
          <ns3:TrackPointExtension/>
        </extensions>
      </trkpt>
      <trkpt lat="39.8972899653017520904541015625" lon="116.64083995856344699859619140625">
        <ele>29.799999237060546875</ele>
        <time>2020-08-05T12:47:18.000Z</time>
        <extensions>
          <ns3:TrackPointExtension/>
        </extensions>
      </trkpt>
      <trkpt lat="39.89730496890842914581298828125" lon="116.64084993302822113037109375">
        <ele>29.799999237060546875</ele>
        <time>2020-08-05T12:47:18.000Z</time>
        <extensions>
          <ns3:TrackPointExtension/>
        </extensions>
      </trkpt>
      <trkpt lat="39.8973239958286285400390625" lon="116.6408599913120269775390625">
        <ele>30</ele>
        <time>2020-08-05T12:47:18.000Z</time>
        <extensions>
          <ns3:TrackPointExtension/>
        </extensions>
      </trkpt>
      <trkpt lat="39.8973429389297962188720703125" lon="116.64086996577680110931396484375">
        <ele>30</ele>
        <time>2020-08-05T12:47:18.000Z</time>
        <extensions>
          <ns3:TrackPointExtension/>
        </extensions>
      </trkpt>
      <trkpt lat="39.89735794253647327423095703125" lon="116.6408839635550975799560546875">
        <ele>30</ele>
        <time>2020-08-05T12:47:18.000Z</time>
        <extensions>
          <ns3:TrackPointExtension/>
        </extensions>
      </trkpt>
      <trkpt lat="39.89737294614315032958984375" lon="116.64089997299015522003173828125">
        <ele>30.200000762939453125</ele>
        <time>2020-08-05T12:47:18.000Z</time>
        <extensions>
          <ns3:TrackPointExtension/>
        </extensions>
      </trkpt>
      <trkpt lat="39.89738996140658855438232421875" lon="116.640914976596832275390625">
        <ele>30.200000762939453125</ele>
        <time>2020-08-05T12:47:25.000Z</time>
        <extensions>
          <ns3:TrackPointExtension/>
        </extensions>
      </trkpt>
      <trkpt lat="39.8973999358713626861572265625" lon="116.640914976596832275390625">
        <ele>30.200000762939453125</ele>
        <time>2020-08-05T12:47:25.000Z</time>
        <extensions>
          <ns3:TrackPointExtension/>
        </extensions>
      </trkpt>
      <trkpt lat="39.8974099941551685333251953125" lon="116.64091992191970348358154296875">
        <ele>30.200000762939453125</ele>
        <time>2020-08-05T12:47:25.000Z</time>
        <extensions>
          <ns3:TrackPointExtension/>
        </extensions>
      </trkpt>
      <trkpt lat="39.89742298610508441925048828125" lon="116.64091992191970348358154296875">
        <ele>30.200000762939453125</ele>
        <time>2020-08-05T12:47:25.000Z</time>
        <extensions>
          <ns3:TrackPointExtension/>
        </extensions>
      </trkpt>
      <trkpt lat="39.897429943084716796875" lon="116.64091992191970348358154296875">
        <ele>30.3999996185302734375</ele>
        <time>2020-08-05T12:47:25.000Z</time>
        <extensions>
          <ns3:TrackPointExtension/>
        </extensions>
      </trkpt>
      <trkpt lat="39.89744595251977443695068359375" lon="116.64092998020350933074951171875">
        <ele>30.3999996185302734375</ele>
        <time>2020-08-05T12:47:25.000Z</time>
        <extensions>
          <ns3:TrackPointExtension/>
        </extensions>
      </trkpt>
      <trkpt lat="39.89745299331843852996826171875" lon="116.64092998020350933074951171875">
        <ele>30.3999996185302734375</ele>
        <time>2020-08-05T12:47:25.000Z</time>
        <extensions>
          <ns3:TrackPointExtension/>
        </extensions>
      </trkpt>
      <trkpt lat="39.8974649794399738311767578125" lon="116.6409449838101863861083984375">
        <ele>30.3999996185302734375</ele>
        <time>2020-08-05T12:47:32.000Z</time>
        <extensions>
          <ns3:TrackPointExtension/>
        </extensions>
      </trkpt>
      <trkpt lat="39.89747595973312854766845703125" lon="116.6409449838101863861083984375">
        <ele>30.3999996185302734375</ele>
        <time>2020-08-05T12:47:32.000Z</time>
        <extensions>
          <ns3:TrackPointExtension/>
        </extensions>
      </trkpt>
      <trkpt lat="39.897487945854663848876953125" lon="116.64094992913305759429931640625">
        <ele>30.6000003814697265625</ele>
        <time>2020-08-05T12:47:32.000Z</time>
        <extensions>
          <ns3:TrackPointExtension/>
        </extensions>
      </trkpt>
      <trkpt lat="39.89749993197619915008544921875" lon="116.64095998741686344146728515625">
        <ele>30.6000003814697265625</ele>
        <time>2020-08-05T12:47:32.000Z</time>
        <extensions>
          <ns3:TrackPointExtension/>
        </extensions>
      </trkpt>
      <trkpt lat="39.89750697277486324310302734375" lon="116.64095998741686344146728515625">
        <ele>30.6000003814697265625</ele>
        <time>2020-08-05T12:47:32.000Z</time>
        <extensions>
          <ns3:TrackPointExtension/>
        </extensions>
      </trkpt>
      <trkpt lat="39.89750999026000499725341796875" lon="116.64097599685192108154296875">
        <ele>30.6000003814697265625</ele>
        <time>2020-08-05T12:47:32.000Z</time>
        <extensions>
          <ns3:TrackPointExtension/>
        </extensions>
      </trkpt>
      <trkpt lat="39.8975199647247791290283203125" lon="116.64097993634641170501708984375">
        <ele>30.6000003814697265625</ele>
        <time>2020-08-05T12:47:32.000Z</time>
        <extensions>
          <ns3:TrackPointExtension/>
        </extensions>
      </trkpt>
      <trkpt lat="39.89752993918955326080322265625" lon="116.64098999463021755218505859375">
        <ele>30.6000003814697265625</ele>
        <time>2020-08-05T12:47:39.000Z</time>
        <extensions>
          <ns3:TrackPointExtension/>
        </extensions>
      </trkpt>
      <trkpt lat="39.89753697998821735382080078125" lon="116.64098999463021755218505859375">
        <ele>30.6000003814697265625</ele>
        <time>2020-08-05T12:47:39.000Z</time>
        <extensions>
          <ns3:TrackPointExtension/>
        </extensions>
      </trkpt>
      <trkpt lat="39.8975519835948944091796875" lon="116.64100994355976581573486328125">
        <ele>30.799999237060546875</ele>
        <time>2020-08-05T12:47:39.000Z</time>
        <extensions>
          <ns3:TrackPointExtension/>
        </extensions>
      </trkpt>
      <trkpt lat="39.89755994640290737152099609375" lon="116.64101396687328815460205078125">
        <ele>30.799999237060546875</ele>
        <time>2020-08-05T12:47:39.000Z</time>
        <extensions>
          <ns3:TrackPointExtension/>
        </extensions>
      </trkpt>
      <trkpt lat="39.8975749500095844268798828125" lon="116.641019918024539947509765625">
        <ele>30.799999237060546875</ele>
        <time>2020-08-05T12:47:39.000Z</time>
        <extensions>
          <ns3:TrackPointExtension/>
        </extensions>
      </trkpt>
      <trkpt lat="39.89758995361626148223876953125" lon="116.64103995077311992645263671875">
        <ele>30.799999237060546875</ele>
        <time>2020-08-05T12:47:39.000Z</time>
        <extensions>
          <ns3:TrackPointExtension/>
        </extensions>
      </trkpt>
      <trkpt lat="39.897605963051319122314453125" lon="116.64103995077311992645263671875">
        <ele>31</ele>
        <time>2020-08-05T12:47:39.000Z</time>
        <extensions>
          <ns3:TrackPointExtension/>
        </extensions>
      </trkpt>
      <trkpt lat="39.89761996082961559295654296875" lon="116.64104497991502285003662109375">
        <ele>31</ele>
        <time>2020-08-05T12:47:46.000Z</time>
        <extensions>
          <ns3:TrackPointExtension/>
        </extensions>
      </trkpt>
      <trkpt lat="39.8976399935781955718994140625" lon="116.6410499252378940582275390625">
        <ele>31</ele>
        <time>2020-08-05T12:47:46.000Z</time>
        <extensions>
          <ns3:TrackPointExtension/>
        </extensions>
      </trkpt>
      <trkpt lat="39.89765499718487262725830078125" lon="116.64106995798647403717041015625">
        <ele>31.200000762939453125</ele>
        <time>2020-08-05T12:47:46.000Z</time>
        <extensions>
          <ns3:TrackPointExtension/>
        </extensions>
      </trkpt>
      <trkpt lat="39.89766991697251796722412109375" lon="116.64107498712837696075439453125">
        <ele>31.200000762939453125</ele>
        <time>2020-08-05T12:47:46.000Z</time>
        <extensions>
          <ns3:TrackPointExtension/>
        </extensions>
      </trkpt>
      <trkpt lat="39.8976859264075756072998046875" lon="116.6410799324512481689453125">
        <ele>31.200000762939453125</ele>
        <time>2020-08-05T12:47:46.000Z</time>
        <extensions>
          <ns3:TrackPointExtension/>
        </extensions>
      </trkpt>
      <trkpt lat="39.89769992418587207794189453125" lon="116.64109996519982814788818359375">
        <ele>31.200000762939453125</ele>
        <time>2020-08-05T12:47:46.000Z</time>
        <extensions>
          <ns3:TrackPointExtension/>
        </extensions>
      </trkpt>
      <trkpt lat="39.897719956934452056884765625" lon="116.6411059163510799407958984375">
        <ele>31.3999996185302734375</ele>
        <time>2020-08-05T12:47:46.000Z</time>
        <extensions>
          <ns3:TrackPointExtension/>
        </extensions>
      </trkpt>
      <trkpt lat="39.89773596636950969696044921875" lon="116.64112997241318225860595703125">
        <ele>31.3999996185302734375</ele>
        <time>2020-08-05T12:47:53.000Z</time>
        <extensions>
          <ns3:TrackPointExtension/>
        </extensions>
      </trkpt>
      <trkpt lat="39.8977499641478061676025390625" lon="116.641135923564434051513671875">
        <ele>31.3999996185302734375</ele>
        <time>2020-08-05T12:47:53.000Z</time>
        <extensions>
          <ns3:TrackPointExtension/>
        </extensions>
      </trkpt>
      <trkpt lat="39.89776195026934146881103515625" lon="116.641139946877956390380859375">
        <ele>31.6000003814697265625</ele>
        <time>2020-08-05T12:47:53.000Z</time>
        <extensions>
          <ns3:TrackPointExtension/>
        </extensions>
      </trkpt>
      <trkpt lat="39.89777393639087677001953125" lon="116.641139946877956390380859375">
        <ele>31.6000003814697265625</ele>
        <time>2020-08-05T12:47:53.000Z</time>
        <extensions>
          <ns3:TrackPointExtension/>
        </extensions>
      </trkpt>
      <trkpt lat="39.8977799713611602783203125" lon="116.64115997962653636932373046875">
        <ele>31.6000003814697265625</ele>
        <time>2020-08-05T12:47:53.000Z</time>
        <extensions>
          <ns3:TrackPointExtension/>
        </extensions>
      </trkpt>
      <trkpt lat="39.89778994582593441009521484375" lon="116.64115997962653636932373046875">
        <ele>31.6000003814697265625</ele>
        <time>2020-08-05T12:47:53.000Z</time>
        <extensions>
          <ns3:TrackPointExtension/>
        </extensions>
      </trkpt>
      <trkpt lat="39.89779698662459850311279296875" lon="116.6411699540913105010986328125">
        <ele>31.6000003814697265625</ele>
        <time>2020-08-05T12:47:53.000Z</time>
        <extensions>
          <ns3:TrackPointExtension/>
        </extensions>
      </trkpt>
      <trkpt lat="39.8977999202907085418701171875" lon="116.6411699540913105010986328125">
        <ele>31.6000003814697265625</ele>
        <time>2020-08-05T12:48:00.000Z</time>
        <extensions>
          <ns3:TrackPointExtension/>
        </extensions>
      </trkpt>
      <trkpt lat="39.8978079669177532196044921875" lon="116.6411699540913105010986328125">
        <ele>31.6000003814697265625</ele>
        <time>2020-08-05T12:48:00.000Z</time>
        <extensions>
          <ns3:TrackPointExtension/>
        </extensions>
      </trkpt>
      <trkpt lat="39.89781592972576618194580078125" lon="116.6411699540913105010986328125">
        <ele>31.6000003814697265625</ele>
        <time>2020-08-05T12:48:00.000Z</time>
        <extensions>
          <ns3:TrackPointExtension/>
        </extensions>
      </trkpt>
      <trkpt lat="39.89782699383795261383056640625" lon="116.6411739774048328399658203125">
        <ele>31.799999237060546875</ele>
        <time>2020-08-05T12:48:00.000Z</time>
        <extensions>
          <ns3:TrackPointExtension/>
        </extensions>
      </trkpt>
      <trkpt lat="39.897841997444629669189453125" lon="116.6411739774048328399658203125">
        <ele>31.799999237060546875</ele>
        <time>2020-08-05T12:48:00.000Z</time>
        <extensions>
          <ns3:TrackPointExtension/>
        </extensions>
      </trkpt>
      <trkpt lat="39.89785398356616497039794921875" lon="116.64118998683989048004150390625">
        <ele>31.799999237060546875</ele>
        <time>2020-08-05T12:48:00.000Z</time>
        <extensions>
          <ns3:TrackPointExtension/>
        </extensions>
      </trkpt>
      <trkpt lat="39.8978649638593196868896484375" lon="116.64118998683989048004150390625">
        <ele>31.799999237060546875</ele>
        <time>2020-08-05T12:48:00.000Z</time>
        <extensions>
          <ns3:TrackPointExtension/>
        </extensions>
      </trkpt>
      <trkpt lat="39.89787694998085498809814453125" lon="116.64119996130466461181640625">
        <ele>32</ele>
        <time>2020-08-05T12:48:07.000Z</time>
        <extensions>
          <ns3:TrackPointExtension/>
        </extensions>
      </trkpt>
      <trkpt lat="39.8978899419307708740234375" lon="116.64119996130466461181640625">
        <ele>32</ele>
        <time>2020-08-05T12:48:07.000Z</time>
        <extensions>
          <ns3:TrackPointExtension/>
        </extensions>
      </trkpt>
      <trkpt lat="39.89789991639554500579833984375" lon="116.641204990446567535400390625">
        <ele>32</ele>
        <time>2020-08-05T12:48:07.000Z</time>
        <extensions>
          <ns3:TrackPointExtension/>
        </extensions>
      </trkpt>
      <trkpt lat="39.8979149200022220611572265625" lon="116.641204990446567535400390625">
        <ele>32</ele>
        <time>2020-08-05T12:48:07.000Z</time>
        <extensions>
          <ns3:TrackPointExtension/>
        </extensions>
      </trkpt>
      <trkpt lat="39.89792992360889911651611328125" lon="116.64121999405324459075927734375">
        <ele>32</ele>
        <time>2020-08-05T12:48:07.000Z</time>
        <extensions>
          <ns3:TrackPointExtension/>
        </extensions>
      </trkpt>
      <trkpt lat="39.897949956357479095458984375" lon="116.64121999405324459075927734375">
        <ele>32</ele>
        <time>2020-08-05T12:48:07.000Z</time>
        <extensions>
          <ns3:TrackPointExtension/>
        </extensions>
      </trkpt>
      <trkpt lat="39.89796395413577556610107421875" lon="116.6412299685180187225341796875">
        <ele>32</ele>
        <time>2020-08-05T12:48:07.000Z</time>
        <extensions>
          <ns3:TrackPointExtension/>
        </extensions>
      </trkpt>
      <trkpt lat="39.8979799635708332061767578125" lon="116.6412299685180187225341796875">
        <ele>32</ele>
        <time>2020-08-05T12:48:14.000Z</time>
        <extensions>
          <ns3:TrackPointExtension/>
        </extensions>
      </trkpt>
      <trkpt lat="39.89799496717751026153564453125" lon="116.6412349976599216461181640625">
        <ele>32</ele>
        <time>2020-08-05T12:48:14.000Z</time>
        <extensions>
          <ns3:TrackPointExtension/>
        </extensions>
      </trkpt>
      <trkpt lat="39.89800594747066497802734375" lon="116.641249917447566986083984375">
        <ele>32</ele>
        <time>2020-08-05T12:48:14.000Z</time>
        <extensions>
          <ns3:TrackPointExtension/>
        </extensions>
      </trkpt>
      <trkpt lat="39.89801793359220027923583984375" lon="116.641249917447566986083984375">
        <ele>32</ele>
        <time>2020-08-05T12:48:14.000Z</time>
        <extensions>
          <ns3:TrackPointExtension/>
        </extensions>
      </trkpt>
      <trkpt lat="39.89802598021924495697021484375" lon="116.641259975731372833251953125">
        <ele>32</ele>
        <time>2020-08-05T12:48:14.000Z</time>
        <extensions>
          <ns3:TrackPointExtension/>
        </extensions>
      </trkpt>
      <trkpt lat="39.8980329371988773345947265625" lon="116.641259975731372833251953125">
        <ele>32</ele>
        <time>2020-08-05T12:48:14.000Z</time>
        <extensions>
          <ns3:TrackPointExtension/>
        </extensions>
      </trkpt>
      <trkpt lat="39.8980369605123996734619140625" lon="116.641249917447566986083984375">
        <ele>32</ele>
        <time>2020-08-05T12:48:14.000Z</time>
        <extensions>
          <ns3:TrackPointExtension/>
        </extensions>
      </trkpt>
      <trkpt lat="39.89805196411907672882080078125" lon="116.641259975731372833251953125">
        <ele>32</ele>
        <time>2020-08-05T12:48:22.000Z</time>
        <extensions>
          <ns3:TrackPointExtension/>
        </extensions>
      </trkpt>
      <trkpt lat="39.898059926927089691162109375" lon="116.641259975731372833251953125">
        <ele>32</ele>
        <time>2020-08-05T12:48:22.000Z</time>
        <extensions>
          <ns3:TrackPointExtension/>
        </extensions>
      </trkpt>
      <trkpt lat="39.8980669677257537841796875" lon="116.641259975731372833251953125">
        <ele>32</ele>
        <time>2020-08-05T12:48:22.000Z</time>
        <extensions>
          <ns3:TrackPointExtension/>
        </extensions>
      </trkpt>
      <trkpt lat="39.89807995967566967010498046875" lon="116.641259975731372833251953125">
        <ele>32</ele>
        <time>2020-08-05T12:48:22.000Z</time>
        <extensions>
          <ns3:TrackPointExtension/>
        </extensions>
      </trkpt>
      <trkpt lat="39.8980899341404438018798828125" lon="116.641259975731372833251953125">
        <ele>32</ele>
        <time>2020-08-05T12:48:22.000Z</time>
        <extensions>
          <ns3:TrackPointExtension/>
        </extensions>
      </trkpt>
      <trkpt lat="39.8980979807674884796142578125" lon="116.64126995019614696502685546875">
        <ele>32</ele>
        <time>2020-08-05T12:48:22.000Z</time>
        <extensions>
          <ns3:TrackPointExtension/>
        </extensions>
      </trkpt>
      <trkpt lat="39.89810996688902378082275390625" lon="116.64126995019614696502685546875">
        <ele>32</ele>
        <time>2020-08-05T12:48:22.000Z</time>
        <extensions>
          <ns3:TrackPointExtension/>
        </extensions>
      </trkpt>
      <trkpt lat="39.898116923868656158447265625" lon="116.64126995019614696502685546875">
        <ele>32</ele>
        <time>2020-08-05T12:48:29.000Z</time>
        <extensions>
          <ns3:TrackPointExtension/>
        </extensions>
      </trkpt>
      <trkpt lat="39.898124970495700836181640625" lon="116.6412799246609210968017578125">
        <ele>32</ele>
        <time>2020-08-05T12:48:29.000Z</time>
        <extensions>
          <ns3:TrackPointExtension/>
        </extensions>
      </trkpt>
      <trkpt lat="39.89813595078885555267333984375" lon="116.6412799246609210968017578125">
        <ele>32</ele>
        <time>2020-08-05T12:48:29.000Z</time>
        <extensions>
          <ns3:TrackPointExtension/>
        </extensions>
      </trkpt>
      <trkpt lat="39.8981479369103908538818359375" lon="116.6412899829447269439697265625">
        <ele>32</ele>
        <time>2020-08-05T12:48:29.000Z</time>
        <extensions>
          <ns3:TrackPointExtension/>
        </extensions>
      </trkpt>
      <trkpt lat="39.89815992303192615509033203125" lon="116.6412899829447269439697265625">
        <ele>32</ele>
        <time>2020-08-05T12:48:29.000Z</time>
        <extensions>
          <ns3:TrackPointExtension/>
        </extensions>
      </trkpt>
      <trkpt lat="39.89816696383059024810791015625" lon="116.64130398072302341461181640625">
        <ele>32</ele>
        <time>2020-08-05T12:48:29.000Z</time>
        <extensions>
          <ns3:TrackPointExtension/>
        </extensions>
      </trkpt>
      <trkpt lat="39.898181967437267303466796875" lon="116.64130398072302341461181640625">
        <ele>32</ele>
        <time>2020-08-05T12:48:29.000Z</time>
        <extensions>
          <ns3:TrackPointExtension/>
        </extensions>
      </trkpt>
      <trkpt lat="39.89819697104394435882568359375" lon="116.64130993187427520751953125">
        <ele>32</ele>
        <time>2020-08-05T12:48:36.000Z</time>
        <extensions>
          <ns3:TrackPointExtension/>
        </extensions>
      </trkpt>
      <trkpt lat="39.8982119746506214141845703125" lon="116.6413199901580810546875">
        <ele>32</ele>
        <time>2020-08-05T12:48:36.000Z</time>
        <extensions>
          <ns3:TrackPointExtension/>
        </extensions>
      </trkpt>
      <trkpt lat="39.89822999574244022369384765625" lon="116.64133499376475811004638671875">
        <ele>32</ele>
        <time>2020-08-05T12:48:36.000Z</time>
        <extensions>
          <ns3:TrackPointExtension/>
        </extensions>
      </trkpt>
      <trkpt lat="39.89824692718684673309326171875" lon="116.6413399390876293182373046875">
        <ele>32</ele>
        <time>2020-08-05T12:48:36.000Z</time>
        <extensions>
          <ns3:TrackPointExtension/>
        </extensions>
      </trkpt>
      <trkpt lat="39.8982619307935237884521484375" lon="116.6413399390876293182373046875">
        <ele>32</ele>
        <time>2020-08-05T12:48:36.000Z</time>
        <extensions>
          <ns3:TrackPointExtension/>
        </extensions>
      </trkpt>
      <trkpt lat="39.89827693440020084381103515625" lon="116.6413499973714351654052734375">
        <ele>32</ele>
        <time>2020-08-05T12:48:36.000Z</time>
        <extensions>
          <ns3:TrackPointExtension/>
        </extensions>
      </trkpt>
      <trkpt lat="39.898299984633922576904296875" lon="116.64136491715908050537109375">
        <ele>32</ele>
        <time>2020-08-05T12:48:36.000Z</time>
        <extensions>
          <ns3:TrackPointExtension/>
        </extensions>
      </trkpt>
      <trkpt lat="39.89831498824059963226318359375" lon="116.641369946300983428955078125">
        <ele>32</ele>
        <time>2020-08-05T12:48:43.000Z</time>
        <extensions>
          <ns3:TrackPointExtension/>
        </extensions>
      </trkpt>
      <trkpt lat="39.89833493717014789581298828125" lon="116.64137992076575756072998046875">
        <ele>32</ele>
        <time>2020-08-05T12:48:43.000Z</time>
        <extensions>
          <ns3:TrackPointExtension/>
        </extensions>
      </trkpt>
      <trkpt lat="39.898349940776824951171875" lon="116.6413959302008152008056640625">
        <ele>32</ele>
        <time>2020-08-05T12:48:43.000Z</time>
        <extensions>
          <ns3:TrackPointExtension/>
        </extensions>
      </trkpt>
      <trkpt lat="39.89836997352540493011474609375" lon="116.6413999535143375396728515625">
        <ele>32</ele>
        <time>2020-08-05T12:48:43.000Z</time>
        <extensions>
          <ns3:TrackPointExtension/>
        </extensions>
      </trkpt>
      <trkpt lat="39.89838992245495319366455078125" lon="116.64140992797911167144775390625">
        <ele>32</ele>
        <time>2020-08-05T12:48:43.000Z</time>
        <extensions>
          <ns3:TrackPointExtension/>
        </extensions>
      </trkpt>
      <trkpt lat="39.89840693771839141845703125" lon="116.6414259374141693115234375">
        <ele>32</ele>
        <time>2020-08-05T12:48:43.000Z</time>
        <extensions>
          <ns3:TrackPointExtension/>
        </extensions>
      </trkpt>
      <trkpt lat="39.89841992966830730438232421875" lon="116.6414259374141693115234375">
        <ele>32</ele>
        <time>2020-08-05T12:48:43.000Z</time>
        <extensions>
          <ns3:TrackPointExtension/>
        </extensions>
      </trkpt>
      <trkpt lat="39.8984339274466037750244140625" lon="116.641429960727691650390625">
        <ele>32</ele>
        <time>2020-08-05T12:48:50.000Z</time>
        <extensions>
          <ns3:TrackPointExtension/>
        </extensions>
      </trkpt>
      <trkpt lat="39.8984399624168872833251953125" lon="116.64143993519246578216552734375">
        <ele>32</ele>
        <time>2020-08-05T12:48:50.000Z</time>
        <extensions>
          <ns3:TrackPointExtension/>
        </extensions>
      </trkpt>
      <trkpt lat="39.89844993688166141510009765625" lon="116.6414599679410457611083984375">
        <ele>32</ele>
        <time>2020-08-05T12:48:50.000Z</time>
        <extensions>
          <ns3:TrackPointExtension/>
        </extensions>
      </trkpt>
      <trkpt lat="39.89844993688166141510009765625" lon="116.64146994240581989288330078125">
        <ele>32</ele>
        <time>2020-08-05T12:48:50.000Z</time>
        <extensions>
          <ns3:TrackPointExtension/>
        </extensions>
      </trkpt>
      <trkpt lat="39.8984399624168872833251953125" lon="116.641489975154399871826171875">
        <ele>32</ele>
        <time>2020-08-05T12:48:50.000Z</time>
        <extensions>
          <ns3:TrackPointExtension/>
        </extensions>
      </trkpt>
      <trkpt lat="39.8984339274466037750244140625" lon="116.64149994961917400360107421875">
        <ele>32</ele>
        <time>2020-08-05T12:48:50.000Z</time>
        <extensions>
          <ns3:TrackPointExtension/>
        </extensions>
      </trkpt>
      <trkpt lat="39.89842998795211315155029296875" lon="116.64152492769062519073486328125">
        <ele>32</ele>
        <time>2020-08-05T12:48:50.000Z</time>
        <extensions>
          <ns3:TrackPointExtension/>
        </extensions>
      </trkpt>
      <trkpt lat="39.89842596463859081268310546875" lon="116.64152995683252811431884765625">
        <ele>32</ele>
        <time>2020-08-05T12:48:57.000Z</time>
        <extensions>
          <ns3:TrackPointExtension/>
        </extensions>
      </trkpt>
      <trkpt lat="39.89842596463859081268310546875" lon="116.64155594073235988616943359375">
        <ele>32</ele>
        <time>2020-08-05T12:48:57.000Z</time>
        <extensions>
          <ns3:TrackPointExtension/>
        </extensions>
      </trkpt>
      <trkpt lat="39.89842596463859081268310546875" lon="116.64158997125923633575439453125">
        <ele>31.799999237060546875</ele>
        <time>2020-08-05T12:48:57.000Z</time>
        <extensions>
          <ns3:TrackPointExtension/>
        </extensions>
      </trkpt>
      <trkpt lat="39.89842596463859081268310546875" lon="116.64160992018878459930419921875">
        <ele>31.799999237060546875</ele>
        <time>2020-08-05T12:48:57.000Z</time>
        <extensions>
          <ns3:TrackPointExtension/>
        </extensions>
      </trkpt>
      <trkpt lat="39.89841992966830730438232421875" lon="116.64163992740213871002197265625">
        <ele>31.799999237060546875</ele>
        <time>2020-08-05T12:48:57.000Z</time>
        <extensions>
          <ns3:TrackPointExtension/>
        </extensions>
      </trkpt>
      <trkpt lat="39.89841498434543609619140625" lon="116.64166993461549282073974609375">
        <ele>31.6000003814697265625</ele>
        <time>2020-08-05T12:48:57.000Z</time>
        <extensions>
          <ns3:TrackPointExtension/>
        </extensions>
      </trkpt>
      <trkpt lat="39.89840693771839141845703125" lon="116.64169994182884693145751953125">
        <ele>31.6000003814697265625</ele>
        <time>2020-08-05T12:48:57.000Z</time>
        <extensions>
          <ns3:TrackPointExtension/>
        </extensions>
      </trkpt>
      <trkpt lat="39.89839595742523670196533203125" lon="116.6417399235069751739501953125">
        <ele>31.3999996185302734375</ele>
        <time>2020-08-05T12:49:04.000Z</time>
        <extensions>
          <ns3:TrackPointExtension/>
        </extensions>
      </trkpt>
      <trkpt lat="39.89838992245495319366455078125" lon="116.64176993072032928466796875">
        <ele>31.3999996185302734375</ele>
        <time>2020-08-05T12:49:04.000Z</time>
        <extensions>
          <ns3:TrackPointExtension/>
        </extensions>
      </trkpt>
      <trkpt lat="39.8983839713037014007568359375" lon="116.64181494154036045074462890625">
        <ele>31.3999996185302734375</ele>
        <time>2020-08-05T12:49:04.000Z</time>
        <extensions>
          <ns3:TrackPointExtension/>
        </extensions>
      </trkpt>
      <trkpt lat="39.8983799479901790618896484375" lon="116.64184595458209514617919921875">
        <ele>31.200000762939453125</ele>
        <time>2020-08-05T12:49:04.000Z</time>
        <extensions>
          <ns3:TrackPointExtension/>
        </extensions>
      </trkpt>
      <trkpt lat="39.89837299101054668426513671875" lon="116.64187998510897159576416015625">
        <ele>31.200000762939453125</ele>
        <time>2020-08-05T12:49:04.000Z</time>
        <extensions>
          <ns3:TrackPointExtension/>
        </extensions>
      </trkpt>
      <trkpt lat="39.89836997352540493011474609375" lon="116.64190999232232570648193359375">
        <ele>31</ele>
        <time>2020-08-05T12:49:04.000Z</time>
        <extensions>
          <ns3:TrackPointExtension/>
        </extensions>
      </trkpt>
      <trkpt lat="39.898356981575489044189453125" lon="116.64193999953567981719970703125">
        <ele>31</ele>
        <time>2020-08-05T12:49:04.000Z</time>
        <extensions>
          <ns3:TrackPointExtension/>
        </extensions>
      </trkpt>
      <trkpt lat="39.898349940776824951171875" lon="116.6419699229300022125244140625">
        <ele>31</ele>
        <time>2020-08-05T12:49:11.000Z</time>
        <extensions>
          <ns3:TrackPointExtension/>
        </extensions>
      </trkpt>
      <trkpt lat="39.8983459174633026123046875" lon="116.6419999301433563232421875">
        <ele>30.799999237060546875</ele>
        <time>2020-08-05T12:49:11.000Z</time>
        <extensions>
          <ns3:TrackPointExtension/>
        </extensions>
      </trkpt>
      <trkpt lat="39.89834197796881198883056640625" lon="116.6420399956405162811279296875">
        <ele>30.6000003814697265625</ele>
        <time>2020-08-05T12:49:11.000Z</time>
        <extensions>
          <ns3:TrackPointExtension/>
        </extensions>
      </trkpt>
      <trkpt lat="39.89833996631205081939697265625" lon="116.64206991903483867645263671875">
        <ele>30.6000003814697265625</ele>
        <time>2020-08-05T12:49:11.000Z</time>
        <extensions>
          <ns3:TrackPointExtension/>
        </extensions>
      </trkpt>
      <trkpt lat="39.8983299918472766876220703125" lon="116.64210998453199863433837890625">
        <ele>30.3999996185302734375</ele>
        <time>2020-08-05T12:49:11.000Z</time>
        <extensions>
          <ns3:TrackPointExtension/>
        </extensions>
      </trkpt>
      <trkpt lat="39.8983269743621349334716796875" lon="116.64213999174535274505615234375">
        <ele>30.200000762939453125</ele>
        <time>2020-08-05T12:49:11.000Z</time>
        <extensions>
          <ns3:TrackPointExtension/>
        </extensions>
      </trkpt>
      <trkpt lat="39.8983269743621349334716796875" lon="116.642179973423480987548828125">
        <ele>30.200000762939453125</ele>
        <time>2020-08-05T12:49:11.000Z</time>
        <extensions>
          <ns3:TrackPointExtension/>
        </extensions>
      </trkpt>
      <trkpt lat="39.8983269743621349334716796875" lon="116.64221995510160923004150390625">
        <ele>30</ele>
        <time>2020-08-05T12:49:18.000Z</time>
        <extensions>
          <ns3:TrackPointExtension/>
        </extensions>
      </trkpt>
      <trkpt lat="39.8983229510486125946044921875" lon="116.64224996231496334075927734375">
        <ele>29.799999237060546875</ele>
        <time>2020-08-05T12:49:18.000Z</time>
        <extensions>
          <ns3:TrackPointExtension/>
        </extensions>
      </trkpt>
      <trkpt lat="39.8983229510486125946044921875" lon="116.64227996952831745147705078125">
        <ele>29.799999237060546875</ele>
        <time>2020-08-05T12:49:18.000Z</time>
        <extensions>
          <ns3:TrackPointExtension/>
        </extensions>
      </trkpt>
      <trkpt lat="39.89831498824059963226318359375" lon="116.64232992567121982574462890625">
        <ele>29.6000003814697265625</ele>
        <time>2020-08-05T12:49:18.000Z</time>
        <extensions>
          <ns3:TrackPointExtension/>
        </extensions>
      </trkpt>
      <trkpt lat="39.89831498824059963226318359375" lon="116.64235993288457393646240234375">
        <ele>29.3999996185302734375</ele>
        <time>2020-08-05T12:49:18.000Z</time>
        <extensions>
          <ns3:TrackPointExtension/>
        </extensions>
      </trkpt>
      <trkpt lat="39.89830794744193553924560546875" lon="116.64238994009792804718017578125">
        <ele>29.3999996185302734375</ele>
        <time>2020-08-05T12:49:18.000Z</time>
        <extensions>
          <ns3:TrackPointExtension/>
        </extensions>
      </trkpt>
      <trkpt lat="39.89830794744193553924560546875" lon="116.64241994731128215789794921875">
        <ele>29.3999996185302734375</ele>
        <time>2020-08-05T12:49:18.000Z</time>
        <extensions>
          <ns3:TrackPointExtension/>
        </extensions>
      </trkpt>
      <trkpt lat="39.89830794744193553924560546875" lon="116.64244995452463626861572265625">
        <ele>29.3999996185302734375</ele>
        <time>2020-08-05T12:49:25.000Z</time>
        <extensions>
          <ns3:TrackPointExtension/>
        </extensions>
      </trkpt>
      <trkpt lat="39.89830392412841320037841796875" lon="116.64247996173799037933349609375">
        <ele>29.3999996185302734375</ele>
        <time>2020-08-05T12:49:25.000Z</time>
        <extensions>
          <ns3:TrackPointExtension/>
        </extensions>
      </trkpt>
      <trkpt lat="39.898299984633922576904296875" lon="116.64250996895134449005126953125">
        <ele>29.3999996185302734375</ele>
        <time>2020-08-05T12:49:25.000Z</time>
        <extensions>
          <ns3:TrackPointExtension/>
        </extensions>
      </trkpt>
      <trkpt lat="39.898299984633922576904296875" lon="116.6425499506294727325439453125">
        <ele>29.3999996185302734375</ele>
        <time>2020-08-05T12:49:25.000Z</time>
        <extensions>
          <ns3:TrackPointExtension/>
        </extensions>
      </trkpt>
      <trkpt lat="39.898299984633922576904296875" lon="116.64257995784282684326171875">
        <ele>29.3999996185302734375</ele>
        <time>2020-08-05T12:49:25.000Z</time>
        <extensions>
          <ns3:TrackPointExtension/>
        </extensions>
      </trkpt>
      <trkpt lat="39.89830392412841320037841796875" lon="116.6426099650561809539794921875">
        <ele>29.3999996185302734375</ele>
        <time>2020-08-05T12:49:25.000Z</time>
        <extensions>
          <ns3:TrackPointExtension/>
        </extensions>
      </trkpt>
      <trkpt lat="39.89830794744193553924560546875" lon="116.642639972269535064697265625">
        <ele>29.3999996185302734375</ele>
        <time>2020-08-05T12:49:25.000Z</time>
        <extensions>
          <ns3:TrackPointExtension/>
        </extensions>
      </trkpt>
      <trkpt lat="39.89830794744193553924560546875" lon="116.6426699794828891754150390625">
        <ele>29.3999996185302734375</ele>
        <time>2020-08-05T12:49:32.000Z</time>
        <extensions>
          <ns3:TrackPointExtension/>
        </extensions>
      </trkpt>
      <trkpt lat="39.89830794744193553924560546875" lon="116.6426999866962432861328125">
        <ele>29.3999996185302734375</ele>
        <time>2020-08-05T12:49:32.000Z</time>
        <extensions>
          <ns3:TrackPointExtension/>
        </extensions>
      </trkpt>
      <trkpt lat="39.898299984633922576904296875" lon="116.6427199356257915496826171875">
        <ele>29.3999996185302734375</ele>
        <time>2020-08-05T12:49:32.000Z</time>
        <extensions>
          <ns3:TrackPointExtension/>
        </extensions>
      </trkpt>
      <trkpt lat="39.898295961320400238037109375" lon="116.642749942839145660400390625">
        <ele>29.3999996185302734375</ele>
        <time>2020-08-05T12:49:32.000Z</time>
        <extensions>
          <ns3:TrackPointExtension/>
        </extensions>
      </trkpt>
      <trkpt lat="39.89829294383525848388671875" lon="116.6427839733660221099853515625">
        <ele>29.6000003814697265625</ele>
        <time>2020-08-05T12:49:32.000Z</time>
        <extensions>
          <ns3:TrackPointExtension/>
        </extensions>
      </trkpt>
      <trkpt lat="39.898295961320400238037109375" lon="116.642814986407756805419921875">
        <ele>29.6000003814697265625</ele>
        <time>2020-08-05T12:49:32.000Z</time>
        <extensions>
          <ns3:TrackPointExtension/>
        </extensions>
      </trkpt>
      <trkpt lat="39.898299984633922576904296875" lon="116.6428449936211109161376953125">
        <ele>29.6000003814697265625</ele>
        <time>2020-08-05T12:49:32.000Z</time>
        <extensions>
          <ns3:TrackPointExtension/>
        </extensions>
      </trkpt>
      <trkpt lat="39.89830794744193553924560546875" lon="116.64287592284381389617919921875">
        <ele>29.6000003814697265625</ele>
        <time>2020-08-05T12:49:39.000Z</time>
        <extensions>
          <ns3:TrackPointExtension/>
        </extensions>
      </trkpt>
      <trkpt lat="39.8983199335634708404541015625" lon="116.64290995337069034576416015625">
        <ele>29.6000003814697265625</ele>
        <time>2020-08-05T12:49:39.000Z</time>
        <extensions>
          <ns3:TrackPointExtension/>
        </extensions>
      </trkpt>
      <trkpt lat="39.8983269743621349334716796875" lon="116.64293996058404445648193359375">
        <ele>29.6000003814697265625</ele>
        <time>2020-08-05T12:49:39.000Z</time>
        <extensions>
          <ns3:TrackPointExtension/>
        </extensions>
      </trkpt>
      <trkpt lat="39.8983299918472766876220703125" lon="116.64296996779739856719970703125">
        <ele>29.799999237060546875</ele>
        <time>2020-08-05T12:49:39.000Z</time>
        <extensions>
          <ns3:TrackPointExtension/>
        </extensions>
      </trkpt>
      <trkpt lat="39.8983269743621349334716796875" lon="116.64299997501075267791748046875">
        <ele>29.799999237060546875</ele>
        <time>2020-08-05T12:49:39.000Z</time>
        <extensions>
          <ns3:TrackPointExtension/>
        </extensions>
      </trkpt>
      <trkpt lat="39.8983269743621349334716796875" lon="116.64303995668888092041015625">
        <ele>29.799999237060546875</ele>
        <time>2020-08-05T12:49:39.000Z</time>
        <extensions>
          <ns3:TrackPointExtension/>
        </extensions>
      </trkpt>
      <trkpt lat="39.89833493717014789581298828125" lon="116.6430739872157573699951171875">
        <ele>29.799999237060546875</ele>
        <time>2020-08-05T12:49:39.000Z</time>
        <extensions>
          <ns3:TrackPointExtension/>
        </extensions>
      </trkpt>
      <trkpt lat="39.89833996631205081939697265625" lon="116.64310491643846035003662109375">
        <ele>29.799999237060546875</ele>
        <time>2020-08-05T12:49:46.000Z</time>
        <extensions>
          <ns3:TrackPointExtension/>
        </extensions>
      </trkpt>
      <trkpt lat="39.8983459174633026123046875" lon="116.64313995279371738433837890625">
        <ele>30</ele>
        <time>2020-08-05T12:49:46.000Z</time>
        <extensions>
          <ns3:TrackPointExtension/>
        </extensions>
      </trkpt>
      <trkpt lat="39.8983459174633026123046875" lon="116.64316996000707149505615234375">
        <ele>30</ele>
        <time>2020-08-05T12:49:46.000Z</time>
        <extensions>
          <ns3:TrackPointExtension/>
        </extensions>
      </trkpt>
      <trkpt lat="39.8983459174633026123046875" lon="116.64319996722042560577392578125">
        <ele>30</ele>
        <time>2020-08-05T12:49:46.000Z</time>
        <extensions>
          <ns3:TrackPointExtension/>
        </extensions>
      </trkpt>
      <trkpt lat="39.898349940776824951171875" lon="116.64323399774730205535888671875">
        <ele>30</ele>
        <time>2020-08-05T12:49:46.000Z</time>
        <extensions>
          <ns3:TrackPointExtension/>
        </extensions>
      </trkpt>
      <trkpt lat="39.898349940776824951171875" lon="116.64325998164713382720947265625">
        <ele>30</ele>
        <time>2020-08-05T12:49:46.000Z</time>
        <extensions>
          <ns3:TrackPointExtension/>
        </extensions>
      </trkpt>
      <trkpt lat="39.8983539640903472900390625" lon="116.64328998886048793792724609375">
        <ele>30.200000762939453125</ele>
        <time>2020-08-05T12:49:46.000Z</time>
        <extensions>
          <ns3:TrackPointExtension/>
        </extensions>
      </trkpt>
      <trkpt lat="39.8983539640903472900390625" lon="116.64330993779003620147705078125">
        <ele>30.200000762939453125</ele>
        <time>2020-08-05T12:49:53.000Z</time>
        <extensions>
          <ns3:TrackPointExtension/>
        </extensions>
      </trkpt>
      <trkpt lat="39.8983539640903472900390625" lon="116.64333994500339031219482421875">
        <ele>30.200000762939453125</ele>
        <time>2020-08-05T12:49:53.000Z</time>
        <extensions>
          <ns3:TrackPointExtension/>
        </extensions>
      </trkpt>
      <trkpt lat="39.898349940776824951171875" lon="116.64336995221674442291259765625">
        <ele>30.200000762939453125</ele>
        <time>2020-08-05T12:49:53.000Z</time>
        <extensions>
          <ns3:TrackPointExtension/>
        </extensions>
      </trkpt>
      <trkpt lat="39.8983459174633026123046875" lon="116.64339995943009853363037109375">
        <ele>30.200000762939453125</ele>
        <time>2020-08-05T12:49:53.000Z</time>
        <extensions>
          <ns3:TrackPointExtension/>
        </extensions>
      </trkpt>
      <trkpt lat="39.89834197796881198883056640625" lon="116.64342996664345264434814453125">
        <ele>30.200000762939453125</ele>
        <time>2020-08-05T12:49:53.000Z</time>
        <extensions>
          <ns3:TrackPointExtension/>
        </extensions>
      </trkpt>
      <trkpt lat="39.89833996631205081939697265625" lon="116.6434699483215808868408203125">
        <ele>30.3999996185302734375</ele>
        <time>2020-08-05T12:49:53.000Z</time>
        <extensions>
          <ns3:TrackPointExtension/>
        </extensions>
      </trkpt>
      <trkpt lat="39.89833996631205081939697265625" lon="116.64349995553493499755859375">
        <ele>30.3999996185302734375</ele>
        <time>2020-08-05T12:49:53.000Z</time>
        <extensions>
          <ns3:TrackPointExtension/>
        </extensions>
      </trkpt>
      <trkpt lat="39.89833996631205081939697265625" lon="116.6435299627482891082763671875">
        <ele>30.3999996185302734375</ele>
        <time>2020-08-05T12:50:00.000Z</time>
        <extensions>
          <ns3:TrackPointExtension/>
        </extensions>
      </trkpt>
      <trkpt lat="39.89834197796881198883056640625" lon="116.643559969961643218994140625">
        <ele>30.3999996185302734375</ele>
        <time>2020-08-05T12:50:00.000Z</time>
        <extensions>
          <ns3:TrackPointExtension/>
        </extensions>
      </trkpt>
      <trkpt lat="39.89834197796881198883056640625" lon="116.6435899771749973297119140625">
        <ele>30.3999996185302734375</ele>
        <time>2020-08-05T12:50:00.000Z</time>
        <extensions>
          <ns3:TrackPointExtension/>
        </extensions>
      </trkpt>
      <trkpt lat="39.8983459174633026123046875" lon="116.6436199843883514404296875">
        <ele>30.6000003814697265625</ele>
        <time>2020-08-05T12:50:00.000Z</time>
        <extensions>
          <ns3:TrackPointExtension/>
        </extensions>
      </trkpt>
      <trkpt lat="39.8983459174633026123046875" lon="116.64365393109619617462158203125">
        <ele>30.6000003814697265625</ele>
        <time>2020-08-05T12:50:00.000Z</time>
        <extensions>
          <ns3:TrackPointExtension/>
        </extensions>
      </trkpt>
      <trkpt lat="39.898349940776824951171875" lon="116.64368393830955028533935546875">
        <ele>30.6000003814697265625</ele>
        <time>2020-08-05T12:50:00.000Z</time>
        <extensions>
          <ns3:TrackPointExtension/>
        </extensions>
      </trkpt>
      <trkpt lat="39.898356981575489044189453125" lon="116.64371495135128498077392578125">
        <ele>30.799999237060546875</ele>
        <time>2020-08-05T12:50:00.000Z</time>
        <extensions>
          <ns3:TrackPointExtension/>
        </extensions>
      </trkpt>
      <trkpt lat="39.89836494438350200653076171875" lon="116.64374495856463909149169921875">
        <ele>30.799999237060546875</ele>
        <time>2020-08-05T12:50:07.000Z</time>
        <extensions>
          <ns3:TrackPointExtension/>
        </extensions>
      </trkpt>
      <trkpt lat="39.89836997352540493011474609375" lon="116.64377597160637378692626953125">
        <ele>30.799999237060546875</ele>
        <time>2020-08-05T12:50:07.000Z</time>
        <extensions>
          <ns3:TrackPointExtension/>
        </extensions>
      </trkpt>
      <trkpt lat="39.89836494438350200653076171875" lon="116.6438099183142185211181640625">
        <ele>31</ele>
        <time>2020-08-05T12:50:07.000Z</time>
        <extensions>
          <ns3:TrackPointExtension/>
        </extensions>
      </trkpt>
      <trkpt lat="39.89836494438350200653076171875" lon="116.6438399255275726318359375">
        <ele>31</ele>
        <time>2020-08-05T12:50:07.000Z</time>
        <extensions>
          <ns3:TrackPointExtension/>
        </extensions>
      </trkpt>
      <trkpt lat="39.89836997352540493011474609375" lon="116.6438699327409267425537109375">
        <ele>31</ele>
        <time>2020-08-05T12:50:07.000Z</time>
        <extensions>
          <ns3:TrackPointExtension/>
        </extensions>
      </trkpt>
      <trkpt lat="39.89836997352540493011474609375" lon="116.643899939954280853271484375">
        <ele>31.200000762939453125</ele>
        <time>2020-08-05T12:50:07.000Z</time>
        <extensions>
          <ns3:TrackPointExtension/>
        </extensions>
      </trkpt>
      <trkpt lat="39.89836997352540493011474609375" lon="116.6439299471676349639892578125">
        <ele>31.200000762939453125</ele>
        <time>2020-08-05T12:50:07.000Z</time>
        <extensions>
          <ns3:TrackPointExtension/>
        </extensions>
      </trkpt>
      <trkpt lat="39.89836997352540493011474609375" lon="116.64396992884576320648193359375">
        <ele>31.3999996185302734375</ele>
        <time>2020-08-05T12:50:14.000Z</time>
        <extensions>
          <ns3:TrackPointExtension/>
        </extensions>
      </trkpt>
      <trkpt lat="39.89835999906063079833984375" lon="116.64399993605911731719970703125">
        <ele>31.3999996185302734375</ele>
        <time>2020-08-05T12:50:14.000Z</time>
        <extensions>
          <ns3:TrackPointExtension/>
        </extensions>
      </trkpt>
      <trkpt lat="39.89834197796881198883056640625" lon="116.64402994327247142791748046875">
        <ele>31.3999996185302734375</ele>
        <time>2020-08-05T12:50:14.000Z</time>
        <extensions>
          <ns3:TrackPointExtension/>
        </extensions>
      </trkpt>
      <trkpt lat="39.8983269743621349334716796875" lon="116.64406598545610904693603515625">
        <ele>31.3999996185302734375</ele>
        <time>2020-08-05T12:50:14.000Z</time>
        <extensions>
          <ns3:TrackPointExtension/>
        </extensions>
      </trkpt>
      <trkpt lat="39.89831498824059963226318359375" lon="116.6440999321639537811279296875">
        <ele>31.3999996185302734375</ele>
        <time>2020-08-05T12:50:14.000Z</time>
        <extensions>
          <ns3:TrackPointExtension/>
        </extensions>
      </trkpt>
      <trkpt lat="39.89831498824059963226318359375" lon="116.644129939377307891845703125">
        <ele>31.3999996185302734375</ele>
        <time>2020-08-05T12:50:14.000Z</time>
        <extensions>
          <ns3:TrackPointExtension/>
        </extensions>
      </trkpt>
      <trkpt lat="39.89831498824059963226318359375" lon="116.6441599465906620025634765625">
        <ele>31.3999996185302734375</ele>
        <time>2020-08-05T12:50:14.000Z</time>
        <extensions>
          <ns3:TrackPointExtension/>
        </extensions>
      </trkpt>
      <trkpt lat="39.8983229510486125946044921875" lon="116.64418995380401611328125">
        <ele>31.200000762939453125</ele>
        <time>2020-08-05T12:50:21.000Z</time>
        <extensions>
          <ns3:TrackPointExtension/>
        </extensions>
      </trkpt>
      <trkpt lat="39.8983269743621349334716796875" lon="116.6442199610173702239990234375">
        <ele>31.200000762939453125</ele>
        <time>2020-08-05T12:50:21.000Z</time>
        <extensions>
          <ns3:TrackPointExtension/>
        </extensions>
      </trkpt>
      <trkpt lat="39.8983299918472766876220703125" lon="116.644249968230724334716796875">
        <ele>31.200000762939453125</ele>
        <time>2020-08-05T12:50:21.000Z</time>
        <extensions>
          <ns3:TrackPointExtension/>
        </extensions>
      </trkpt>
      <trkpt lat="39.89833996631205081939697265625" lon="116.6442799754440784454345703125">
        <ele>31.200000762939453125</ele>
        <time>2020-08-05T12:50:21.000Z</time>
        <extensions>
          <ns3:TrackPointExtension/>
        </extensions>
      </trkpt>
      <trkpt lat="39.898349940776824951171875" lon="116.64430998265743255615234375">
        <ele>31.200000762939453125</ele>
        <time>2020-08-05T12:50:21.000Z</time>
        <extensions>
          <ns3:TrackPointExtension/>
        </extensions>
      </trkpt>
      <trkpt lat="39.89835999906063079833984375" lon="116.6443299315869808197021484375">
        <ele>31</ele>
        <time>2020-08-05T12:50:21.000Z</time>
        <extensions>
          <ns3:TrackPointExtension/>
        </extensions>
      </trkpt>
      <trkpt lat="39.8983759246766567230224609375" lon="116.64435599930584430694580078125">
        <ele>31</ele>
        <time>2020-08-05T12:50:21.000Z</time>
        <extensions>
          <ns3:TrackPointExtension/>
        </extensions>
      </trkpt>
      <trkpt lat="39.89838992245495319366455078125" lon="116.644369997084140777587890625">
        <ele>31</ele>
        <time>2020-08-05T12:50:28.000Z</time>
        <extensions>
          <ns3:TrackPointExtension/>
        </extensions>
      </trkpt>
      <trkpt lat="39.898409955203533172607421875" lon="116.6443899460136890411376953125">
        <ele>31</ele>
        <time>2020-08-05T12:50:28.000Z</time>
        <extensions>
          <ns3:TrackPointExtension/>
        </extensions>
      </trkpt>
      <trkpt lat="39.8984339274466037750244140625" lon="116.64439992047846317291259765625">
        <ele>31</ele>
        <time>2020-08-05T12:50:28.000Z</time>
        <extensions>
          <ns3:TrackPointExtension/>
        </extensions>
      </trkpt>
      <trkpt lat="39.89845697768032550811767578125" lon="116.64442397654056549072265625">
        <ele>30.799999237060546875</ele>
        <time>2020-08-05T12:50:28.000Z</time>
        <extensions>
          <ns3:TrackPointExtension/>
        </extensions>
      </trkpt>
      <trkpt lat="39.89846996963024139404296875" lon="116.6444499604403972625732421875">
        <ele>30.799999237060546875</ele>
        <time>2020-08-05T12:50:28.000Z</time>
        <extensions>
          <ns3:TrackPointExtension/>
        </extensions>
      </trkpt>
      <trkpt lat="39.89846996963024139404296875" lon="116.644479967653751373291015625">
        <ele>30.799999237060546875</ele>
        <time>2020-08-05T12:50:28.000Z</time>
        <extensions>
          <ns3:TrackPointExtension/>
        </extensions>
      </trkpt>
      <trkpt lat="39.898467957973480224609375" lon="116.6445099748671054840087890625">
        <ele>30.799999237060546875</ele>
        <time>2020-08-05T12:50:28.000Z</time>
        <extensions>
          <ns3:TrackPointExtension/>
        </extensions>
      </trkpt>
      <trkpt lat="39.89845999516546726226806640625" lon="116.6445399820804595947265625">
        <ele>30.799999237060546875</ele>
        <time>2020-08-05T12:50:35.000Z</time>
        <extensions>
          <ns3:TrackPointExtension/>
        </extensions>
      </trkpt>
      <trkpt lat="39.89845697768032550811767578125" lon="116.6445699892938137054443359375">
        <ele>30.6000003814697265625</ele>
        <time>2020-08-05T12:50:35.000Z</time>
        <extensions>
          <ns3:TrackPointExtension/>
        </extensions>
      </trkpt>
      <trkpt lat="39.89845697768032550811767578125" lon="116.644599996507167816162109375">
        <ele>30.6000003814697265625</ele>
        <time>2020-08-05T12:50:35.000Z</time>
        <extensions>
          <ns3:TrackPointExtension/>
        </extensions>
      </trkpt>
      <trkpt lat="39.89845999516546726226806640625" lon="116.64463997818529605865478515625">
        <ele>30.6000003814697265625</ele>
        <time>2020-08-05T12:50:35.000Z</time>
        <extensions>
          <ns3:TrackPointExtension/>
        </extensions>
      </trkpt>
      <trkpt lat="39.8984639346599578857421875" lon="116.64466998539865016937255859375">
        <ele>30.6000003814697265625</ele>
        <time>2020-08-05T12:50:35.000Z</time>
        <extensions>
          <ns3:TrackPointExtension/>
        </extensions>
      </trkpt>
      <trkpt lat="39.89846996963024139404296875" lon="116.64469999261200428009033203125">
        <ele>30.6000003814697265625</ele>
        <time>2020-08-05T12:50:35.000Z</time>
        <extensions>
          <ns3:TrackPointExtension/>
        </extensions>
      </trkpt>
      <trkpt lat="39.89847994409501552581787109375" lon="116.64474491961300373077392578125">
        <ele>30.3999996185302734375</ele>
        <time>2020-08-05T12:50:35.000Z</time>
        <extensions>
          <ns3:TrackPointExtension/>
        </extensions>
      </trkpt>
      <trkpt lat="39.89848698489367961883544921875" lon="116.64477492682635784149169921875">
        <ele>30.3999996185302734375</ele>
        <time>2020-08-05T12:50:42.000Z</time>
        <extensions>
          <ns3:TrackPointExtension/>
        </extensions>
      </trkpt>
      <trkpt lat="39.8984899185597896575927734375" lon="116.64480593986809253692626953125">
        <ele>30.3999996185302734375</ele>
        <time>2020-08-05T12:50:42.000Z</time>
        <extensions>
          <ns3:TrackPointExtension/>
        </extensions>
      </trkpt>
      <trkpt lat="39.8984949477016925811767578125" lon="116.64483997039496898651123046875">
        <ele>30.3999996185302734375</ele>
        <time>2020-08-05T12:50:42.000Z</time>
        <extensions>
          <ns3:TrackPointExtension/>
        </extensions>
      </trkpt>
      <trkpt lat="39.8984949477016925811767578125" lon="116.64486997760832309722900390625">
        <ele>30.3999996185302734375</ele>
        <time>2020-08-05T12:50:42.000Z</time>
        <extensions>
          <ns3:TrackPointExtension/>
        </extensions>
      </trkpt>
      <trkpt lat="39.89848698489367961883544921875" lon="116.6449049301445484161376953125">
        <ele>30.3999996185302734375</ele>
        <time>2020-08-05T12:50:42.000Z</time>
        <extensions>
          <ns3:TrackPointExtension/>
        </extensions>
      </trkpt>
      <trkpt lat="39.89848296158015727996826171875" lon="116.644935943186283111572265625">
        <ele>30.3999996185302734375</ele>
        <time>2020-08-05T12:50:42.000Z</time>
        <extensions>
          <ns3:TrackPointExtension/>
        </extensions>
      </trkpt>
      <trkpt lat="39.89848698489367961883544921875" lon="116.6449659503996372222900390625">
        <ele>30.6000003814697265625</ele>
        <time>2020-08-05T12:50:42.000Z</time>
        <extensions>
          <ns3:TrackPointExtension/>
        </extensions>
      </trkpt>
      <trkpt lat="39.8984999768435955047607421875" lon="116.644999980926513671875">
        <ele>30.6000003814697265625</ele>
        <time>2020-08-05T12:50:49.000Z</time>
        <extensions>
          <ns3:TrackPointExtension/>
        </extensions>
      </trkpt>
      <trkpt lat="39.89850995130836963653564453125" lon="116.6450299881398677825927734375">
        <ele>30.6000003814697265625</ele>
        <time>2020-08-05T12:50:49.000Z</time>
        <extensions>
          <ns3:TrackPointExtension/>
        </extensions>
      </trkpt>
      <trkpt lat="39.89851799793541431427001953125" lon="116.645049937069416046142578125">
        <ele>30.799999237060546875</ele>
        <time>2020-08-05T12:50:49.000Z</time>
        <extensions>
          <ns3:TrackPointExtension/>
        </extensions>
      </trkpt>
      <trkpt lat="39.898519925773143768310546875" lon="116.6450799442827701568603515625">
        <ele>30.799999237060546875</ele>
        <time>2020-08-05T12:50:49.000Z</time>
        <extensions>
          <ns3:TrackPointExtension/>
        </extensions>
      </trkpt>
      <trkpt lat="39.898519925773143768310546875" lon="116.64511992596089839935302734375">
        <ele>30.799999237060546875</ele>
        <time>2020-08-05T12:50:49.000Z</time>
        <extensions>
          <ns3:TrackPointExtension/>
        </extensions>
      </trkpt>
      <trkpt lat="39.89851799793541431427001953125" lon="116.64514993317425251007080078125">
        <ele>31</ele>
        <time>2020-08-05T12:50:49.000Z</time>
        <extensions>
          <ns3:TrackPointExtension/>
        </extensions>
      </trkpt>
      <trkpt lat="39.89851799793541431427001953125" lon="116.64517994038760662078857421875">
        <ele>31</ele>
        <time>2020-08-05T12:50:49.000Z</time>
        <extensions>
          <ns3:TrackPointExtension/>
        </extensions>
      </trkpt>
      <trkpt lat="39.89851799793541431427001953125" lon="116.64520994760096073150634765625">
        <ele>31.200000762939453125</ele>
        <time>2020-08-05T12:50:56.000Z</time>
        <extensions>
          <ns3:TrackPointExtension/>
        </extensions>
      </trkpt>
      <trkpt lat="39.898519925773143768310546875" lon="116.64522998034954071044921875">
        <ele>31.200000762939453125</ele>
        <time>2020-08-05T12:50:56.000Z</time>
        <extensions>
          <ns3:TrackPointExtension/>
        </extensions>
      </trkpt>
      <trkpt lat="39.89852495491504669189453125" lon="116.6452599875628948211669921875">
        <ele>31.200000762939453125</ele>
        <time>2020-08-05T12:50:56.000Z</time>
        <extensions>
          <ns3:TrackPointExtension/>
        </extensions>
      </trkpt>
      <trkpt lat="39.89853291772305965423583984375" lon="116.645289994776248931884765625">
        <ele>31.200000762939453125</ele>
        <time>2020-08-05T12:50:56.000Z</time>
        <extensions>
          <ns3:TrackPointExtension/>
        </extensions>
      </trkpt>
      <trkpt lat="39.89853694103658199310302734375" lon="116.64529996924102306365966796875">
        <ele>31.200000762939453125</ele>
        <time>2020-08-05T12:50:56.000Z</time>
        <extensions>
          <ns3:TrackPointExtension/>
        </extensions>
      </trkpt>
      <trkpt lat="39.89854398183524608612060546875" lon="116.64532494731247425079345703125">
        <ele>31.3999996185302734375</ele>
        <time>2020-08-05T12:50:56.000Z</time>
        <extensions>
          <ns3:TrackPointExtension/>
        </extensions>
      </trkpt>
      <trkpt lat="39.8985519446432590484619140625" lon="116.64535495452582836151123046875">
        <ele>31.3999996185302734375</ele>
        <time>2020-08-05T12:50:56.000Z</time>
        <extensions>
          <ns3:TrackPointExtension/>
        </extensions>
      </trkpt>
      <trkpt lat="39.8985599912703037261962890625" lon="116.64537993259727954864501953125">
        <ele>31.3999996185302734375</ele>
        <time>2020-08-05T12:51:03.000Z</time>
        <extensions>
          <ns3:TrackPointExtension/>
        </extensions>
      </trkpt>
      <trkpt lat="39.89856694824993610382080078125" lon="116.64540993981063365936279296875">
        <ele>31.6000003814697265625</ele>
        <time>2020-08-05T12:51:03.000Z</time>
        <extensions>
          <ns3:TrackPointExtension/>
        </extensions>
      </trkpt>
      <trkpt lat="39.89857499487698078155517578125" lon="116.64543994702398777008056640625">
        <ele>31.6000003814697265625</ele>
        <time>2020-08-05T12:51:03.000Z</time>
        <extensions>
          <ns3:TrackPointExtension/>
        </extensions>
      </trkpt>
      <trkpt lat="39.898585975170135498046875" lon="116.64546995423734188079833984375">
        <ele>31.6000003814697265625</ele>
        <time>2020-08-05T12:51:03.000Z</time>
        <extensions>
          <ns3:TrackPointExtension/>
        </extensions>
      </trkpt>
      <trkpt lat="39.89859796129167079925537109375" lon="116.64549996145069599151611328125">
        <ele>31.799999237060546875</ele>
        <time>2020-08-05T12:51:03.000Z</time>
        <extensions>
          <ns3:TrackPointExtension/>
        </extensions>
      </trkpt>
      <trkpt lat="39.8986049182713031768798828125" lon="116.64552996866405010223388671875">
        <ele>31.799999237060546875</ele>
        <time>2020-08-05T12:51:03.000Z</time>
        <extensions>
          <ns3:TrackPointExtension/>
        </extensions>
      </trkpt>
      <trkpt lat="39.8986129648983478546142578125" lon="116.64554991759359836578369140625">
        <ele>31.799999237060546875</ele>
        <time>2020-08-05T12:51:03.000Z</time>
        <extensions>
          <ns3:TrackPointExtension/>
        </extensions>
      </trkpt>
      <trkpt lat="39.89861992187798023223876953125" lon="116.64558394812047481536865234375">
        <ele>31.799999237060546875</ele>
        <time>2020-08-05T12:51:09.000Z</time>
        <extensions>
          <ns3:TrackPointExtension/>
        </extensions>
      </trkpt>
      <trkpt lat="39.89862998016178607940673828125" lon="116.64561496116220951080322265625">
        <ele>31.799999237060546875</ele>
        <time>2020-08-05T12:51:09.000Z</time>
        <extensions>
          <ns3:TrackPointExtension/>
        </extensions>
      </trkpt>
      <trkpt lat="39.898635931313037872314453125" lon="116.64564496837556362152099609375">
        <ele>31.799999237060546875</ele>
        <time>2020-08-05T12:51:09.000Z</time>
        <extensions>
          <ns3:TrackPointExtension/>
        </extensions>
      </trkpt>
      <trkpt lat="39.89864297211170196533203125" lon="116.64567598141729831695556640625">
        <ele>31.799999237060546875</ele>
        <time>2020-08-05T12:51:09.000Z</time>
        <extensions>
          <ns3:TrackPointExtension/>
        </extensions>
      </trkpt>
      <trkpt lat="39.89864992909133434295654296875" lon="116.64568997919559478759765625">
        <ele>32</ele>
        <time>2020-08-05T12:51:09.000Z</time>
        <extensions>
          <ns3:TrackPointExtension/>
        </extensions>
      </trkpt>
      <trkpt lat="39.89865998737514019012451171875" lon="116.6457199864089488983154296875">
        <ele>32</ele>
        <time>2020-08-05T12:51:09.000Z</time>
        <extensions>
          <ns3:TrackPointExtension/>
        </extensions>
      </trkpt>
      <trkpt lat="39.8986659385263919830322265625" lon="116.645743958652019500732421875">
        <ele>32</ele>
        <time>2020-08-05T12:51:09.000Z</time>
        <extensions>
          <ns3:TrackPointExtension/>
        </extensions>
      </trkpt>
      <trkpt lat="39.89867993630468845367431640625" lon="116.6457749716937541961669921875">
        <ele>32</ele>
        <time>2020-08-05T12:51:16.000Z</time>
        <extensions>
          <ns3:TrackPointExtension/>
        </extensions>
      </trkpt>
      <trkpt lat="39.89868999458849430084228515625" lon="116.64579994976520538330078125">
        <ele>32</ele>
        <time>2020-08-05T12:51:16.000Z</time>
        <extensions>
          <ns3:TrackPointExtension/>
        </extensions>
      </trkpt>
      <trkpt lat="39.898704998195171356201171875" lon="116.64580992422997951507568359375">
        <ele>32</ele>
        <time>2020-08-05T12:51:16.000Z</time>
        <extensions>
          <ns3:TrackPointExtension/>
        </extensions>
      </trkpt>
      <trkpt lat="39.8987239412963390350341796875" lon="116.6458359919488430023193359375">
        <ele>32</ele>
        <time>2020-08-05T12:51:16.000Z</time>
        <extensions>
          <ns3:TrackPointExtension/>
        </extensions>
      </trkpt>
      <trkpt lat="39.89873995073139667510986328125" lon="116.645859964191913604736328125">
        <ele>32</ele>
        <time>2020-08-05T12:51:16.000Z</time>
        <extensions>
          <ns3:TrackPointExtension/>
        </extensions>
      </trkpt>
      <trkpt lat="39.898749925196170806884765625" lon="116.6458899714052677154541015625">
        <ele>32</ele>
        <time>2020-08-05T12:51:16.000Z</time>
        <extensions>
          <ns3:TrackPointExtension/>
        </extensions>
      </trkpt>
      <trkpt lat="39.898759983479976654052734375" lon="116.64590992033481597900390625">
        <ele>32</ele>
        <time>2020-08-05T12:51:16.000Z</time>
        <extensions>
          <ns3:TrackPointExtension/>
        </extensions>
      </trkpt>
      <trkpt lat="39.89876995794475078582763671875" lon="116.6459399275481700897216796875">
        <ele>31.799999237060546875</ele>
        <time>2020-08-05T12:51:23.000Z</time>
        <extensions>
          <ns3:TrackPointExtension/>
        </extensions>
      </trkpt>
      <trkpt lat="39.89877297542989253997802734375" lon="116.64595996029675006866455078125">
        <ele>31.799999237060546875</ele>
        <time>2020-08-05T12:51:23.000Z</time>
        <extensions>
          <ns3:TrackPointExtension/>
        </extensions>
      </trkpt>
      <trkpt lat="39.89877699874341487884521484375" lon="116.64598996751010417938232421875">
        <ele>31.799999237060546875</ele>
        <time>2020-08-05T12:51:23.000Z</time>
        <extensions>
          <ns3:TrackPointExtension/>
        </extensions>
      </trkpt>
      <trkpt lat="39.89877699874341487884521484375" lon="116.64601997472345829010009765625">
        <ele>31.799999237060546875</ele>
        <time>2020-08-05T12:51:23.000Z</time>
        <extensions>
          <ns3:TrackPointExtension/>
        </extensions>
      </trkpt>
      <trkpt lat="39.89877297542989253997802734375" lon="116.64604998193681240081787109375">
        <ele>31.799999237060546875</ele>
        <time>2020-08-05T12:51:23.000Z</time>
        <extensions>
          <ns3:TrackPointExtension/>
        </extensions>
      </trkpt>
      <trkpt lat="39.89876995794475078582763671875" lon="116.64607998915016651153564453125">
        <ele>31.799999237060546875</ele>
        <time>2020-08-05T12:51:23.000Z</time>
        <extensions>
          <ns3:TrackPointExtension/>
        </extensions>
      </trkpt>
      <trkpt lat="39.89876593463122844696044921875" lon="116.64610999636352062225341796875">
        <ele>31.799999237060546875</ele>
        <time>2020-08-05T12:51:23.000Z</time>
        <extensions>
          <ns3:TrackPointExtension/>
        </extensions>
      </trkpt>
      <trkpt lat="39.898757971823215484619140625" lon="116.64612994529306888580322265625">
        <ele>32</ele>
        <time>2020-08-05T12:51:30.000Z</time>
        <extensions>
          <ns3:TrackPointExtension/>
        </extensions>
      </trkpt>
      <trkpt lat="39.898757971823215484619140625" lon="116.64616397581994533538818359375">
        <ele>32</ele>
        <time>2020-08-05T12:51:30.000Z</time>
        <extensions>
          <ns3:TrackPointExtension/>
        </extensions>
      </trkpt>
      <trkpt lat="39.898759983479976654052734375" lon="116.64618995971977710723876953125">
        <ele>32</ele>
        <time>2020-08-05T12:51:30.000Z</time>
        <extensions>
          <ns3:TrackPointExtension/>
        </extensions>
      </trkpt>
      <trkpt lat="39.89876995794475078582763671875" lon="116.646199934184551239013671875">
        <ele>31.799999237060546875</ele>
        <time>2020-08-05T12:51:30.000Z</time>
        <extensions>
          <ns3:TrackPointExtension/>
        </extensions>
      </trkpt>
      <trkpt lat="39.89877699874341487884521484375" lon="116.6462299413979053497314453125">
        <ele>31.799999237060546875</ele>
        <time>2020-08-05T12:51:30.000Z</time>
        <extensions>
          <ns3:TrackPointExtension/>
        </extensions>
      </trkpt>
      <trkpt lat="39.8987899906933307647705078125" lon="116.64625994861125946044921875">
        <ele>31.799999237060546875</ele>
        <time>2020-08-05T12:51:30.000Z</time>
        <extensions>
          <ns3:TrackPointExtension/>
        </extensions>
      </trkpt>
      <trkpt lat="39.89879996515810489654541015625" lon="116.6462859325110912322998046875">
        <ele>31.799999237060546875</ele>
        <time>2020-08-05T12:51:30.000Z</time>
        <extensions>
          <ns3:TrackPointExtension/>
        </extensions>
      </trkpt>
      <trkpt lat="39.8988099396228790283203125" lon="116.64630998857319355010986328125">
        <ele>31.799999237060546875</ele>
        <time>2020-08-05T12:51:37.000Z</time>
        <extensions>
          <ns3:TrackPointExtension/>
        </extensions>
      </trkpt>
      <trkpt lat="39.89882293157279491424560546875" lon="116.64632993750274181365966796875">
        <ele>31.6000003814697265625</ele>
        <time>2020-08-05T12:51:37.000Z</time>
        <extensions>
          <ns3:TrackPointExtension/>
        </extensions>
      </trkpt>
      <trkpt lat="39.89882997237145900726318359375" lon="116.64635994471609592437744140625">
        <ele>31.6000003814697265625</ele>
        <time>2020-08-05T12:51:37.000Z</time>
        <extensions>
          <ns3:TrackPointExtension/>
        </extensions>
      </trkpt>
      <trkpt lat="39.8988459818065166473388671875" lon="116.6463799774646759033203125">
        <ele>31.6000003814697265625</ele>
        <time>2020-08-05T12:51:37.000Z</time>
        <extensions>
          <ns3:TrackPointExtension/>
        </extensions>
      </trkpt>
      <trkpt lat="39.89885293878614902496337890625" lon="116.6464099846780300140380859375">
        <ele>31.6000003814697265625</ele>
        <time>2020-08-05T12:51:37.000Z</time>
        <extensions>
          <ns3:TrackPointExtension/>
        </extensions>
      </trkpt>
      <trkpt lat="39.89885696209967136383056640625" lon="116.646429933607578277587890625">
        <ele>31.6000003814697265625</ele>
        <time>2020-08-05T12:51:37.000Z</time>
        <extensions>
          <ns3:TrackPointExtension/>
        </extensions>
      </trkpt>
      <trkpt lat="39.89885997958481311798095703125" lon="116.64645398966968059539794921875">
        <ele>31.6000003814697265625</ele>
        <time>2020-08-05T12:51:37.000Z</time>
        <extensions>
          <ns3:TrackPointExtension/>
        </extensions>
      </trkpt>
      <trkpt lat="39.89885997958481311798095703125" lon="116.64648399688303470611572265625">
        <ele>31.6000003814697265625</ele>
        <time>2020-08-05T12:51:44.000Z</time>
        <extensions>
          <ns3:TrackPointExtension/>
        </extensions>
      </trkpt>
      <trkpt lat="39.89885997958481311798095703125" lon="116.64649992249906063079833984375">
        <ele>31.6000003814697265625</ele>
        <time>2020-08-05T12:51:44.000Z</time>
        <extensions>
          <ns3:TrackPointExtension/>
        </extensions>
      </trkpt>
      <trkpt lat="39.89885997958481311798095703125" lon="116.6465199552476406097412109375">
        <ele>31.6000003814697265625</ele>
        <time>2020-08-05T12:51:44.000Z</time>
        <extensions>
          <ns3:TrackPointExtension/>
        </extensions>
      </trkpt>
      <trkpt lat="39.898864924907684326171875" lon="116.646549962460994720458984375">
        <ele>31.6000003814697265625</ele>
        <time>2020-08-05T12:51:44.000Z</time>
        <extensions>
          <ns3:TrackPointExtension/>
        </extensions>
      </trkpt>
      <trkpt lat="39.898864924907684326171875" lon="116.6465759463608264923095703125">
        <ele>31.6000003814697265625</ele>
        <time>2020-08-05T12:51:44.000Z</time>
        <extensions>
          <ns3:TrackPointExtension/>
        </extensions>
      </trkpt>
      <trkpt lat="39.898869954049587249755859375" lon="116.64660997688770294189453125">
        <ele>31.6000003814697265625</ele>
        <time>2020-08-05T12:51:44.000Z</time>
        <extensions>
          <ns3:TrackPointExtension/>
        </extensions>
      </trkpt>
      <trkpt lat="39.898869954049587249755859375" lon="116.64661995135247707366943359375">
        <ele>31.6000003814697265625</ele>
        <time>2020-08-05T12:51:44.000Z</time>
        <extensions>
          <ns3:TrackPointExtension/>
        </extensions>
      </trkpt>
      <trkpt lat="39.89888395182788372039794921875" lon="116.64664995856583118438720703125">
        <ele>31.3999996185302734375</ele>
        <time>2020-08-05T12:51:51.000Z</time>
        <extensions>
          <ns3:TrackPointExtension/>
        </extensions>
      </trkpt>
      <trkpt lat="39.8988999612629413604736328125" lon="116.64667493663728237152099609375">
        <ele>31.3999996185302734375</ele>
        <time>2020-08-05T12:51:51.000Z</time>
        <extensions>
          <ns3:TrackPointExtension/>
        </extensions>
      </trkpt>
      <trkpt lat="39.89891999401152133941650390625" lon="116.64670594967901706695556640625">
        <ele>31.3999996185302734375</ele>
        <time>2020-08-05T12:51:51.000Z</time>
        <extensions>
          <ns3:TrackPointExtension/>
        </extensions>
      </trkpt>
      <trkpt lat="39.89893692545592784881591796875" lon="116.64672992192208766937255859375">
        <ele>31.200000762939453125</ele>
        <time>2020-08-05T12:51:51.000Z</time>
        <extensions>
          <ns3:TrackPointExtension/>
        </extensions>
      </trkpt>
      <trkpt lat="39.8989519290626049041748046875" lon="116.6467499546706676483154296875">
        <ele>31.200000762939453125</ele>
        <time>2020-08-05T12:51:51.000Z</time>
        <extensions>
          <ns3:TrackPointExtension/>
        </extensions>
      </trkpt>
      <trkpt lat="39.89896793849766254425048828125" lon="116.646779961884021759033203125">
        <ele>31.200000762939453125</ele>
        <time>2020-08-05T12:51:51.000Z</time>
        <extensions>
          <ns3:TrackPointExtension/>
        </extensions>
      </trkpt>
      <trkpt lat="39.8989869654178619384765625" lon="116.64679999463260173797607421875">
        <ele>31</ele>
        <time>2020-08-05T12:51:51.000Z</time>
        <extensions>
          <ns3:TrackPointExtension/>
        </extensions>
      </trkpt>
      <trkpt lat="39.89900599233806133270263671875" lon="116.64682991802692413330078125">
        <ele>31</ele>
        <time>2020-08-05T12:51:58.000Z</time>
        <extensions>
          <ns3:TrackPointExtension/>
        </extensions>
      </trkpt>
      <trkpt lat="39.8990169726312160491943359375" lon="116.6468599252402782440185546875">
        <ele>31</ele>
        <time>2020-08-05T12:51:58.000Z</time>
        <extensions>
          <ns3:TrackPointExtension/>
        </extensions>
      </trkpt>
      <trkpt lat="39.89902996458113193511962890625" lon="116.64687995798885822296142578125">
        <ele>30.799999237060546875</ele>
        <time>2020-08-05T12:51:58.000Z</time>
        <extensions>
          <ns3:TrackPointExtension/>
        </extensions>
      </trkpt>
      <trkpt lat="39.89903298206627368927001953125" lon="116.64690996520221233367919921875">
        <ele>30.799999237060546875</ele>
        <time>2020-08-05T12:51:58.000Z</time>
        <extensions>
          <ns3:TrackPointExtension/>
        </extensions>
      </trkpt>
      <trkpt lat="39.89903993904590606689453125" lon="116.64693997241556644439697265625">
        <ele>30.799999237060546875</ele>
        <time>2020-08-05T12:51:58.000Z</time>
        <extensions>
          <ns3:TrackPointExtension/>
        </extensions>
      </trkpt>
      <trkpt lat="39.89904396235942840576171875" lon="116.64696997962892055511474609375">
        <ele>30.799999237060546875</ele>
        <time>2020-08-05T12:51:58.000Z</time>
        <extensions>
          <ns3:TrackPointExtension/>
        </extensions>
      </trkpt>
      <trkpt lat="39.89904798567295074462890625" lon="116.64699596352875232696533203125">
        <ele>30.6000003814697265625</ele>
        <time>2020-08-05T12:51:58.000Z</time>
        <extensions>
          <ns3:TrackPointExtension/>
        </extensions>
      </trkpt>
      <trkpt lat="39.89905494265258312225341796875" lon="116.64702597074210643768310546875">
        <ele>30.6000003814697265625</ele>
        <time>2020-08-05T12:52:05.000Z</time>
        <extensions>
          <ns3:TrackPointExtension/>
        </extensions>
      </trkpt>
      <trkpt lat="39.89905494265258312225341796875" lon="116.647059917449951171875">
        <ele>30.6000003814697265625</ele>
        <time>2020-08-05T12:52:05.000Z</time>
        <extensions>
          <ns3:TrackPointExtension/>
        </extensions>
      </trkpt>
      <trkpt lat="39.89905494265258312225341796875" lon="116.6470899246633052825927734375">
        <ele>30.6000003814697265625</ele>
        <time>2020-08-05T12:52:05.000Z</time>
        <extensions>
          <ns3:TrackPointExtension/>
        </extensions>
      </trkpt>
      <trkpt lat="39.89905494265258312225341796875" lon="116.647119931876659393310546875">
        <ele>30.6000003814697265625</ele>
        <time>2020-08-05T12:52:05.000Z</time>
        <extensions>
          <ns3:TrackPointExtension/>
        </extensions>
      </trkpt>
      <trkpt lat="39.89905494265258312225341796875" lon="116.64713996462523937225341796875">
        <ele>30.3999996185302734375</ele>
        <time>2020-08-05T12:52:05.000Z</time>
        <extensions>
          <ns3:TrackPointExtension/>
        </extensions>
      </trkpt>
      <trkpt lat="39.89905494265258312225341796875" lon="116.64716997183859348297119140625">
        <ele>30.3999996185302734375</ele>
        <time>2020-08-05T12:52:05.000Z</time>
        <extensions>
          <ns3:TrackPointExtension/>
        </extensions>
      </trkpt>
      <trkpt lat="39.89905494265258312225341796875" lon="116.64719997905194759368896484375">
        <ele>30.3999996185302734375</ele>
        <time>2020-08-05T12:52:05.000Z</time>
        <extensions>
          <ns3:TrackPointExtension/>
        </extensions>
      </trkpt>
      <trkpt lat="39.89905494265258312225341796875" lon="116.64721992798149585723876953125">
        <ele>30.3999996185302734375</ele>
        <time>2020-08-05T12:52:12.000Z</time>
        <extensions>
          <ns3:TrackPointExtension/>
        </extensions>
      </trkpt>
      <trkpt lat="39.89905997179448604583740234375" lon="116.64725999347865581512451171875">
        <ele>30.3999996185302734375</ele>
        <time>2020-08-05T12:52:12.000Z</time>
        <extensions>
          <ns3:TrackPointExtension/>
        </extensions>
      </trkpt>
      <trkpt lat="39.89905494265258312225341796875" lon="116.64728991687297821044921875">
        <ele>30.3999996185302734375</ele>
        <time>2020-08-05T12:52:12.000Z</time>
        <extensions>
          <ns3:TrackPointExtension/>
        </extensions>
      </trkpt>
      <trkpt lat="39.89905494265258312225341796875" lon="116.6473199240863323211669921875">
        <ele>30.200000762939453125</ele>
        <time>2020-08-05T12:52:12.000Z</time>
        <extensions>
          <ns3:TrackPointExtension/>
        </extensions>
      </trkpt>
      <trkpt lat="39.8990499973297119140625" lon="116.647359989583492279052734375">
        <ele>30.200000762939453125</ele>
        <time>2020-08-05T12:52:12.000Z</time>
        <extensions>
          <ns3:TrackPointExtension/>
        </extensions>
      </trkpt>
      <trkpt lat="39.89904798567295074462890625" lon="116.6473899967968463897705078125">
        <ele>30.200000762939453125</ele>
        <time>2020-08-05T12:52:12.000Z</time>
        <extensions>
          <ns3:TrackPointExtension/>
        </extensions>
      </trkpt>
      <trkpt lat="39.89904396235942840576171875" lon="116.64741992019116878509521484375">
        <ele>30.200000762939453125</ele>
        <time>2020-08-05T12:52:12.000Z</time>
        <extensions>
          <ns3:TrackPointExtension/>
        </extensions>
      </trkpt>
      <trkpt lat="39.89903599955141544342041015625" lon="116.64744992740452289581298828125">
        <ele>30.200000762939453125</ele>
        <time>2020-08-05T12:52:19.000Z</time>
        <extensions>
          <ns3:TrackPointExtension/>
        </extensions>
      </trkpt>
      <trkpt lat="39.89902493543922901153564453125" lon="116.64748395793139934539794921875">
        <ele>30.200000762939453125</ele>
        <time>2020-08-05T12:52:19.000Z</time>
        <extensions>
          <ns3:TrackPointExtension/>
        </extensions>
      </trkpt>
      <trkpt lat="39.8990139551460742950439453125" lon="116.64751396514475345611572265625">
        <ele>30.200000762939453125</ele>
        <time>2020-08-05T12:52:19.000Z</time>
        <extensions>
          <ns3:TrackPointExtension/>
        </extensions>
      </trkpt>
      <trkpt lat="39.89900196902453899383544921875" lon="116.64754497818648815155029296875">
        <ele>30.200000762939453125</ele>
        <time>2020-08-05T12:52:19.000Z</time>
        <extensions>
          <ns3:TrackPointExtension/>
        </extensions>
      </trkpt>
      <trkpt lat="39.8989869654178619384765625" lon="116.64756995625793933868408203125">
        <ele>30.200000762939453125</ele>
        <time>2020-08-05T12:52:19.000Z</time>
        <extensions>
          <ns3:TrackPointExtension/>
        </extensions>
      </trkpt>
      <trkpt lat="39.89896995015442371368408203125" lon="116.647589989006519317626953125">
        <ele>30.200000762939453125</ele>
        <time>2020-08-05T12:52:19.000Z</time>
        <extensions>
          <ns3:TrackPointExtension/>
        </extensions>
      </trkpt>
      <trkpt lat="39.8989599756896495819091796875" lon="116.6476199962198734283447265625">
        <ele>30.200000762939453125</ele>
        <time>2020-08-05T12:52:19.000Z</time>
        <extensions>
          <ns3:TrackPointExtension/>
        </extensions>
      </trkpt>
      <trkpt lat="39.89894497208297252655029296875" lon="116.64763994514942169189453125">
        <ele>30.200000762939453125</ele>
        <time>2020-08-05T12:52:26.000Z</time>
        <extensions>
          <ns3:TrackPointExtension/>
        </extensions>
      </trkpt>
      <trkpt lat="39.89893692545592784881591796875" lon="116.64765997789800167083740234375">
        <ele>30.200000762939453125</ele>
        <time>2020-08-05T12:52:26.000Z</time>
        <extensions>
          <ns3:TrackPointExtension/>
        </extensions>
      </trkpt>
      <trkpt lat="39.89892594516277313232421875" lon="116.64767992682754993438720703125">
        <ele>30.200000762939453125</ele>
        <time>2020-08-05T12:52:26.000Z</time>
        <extensions>
          <ns3:TrackPointExtension/>
        </extensions>
      </trkpt>
      <trkpt lat="39.89891395904123783111572265625" lon="116.647699959576129913330078125">
        <ele>30.200000762939453125</ele>
        <time>2020-08-05T12:52:26.000Z</time>
        <extensions>
          <ns3:TrackPointExtension/>
        </extensions>
      </trkpt>
      <trkpt lat="39.89890691824257373809814453125" lon="116.64771999232470989227294921875">
        <ele>30.200000762939453125</ele>
        <time>2020-08-05T12:52:26.000Z</time>
        <extensions>
          <ns3:TrackPointExtension/>
        </extensions>
      </trkpt>
      <trkpt lat="39.8988999612629413604736328125" lon="116.6477299667894840240478515625">
        <ele>30.200000762939453125</ele>
        <time>2020-08-05T12:52:26.000Z</time>
        <extensions>
          <ns3:TrackPointExtension/>
        </extensions>
      </trkpt>
      <trkpt lat="39.89888998679816722869873046875" lon="116.64774999953806400299072265625">
        <ele>30.200000762939453125</ele>
        <time>2020-08-05T12:52:26.000Z</time>
        <extensions>
          <ns3:TrackPointExtension/>
        </extensions>
      </trkpt>
      <trkpt lat="39.89888395182788372039794921875" lon="116.64776994846761226654052734375">
        <ele>30.200000762939453125</ele>
        <time>2020-08-05T12:52:33.000Z</time>
        <extensions>
          <ns3:TrackPointExtension/>
        </extensions>
      </trkpt>
      <trkpt lat="39.89887992851436138153076171875" lon="116.6477799229323863983154296875">
        <ele>30.200000762939453125</ele>
        <time>2020-08-05T12:52:33.000Z</time>
        <extensions>
          <ns3:TrackPointExtension/>
        </extensions>
      </trkpt>
      <trkpt lat="39.89888395182788372039794921875" lon="116.64780397899448871612548828125">
        <ele>30.200000762939453125</ele>
        <time>2020-08-05T12:52:33.000Z</time>
        <extensions>
          <ns3:TrackPointExtension/>
        </extensions>
      </trkpt>
      <trkpt lat="39.89888998679816722869873046875" lon="116.64783499203622341156005859375">
        <ele>30</ele>
        <time>2020-08-05T12:52:33.000Z</time>
        <extensions>
          <ns3:TrackPointExtension/>
        </extensions>
      </trkpt>
      <trkpt lat="39.89890691824257373809814453125" lon="116.64785997010767459869384765625">
        <ele>30</ele>
        <time>2020-08-05T12:52:33.000Z</time>
        <extensions>
          <ns3:TrackPointExtension/>
        </extensions>
      </trkpt>
      <trkpt lat="39.89892192184925079345703125" lon="116.64786994457244873046875">
        <ele>30</ele>
        <time>2020-08-05T12:52:33.000Z</time>
        <extensions>
          <ns3:TrackPointExtension/>
        </extensions>
      </trkpt>
      <trkpt lat="39.89893994294106960296630859375" lon="116.6478999517858028411865234375">
        <ele>29.799999237060546875</ele>
        <time>2020-08-05T12:52:33.000Z</time>
        <extensions>
          <ns3:TrackPointExtension/>
        </extensions>
      </trkpt>
      <trkpt lat="39.8989559523761272430419921875" lon="116.647933982312679290771484375">
        <ele>29.799999237060546875</ele>
        <time>2020-08-05T12:52:40.000Z</time>
        <extensions>
          <ns3:TrackPointExtension/>
        </extensions>
      </trkpt>
      <trkpt lat="39.89896793849766254425048828125" lon="116.6479639895260334014892578125">
        <ele>29.799999237060546875</ele>
        <time>2020-08-05T12:52:40.000Z</time>
        <extensions>
          <ns3:TrackPointExtension/>
        </extensions>
      </trkpt>
      <trkpt lat="39.898982942104339599609375" lon="116.64798997342586517333984375">
        <ele>29.6000003814697265625</ele>
        <time>2020-08-05T12:52:40.000Z</time>
        <extensions>
          <ns3:TrackPointExtension/>
        </extensions>
      </trkpt>
      <trkpt lat="39.89899392239749431610107421875" lon="116.6480199806392192840576171875">
        <ele>29.6000003814697265625</ele>
        <time>2020-08-05T12:52:40.000Z</time>
        <extensions>
          <ns3:TrackPointExtension/>
        </extensions>
      </trkpt>
      <trkpt lat="39.8990099318325519561767578125" lon="116.648049987852573394775390625">
        <ele>29.6000003814697265625</ele>
        <time>2020-08-05T12:52:40.000Z</time>
        <extensions>
          <ns3:TrackPointExtension/>
        </extensions>
      </trkpt>
      <trkpt lat="39.8990199901163578033447265625" lon="116.6480799950659275054931640625">
        <ele>29.3999996185302734375</ele>
        <time>2020-08-05T12:52:40.000Z</time>
        <extensions>
          <ns3:TrackPointExtension/>
        </extensions>
      </trkpt>
      <trkpt lat="39.89902493543922901153564453125" lon="116.64810991846024990081787109375">
        <ele>29.3999996185302734375</ele>
        <time>2020-08-05T12:52:40.000Z</time>
        <extensions>
          <ns3:TrackPointExtension/>
        </extensions>
      </trkpt>
      <trkpt lat="39.89902996458113193511962890625" lon="116.64813992567360401153564453125">
        <ele>29.3999996185302734375</ele>
        <time>2020-08-05T12:52:47.000Z</time>
        <extensions>
          <ns3:TrackPointExtension/>
        </extensions>
      </trkpt>
      <trkpt lat="39.89903298206627368927001953125" lon="116.64816993288695812225341796875">
        <ele>29.3999996185302734375</ele>
        <time>2020-08-05T12:52:47.000Z</time>
        <extensions>
          <ns3:TrackPointExtension/>
        </extensions>
      </trkpt>
      <trkpt lat="39.89903298206627368927001953125" lon="116.64819994010031223297119140625">
        <ele>29.200000762939453125</ele>
        <time>2020-08-05T12:52:47.000Z</time>
        <extensions>
          <ns3:TrackPointExtension/>
        </extensions>
      </trkpt>
      <trkpt lat="39.89903599955141544342041015625" lon="116.6482499800622463226318359375">
        <ele>29.3999996185302734375</ele>
        <time>2020-08-05T12:52:47.000Z</time>
        <extensions>
          <ns3:TrackPointExtension/>
        </extensions>
      </trkpt>
      <trkpt lat="39.89903993904590606689453125" lon="116.648279987275600433349609375">
        <ele>29.3999996185302734375</ele>
        <time>2020-08-05T12:52:47.000Z</time>
        <extensions>
          <ns3:TrackPointExtension/>
        </extensions>
      </trkpt>
      <trkpt lat="39.89904798567295074462890625" lon="116.64831493981182575225830078125">
        <ele>29.3999996185302734375</ele>
        <time>2020-08-05T12:52:47.000Z</time>
        <extensions>
          <ns3:TrackPointExtension/>
        </extensions>
      </trkpt>
      <trkpt lat="39.89904798567295074462890625" lon="116.64834997616708278656005859375">
        <ele>29.3999996185302734375</ele>
        <time>2020-08-05T12:52:47.000Z</time>
        <extensions>
          <ns3:TrackPointExtension/>
        </extensions>
      </trkpt>
      <trkpt lat="39.89904798567295074462890625" lon="116.648383922874927520751953125">
        <ele>29.3999996185302734375</ele>
        <time>2020-08-05T12:52:54.000Z</time>
        <extensions>
          <ns3:TrackPointExtension/>
        </extensions>
      </trkpt>
      <trkpt lat="39.89904798567295074462890625" lon="116.64842993952333927154541015625">
        <ele>29.6000003814697265625</ele>
        <time>2020-08-05T12:52:54.000Z</time>
        <extensions>
          <ns3:TrackPointExtension/>
        </extensions>
      </trkpt>
      <trkpt lat="39.89904396235942840576171875" lon="116.64845994673669338226318359375">
        <ele>29.6000003814697265625</ele>
        <time>2020-08-05T12:52:54.000Z</time>
        <extensions>
          <ns3:TrackPointExtension/>
        </extensions>
      </trkpt>
      <trkpt lat="39.89903993904590606689453125" lon="116.64848995395004749298095703125">
        <ele>29.6000003814697265625</ele>
        <time>2020-08-05T12:52:54.000Z</time>
        <extensions>
          <ns3:TrackPointExtension/>
        </extensions>
      </trkpt>
      <trkpt lat="39.89903599955141544342041015625" lon="116.6485299356281757354736328125">
        <ele>29.6000003814697265625</ele>
        <time>2020-08-05T12:52:54.000Z</time>
        <extensions>
          <ns3:TrackPointExtension/>
        </extensions>
      </trkpt>
      <trkpt lat="39.89903599955141544342041015625" lon="116.64855994284152984619140625">
        <ele>29.3999996185302734375</ele>
        <time>2020-08-05T12:52:54.000Z</time>
        <extensions>
          <ns3:TrackPointExtension/>
        </extensions>
      </trkpt>
      <trkpt lat="39.89903298206627368927001953125" lon="116.64860495366156101226806640625">
        <ele>29.3999996185302734375</ele>
        <time>2020-08-05T12:52:54.000Z</time>
        <extensions>
          <ns3:TrackPointExtension/>
        </extensions>
      </trkpt>
      <trkpt lat="39.89903298206627368927001953125" lon="116.64863596670329570770263671875">
        <ele>29.200000762939453125</ele>
        <time>2020-08-05T12:53:01.000Z</time>
        <extensions>
          <ns3:TrackPointExtension/>
        </extensions>
      </trkpt>
      <trkpt lat="39.89902493543922901153564453125" lon="116.64866999723017215728759765625">
        <ele>29.200000762939453125</ele>
        <time>2020-08-05T12:53:01.000Z</time>
        <extensions>
          <ns3:TrackPointExtension/>
        </extensions>
      </trkpt>
      <trkpt lat="39.89902493543922901153564453125" lon="116.6486799716949462890625">
        <ele>29.200000762939453125</ele>
        <time>2020-08-05T12:53:01.000Z</time>
        <extensions>
          <ns3:TrackPointExtension/>
        </extensions>
      </trkpt>
      <trkpt lat="39.8990199901163578033447265625" lon="116.6487099789083003997802734375">
        <ele>29.200000762939453125</ele>
        <time>2020-08-05T12:53:01.000Z</time>
        <extensions>
          <ns3:TrackPointExtension/>
        </extensions>
      </trkpt>
      <trkpt lat="39.89902493543922901153564453125" lon="116.6487599350512027740478515625">
        <ele>29</ele>
        <time>2020-08-05T12:53:01.000Z</time>
        <extensions>
          <ns3:TrackPointExtension/>
        </extensions>
      </trkpt>
      <trkpt lat="39.89902996458113193511962890625" lon="116.648789942264556884765625">
        <ele>29</ele>
        <time>2020-08-05T12:53:01.000Z</time>
        <extensions>
          <ns3:TrackPointExtension/>
        </extensions>
      </trkpt>
      <trkpt lat="39.89903298206627368927001953125" lon="116.6488199494779109954833984375">
        <ele>28.799999237060546875</ele>
        <time>2020-08-05T12:53:01.000Z</time>
        <extensions>
          <ns3:TrackPointExtension/>
        </extensions>
      </trkpt>
      <trkpt lat="39.89903993904590606689453125" lon="116.64885993115603923797607421875">
        <ele>28.799999237060546875</ele>
        <time>2020-08-05T12:53:08.000Z</time>
        <extensions>
          <ns3:TrackPointExtension/>
        </extensions>
      </trkpt>
      <trkpt lat="39.89904396235942840576171875" lon="116.64888993836939334869384765625">
        <ele>28.6000003814697265625</ele>
        <time>2020-08-05T12:53:08.000Z</time>
        <extensions>
          <ns3:TrackPointExtension/>
        </extensions>
      </trkpt>
      <trkpt lat="39.8990499973297119140625" lon="116.64891994558274745941162109375">
        <ele>28.6000003814697265625</ele>
        <time>2020-08-05T12:53:08.000Z</time>
        <extensions>
          <ns3:TrackPointExtension/>
        </extensions>
      </trkpt>
      <trkpt lat="39.89905997179448604583740234375" lon="116.64894995279610157012939453125">
        <ele>28.6000003814697265625</ele>
        <time>2020-08-05T12:53:08.000Z</time>
        <extensions>
          <ns3:TrackPointExtension/>
        </extensions>
      </trkpt>
      <trkpt lat="39.8990699462592601776123046875" lon="116.64897996000945568084716796875">
        <ele>28.6000003814697265625</ele>
        <time>2020-08-05T12:53:08.000Z</time>
        <extensions>
          <ns3:TrackPointExtension/>
        </extensions>
      </trkpt>
      <trkpt lat="39.89908193238079547882080078125" lon="116.64900996722280979156494140625">
        <ele>28.3999996185302734375</ele>
        <time>2020-08-05T12:53:08.000Z</time>
        <extensions>
          <ns3:TrackPointExtension/>
        </extensions>
      </trkpt>
      <trkpt lat="39.899093918502330780029296875" lon="116.64903997443616390228271484375">
        <ele>28.3999996185302734375</ele>
        <time>2020-08-05T12:53:08.000Z</time>
        <extensions>
          <ns3:TrackPointExtension/>
        </extensions>
      </trkpt>
      <trkpt lat="39.8991049826145172119140625" lon="116.64906998164951801300048828125">
        <ele>28.3999996185302734375</ele>
        <time>2020-08-05T12:53:15.000Z</time>
        <extensions>
          <ns3:TrackPointExtension/>
        </extensions>
      </trkpt>
      <trkpt lat="39.89911696873605251312255859375" lon="116.64909998886287212371826171875">
        <ele>28.3999996185302734375</ele>
        <time>2020-08-05T12:53:15.000Z</time>
        <extensions>
          <ns3:TrackPointExtension/>
        </extensions>
      </trkpt>
      <trkpt lat="39.8991239257156848907470703125" lon="116.64912999607622623443603515625">
        <ele>28.3999996185302734375</ele>
        <time>2020-08-05T12:53:15.000Z</time>
        <extensions>
          <ns3:TrackPointExtension/>
        </extensions>
      </trkpt>
      <trkpt lat="39.8991299606859683990478515625" lon="116.64915497414767742156982421875">
        <ele>28.3999996185302734375</ele>
        <time>2020-08-05T12:53:15.000Z</time>
        <extensions>
          <ns3:TrackPointExtension/>
        </extensions>
      </trkpt>
      <trkpt lat="39.89913993515074253082275390625" lon="116.64918498136103153228759765625">
        <ele>28.3999996185302734375</ele>
        <time>2020-08-05T12:53:15.000Z</time>
        <extensions>
          <ns3:TrackPointExtension/>
        </extensions>
      </trkpt>
      <trkpt lat="39.89914697594940662384033203125" lon="116.64920995943248271942138671875">
        <ele>28.3999996185302734375</ele>
        <time>2020-08-05T12:53:15.000Z</time>
        <extensions>
          <ns3:TrackPointExtension/>
        </extensions>
      </trkpt>
      <trkpt lat="39.899154938757419586181640625" lon="116.64923996664583683013916015625">
        <ele>28.6000003814697265625</ele>
        <time>2020-08-05T12:53:15.000Z</time>
        <extensions>
          <ns3:TrackPointExtension/>
        </extensions>
      </trkpt>
      <trkpt lat="39.899159967899322509765625" lon="116.64925396442413330078125">
        <ele>28.6000003814697265625</ele>
        <time>2020-08-05T12:53:22.000Z</time>
        <extensions>
          <ns3:TrackPointExtension/>
        </extensions>
      </trkpt>
      <trkpt lat="39.89916197955608367919921875" lon="116.6492839716374874114990234375">
        <ele>28.6000003814697265625</ele>
        <time>2020-08-05T12:53:22.000Z</time>
        <extensions>
          <ns3:TrackPointExtension/>
        </extensions>
      </trkpt>
      <trkpt lat="39.89917396567761898040771484375" lon="116.64931498467922210693359375">
        <ele>28.6000003814697265625</ele>
        <time>2020-08-05T12:53:22.000Z</time>
        <extensions>
          <ns3:TrackPointExtension/>
        </extensions>
      </trkpt>
      <trkpt lat="39.89917798899114131927490234375" lon="116.6493449918925762176513671875">
        <ele>28.6000003814697265625</ele>
        <time>2020-08-05T12:53:22.000Z</time>
        <extensions>
          <ns3:TrackPointExtension/>
        </extensions>
      </trkpt>
      <trkpt lat="39.8991799168288707733154296875" lon="116.64936996996402740478515625">
        <ele>28.6000003814697265625</ele>
        <time>2020-08-05T12:53:22.000Z</time>
        <extensions>
          <ns3:TrackPointExtension/>
        </extensions>
      </trkpt>
      <trkpt lat="39.8991849459707736968994140625" lon="116.6493999771773815155029296875">
        <ele>28.6000003814697265625</ele>
        <time>2020-08-05T12:53:22.000Z</time>
        <extensions>
          <ns3:TrackPointExtension/>
        </extensions>
      </trkpt>
      <trkpt lat="39.8991849459707736968994140625" lon="116.649429984390735626220703125">
        <ele>28.6000003814697265625</ele>
        <time>2020-08-05T12:53:22.000Z</time>
        <extensions>
          <ns3:TrackPointExtension/>
        </extensions>
      </trkpt>
      <trkpt lat="39.8991799168288707733154296875" lon="116.6494499333202838897705078125">
        <ele>28.6000003814697265625</ele>
        <time>2020-08-05T12:53:29.000Z</time>
        <extensions>
          <ns3:TrackPointExtension/>
        </extensions>
      </trkpt>
      <trkpt lat="39.89917798899114131927490234375" lon="116.64947994053363800048828125">
        <ele>28.6000003814697265625</ele>
        <time>2020-08-05T12:53:29.000Z</time>
        <extensions>
          <ns3:TrackPointExtension/>
        </extensions>
      </trkpt>
      <trkpt lat="39.89917798899114131927490234375" lon="116.6495099477469921112060546875">
        <ele>28.6000003814697265625</ele>
        <time>2020-08-05T12:53:29.000Z</time>
        <extensions>
          <ns3:TrackPointExtension/>
        </extensions>
      </trkpt>
      <trkpt lat="39.8991799168288707733154296875" lon="116.649539954960346221923828125">
        <ele>28.6000003814697265625</ele>
        <time>2020-08-05T12:53:29.000Z</time>
        <extensions>
          <ns3:TrackPointExtension/>
        </extensions>
      </trkpt>
      <trkpt lat="39.8991799168288707733154296875" lon="116.6495739854872226715087890625">
        <ele>28.6000003814697265625</ele>
        <time>2020-08-05T12:53:29.000Z</time>
        <extensions>
          <ns3:TrackPointExtension/>
        </extensions>
      </trkpt>
      <trkpt lat="39.8991799168288707733154296875" lon="116.649604998528957366943359375">
        <ele>28.6000003814697265625</ele>
        <time>2020-08-05T12:53:29.000Z</time>
        <extensions>
          <ns3:TrackPointExtension/>
        </extensions>
      </trkpt>
      <trkpt lat="39.8991849459707736968994140625" lon="116.64963995106518268585205078125">
        <ele>28.6000003814697265625</ele>
        <time>2020-08-05T12:53:29.000Z</time>
        <extensions>
          <ns3:TrackPointExtension/>
        </extensions>
      </trkpt>
      <trkpt lat="39.8991849459707736968994140625" lon="116.64966995827853679656982421875">
        <ele>28.6000003814697265625</ele>
        <time>2020-08-05T12:53:36.000Z</time>
        <extensions>
          <ns3:TrackPointExtension/>
        </extensions>
      </trkpt>
      <trkpt lat="39.8991899751126766204833984375" lon="116.64971999824047088623046875">
        <ele>28.6000003814697265625</ele>
        <time>2020-08-05T12:53:36.000Z</time>
        <extensions>
          <ns3:TrackPointExtension/>
        </extensions>
      </trkpt>
      <trkpt lat="39.8991929925978183746337890625" lon="116.64974992163479328155517578125">
        <ele>28.6000003814697265625</ele>
        <time>2020-08-05T12:53:36.000Z</time>
        <extensions>
          <ns3:TrackPointExtension/>
        </extensions>
      </trkpt>
      <trkpt lat="39.89919994957745075225830078125" lon="116.649769954383373260498046875">
        <ele>28.6000003814697265625</ele>
        <time>2020-08-05T12:53:36.000Z</time>
        <extensions>
          <ns3:TrackPointExtension/>
        </extensions>
      </trkpt>
      <trkpt lat="39.899209924042224884033203125" lon="116.6497999615967273712158203125">
        <ele>28.6000003814697265625</ele>
        <time>2020-08-05T12:53:36.000Z</time>
        <extensions>
          <ns3:TrackPointExtension/>
        </extensions>
      </trkpt>
      <trkpt lat="39.899215959012508392333984375" lon="116.64982996881008148193359375">
        <ele>28.6000003814697265625</ele>
        <time>2020-08-05T12:53:36.000Z</time>
        <extensions>
          <ns3:TrackPointExtension/>
        </extensions>
      </trkpt>
      <trkpt lat="39.899209924042224884033203125" lon="116.6498639993369579315185546875">
        <ele>28.6000003814697265625</ele>
        <time>2020-08-05T12:53:36.000Z</time>
        <extensions>
          <ns3:TrackPointExtension/>
        </extensions>
      </trkpt>
      <trkpt lat="39.89920397289097309112548828125" lon="116.64989492855966091156005859375">
        <ele>28.6000003814697265625</ele>
        <time>2020-08-05T12:53:43.000Z</time>
        <extensions>
          <ns3:TrackPointExtension/>
        </extensions>
      </trkpt>
      <trkpt lat="39.89919693209230899810791015625" lon="116.64992493577301502227783203125">
        <ele>28.6000003814697265625</ele>
        <time>2020-08-05T12:53:43.000Z</time>
        <extensions>
          <ns3:TrackPointExtension/>
        </extensions>
      </trkpt>
      <trkpt lat="39.8991899751126766204833984375" lon="116.64995594881474971771240234375">
        <ele>28.6000003814697265625</ele>
        <time>2020-08-05T12:53:43.000Z</time>
        <extensions>
          <ns3:TrackPointExtension/>
        </extensions>
      </trkpt>
      <trkpt lat="39.8991799168288707733154296875" lon="116.64998997934162616729736328125">
        <ele>28.6000003814697265625</ele>
        <time>2020-08-05T12:53:43.000Z</time>
        <extensions>
          <ns3:TrackPointExtension/>
        </extensions>
      </trkpt>
      <trkpt lat="39.8991799168288707733154296875" lon="116.649999953806400299072265625">
        <ele>28.6000003814697265625</ele>
        <time>2020-08-05T12:53:43.000Z</time>
        <extensions>
          <ns3:TrackPointExtension/>
        </extensions>
      </trkpt>
      <trkpt lat="39.8991849459707736968994140625" lon="116.6500299610197544097900390625">
        <ele>28.6000003814697265625</ele>
        <time>2020-08-05T12:53:43.000Z</time>
        <extensions>
          <ns3:TrackPointExtension/>
        </extensions>
      </trkpt>
      <trkpt lat="39.8991849459707736968994140625" lon="116.6500599682331085205078125">
        <ele>28.6000003814697265625</ele>
        <time>2020-08-05T12:53:43.000Z</time>
        <extensions>
          <ns3:TrackPointExtension/>
        </extensions>
      </trkpt>
      <trkpt lat="39.8991799168288707733154296875" lon="116.6500899754464626312255859375">
        <ele>28.6000003814697265625</ele>
        <time>2020-08-05T12:53:50.000Z</time>
        <extensions>
          <ns3:TrackPointExtension/>
        </extensions>
      </trkpt>
      <trkpt lat="39.8991799168288707733154296875" lon="116.650119982659816741943359375">
        <ele>28.6000003814697265625</ele>
        <time>2020-08-05T12:53:50.000Z</time>
        <extensions>
          <ns3:TrackPointExtension/>
        </extensions>
      </trkpt>
      <trkpt lat="39.8991849459707736968994140625" lon="116.65015996433794498443603515625">
        <ele>28.6000003814697265625</ele>
        <time>2020-08-05T12:53:50.000Z</time>
        <extensions>
          <ns3:TrackPointExtension/>
        </extensions>
      </trkpt>
      <trkpt lat="39.8991799168288707733154296875" lon="116.65017999708652496337890625">
        <ele>28.6000003814697265625</ele>
        <time>2020-08-05T12:53:50.000Z</time>
        <extensions>
          <ns3:TrackPointExtension/>
        </extensions>
      </trkpt>
      <trkpt lat="39.8991799168288707733154296875" lon="116.65020992048084735870361328125">
        <ele>28.6000003814697265625</ele>
        <time>2020-08-05T12:53:50.000Z</time>
        <extensions>
          <ns3:TrackPointExtension/>
        </extensions>
      </trkpt>
      <trkpt lat="39.89917396567761898040771484375" lon="116.650229953229427337646484375">
        <ele>28.6000003814697265625</ele>
        <time>2020-08-05T12:53:50.000Z</time>
        <extensions>
          <ns3:TrackPointExtension/>
        </extensions>
      </trkpt>
      <trkpt lat="39.89917396567761898040771484375" lon="116.65024998597800731658935546875">
        <ele>28.6000003814697265625</ele>
        <time>2020-08-05T12:53:50.000Z</time>
        <extensions>
          <ns3:TrackPointExtension/>
        </extensions>
      </trkpt>
      <trkpt lat="39.89916591905057430267333984375" lon="116.65026993490755558013916015625">
        <ele>28.6000003814697265625</ele>
        <time>2020-08-05T12:53:57.000Z</time>
        <extensions>
          <ns3:TrackPointExtension/>
        </extensions>
      </trkpt>
      <trkpt lat="39.89916197955608367919921875" lon="116.65029994212090969085693359375">
        <ele>28.6000003814697265625</ele>
        <time>2020-08-05T12:53:57.000Z</time>
        <extensions>
          <ns3:TrackPointExtension/>
        </extensions>
      </trkpt>
      <trkpt lat="39.899159967899322509765625" lon="116.6503199748694896697998046875">
        <ele>28.6000003814697265625</ele>
        <time>2020-08-05T12:53:57.000Z</time>
        <extensions>
          <ns3:TrackPointExtension/>
        </extensions>
      </trkpt>
      <trkpt lat="39.899154938757419586181640625" lon="116.650349982082843780517578125">
        <ele>28.6000003814697265625</ele>
        <time>2020-08-05T12:53:57.000Z</time>
        <extensions>
          <ns3:TrackPointExtension/>
        </extensions>
      </trkpt>
      <trkpt lat="39.899154938757419586181640625" lon="116.6503749601542949676513671875">
        <ele>28.6000003814697265625</ele>
        <time>2020-08-05T12:53:57.000Z</time>
        <extensions>
          <ns3:TrackPointExtension/>
        </extensions>
      </trkpt>
      <trkpt lat="39.89916197955608367919921875" lon="116.6504059731960296630859375">
        <ele>28.6000003814697265625</ele>
        <time>2020-08-05T12:53:57.000Z</time>
        <extensions>
          <ns3:TrackPointExtension/>
        </extensions>
      </trkpt>
      <trkpt lat="39.89917396567761898040771484375" lon="116.65043991990387439727783203125">
        <ele>28.6000003814697265625</ele>
        <time>2020-08-05T12:53:57.000Z</time>
        <extensions>
          <ns3:TrackPointExtension/>
        </extensions>
      </trkpt>
      <trkpt lat="39.8991799168288707733154296875" lon="116.65046992711722850799560546875">
        <ele>28.799999237060546875</ele>
        <time>2020-08-05T12:54:04.000Z</time>
        <extensions>
          <ns3:TrackPointExtension/>
        </extensions>
      </trkpt>
      <trkpt lat="39.8991929925978183746337890625" lon="116.65049993433058261871337890625">
        <ele>28.799999237060546875</ele>
        <time>2020-08-05T12:54:04.000Z</time>
        <extensions>
          <ns3:TrackPointExtension/>
        </extensions>
      </trkpt>
      <trkpt lat="39.89919994957745075225830078125" lon="116.65052994154393672943115234375">
        <ele>28.799999237060546875</ele>
        <time>2020-08-05T12:54:04.000Z</time>
        <extensions>
          <ns3:TrackPointExtension/>
        </extensions>
      </trkpt>
      <trkpt lat="39.89920799620449542999267578125" lon="116.65055994875729084014892578125">
        <ele>28.799999237060546875</ele>
        <time>2020-08-05T12:54:04.000Z</time>
        <extensions>
          <ns3:TrackPointExtension/>
        </extensions>
      </trkpt>
      <trkpt lat="39.899215959012508392333984375" lon="116.650579981505870819091796875">
        <ele>28.799999237060546875</ele>
        <time>2020-08-05T12:54:04.000Z</time>
        <extensions>
          <ns3:TrackPointExtension/>
        </extensions>
      </trkpt>
      <trkpt lat="39.899219982326030731201171875" lon="116.6506099887192249298095703125">
        <ele>29</ele>
        <time>2020-08-05T12:54:04.000Z</time>
        <extensions>
          <ns3:TrackPointExtension/>
        </extensions>
      </trkpt>
      <trkpt lat="39.89922693930566310882568359375" lon="116.65063999593257904052734375">
        <ele>29</ele>
        <time>2020-08-05T12:54:04.000Z</time>
        <extensions>
          <ns3:TrackPointExtension/>
        </extensions>
      </trkpt>
      <trkpt lat="39.89922995679080486297607421875" lon="116.65066991932690143585205078125">
        <ele>29</ele>
        <time>2020-08-05T12:54:11.000Z</time>
        <extensions>
          <ns3:TrackPointExtension/>
        </extensions>
      </trkpt>
      <trkpt lat="39.89923498593270778656005859375" lon="116.65069992654025554656982421875">
        <ele>29</ele>
        <time>2020-08-05T12:54:11.000Z</time>
        <extensions>
          <ns3:TrackPointExtension/>
        </extensions>
      </trkpt>
      <trkpt lat="39.89922995679080486297607421875" lon="116.6507199592888355255126953125">
        <ele>29</ele>
        <time>2020-08-05T12:54:11.000Z</time>
        <extensions>
          <ns3:TrackPointExtension/>
        </extensions>
      </trkpt>
      <trkpt lat="39.89922693930566310882568359375" lon="116.65074996650218963623046875">
        <ele>29</ele>
        <time>2020-08-05T12:54:11.000Z</time>
        <extensions>
          <ns3:TrackPointExtension/>
        </extensions>
      </trkpt>
      <trkpt lat="39.899209924042224884033203125" lon="116.6507799737155437469482421875">
        <ele>29</ele>
        <time>2020-08-05T12:54:11.000Z</time>
        <extensions>
          <ns3:TrackPointExtension/>
        </extensions>
      </trkpt>
      <trkpt lat="39.89920397289097309112548828125" lon="116.650809980928897857666015625">
        <ele>29</ele>
        <time>2020-08-05T12:54:11.000Z</time>
        <extensions>
          <ns3:TrackPointExtension/>
        </extensions>
      </trkpt>
      <trkpt lat="39.8991929925978183746337890625" lon="116.6508399881422519683837890625">
        <ele>29</ele>
        <time>2020-08-05T12:54:11.000Z</time>
        <extensions>
          <ns3:TrackPointExtension/>
        </extensions>
      </trkpt>
      <trkpt lat="39.8991899751126766204833984375" lon="116.6508699953556060791015625">
        <ele>29</ele>
        <time>2020-08-05T12:54:18.000Z</time>
        <extensions>
          <ns3:TrackPointExtension/>
        </extensions>
      </trkpt>
      <trkpt lat="39.8991899751126766204833984375" lon="116.65089991874992847442626953125">
        <ele>29</ele>
        <time>2020-08-05T12:54:18.000Z</time>
        <extensions>
          <ns3:TrackPointExtension/>
        </extensions>
      </trkpt>
      <trkpt lat="39.8991899751126766204833984375" lon="116.65093998424708843231201171875">
        <ele>29</ele>
        <time>2020-08-05T12:54:18.000Z</time>
        <extensions>
          <ns3:TrackPointExtension/>
        </extensions>
      </trkpt>
      <trkpt lat="39.8991899751126766204833984375" lon="116.6509549878537654876708984375">
        <ele>29</ele>
        <time>2020-08-05T12:54:18.000Z</time>
        <extensions>
          <ns3:TrackPointExtension/>
        </extensions>
      </trkpt>
      <trkpt lat="39.8991799168288707733154296875" lon="116.65098591707646846771240234375">
        <ele>29</ele>
        <time>2020-08-05T12:54:18.000Z</time>
        <extensions>
          <ns3:TrackPointExtension/>
        </extensions>
      </trkpt>
      <trkpt lat="39.89917798899114131927490234375" lon="116.6510099731385707855224609375">
        <ele>29</ele>
        <time>2020-08-05T12:54:18.000Z</time>
        <extensions>
          <ns3:TrackPointExtension/>
        </extensions>
      </trkpt>
      <trkpt lat="39.89916197955608367919921875" lon="116.651029922068119049072265625">
        <ele>29</ele>
        <time>2020-08-05T12:54:18.000Z</time>
        <extensions>
          <ns3:TrackPointExtension/>
        </extensions>
      </trkpt>
      <trkpt lat="39.89914697594940662384033203125" lon="116.6510599292814731597900390625">
        <ele>29</ele>
        <time>2020-08-05T12:54:25.000Z</time>
        <extensions>
          <ns3:TrackPointExtension/>
        </extensions>
      </trkpt>
      <trkpt lat="39.8991299606859683990478515625" lon="116.6510899364948272705078125">
        <ele>29</ele>
        <time>2020-08-05T12:54:25.000Z</time>
        <extensions>
          <ns3:TrackPointExtension/>
        </extensions>
      </trkpt>
      <trkpt lat="39.89911294542253017425537109375" lon="116.6511199437081813812255859375">
        <ele>29</ele>
        <time>2020-08-05T12:54:25.000Z</time>
        <extensions>
          <ns3:TrackPointExtension/>
        </extensions>
      </trkpt>
      <trkpt lat="39.8990969359874725341796875" lon="116.65113997645676136016845703125">
        <ele>29.200000762939453125</ele>
        <time>2020-08-05T12:54:25.000Z</time>
        <extensions>
          <ns3:TrackPointExtension/>
        </extensions>
      </trkpt>
      <trkpt lat="39.89908595569431781768798828125" lon="116.65116998367011547088623046875">
        <ele>29.200000762939453125</ele>
        <time>2020-08-05T12:54:25.000Z</time>
        <extensions>
          <ns3:TrackPointExtension/>
        </extensions>
      </trkpt>
      <trkpt lat="39.8990699462592601776123046875" lon="116.65119999088346958160400390625">
        <ele>29.200000762939453125</ele>
        <time>2020-08-05T12:54:25.000Z</time>
        <extensions>
          <ns3:TrackPointExtension/>
        </extensions>
      </trkpt>
      <trkpt lat="39.89906298927962779998779296875" lon="116.65124491788446903228759765625">
        <ele>29.200000762939453125</ele>
        <time>2020-08-05T12:54:25.000Z</time>
        <extensions>
          <ns3:TrackPointExtension/>
        </extensions>
      </trkpt>
      <trkpt lat="39.89905494265258312225341796875" lon="116.65127593092620372772216796875">
        <ele>29.3999996185302734375</ele>
        <time>2020-08-05T12:54:32.000Z</time>
        <extensions>
          <ns3:TrackPointExtension/>
        </extensions>
      </trkpt>
      <trkpt lat="39.89904396235942840576171875" lon="116.6512999869883060455322265625">
        <ele>29.3999996185302734375</ele>
        <time>2020-08-05T12:54:32.000Z</time>
        <extensions>
          <ns3:TrackPointExtension/>
        </extensions>
      </trkpt>
      <trkpt lat="39.89903599955141544342041015625" lon="116.65130996145308017730712890625">
        <ele>29.3999996185302734375</ele>
        <time>2020-08-05T12:54:32.000Z</time>
        <extensions>
          <ns3:TrackPointExtension/>
        </extensions>
      </trkpt>
      <trkpt lat="39.89902996458113193511962890625" lon="116.65132999420166015625">
        <ele>29.3999996185302734375</ele>
        <time>2020-08-05T12:54:32.000Z</time>
        <extensions>
          <ns3:TrackPointExtension/>
        </extensions>
      </trkpt>
      <trkpt lat="39.89902493543922901153564453125" lon="116.65133996866643428802490234375">
        <ele>29.3999996185302734375</ele>
        <time>2020-08-05T12:54:32.000Z</time>
        <extensions>
          <ns3:TrackPointExtension/>
        </extensions>
      </trkpt>
      <trkpt lat="39.89902493543922901153564453125" lon="116.65133996866643428802490234375">
        <ele>29.3999996185302734375</ele>
        <time>2020-08-05T12:54:32.000Z</time>
        <extensions>
          <ns3:TrackPointExtension/>
        </extensions>
      </trkpt>
      <trkpt lat="39.89902493543922901153564453125" lon="116.65132999420166015625">
        <ele>29.3999996185302734375</ele>
        <time>2020-08-05T12:54:32.000Z</time>
        <extensions>
          <ns3:TrackPointExtension/>
        </extensions>
      </trkpt>
      <trkpt lat="39.89902493543922901153564453125" lon="116.65132999420166015625">
        <ele>29.3999996185302734375</ele>
        <time>2020-08-05T12:54:39.000Z</time>
        <extensions>
          <ns3:TrackPointExtension/>
        </extensions>
      </trkpt>
      <trkpt lat="39.8990199901163578033447265625" lon="116.65130996145308017730712890625">
        <ele>29.3999996185302734375</ele>
        <time>2020-08-05T12:54:39.000Z</time>
        <extensions>
          <ns3:TrackPointExtension/>
        </extensions>
      </trkpt>
      <trkpt lat="39.8990169726312160491943359375" lon="116.6512999869883060455322265625">
        <ele>29.3999996185302734375</ele>
        <time>2020-08-05T12:54:39.000Z</time>
        <extensions>
          <ns3:TrackPointExtension/>
        </extensions>
      </trkpt>
      <trkpt lat="39.8990099318325519561767578125" lon="116.65127995423972606658935546875">
        <ele>29.3999996185302734375</ele>
        <time>2020-08-05T12:54:39.000Z</time>
        <extensions>
          <ns3:TrackPointExtension/>
        </extensions>
      </trkpt>
      <trkpt lat="39.89900196902453899383544921875" lon="116.651259921491146087646484375">
        <ele>29.3999996185302734375</ele>
        <time>2020-08-05T12:54:39.000Z</time>
        <extensions>
          <ns3:TrackPointExtension/>
        </extensions>
      </trkpt>
      <trkpt lat="39.898989982903003692626953125" lon="116.65124491788446903228759765625">
        <ele>29.3999996185302734375</ele>
        <time>2020-08-05T12:54:39.000Z</time>
        <extensions>
          <ns3:TrackPointExtension/>
        </extensions>
      </trkpt>
      <trkpt lat="39.898979924619197845458984375" lon="116.65121993981301784515380859375">
        <ele>29.3999996185302734375</ele>
        <time>2020-08-05T12:54:39.000Z</time>
        <extensions>
          <ns3:TrackPointExtension/>
        </extensions>
      </trkpt>
      <trkpt lat="39.89896995015442371368408203125" lon="116.65119999088346958160400390625">
        <ele>29.3999996185302734375</ele>
        <time>2020-08-05T12:54:46.000Z</time>
        <extensions>
          <ns3:TrackPointExtension/>
        </extensions>
      </trkpt>
      <trkpt lat="39.8989639990031719207763671875" lon="116.6511839814484119415283203125">
        <ele>29.3999996185302734375</ele>
        <time>2020-08-05T12:54:46.000Z</time>
        <extensions>
          <ns3:TrackPointExtension/>
        </extensions>
      </trkpt>
      <trkpt lat="39.8989599756896495819091796875" lon="116.65116998367011547088623046875">
        <ele>29.3999996185302734375</ele>
        <time>2020-08-05T12:54:46.000Z</time>
        <extensions>
          <ns3:TrackPointExtension/>
        </extensions>
      </trkpt>
      <trkpt lat="39.8989519290626049041748046875" lon="116.651149950921535491943359375">
        <ele>29.200000762939453125</ele>
        <time>2020-08-05T12:54:46.000Z</time>
        <extensions>
          <ns3:TrackPointExtension/>
        </extensions>
      </trkpt>
      <trkpt lat="39.8989519290626049041748046875" lon="116.65112991817295551300048828125">
        <ele>29.200000762939453125</ele>
        <time>2020-08-05T12:54:46.000Z</time>
        <extensions>
          <ns3:TrackPointExtension/>
        </extensions>
      </trkpt>
      <trkpt lat="39.8989499174058437347412109375" lon="116.65110996924340724945068359375">
        <ele>29.200000762939453125</ele>
        <time>2020-08-05T12:54:46.000Z</time>
        <extensions>
          <ns3:TrackPointExtension/>
        </extensions>
      </trkpt>
      <trkpt lat="39.89894497208297252655029296875" lon="116.6510899364948272705078125">
        <ele>29.200000762939453125</ele>
        <time>2020-08-05T12:54:46.000Z</time>
        <extensions>
          <ns3:TrackPointExtension/>
        </extensions>
      </trkpt>
      <trkpt lat="39.89894497208297252655029296875" lon="116.65107996203005313873291015625">
        <ele>29.200000762939453125</ele>
        <time>2020-08-05T12:54:53.000Z</time>
        <extensions>
          <ns3:TrackPointExtension/>
        </extensions>
      </trkpt>
      <trkpt lat="39.89893994294106960296630859375" lon="116.6510599292814731597900390625">
        <ele>29.200000762939453125</ele>
        <time>2020-08-05T12:54:53.000Z</time>
        <extensions>
          <ns3:TrackPointExtension/>
        </extensions>
      </trkpt>
      <trkpt lat="39.89893692545592784881591796875" lon="116.65104995481669902801513671875">
        <ele>29.200000762939453125</ele>
        <time>2020-08-05T12:54:53.000Z</time>
        <extensions>
          <ns3:TrackPointExtension/>
        </extensions>
      </trkpt>
      <trkpt lat="39.89893692545592784881591796875" lon="116.651029922068119049072265625">
        <ele>29.200000762939453125</ele>
        <time>2020-08-05T12:54:53.000Z</time>
        <extensions>
          <ns3:TrackPointExtension/>
        </extensions>
      </trkpt>
      <trkpt lat="39.89893692545592784881591796875" lon="116.6510099731385707855224609375">
        <ele>29.200000762939453125</ele>
        <time>2020-08-05T12:54:53.000Z</time>
        <extensions>
          <ns3:TrackPointExtension/>
        </extensions>
      </trkpt>
      <trkpt lat="39.89893994294106960296630859375" lon="116.65099999867379665374755859375">
        <ele>29.200000762939453125</ele>
        <time>2020-08-05T12:54:53.000Z</time>
        <extensions>
          <ns3:TrackPointExtension/>
        </extensions>
      </trkpt>
      <trkpt lat="39.89894497208297252655029296875" lon="116.6509799659252166748046875">
        <ele>29</ele>
        <time>2020-08-05T12:54:53.000Z</time>
        <extensions>
          <ns3:TrackPointExtension/>
        </extensions>
      </trkpt>
      <trkpt lat="39.89894497208297252655029296875" lon="116.6509549878537654876708984375">
        <ele>29</ele>
        <time>2020-08-05T12:55:00.000Z</time>
        <extensions>
          <ns3:TrackPointExtension/>
        </extensions>
      </trkpt>
      <trkpt lat="39.8989519290626049041748046875" lon="116.65093998424708843231201171875">
        <ele>29</ele>
        <time>2020-08-05T12:55:00.000Z</time>
        <extensions>
          <ns3:TrackPointExtension/>
        </extensions>
      </trkpt>
      <trkpt lat="39.8989519290626049041748046875" lon="116.650924980640411376953125">
        <ele>29</ele>
        <time>2020-08-05T12:55:00.000Z</time>
        <extensions>
          <ns3:TrackPointExtension/>
        </extensions>
      </trkpt>
      <trkpt lat="39.8989519290626049041748046875" lon="116.65089991874992847442626953125">
        <ele>29</ele>
        <time>2020-08-05T12:55:00.000Z</time>
        <extensions>
          <ns3:TrackPointExtension/>
        </extensions>
      </trkpt>
      <trkpt lat="39.8989519290626049041748046875" lon="116.6508899442851543426513671875">
        <ele>29</ele>
        <time>2020-08-05T12:55:00.000Z</time>
        <extensions>
          <ns3:TrackPointExtension/>
        </extensions>
      </trkpt>
      <trkpt lat="39.8989519290626049041748046875" lon="116.65085993707180023193359375">
        <ele>29</ele>
        <time>2020-08-05T12:55:00.000Z</time>
        <extensions>
          <ns3:TrackPointExtension/>
        </extensions>
      </trkpt>
      <trkpt lat="39.8989559523761272430419921875" lon="116.65085599757730960845947265625">
        <ele>29</ele>
        <time>2020-08-05T12:55:00.000Z</time>
        <extensions>
          <ns3:TrackPointExtension/>
        </extensions>
      </trkpt>
      <trkpt lat="39.8989559523761272430419921875" lon="116.6508299298584461212158203125">
        <ele>29</ele>
        <time>2020-08-05T12:55:07.000Z</time>
        <extensions>
          <ns3:TrackPointExtension/>
        </extensions>
      </trkpt>
      <trkpt lat="39.8989599756896495819091796875" lon="116.650809980928897857666015625">
        <ele>29</ele>
        <time>2020-08-05T12:55:07.000Z</time>
        <extensions>
          <ns3:TrackPointExtension/>
        </extensions>
      </trkpt>
      <trkpt lat="39.8989599756896495819091796875" lon="116.650799922645092010498046875">
        <ele>29</ele>
        <time>2020-08-05T12:55:07.000Z</time>
        <extensions>
          <ns3:TrackPointExtension/>
        </extensions>
      </trkpt>
      <trkpt lat="39.8989639990031719207763671875" lon="116.6507799737155437469482421875">
        <ele>29</ele>
        <time>2020-08-05T12:55:07.000Z</time>
        <extensions>
          <ns3:TrackPointExtension/>
        </extensions>
      </trkpt>
      <trkpt lat="39.89896793849766254425048828125" lon="116.65076999925076961517333984375">
        <ele>29</ele>
        <time>2020-08-05T12:55:07.000Z</time>
        <extensions>
          <ns3:TrackPointExtension/>
        </extensions>
      </trkpt>
      <trkpt lat="39.89896793849766254425048828125" lon="116.65074996650218963623046875">
        <ele>29</ele>
        <time>2020-08-05T12:55:07.000Z</time>
        <extensions>
          <ns3:TrackPointExtension/>
        </extensions>
      </trkpt>
      <trkpt lat="39.89896793849766254425048828125" lon="116.65073999203741550445556640625">
        <ele>29</ele>
        <time>2020-08-05T12:55:07.000Z</time>
        <extensions>
          <ns3:TrackPointExtension/>
        </extensions>
      </trkpt>
      <trkpt lat="39.89896793849766254425048828125" lon="116.6507199592888355255126953125">
        <ele>29</ele>
        <time>2020-08-05T12:55:14.000Z</time>
        <extensions>
          <ns3:TrackPointExtension/>
        </extensions>
      </trkpt>
      <trkpt lat="39.89896995015442371368408203125" lon="116.65069992654025554656982421875">
        <ele>29</ele>
        <time>2020-08-05T12:55:14.000Z</time>
        <extensions>
          <ns3:TrackPointExtension/>
        </extensions>
      </trkpt>
      <trkpt lat="39.89897497929632663726806640625" lon="116.65067997761070728302001953125">
        <ele>29</ele>
        <time>2020-08-05T12:55:14.000Z</time>
        <extensions>
          <ns3:TrackPointExtension/>
        </extensions>
      </trkpt>
      <trkpt lat="39.898979924619197845458984375" lon="116.65066991932690143585205078125">
        <ele>29</ele>
        <time>2020-08-05T12:55:14.000Z</time>
        <extensions>
          <ns3:TrackPointExtension/>
        </extensions>
      </trkpt>
      <trkpt lat="39.898982942104339599609375" lon="116.65064997039735317230224609375">
        <ele>29</ele>
        <time>2020-08-05T12:55:14.000Z</time>
        <extensions>
          <ns3:TrackPointExtension/>
        </extensions>
      </trkpt>
      <trkpt lat="39.8989869654178619384765625" lon="116.650629937648773193359375">
        <ele>29</ele>
        <time>2020-08-05T12:55:14.000Z</time>
        <extensions>
          <ns3:TrackPointExtension/>
        </extensions>
      </trkpt>
      <trkpt lat="39.898989982903003692626953125" lon="116.65061996318399906158447265625">
        <ele>29</ele>
        <time>2020-08-05T12:55:14.000Z</time>
        <extensions>
          <ns3:TrackPointExtension/>
        </extensions>
      </trkpt>
      <trkpt lat="39.89899392239749431610107421875" lon="116.6505999304354190826416015625">
        <ele>28.799999237060546875</ele>
        <time>2020-08-05T12:55:21.000Z</time>
        <extensions>
          <ns3:TrackPointExtension/>
        </extensions>
      </trkpt>
      <trkpt lat="39.89900196902453899383544921875" lon="116.65058995597064495086669921875">
        <ele>28.799999237060546875</ele>
        <time>2020-08-05T12:55:21.000Z</time>
        <extensions>
          <ns3:TrackPointExtension/>
        </extensions>
      </trkpt>
      <trkpt lat="39.89900196902453899383544921875" lon="116.65056598372757434844970703125">
        <ele>28.799999237060546875</ele>
        <time>2020-08-05T12:55:21.000Z</time>
        <extensions>
          <ns3:TrackPointExtension/>
        </extensions>
      </trkpt>
      <trkpt lat="39.89900196902453899383544921875" lon="116.65055994875729084014892578125">
        <ele>28.799999237060546875</ele>
        <time>2020-08-05T12:55:21.000Z</time>
        <extensions>
          <ns3:TrackPointExtension/>
        </extensions>
      </trkpt>
      <trkpt lat="39.89900196902453899383544921875" lon="116.65053597651422023773193359375">
        <ele>28.799999237060546875</ele>
        <time>2020-08-05T12:55:21.000Z</time>
        <extensions>
          <ns3:TrackPointExtension/>
        </extensions>
      </trkpt>
      <trkpt lat="39.89899392239749431610107421875" lon="116.65052994154393672943115234375">
        <ele>28.799999237060546875</ele>
        <time>2020-08-05T12:55:21.000Z</time>
        <extensions>
          <ns3:TrackPointExtension/>
        </extensions>
      </trkpt>
      <trkpt lat="39.898982942104339599609375" lon="116.65050496347248554229736328125">
        <ele>28.799999237060546875</ele>
        <time>2020-08-05T12:55:21.000Z</time>
        <extensions>
          <ns3:TrackPointExtension/>
        </extensions>
      </trkpt>
      <trkpt lat="39.89896995015442371368408203125" lon="116.65049993433058261871337890625">
        <ele>28.799999237060546875</ele>
        <time>2020-08-05T12:55:27.000Z</time>
        <extensions>
          <ns3:TrackPointExtension/>
        </extensions>
      </trkpt>
      <trkpt lat="39.8989599756896495819091796875" lon="116.65047495625913143157958984375">
        <ele>28.799999237060546875</ele>
        <time>2020-08-05T12:55:27.000Z</time>
        <extensions>
          <ns3:TrackPointExtension/>
        </extensions>
      </trkpt>
      <trkpt lat="39.8989519290626049041748046875" lon="116.65046992711722850799560546875">
        <ele>28.799999237060546875</ele>
        <time>2020-08-05T12:55:27.000Z</time>
        <extensions>
          <ns3:TrackPointExtension/>
        </extensions>
      </trkpt>
      <trkpt lat="39.89894497208297252655029296875" lon="116.65044394321739673614501953125">
        <ele>28.799999237060546875</ele>
        <time>2020-08-05T12:55:27.000Z</time>
        <extensions>
          <ns3:TrackPointExtension/>
        </extensions>
      </trkpt>
      <trkpt lat="39.89893692545592784881591796875" lon="116.65043991990387439727783203125">
        <ele>28.6000003814697265625</ele>
        <time>2020-08-05T12:55:27.000Z</time>
        <extensions>
          <ns3:TrackPointExtension/>
        </extensions>
      </trkpt>
      <trkpt lat="39.898932985961437225341796875" lon="116.650409996509552001953125">
        <ele>28.6000003814697265625</ele>
        <time>2020-08-05T12:55:27.000Z</time>
        <extensions>
          <ns3:TrackPointExtension/>
        </extensions>
      </trkpt>
      <trkpt lat="39.89892996847629547119140625" lon="116.6504059731960296630859375">
        <ele>28.6000003814697265625</ele>
        <time>2020-08-05T12:55:27.000Z</time>
        <extensions>
          <ns3:TrackPointExtension/>
        </extensions>
      </trkpt>
      <trkpt lat="39.89892996847629547119140625" lon="116.6503799892961978912353515625">
        <ele>28.6000003814697265625</ele>
        <time>2020-08-05T12:55:34.000Z</time>
        <extensions>
          <ns3:TrackPointExtension/>
        </extensions>
      </trkpt>
      <trkpt lat="39.89892996847629547119140625" lon="116.6503749601542949676513671875">
        <ele>28.6000003814697265625</ele>
        <time>2020-08-05T12:55:34.000Z</time>
        <extensions>
          <ns3:TrackPointExtension/>
        </extensions>
      </trkpt>
      <trkpt lat="39.89892996847629547119140625" lon="116.650349982082843780517578125">
        <ele>28.6000003814697265625</ele>
        <time>2020-08-05T12:55:34.000Z</time>
        <extensions>
          <ns3:TrackPointExtension/>
        </extensions>
      </trkpt>
      <trkpt lat="39.89892996847629547119140625" lon="116.65032994933426380157470703125">
        <ele>28.6000003814697265625</ele>
        <time>2020-08-05T12:55:34.000Z</time>
        <extensions>
          <ns3:TrackPointExtension/>
        </extensions>
      </trkpt>
      <trkpt lat="39.89892996847629547119140625" lon="116.6503199748694896697998046875">
        <ele>28.6000003814697265625</ele>
        <time>2020-08-05T12:55:34.000Z</time>
        <extensions>
          <ns3:TrackPointExtension/>
        </extensions>
      </trkpt>
      <trkpt lat="39.89892996847629547119140625" lon="116.65029994212090969085693359375">
        <ele>28.6000003814697265625</ele>
        <time>2020-08-05T12:55:34.000Z</time>
        <extensions>
          <ns3:TrackPointExtension/>
        </extensions>
      </trkpt>
      <trkpt lat="39.89892996847629547119140625" lon="116.65027999319136142730712890625">
        <ele>28.6000003814697265625</ele>
        <time>2020-08-05T12:55:34.000Z</time>
        <extensions>
          <ns3:TrackPointExtension/>
        </extensions>
      </trkpt>
      <trkpt lat="39.89892996847629547119140625" lon="116.65024998597800731658935546875">
        <ele>28.3999996185302734375</ele>
        <time>2020-08-05T12:55:41.000Z</time>
        <extensions>
          <ns3:TrackPointExtension/>
        </extensions>
      </trkpt>
      <trkpt lat="39.898932985961437225341796875" lon="116.650229953229427337646484375">
        <ele>28.3999996185302734375</ele>
        <time>2020-08-05T12:55:41.000Z</time>
        <extensions>
          <ns3:TrackPointExtension/>
        </extensions>
      </trkpt>
      <trkpt lat="39.89893692545592784881591796875" lon="116.65020992048084735870361328125">
        <ele>28.3999996185302734375</ele>
        <time>2020-08-05T12:55:41.000Z</time>
        <extensions>
          <ns3:TrackPointExtension/>
        </extensions>
      </trkpt>
      <trkpt lat="39.89893692545592784881591796875" lon="116.65018997155129909515380859375">
        <ele>28.3999996185302734375</ele>
        <time>2020-08-05T12:55:41.000Z</time>
        <extensions>
          <ns3:TrackPointExtension/>
        </extensions>
      </trkpt>
      <trkpt lat="39.89893692545592784881591796875" lon="116.65015996433794498443603515625">
        <ele>28.3999996185302734375</ele>
        <time>2020-08-05T12:55:41.000Z</time>
        <extensions>
          <ns3:TrackPointExtension/>
        </extensions>
      </trkpt>
      <trkpt lat="39.89893692545592784881591796875" lon="116.6501399315893650054931640625">
        <ele>28.3999996185302734375</ele>
        <time>2020-08-05T12:55:41.000Z</time>
        <extensions>
          <ns3:TrackPointExtension/>
        </extensions>
      </trkpt>
      <trkpt lat="39.89893692545592784881591796875" lon="116.650115959346294403076171875">
        <ele>28.3999996185302734375</ele>
        <time>2020-08-05T12:55:41.000Z</time>
        <extensions>
          <ns3:TrackPointExtension/>
        </extensions>
      </trkpt>
      <trkpt lat="39.89893994294106960296630859375" lon="116.6500849463045597076416015625">
        <ele>28.200000762939453125</ele>
        <time>2020-08-05T12:55:48.000Z</time>
        <extensions>
          <ns3:TrackPointExtension/>
        </extensions>
      </trkpt>
      <trkpt lat="39.89893692545592784881591796875" lon="116.6500599682331085205078125">
        <ele>28.200000762939453125</ele>
        <time>2020-08-05T12:55:48.000Z</time>
        <extensions>
          <ns3:TrackPointExtension/>
        </extensions>
      </trkpt>
      <trkpt lat="39.89893692545592784881591796875" lon="116.65004999376833438873291015625">
        <ele>28.200000762939453125</ele>
        <time>2020-08-05T12:55:48.000Z</time>
        <extensions>
          <ns3:TrackPointExtension/>
        </extensions>
      </trkpt>
      <trkpt lat="39.898932985961437225341796875" lon="116.65001998655498027801513671875">
        <ele>28.200000762939453125</ele>
        <time>2020-08-05T12:55:48.000Z</time>
        <extensions>
          <ns3:TrackPointExtension/>
        </extensions>
      </trkpt>
      <trkpt lat="39.89892996847629547119140625" lon="116.649993918836116790771484375">
        <ele>28.200000762939453125</ele>
        <time>2020-08-05T12:55:48.000Z</time>
        <extensions>
          <ns3:TrackPointExtension/>
        </extensions>
      </trkpt>
      <trkpt lat="39.89892996847629547119140625" lon="116.6499699465930461883544921875">
        <ele>28.200000762939453125</ele>
        <time>2020-08-05T12:55:48.000Z</time>
        <extensions>
          <ns3:TrackPointExtension/>
        </extensions>
      </trkpt>
      <trkpt lat="39.89893692545592784881591796875" lon="116.64995594881474971771240234375">
        <ele>28.200000762939453125</ele>
        <time>2020-08-05T12:55:48.000Z</time>
        <extensions>
          <ns3:TrackPointExtension/>
        </extensions>
      </trkpt>
      <trkpt lat="39.89893994294106960296630859375" lon="116.64992996491491794586181640625">
        <ele>28.200000762939453125</ele>
        <time>2020-08-05T12:55:55.000Z</time>
        <extensions>
          <ns3:TrackPointExtension/>
        </extensions>
      </trkpt>
      <trkpt lat="39.8989499174058437347412109375" lon="116.6499099321663379669189453125">
        <ele>28.200000762939453125</ele>
        <time>2020-08-05T12:55:55.000Z</time>
        <extensions>
          <ns3:TrackPointExtension/>
        </extensions>
      </trkpt>
      <trkpt lat="39.8989519290626049041748046875" lon="116.64989492855966091156005859375">
        <ele>28.200000762939453125</ele>
        <time>2020-08-05T12:55:55.000Z</time>
        <extensions>
          <ns3:TrackPointExtension/>
        </extensions>
      </trkpt>
      <trkpt lat="39.8989599756896495819091796875" lon="116.64986995048820972442626953125">
        <ele>28.200000762939453125</ele>
        <time>2020-08-05T12:55:55.000Z</time>
        <extensions>
          <ns3:TrackPointExtension/>
        </extensions>
      </trkpt>
      <trkpt lat="39.8989639990031719207763671875" lon="116.6498499177396297454833984375">
        <ele>28.200000762939453125</ele>
        <time>2020-08-05T12:55:55.000Z</time>
        <extensions>
          <ns3:TrackPointExtension/>
        </extensions>
      </trkpt>
      <trkpt lat="39.8989639990031719207763671875" lon="116.64982996881008148193359375">
        <ele>28.200000762939453125</ele>
        <time>2020-08-05T12:55:55.000Z</time>
        <extensions>
          <ns3:TrackPointExtension/>
        </extensions>
      </trkpt>
      <trkpt lat="39.8989639990031719207763671875" lon="116.64981999434530735015869140625">
        <ele>28.200000762939453125</ele>
        <time>2020-08-05T12:55:55.000Z</time>
        <extensions>
          <ns3:TrackPointExtension/>
        </extensions>
      </trkpt>
      <trkpt lat="39.89896793849766254425048828125" lon="116.6497999615967273712158203125">
        <ele>28.200000762939453125</ele>
        <time>2020-08-05T12:56:02.000Z</time>
        <extensions>
          <ns3:TrackPointExtension/>
        </extensions>
      </trkpt>
      <trkpt lat="39.89896793849766254425048828125" lon="116.64977992884814739227294921875">
        <ele>28.200000762939453125</ele>
        <time>2020-08-05T12:56:02.000Z</time>
        <extensions>
          <ns3:TrackPointExtension/>
        </extensions>
      </trkpt>
      <trkpt lat="39.89897497929632663726806640625" lon="116.649769954383373260498046875">
        <ele>28.200000762939453125</ele>
        <time>2020-08-05T12:56:02.000Z</time>
        <extensions>
          <ns3:TrackPointExtension/>
        </extensions>
      </trkpt>
      <trkpt lat="39.898982942104339599609375" lon="116.64975997991859912872314453125">
        <ele>28.200000762939453125</ele>
        <time>2020-08-05T12:56:02.000Z</time>
        <extensions>
          <ns3:TrackPointExtension/>
        </extensions>
      </trkpt>
      <trkpt lat="39.8989869654178619384765625" lon="116.64973399601876735687255859375">
        <ele>28.3999996185302734375</ele>
        <time>2020-08-05T12:56:02.000Z</time>
        <extensions>
          <ns3:TrackPointExtension/>
        </extensions>
      </trkpt>
      <trkpt lat="39.898989982903003692626953125" lon="116.64972997270524501800537109375">
        <ele>28.3999996185302734375</ele>
        <time>2020-08-05T12:56:02.000Z</time>
        <extensions>
          <ns3:TrackPointExtension/>
        </extensions>
      </trkpt>
      <trkpt lat="39.89899392239749431610107421875" lon="116.64971999824047088623046875">
        <ele>28.3999996185302734375</ele>
        <time>2020-08-05T12:56:02.000Z</time>
        <extensions>
          <ns3:TrackPointExtension/>
        </extensions>
      </trkpt>
      <trkpt lat="39.89899392239749431610107421875" lon="116.64969996549189090728759765625">
        <ele>28.3999996185302734375</ele>
        <time>2020-08-05T12:56:09.000Z</time>
        <extensions>
          <ns3:TrackPointExtension/>
        </extensions>
      </trkpt>
      <trkpt lat="39.89899995736777782440185546875" lon="116.6496899910271167755126953125">
        <ele>28.3999996185302734375</ele>
        <time>2020-08-05T12:56:09.000Z</time>
        <extensions>
          <ns3:TrackPointExtension/>
        </extensions>
      </trkpt>
      <trkpt lat="39.89900196902453899383544921875" lon="116.64966593496501445770263671875">
        <ele>28.3999996185302734375</ele>
        <time>2020-08-05T12:56:09.000Z</time>
        <extensions>
          <ns3:TrackPointExtension/>
        </extensions>
      </trkpt>
      <trkpt lat="39.89900196902453899383544921875" lon="116.64963995106518268585205078125">
        <ele>28.3999996185302734375</ele>
        <time>2020-08-05T12:56:09.000Z</time>
        <extensions>
          <ns3:TrackPointExtension/>
        </extensions>
      </trkpt>
      <trkpt lat="39.89900196902453899383544921875" lon="116.6496299766004085540771484375">
        <ele>28.3999996185302734375</ele>
        <time>2020-08-05T12:56:09.000Z</time>
        <extensions>
          <ns3:TrackPointExtension/>
        </extensions>
      </trkpt>
      <trkpt lat="39.8990099318325519561767578125" lon="116.64960994385182857513427734375">
        <ele>28.3999996185302734375</ele>
        <time>2020-08-05T12:56:09.000Z</time>
        <extensions>
          <ns3:TrackPointExtension/>
        </extensions>
      </trkpt>
      <trkpt lat="39.8990139551460742950439453125" lon="116.649599969387054443359375">
        <ele>28.3999996185302734375</ele>
        <time>2020-08-05T12:56:09.000Z</time>
        <extensions>
          <ns3:TrackPointExtension/>
        </extensions>
      </trkpt>
      <trkpt lat="39.8990169726312160491943359375" lon="116.6495739854872226715087890625">
        <ele>28.3999996185302734375</ele>
        <time>2020-08-05T12:56:16.000Z</time>
        <extensions>
          <ns3:TrackPointExtension/>
        </extensions>
      </trkpt>
      <trkpt lat="39.8990169726312160491943359375" lon="116.64954992942512035369873046875">
        <ele>28.3999996185302734375</ele>
        <time>2020-08-05T12:56:16.000Z</time>
        <extensions>
          <ns3:TrackPointExtension/>
        </extensions>
      </trkpt>
      <trkpt lat="39.8990199901163578033447265625" lon="116.64951992221176624298095703125">
        <ele>28.3999996185302734375</ele>
        <time>2020-08-05T12:56:16.000Z</time>
        <extensions>
          <ns3:TrackPointExtension/>
        </extensions>
      </trkpt>
      <trkpt lat="39.89902493543922901153564453125" lon="116.6495059244334697723388671875">
        <ele>28.3999996185302734375</ele>
        <time>2020-08-05T12:56:16.000Z</time>
        <extensions>
          <ns3:TrackPointExtension/>
        </extensions>
      </trkpt>
      <trkpt lat="39.89902493543922901153564453125" lon="116.64947994053363800048828125">
        <ele>28.3999996185302734375</ele>
        <time>2020-08-05T12:56:16.000Z</time>
        <extensions>
          <ns3:TrackPointExtension/>
        </extensions>
      </trkpt>
      <trkpt lat="39.89902493543922901153564453125" lon="116.6494499333202838897705078125">
        <ele>28.3999996185302734375</ele>
        <time>2020-08-05T12:56:16.000Z</time>
        <extensions>
          <ns3:TrackPointExtension/>
        </extensions>
      </trkpt>
      <trkpt lat="39.89902493543922901153564453125" lon="116.649419926106929779052734375">
        <ele>28.3999996185302734375</ele>
        <time>2020-08-05T12:56:16.000Z</time>
        <extensions>
          <ns3:TrackPointExtension/>
        </extensions>
      </trkpt>
      <trkpt lat="39.89902493543922901153564453125" lon="116.6493999771773815155029296875">
        <ele>28.3999996185302734375</ele>
        <time>2020-08-05T12:56:23.000Z</time>
        <extensions>
          <ns3:TrackPointExtension/>
        </extensions>
      </trkpt>
      <trkpt lat="39.8990199901163578033447265625" lon="116.64936996996402740478515625">
        <ele>28.3999996185302734375</ele>
        <time>2020-08-05T12:56:23.000Z</time>
        <extensions>
          <ns3:TrackPointExtension/>
        </extensions>
      </trkpt>
      <trkpt lat="39.8990139551460742950439453125" lon="116.6493449918925762176513671875">
        <ele>28.3999996185302734375</ele>
        <time>2020-08-05T12:56:23.000Z</time>
        <extensions>
          <ns3:TrackPointExtension/>
        </extensions>
      </trkpt>
      <trkpt lat="39.89900599233806133270263671875" lon="116.64931498467922210693359375">
        <ele>28.3999996185302734375</ele>
        <time>2020-08-05T12:56:23.000Z</time>
        <extensions>
          <ns3:TrackPointExtension/>
        </extensions>
      </trkpt>
      <trkpt lat="39.89899392239749431610107421875" lon="116.6492839716374874114990234375">
        <ele>28.3999996185302734375</ele>
        <time>2020-08-05T12:56:23.000Z</time>
        <extensions>
          <ns3:TrackPointExtension/>
        </extensions>
      </trkpt>
      <trkpt lat="39.898989982903003692626953125" lon="116.64926997385919094085693359375">
        <ele>28.3999996185302734375</ele>
        <time>2020-08-05T12:56:23.000Z</time>
        <extensions>
          <ns3:TrackPointExtension/>
        </extensions>
      </trkpt>
      <trkpt lat="39.8989869654178619384765625" lon="116.64923996664583683013916015625">
        <ele>28.3999996185302734375</ele>
        <time>2020-08-05T12:56:23.000Z</time>
        <extensions>
          <ns3:TrackPointExtension/>
        </extensions>
      </trkpt>
      <trkpt lat="39.898982942104339599609375" lon="116.64920995943248271942138671875">
        <ele>28.200000762939453125</ele>
        <time>2020-08-05T12:56:30.000Z</time>
        <extensions>
          <ns3:TrackPointExtension/>
        </extensions>
      </trkpt>
      <trkpt lat="39.898989982903003692626953125" lon="116.64918498136103153228759765625">
        <ele>28.3999996185302734375</ele>
        <time>2020-08-05T12:56:30.000Z</time>
        <extensions>
          <ns3:TrackPointExtension/>
        </extensions>
      </trkpt>
      <trkpt lat="39.89900196902453899383544921875" lon="116.64915497414767742156982421875">
        <ele>28.3999996185302734375</ele>
        <time>2020-08-05T12:56:30.000Z</time>
        <extensions>
          <ns3:TrackPointExtension/>
        </extensions>
      </trkpt>
      <trkpt lat="39.8990169726312160491943359375" lon="116.64912396110594272613525390625">
        <ele>28.3999996185302734375</ele>
        <time>2020-08-05T12:56:30.000Z</time>
        <extensions>
          <ns3:TrackPointExtension/>
        </extensions>
      </trkpt>
      <trkpt lat="39.89902493543922901153564453125" lon="116.64908993057906627655029296875">
        <ele>28.3999996185302734375</ele>
        <time>2020-08-05T12:56:30.000Z</time>
        <extensions>
          <ns3:TrackPointExtension/>
        </extensions>
      </trkpt>
      <trkpt lat="39.89903298206627368927001953125" lon="116.6490549780428409576416015625">
        <ele>28.3999996185302734375</ele>
        <time>2020-08-05T12:56:30.000Z</time>
        <extensions>
          <ns3:TrackPointExtension/>
        </extensions>
      </trkpt>
      <trkpt lat="39.89903599955141544342041015625" lon="116.649024970829486846923828125">
        <ele>28.3999996185302734375</ele>
        <time>2020-08-05T12:56:30.000Z</time>
        <extensions>
          <ns3:TrackPointExtension/>
        </extensions>
      </trkpt>
      <trkpt lat="39.89903993904590606689453125" lon="116.6489939577877521514892578125">
        <ele>28.3999996185302734375</ele>
        <time>2020-08-05T12:56:37.000Z</time>
        <extensions>
          <ns3:TrackPointExtension/>
        </extensions>
      </trkpt>
      <trkpt lat="39.89903599955141544342041015625" lon="116.648959927260875701904296875">
        <ele>28.6000003814697265625</ele>
        <time>2020-08-05T12:56:37.000Z</time>
        <extensions>
          <ns3:TrackPointExtension/>
        </extensions>
      </trkpt>
      <trkpt lat="39.89903298206627368927001953125" lon="116.64892598055303096771240234375">
        <ele>28.6000003814697265625</ele>
        <time>2020-08-05T12:56:37.000Z</time>
        <extensions>
          <ns3:TrackPointExtension/>
        </extensions>
      </trkpt>
      <trkpt lat="39.89902493543922901153564453125" lon="116.64889496751129627227783203125">
        <ele>28.6000003814697265625</ele>
        <time>2020-08-05T12:56:37.000Z</time>
        <extensions>
          <ns3:TrackPointExtension/>
        </extensions>
      </trkpt>
      <trkpt lat="39.89902493543922901153564453125" lon="116.64886496029794216156005859375">
        <ele>28.799999237060546875</ele>
        <time>2020-08-05T12:56:37.000Z</time>
        <extensions>
          <ns3:TrackPointExtension/>
        </extensions>
      </trkpt>
      <trkpt lat="39.8990199901163578033447265625" lon="116.64883394725620746612548828125">
        <ele>28.799999237060546875</ele>
        <time>2020-08-05T12:56:37.000Z</time>
        <extensions>
          <ns3:TrackPointExtension/>
        </extensions>
      </trkpt>
      <trkpt lat="39.8990169726312160491943359375" lon="116.64879991672933101654052734375">
        <ele>28.799999237060546875</ele>
        <time>2020-08-05T12:56:37.000Z</time>
        <extensions>
          <ns3:TrackPointExtension/>
        </extensions>
      </trkpt>
      <trkpt lat="39.8990139551460742950439453125" lon="116.6487699933350086212158203125">
        <ele>29</ele>
        <time>2020-08-05T12:56:44.000Z</time>
        <extensions>
          <ns3:TrackPointExtension/>
        </extensions>
      </trkpt>
      <trkpt lat="39.8990099318325519561767578125" lon="116.648739986121654510498046875">
        <ele>29</ele>
        <time>2020-08-05T12:56:44.000Z</time>
        <extensions>
          <ns3:TrackPointExtension/>
        </extensions>
      </trkpt>
      <trkpt lat="39.89900599233806133270263671875" lon="116.648729927837848663330078125">
        <ele>29</ele>
        <time>2020-08-05T12:56:44.000Z</time>
        <extensions>
          <ns3:TrackPointExtension/>
        </extensions>
      </trkpt>
      <trkpt lat="39.89900196902453899383544921875" lon="116.6486999206244945526123046875">
        <ele>29.200000762939453125</ele>
        <time>2020-08-05T12:56:44.000Z</time>
        <extensions>
          <ns3:TrackPointExtension/>
        </extensions>
      </trkpt>
      <trkpt lat="39.89899392239749431610107421875" lon="116.64866999723017215728759765625">
        <ele>29.200000762939453125</ele>
        <time>2020-08-05T12:56:44.000Z</time>
        <extensions>
          <ns3:TrackPointExtension/>
        </extensions>
      </trkpt>
      <trkpt lat="39.898989982903003692626953125" lon="116.64863596670329570770263671875">
        <ele>29.200000762939453125</ele>
        <time>2020-08-05T12:56:44.000Z</time>
        <extensions>
          <ns3:TrackPointExtension/>
        </extensions>
      </trkpt>
      <trkpt lat="39.898982942104339599609375" lon="116.64860495366156101226806640625">
        <ele>29.3999996185302734375</ele>
        <time>2020-08-05T12:56:44.000Z</time>
        <extensions>
          <ns3:TrackPointExtension/>
        </extensions>
      </trkpt>
      <trkpt lat="39.89897497929632663726806640625" lon="116.64856991730630397796630859375">
        <ele>29.3999996185302734375</ele>
        <time>2020-08-05T12:56:51.000Z</time>
        <extensions>
          <ns3:TrackPointExtension/>
        </extensions>
      </trkpt>
      <trkpt lat="39.8989639990031719207763671875" lon="116.6485299356281757354736328125">
        <ele>29.3999996185302734375</ele>
        <time>2020-08-05T12:56:51.000Z</time>
        <extensions>
          <ns3:TrackPointExtension/>
        </extensions>
      </trkpt>
      <trkpt lat="39.8989559523761272430419921875" lon="116.648499928414821624755859375">
        <ele>29.6000003814697265625</ele>
        <time>2020-08-05T12:56:51.000Z</time>
        <extensions>
          <ns3:TrackPointExtension/>
        </extensions>
      </trkpt>
      <trkpt lat="39.8989519290626049041748046875" lon="116.64845994673669338226318359375">
        <ele>29.6000003814697265625</ele>
        <time>2020-08-05T12:56:51.000Z</time>
        <extensions>
          <ns3:TrackPointExtension/>
        </extensions>
      </trkpt>
      <trkpt lat="39.8989519290626049041748046875" lon="116.64842993952333927154541015625">
        <ele>29.6000003814697265625</ele>
        <time>2020-08-05T12:56:51.000Z</time>
        <extensions>
          <ns3:TrackPointExtension/>
        </extensions>
      </trkpt>
      <trkpt lat="39.8989559523761272430419921875" lon="116.648383922874927520751953125">
        <ele>29.6000003814697265625</ele>
        <time>2020-08-05T12:56:51.000Z</time>
        <extensions>
          <ns3:TrackPointExtension/>
        </extensions>
      </trkpt>
      <trkpt lat="39.8989599756896495819091796875" lon="116.64834595285356044769287109375">
        <ele>29.6000003814697265625</ele>
        <time>2020-08-05T12:56:51.000Z</time>
        <extensions>
          <ns3:TrackPointExtension/>
        </extensions>
      </trkpt>
      <trkpt lat="39.89896793849766254425048828125" lon="116.6483099944889545440673828125">
        <ele>29.6000003814697265625</ele>
        <time>2020-08-05T12:56:58.000Z</time>
        <extensions>
          <ns3:TrackPointExtension/>
        </extensions>
      </trkpt>
      <trkpt lat="39.89897497929632663726806640625" lon="116.648279987275600433349609375">
        <ele>29.6000003814697265625</ele>
        <time>2020-08-05T12:56:58.000Z</time>
        <extensions>
          <ns3:TrackPointExtension/>
        </extensions>
      </trkpt>
      <trkpt lat="39.89897497929632663726806640625" lon="116.64822994731366634368896484375">
        <ele>29.3999996185302734375</ele>
        <time>2020-08-05T12:56:58.000Z</time>
        <extensions>
          <ns3:TrackPointExtension/>
        </extensions>
      </trkpt>
      <trkpt lat="39.89896995015442371368408203125" lon="116.64819994010031223297119140625">
        <ele>29.3999996185302734375</ele>
        <time>2020-08-05T12:56:58.000Z</time>
        <extensions>
          <ns3:TrackPointExtension/>
        </extensions>
      </trkpt>
      <trkpt lat="39.89896995015442371368408203125" lon="116.64816993288695812225341796875">
        <ele>29.3999996185302734375</ele>
        <time>2020-08-05T12:56:58.000Z</time>
        <extensions>
          <ns3:TrackPointExtension/>
        </extensions>
      </trkpt>
      <trkpt lat="39.89896995015442371368408203125" lon="116.64813992567360401153564453125">
        <ele>29.3999996185302734375</ele>
        <time>2020-08-05T12:56:58.000Z</time>
        <extensions>
          <ns3:TrackPointExtension/>
        </extensions>
      </trkpt>
      <trkpt lat="39.89896793849766254425048828125" lon="116.64809994399547576904296875">
        <ele>29.6000003814697265625</ele>
        <time>2020-08-05T12:56:58.000Z</time>
        <extensions>
          <ns3:TrackPointExtension/>
        </extensions>
      </trkpt>
      <trkpt lat="39.8989599756896495819091796875" lon="116.6480699367821216583251953125">
        <ele>29.6000003814697265625</ele>
        <time>2020-08-05T12:57:05.000Z</time>
        <extensions>
          <ns3:TrackPointExtension/>
        </extensions>
      </trkpt>
      <trkpt lat="39.89894497208297252655029296875" lon="116.648039929568767547607421875">
        <ele>29.6000003814697265625</ele>
        <time>2020-08-05T12:57:05.000Z</time>
        <extensions>
          <ns3:TrackPointExtension/>
        </extensions>
      </trkpt>
      <trkpt lat="39.89892996847629547119140625" lon="116.64799491874873638153076171875">
        <ele>29.799999237060546875</ele>
        <time>2020-08-05T12:57:05.000Z</time>
        <extensions>
          <ns3:TrackPointExtension/>
        </extensions>
      </trkpt>
      <trkpt lat="39.89891395904123783111572265625" lon="116.6479599662125110626220703125">
        <ele>29.799999237060546875</ele>
        <time>2020-08-05T12:57:05.000Z</time>
        <extensions>
          <ns3:TrackPointExtension/>
        </extensions>
      </trkpt>
      <trkpt lat="39.8989029787480831146240234375" lon="116.647929958999156951904296875">
        <ele>30</ele>
        <time>2020-08-05T12:57:05.000Z</time>
        <extensions>
          <ns3:TrackPointExtension/>
        </extensions>
      </trkpt>
      <trkpt lat="39.8988949321210384368896484375" lon="116.6478959284722805023193359375">
        <ele>30</ele>
        <time>2020-08-05T12:57:05.000Z</time>
        <extensions>
          <ns3:TrackPointExtension/>
        </extensions>
      </trkpt>
      <trkpt lat="39.89888797514140605926513671875" lon="116.64786499924957752227783203125">
        <ele>30</ele>
        <time>2020-08-05T12:57:05.000Z</time>
        <extensions>
          <ns3:TrackPointExtension/>
        </extensions>
      </trkpt>
      <trkpt lat="39.89887992851436138153076171875" lon="116.6478399373590946197509765625">
        <ele>30</ele>
        <time>2020-08-05T12:57:12.000Z</time>
        <extensions>
          <ns3:TrackPointExtension/>
        </extensions>
      </trkpt>
      <trkpt lat="39.898871965706348419189453125" lon="116.647809930145740509033203125">
        <ele>30.200000762939453125</ele>
        <time>2020-08-05T12:57:12.000Z</time>
        <extensions>
          <ns3:TrackPointExtension/>
        </extensions>
      </trkpt>
      <trkpt lat="39.898869954049587249755859375" lon="116.6477799229323863983154296875">
        <ele>30.200000762939453125</ele>
        <time>2020-08-05T12:57:12.000Z</time>
        <extensions>
          <ns3:TrackPointExtension/>
        </extensions>
      </trkpt>
      <trkpt lat="39.89885997958481311798095703125" lon="116.64774999953806400299072265625">
        <ele>30.200000762939453125</ele>
        <time>2020-08-05T12:57:12.000Z</time>
        <extensions>
          <ns3:TrackPointExtension/>
        </extensions>
      </trkpt>
      <trkpt lat="39.89885293878614902496337890625" lon="116.64770993404090404510498046875">
        <ele>30.200000762939453125</ele>
        <time>2020-08-05T12:57:12.000Z</time>
        <extensions>
          <ns3:TrackPointExtension/>
        </extensions>
      </trkpt>
      <trkpt lat="39.8988459818065166473388671875" lon="116.64767992682754993438720703125">
        <ele>30.3999996185302734375</ele>
        <time>2020-08-05T12:57:12.000Z</time>
        <extensions>
          <ns3:TrackPointExtension/>
        </extensions>
      </trkpt>
      <trkpt lat="39.8988459818065166473388671875" lon="116.64764991961419582366943359375">
        <ele>30.3999996185302734375</ele>
        <time>2020-08-05T12:57:12.000Z</time>
        <extensions>
          <ns3:TrackPointExtension/>
        </extensions>
      </trkpt>
      <trkpt lat="39.8988399468362331390380859375" lon="116.64760599844157695770263671875">
        <ele>30.3999996185302734375</ele>
        <time>2020-08-05T12:57:19.000Z</time>
        <extensions>
          <ns3:TrackPointExtension/>
        </extensions>
      </trkpt>
      <trkpt lat="39.8988379351794719696044921875" lon="116.64757498539984226226806640625">
        <ele>30.3999996185302734375</ele>
        <time>2020-08-05T12:57:19.000Z</time>
        <extensions>
          <ns3:TrackPointExtension/>
        </extensions>
      </trkpt>
      <trkpt lat="39.8988379351794719696044921875" lon="116.64754497818648815155029296875">
        <ele>30.6000003814697265625</ele>
        <time>2020-08-05T12:57:19.000Z</time>
        <extensions>
          <ns3:TrackPointExtension/>
        </extensions>
      </trkpt>
      <trkpt lat="39.89883399568498134613037109375" lon="116.64750994183123111724853515625">
        <ele>30.6000003814697265625</ele>
        <time>2020-08-05T12:57:19.000Z</time>
        <extensions>
          <ns3:TrackPointExtension/>
        </extensions>
      </trkpt>
      <trkpt lat="39.89882997237145900726318359375" lon="116.64747993461787700653076171875">
        <ele>30.6000003814697265625</ele>
        <time>2020-08-05T12:57:19.000Z</time>
        <extensions>
          <ns3:TrackPointExtension/>
        </extensions>
      </trkpt>
      <trkpt lat="39.89882293157279491424560546875" lon="116.6474399529397487640380859375">
        <ele>30.6000003814697265625</ele>
        <time>2020-08-05T12:57:19.000Z</time>
        <extensions>
          <ns3:TrackPointExtension/>
        </extensions>
      </trkpt>
      <trkpt lat="39.898814968764781951904296875" lon="116.6473899967968463897705078125">
        <ele>30.799999237060546875</ele>
        <time>2020-08-05T12:57:19.000Z</time>
        <extensions>
          <ns3:TrackPointExtension/>
        </extensions>
      </trkpt>
      <trkpt lat="39.89880792796611785888671875" lon="116.647359989583492279052734375">
        <ele>30.799999237060546875</ele>
        <time>2020-08-05T12:57:26.000Z</time>
        <extensions>
          <ns3:TrackPointExtension/>
        </extensions>
      </trkpt>
      <trkpt lat="39.89880792796611785888671875" lon="116.6473299823701381683349609375">
        <ele>30.799999237060546875</ele>
        <time>2020-08-05T12:57:26.000Z</time>
        <extensions>
          <ns3:TrackPointExtension/>
        </extensions>
      </trkpt>
      <trkpt lat="39.89880792796611785888671875" lon="116.6472999751567840576171875">
        <ele>30.799999237060546875</ele>
        <time>2020-08-05T12:57:26.000Z</time>
        <extensions>
          <ns3:TrackPointExtension/>
        </extensions>
      </trkpt>
      <trkpt lat="39.89880792796611785888671875" lon="116.6472699679434299468994140625">
        <ele>31</ele>
        <time>2020-08-05T12:57:26.000Z</time>
        <extensions>
          <ns3:TrackPointExtension/>
        </extensions>
      </trkpt>
      <trkpt lat="39.898814968764781951904296875" lon="116.64724993519484996795654296875">
        <ele>31</ele>
        <time>2020-08-05T12:57:26.000Z</time>
        <extensions>
          <ns3:TrackPointExtension/>
        </extensions>
      </trkpt>
      <trkpt lat="39.89881999790668487548828125" lon="116.64721992798149585723876953125">
        <ele>31</ele>
        <time>2020-08-05T12:57:26.000Z</time>
        <extensions>
          <ns3:TrackPointExtension/>
        </extensions>
      </trkpt>
      <trkpt lat="39.89882293157279491424560546875" lon="116.64718992076814174652099609375">
        <ele>31</ele>
        <time>2020-08-05T12:57:26.000Z</time>
        <extensions>
          <ns3:TrackPointExtension/>
        </extensions>
      </trkpt>
      <trkpt lat="39.89882293157279491424560546875" lon="116.6471559740602970123291015625">
        <ele>31</ele>
        <time>2020-08-05T12:57:33.000Z</time>
        <extensions>
          <ns3:TrackPointExtension/>
        </extensions>
      </trkpt>
      <trkpt lat="39.89881999790668487548828125" lon="116.64712496101856231689453125">
        <ele>31</ele>
        <time>2020-08-05T12:57:33.000Z</time>
        <extensions>
          <ns3:TrackPointExtension/>
        </extensions>
      </trkpt>
      <trkpt lat="39.898814968764781951904296875" lon="116.6470949538052082061767578125">
        <ele>31.200000762939453125</ele>
        <time>2020-08-05T12:57:33.000Z</time>
        <extensions>
          <ns3:TrackPointExtension/>
        </extensions>
      </trkpt>
      <trkpt lat="39.898814968764781951904296875" lon="116.6470639407634735107421875">
        <ele>31.200000762939453125</ele>
        <time>2020-08-05T12:57:33.000Z</time>
        <extensions>
          <ns3:TrackPointExtension/>
        </extensions>
      </trkpt>
      <trkpt lat="39.898814968764781951904296875" lon="116.6470399685204029083251953125">
        <ele>31.200000762939453125</ele>
        <time>2020-08-05T12:57:33.000Z</time>
        <extensions>
          <ns3:TrackPointExtension/>
        </extensions>
      </trkpt>
      <trkpt lat="39.898814968764781951904296875" lon="116.647009961307048797607421875">
        <ele>31.200000762939453125</ele>
        <time>2020-08-05T12:57:33.000Z</time>
        <extensions>
          <ns3:TrackPointExtension/>
        </extensions>
      </trkpt>
      <trkpt lat="39.898814968764781951904296875" lon="116.64699596352875232696533203125">
        <ele>31.200000762939453125</ele>
        <time>2020-08-05T12:57:33.000Z</time>
        <extensions>
          <ns3:TrackPointExtension/>
        </extensions>
      </trkpt>
      <trkpt lat="39.898814968764781951904296875" lon="116.64696997962892055511474609375">
        <ele>31.200000762939453125</ele>
        <time>2020-08-05T12:57:40.000Z</time>
        <extensions>
          <ns3:TrackPointExtension/>
        </extensions>
      </trkpt>
      <trkpt lat="39.8988099396228790283203125" lon="116.646949946880340576171875">
        <ele>31.3999996185302734375</ele>
        <time>2020-08-05T12:57:40.000Z</time>
        <extensions>
          <ns3:TrackPointExtension/>
        </extensions>
      </trkpt>
      <trkpt lat="39.8988099396228790283203125" lon="116.6469199396669864654541015625">
        <ele>31.3999996185302734375</ele>
        <time>2020-08-05T12:57:40.000Z</time>
        <extensions>
          <ns3:TrackPointExtension/>
        </extensions>
      </trkpt>
      <trkpt lat="39.89880792796611785888671875" lon="116.64690393023192882537841796875">
        <ele>31.3999996185302734375</ele>
        <time>2020-08-05T12:57:40.000Z</time>
        <extensions>
          <ns3:TrackPointExtension/>
        </extensions>
      </trkpt>
      <trkpt lat="39.89880398847162723541259765625" lon="116.64687995798885822296142578125">
        <ele>31.3999996185302734375</ele>
        <time>2020-08-05T12:57:40.000Z</time>
        <extensions>
          <ns3:TrackPointExtension/>
        </extensions>
      </trkpt>
      <trkpt lat="39.89879996515810489654541015625" lon="116.64684995077550411224365234375">
        <ele>31.3999996185302734375</ele>
        <time>2020-08-05T12:57:40.000Z</time>
        <extensions>
          <ns3:TrackPointExtension/>
        </extensions>
      </trkpt>
      <trkpt lat="39.8987899906933307647705078125" lon="116.64682991802692413330078125">
        <ele>31.3999996185302734375</ele>
        <time>2020-08-05T12:57:40.000Z</time>
        <extensions>
          <ns3:TrackPointExtension/>
        </extensions>
      </trkpt>
      <trkpt lat="39.8987799324095249176025390625" lon="116.64679999463260173797607421875">
        <ele>31.6000003814697265625</ele>
        <time>2020-08-05T12:57:47.000Z</time>
        <extensions>
          <ns3:TrackPointExtension/>
        </extensions>
      </trkpt>
      <trkpt lat="39.89877297542989253997802734375" lon="116.646779961884021759033203125">
        <ele>31.6000003814697265625</ele>
        <time>2020-08-05T12:57:47.000Z</time>
        <extensions>
          <ns3:TrackPointExtension/>
        </extensions>
      </trkpt>
      <trkpt lat="39.898757971823215484619140625" lon="116.6467499546706676483154296875">
        <ele>31.6000003814697265625</ele>
        <time>2020-08-05T12:57:47.000Z</time>
        <extensions>
          <ns3:TrackPointExtension/>
        </extensions>
      </trkpt>
      <trkpt lat="39.89874296821653842926025390625" lon="116.64672992192208766937255859375">
        <ele>31.799999237060546875</ele>
        <time>2020-08-05T12:57:47.000Z</time>
        <extensions>
          <ns3:TrackPointExtension/>
        </extensions>
      </trkpt>
      <trkpt lat="39.8987239412963390350341796875" lon="116.64670594967901706695556640625">
        <ele>31.799999237060546875</ele>
        <time>2020-08-05T12:57:47.000Z</time>
        <extensions>
          <ns3:TrackPointExtension/>
        </extensions>
      </trkpt>
      <trkpt lat="39.898704998195171356201171875" lon="116.64667493663728237152099609375">
        <ele>31.799999237060546875</ele>
        <time>2020-08-05T12:57:47.000Z</time>
        <extensions>
          <ns3:TrackPointExtension/>
        </extensions>
      </trkpt>
      <trkpt lat="39.89868496544659137725830078125" lon="116.64664995856583118438720703125">
        <ele>32</ele>
        <time>2020-08-05T12:57:47.000Z</time>
        <extensions>
          <ns3:TrackPointExtension/>
        </extensions>
      </trkpt>
      <trkpt lat="39.8986659385263919830322265625" lon="116.64661995135247707366943359375">
        <ele>32</ele>
        <time>2020-08-05T12:57:54.000Z</time>
        <extensions>
          <ns3:TrackPointExtension/>
        </extensions>
      </trkpt>
      <trkpt lat="39.89864297211170196533203125" lon="116.64660997688770294189453125">
        <ele>32</ele>
        <time>2020-08-05T12:57:54.000Z</time>
        <extensions>
          <ns3:TrackPointExtension/>
        </extensions>
      </trkpt>
      <trkpt lat="39.89862998016178607940673828125" lon="116.6465759463608264923095703125">
        <ele>32</ele>
        <time>2020-08-05T12:57:54.000Z</time>
        <extensions>
          <ns3:TrackPointExtension/>
        </extensions>
      </trkpt>
      <trkpt lat="39.8986129648983478546142578125" lon="116.646549962460994720458984375">
        <ele>32.200000762939453125</ele>
        <time>2020-08-05T12:57:54.000Z</time>
        <extensions>
          <ns3:TrackPointExtension/>
        </extensions>
      </trkpt>
      <trkpt lat="39.8986049182713031768798828125" lon="116.6465199552476406097412109375">
        <ele>32.200000762939453125</ele>
        <time>2020-08-05T12:57:54.000Z</time>
        <extensions>
          <ns3:TrackPointExtension/>
        </extensions>
      </trkpt>
      <trkpt lat="39.89859393797814846038818359375" lon="116.6464899480342864990234375">
        <ele>32</ele>
        <time>2020-08-05T12:57:54.000Z</time>
        <extensions>
          <ns3:TrackPointExtension/>
        </extensions>
      </trkpt>
      <trkpt lat="39.898585975170135498046875" lon="116.6464699991047382354736328125">
        <ele>32</ele>
        <time>2020-08-05T12:57:54.000Z</time>
        <extensions>
          <ns3:TrackPointExtension/>
        </extensions>
      </trkpt>
      <trkpt lat="39.8985819518566131591796875" lon="116.646439991891384124755859375">
        <ele>32</ele>
        <time>2020-08-05T12:58:01.000Z</time>
        <extensions>
          <ns3:TrackPointExtension/>
        </extensions>
      </trkpt>
      <trkpt lat="39.89857994019985198974609375" lon="116.6464099846780300140380859375">
        <ele>32</ele>
        <time>2020-08-05T12:58:01.000Z</time>
        <extensions>
          <ns3:TrackPointExtension/>
        </extensions>
      </trkpt>
      <trkpt lat="39.89856996573507785797119140625" lon="116.64638995192945003509521484375">
        <ele>31.799999237060546875</ele>
        <time>2020-08-05T12:58:01.000Z</time>
        <extensions>
          <ns3:TrackPointExtension/>
        </extensions>
      </trkpt>
      <trkpt lat="39.8985599912703037261962890625" lon="116.64635994471609592437744140625">
        <ele>31.799999237060546875</ele>
        <time>2020-08-05T12:58:01.000Z</time>
        <extensions>
          <ns3:TrackPointExtension/>
        </extensions>
      </trkpt>
      <trkpt lat="39.8985519446432590484619140625" lon="116.64632993750274181365966796875">
        <ele>31.799999237060546875</ele>
        <time>2020-08-05T12:58:01.000Z</time>
        <extensions>
          <ns3:TrackPointExtension/>
        </extensions>
      </trkpt>
      <trkpt lat="39.89854398183524608612060546875" lon="116.64629993028938770294189453125">
        <ele>31.799999237060546875</ele>
        <time>2020-08-05T12:58:01.000Z</time>
        <extensions>
          <ns3:TrackPointExtension/>
        </extensions>
      </trkpt>
      <trkpt lat="39.89853694103658199310302734375" lon="116.64625994861125946044921875">
        <ele>31.799999237060546875</ele>
        <time>2020-08-05T12:58:01.000Z</time>
        <extensions>
          <ns3:TrackPointExtension/>
        </extensions>
      </trkpt>
      <trkpt lat="39.898529984056949615478515625" lon="116.6462299413979053497314453125">
        <ele>31.799999237060546875</ele>
        <time>2020-08-05T12:58:08.000Z</time>
        <extensions>
          <ns3:TrackPointExtension/>
        </extensions>
      </trkpt>
      <trkpt lat="39.898519925773143768310546875" lon="116.646199934184551239013671875">
        <ele>31.799999237060546875</ele>
        <time>2020-08-05T12:58:08.000Z</time>
        <extensions>
          <ns3:TrackPointExtension/>
        </extensions>
      </trkpt>
      <trkpt lat="39.89851397462189197540283203125" lon="116.64616397581994533538818359375">
        <ele>31.799999237060546875</ele>
        <time>2020-08-05T12:58:08.000Z</time>
        <extensions>
          <ns3:TrackPointExtension/>
        </extensions>
      </trkpt>
      <trkpt lat="39.89850592799484729766845703125" lon="116.64612994529306888580322265625">
        <ele>31.799999237060546875</ele>
        <time>2020-08-05T12:58:08.000Z</time>
        <extensions>
          <ns3:TrackPointExtension/>
        </extensions>
      </trkpt>
      <trkpt lat="39.8984949477016925811767578125" lon="116.64609993807971477508544921875">
        <ele>31.799999237060546875</ele>
        <time>2020-08-05T12:58:08.000Z</time>
        <extensions>
          <ns3:TrackPointExtension/>
        </extensions>
      </trkpt>
      <trkpt lat="39.89848296158015727996826171875" lon="116.64606993086636066436767578125">
        <ele>31.6000003814697265625</ele>
        <time>2020-08-05T12:58:08.000Z</time>
        <extensions>
          <ns3:TrackPointExtension/>
        </extensions>
      </trkpt>
      <trkpt lat="39.898467957973480224609375" lon="116.6460339725017547607421875">
        <ele>31.6000003814697265625</ele>
        <time>2020-08-05T12:58:08.000Z</time>
        <extensions>
          <ns3:TrackPointExtension/>
        </extensions>
      </trkpt>
      <trkpt lat="39.89845697768032550811767578125" lon="116.6459999419748783111572265625">
        <ele>31.6000003814697265625</ele>
        <time>2020-08-05T12:58:15.000Z</time>
        <extensions>
          <ns3:TrackPointExtension/>
        </extensions>
      </trkpt>
      <trkpt lat="39.89844993688166141510009765625" lon="116.645969934761524200439453125">
        <ele>31.6000003814697265625</ele>
        <time>2020-08-05T12:58:15.000Z</time>
        <extensions>
          <ns3:TrackPointExtension/>
        </extensions>
      </trkpt>
      <trkpt lat="39.8984449915587902069091796875" lon="116.6459399275481700897216796875">
        <ele>31.6000003814697265625</ele>
        <time>2020-08-05T12:58:15.000Z</time>
        <extensions>
          <ns3:TrackPointExtension/>
        </extensions>
      </trkpt>
      <trkpt lat="39.8984399624168872833251953125" lon="116.64590992033481597900390625">
        <ele>31.6000003814697265625</ele>
        <time>2020-08-05T12:58:15.000Z</time>
        <extensions>
          <ns3:TrackPointExtension/>
        </extensions>
      </trkpt>
      <trkpt lat="39.8984399624168872833251953125" lon="116.64587396197021007537841796875">
        <ele>31.6000003814697265625</ele>
        <time>2020-08-05T12:58:15.000Z</time>
        <extensions>
          <ns3:TrackPointExtension/>
        </extensions>
      </trkpt>
      <trkpt lat="39.8984399624168872833251953125" lon="116.64583993144333362579345703125">
        <ele>31.6000003814697265625</ele>
        <time>2020-08-05T12:58:15.000Z</time>
        <extensions>
          <ns3:TrackPointExtension/>
        </extensions>
      </trkpt>
      <trkpt lat="39.8984399624168872833251953125" lon="116.64580992422997951507568359375">
        <ele>31.6000003814697265625</ele>
        <time>2020-08-05T12:58:15.000Z</time>
        <extensions>
          <ns3:TrackPointExtension/>
        </extensions>
      </trkpt>
      <trkpt lat="39.8984399624168872833251953125" lon="116.64579994976520538330078125">
        <ele>31.6000003814697265625</ele>
        <time>2020-08-05T12:58:22.000Z</time>
        <extensions>
          <ns3:TrackPointExtension/>
        </extensions>
      </trkpt>
      <trkpt lat="39.8984449915587902069091796875" lon="116.6457699425518512725830078125">
        <ele>31.6000003814697265625</ele>
        <time>2020-08-05T12:58:22.000Z</time>
        <extensions>
          <ns3:TrackPointExtension/>
        </extensions>
      </trkpt>
      <trkpt lat="39.8984399624168872833251953125" lon="116.645743958652019500732421875">
        <ele>31.6000003814697265625</ele>
        <time>2020-08-05T12:58:22.000Z</time>
        <extensions>
          <ns3:TrackPointExtension/>
        </extensions>
      </trkpt>
      <trkpt lat="39.8984399624168872833251953125" lon="116.6457199864089488983154296875">
        <ele>31.6000003814697265625</ele>
        <time>2020-08-05T12:58:22.000Z</time>
        <extensions>
          <ns3:TrackPointExtension/>
        </extensions>
      </trkpt>
      <trkpt lat="39.8984339274466037750244140625" lon="116.64568997919559478759765625">
        <ele>31.6000003814697265625</ele>
        <time>2020-08-05T12:58:22.000Z</time>
        <extensions>
          <ns3:TrackPointExtension/>
        </extensions>
      </trkpt>
      <trkpt lat="39.89842998795211315155029296875" lon="116.64567598141729831695556640625">
        <ele>31.6000003814697265625</ele>
        <time>2020-08-05T12:58:22.000Z</time>
        <extensions>
          <ns3:TrackPointExtension/>
        </extensions>
      </trkpt>
      <trkpt lat="39.89842596463859081268310546875" lon="116.64564496837556362152099609375">
        <ele>31.6000003814697265625</ele>
        <time>2020-08-05T12:58:22.000Z</time>
        <extensions>
          <ns3:TrackPointExtension/>
        </extensions>
      </trkpt>
      <trkpt lat="39.89842596463859081268310546875" lon="116.64561999030411243438720703125">
        <ele>31.6000003814697265625</ele>
        <time>2020-08-05T12:58:29.000Z</time>
        <extensions>
          <ns3:TrackPointExtension/>
        </extensions>
      </trkpt>
      <trkpt lat="39.89842998795211315155029296875" lon="116.6455999575555324554443359375">
        <ele>31.6000003814697265625</ele>
        <time>2020-08-05T12:58:29.000Z</time>
        <extensions>
          <ns3:TrackPointExtension/>
        </extensions>
      </trkpt>
      <trkpt lat="39.89842596463859081268310546875" lon="116.6455699503421783447265625">
        <ele>31.6000003814697265625</ele>
        <time>2020-08-05T12:58:29.000Z</time>
        <extensions>
          <ns3:TrackPointExtension/>
        </extensions>
      </trkpt>
      <trkpt lat="39.89842596463859081268310546875" lon="116.6455399431288242340087890625">
        <ele>31.6000003814697265625</ele>
        <time>2020-08-05T12:58:29.000Z</time>
        <extensions>
          <ns3:TrackPointExtension/>
        </extensions>
      </trkpt>
      <trkpt lat="39.8984339274466037750244140625" lon="116.645509935915470123291015625">
        <ele>31.6000003814697265625</ele>
        <time>2020-08-05T12:58:29.000Z</time>
        <extensions>
          <ns3:TrackPointExtension/>
        </extensions>
      </trkpt>
      <trkpt lat="39.8984379507601261138916015625" lon="116.6454799287021160125732421875">
        <ele>31.6000003814697265625</ele>
        <time>2020-08-05T12:58:29.000Z</time>
        <extensions>
          <ns3:TrackPointExtension/>
        </extensions>
      </trkpt>
      <trkpt lat="39.8984379507601261138916015625" lon="116.64545394480228424072265625">
        <ele>31.6000003814697265625</ele>
        <time>2020-08-05T12:58:29.000Z</time>
        <extensions>
          <ns3:TrackPointExtension/>
        </extensions>
      </trkpt>
      <trkpt lat="39.8984339274466037750244140625" lon="116.6454239375889301300048828125">
        <ele>31.6000003814697265625</ele>
        <time>2020-08-05T12:58:36.000Z</time>
        <extensions>
          <ns3:TrackPointExtension/>
        </extensions>
      </trkpt>
      <trkpt lat="39.89842596463859081268310546875" lon="116.64538999088108539581298828125">
        <ele>31.6000003814697265625</ele>
        <time>2020-08-05T12:58:36.000Z</time>
        <extensions>
          <ns3:TrackPointExtension/>
        </extensions>
      </trkpt>
      <trkpt lat="39.89842596463859081268310546875" lon="116.64537993259727954864501953125">
        <ele>31.6000003814697265625</ele>
        <time>2020-08-05T12:58:36.000Z</time>
        <extensions>
          <ns3:TrackPointExtension/>
        </extensions>
      </trkpt>
      <trkpt lat="39.89842596463859081268310546875" lon="116.64534992538392543792724609375">
        <ele>31.6000003814697265625</ele>
        <time>2020-08-05T12:58:36.000Z</time>
        <extensions>
          <ns3:TrackPointExtension/>
        </extensions>
      </trkpt>
      <trkpt lat="39.89842194132506847381591796875" lon="116.64532494731247425079345703125">
        <ele>31.3999996185302734375</ele>
        <time>2020-08-05T12:58:36.000Z</time>
        <extensions>
          <ns3:TrackPointExtension/>
        </extensions>
      </trkpt>
      <trkpt lat="39.89841992966830730438232421875" lon="116.64529393427073955535888671875">
        <ele>31.3999996185302734375</ele>
        <time>2020-08-05T12:58:36.000Z</time>
        <extensions>
          <ns3:TrackPointExtension/>
        </extensions>
      </trkpt>
      <trkpt lat="39.898409955203533172607421875" lon="116.64526996202766895294189453125">
        <ele>31.3999996185302734375</ele>
        <time>2020-08-05T12:58:36.000Z</time>
        <extensions>
          <ns3:TrackPointExtension/>
        </extensions>
      </trkpt>
      <trkpt lat="39.898409955203533172607421875" lon="116.64523995481431484222412109375">
        <ele>31.3999996185302734375</ele>
        <time>2020-08-05T12:58:43.000Z</time>
        <extensions>
          <ns3:TrackPointExtension/>
        </extensions>
      </trkpt>
      <trkpt lat="39.89840299822390079498291015625" lon="116.64520994760096073150634765625">
        <ele>31.200000762939453125</ele>
        <time>2020-08-05T12:58:43.000Z</time>
        <extensions>
          <ns3:TrackPointExtension/>
        </extensions>
      </trkpt>
      <trkpt lat="39.8983879946172237396240234375" lon="116.64517994038760662078857421875">
        <ele>31.200000762939453125</ele>
        <time>2020-08-05T12:58:43.000Z</time>
        <extensions>
          <ns3:TrackPointExtension/>
        </extensions>
      </trkpt>
      <trkpt lat="39.8983759246766567230224609375" lon="116.64514993317425251007080078125">
        <ele>31.200000762939453125</ele>
        <time>2020-08-05T12:58:43.000Z</time>
        <extensions>
          <ns3:TrackPointExtension/>
        </extensions>
      </trkpt>
      <trkpt lat="39.89835999906063079833984375" lon="116.64511992596089839935302734375">
        <ele>31</ele>
        <time>2020-08-05T12:58:43.000Z</time>
        <extensions>
          <ns3:TrackPointExtension/>
        </extensions>
      </trkpt>
      <trkpt lat="39.898349940776824951171875" lon="116.6450799442827701568603515625">
        <ele>31</ele>
        <time>2020-08-05T12:58:43.000Z</time>
        <extensions>
          <ns3:TrackPointExtension/>
        </extensions>
      </trkpt>
      <trkpt lat="39.89834197796881198883056640625" lon="116.64503493346273899078369140625">
        <ele>30.799999237060546875</ele>
        <time>2020-08-05T12:58:43.000Z</time>
        <extensions>
          <ns3:TrackPointExtension/>
        </extensions>
      </trkpt>
      <trkpt lat="39.89833493717014789581298828125" lon="116.64500392042100429534912109375">
        <ele>30.799999237060546875</ele>
        <time>2020-08-05T12:58:50.000Z</time>
        <extensions>
          <ns3:TrackPointExtension/>
        </extensions>
      </trkpt>
      <trkpt lat="39.8983229510486125946044921875" lon="116.6449659503996372222900390625">
        <ele>30.799999237060546875</ele>
        <time>2020-08-05T12:58:50.000Z</time>
        <extensions>
          <ns3:TrackPointExtension/>
        </extensions>
      </trkpt>
      <trkpt lat="39.89831498824059963226318359375" lon="116.644935943186283111572265625">
        <ele>30.6000003814697265625</ele>
        <time>2020-08-05T12:58:50.000Z</time>
        <extensions>
          <ns3:TrackPointExtension/>
        </extensions>
      </trkpt>
      <trkpt lat="39.89831498824059963226318359375" lon="116.6449049301445484161376953125">
        <ele>30.6000003814697265625</ele>
        <time>2020-08-05T12:58:50.000Z</time>
        <extensions>
          <ns3:TrackPointExtension/>
        </extensions>
      </trkpt>
      <trkpt lat="39.89831498824059963226318359375" lon="116.64487995207309722900390625">
        <ele>30.6000003814697265625</ele>
        <time>2020-08-05T12:58:50.000Z</time>
        <extensions>
          <ns3:TrackPointExtension/>
        </extensions>
      </trkpt>
      <trkpt lat="39.89831498824059963226318359375" lon="116.64486997760832309722900390625">
        <ele>30.6000003814697265625</ele>
        <time>2020-08-05T12:58:50.000Z</time>
        <extensions>
          <ns3:TrackPointExtension/>
        </extensions>
      </trkpt>
      <trkpt lat="39.89831498824059963226318359375" lon="116.64483997039496898651123046875">
        <ele>30.6000003814697265625</ele>
        <time>2020-08-05T12:58:50.000Z</time>
        <extensions>
          <ns3:TrackPointExtension/>
        </extensions>
      </trkpt>
      <trkpt lat="39.8983199335634708404541015625" lon="116.64480996318161487579345703125">
        <ele>30.6000003814697265625</ele>
        <time>2020-08-05T12:58:57.000Z</time>
        <extensions>
          <ns3:TrackPointExtension/>
        </extensions>
      </trkpt>
      <trkpt lat="39.8983229510486125946044921875" lon="116.6447899304330348968505859375">
        <ele>30.6000003814697265625</ele>
        <time>2020-08-05T12:58:57.000Z</time>
        <extensions>
          <ns3:TrackPointExtension/>
        </extensions>
      </trkpt>
      <trkpt lat="39.8983199335634708404541015625" lon="116.64477492682635784149169921875">
        <ele>30.6000003814697265625</ele>
        <time>2020-08-05T12:58:57.000Z</time>
        <extensions>
          <ns3:TrackPointExtension/>
        </extensions>
      </trkpt>
      <trkpt lat="39.8983199335634708404541015625" lon="116.64474491961300373077392578125">
        <ele>30.6000003814697265625</ele>
        <time>2020-08-05T12:58:57.000Z</time>
        <extensions>
          <ns3:TrackPointExtension/>
        </extensions>
      </trkpt>
      <trkpt lat="39.89831498824059963226318359375" lon="116.644709967076778411865234375">
        <ele>30.6000003814697265625</ele>
        <time>2020-08-05T12:58:57.000Z</time>
        <extensions>
          <ns3:TrackPointExtension/>
        </extensions>
      </trkpt>
      <trkpt lat="39.89830995909869670867919921875" lon="116.64468993432819843292236328125">
        <ele>30.799999237060546875</ele>
        <time>2020-08-05T12:58:57.000Z</time>
        <extensions>
          <ns3:TrackPointExtension/>
        </extensions>
      </trkpt>
      <trkpt lat="39.89830794744193553924560546875" lon="116.64465992711484432220458984375">
        <ele>30.799999237060546875</ele>
        <time>2020-08-05T12:58:57.000Z</time>
        <extensions>
          <ns3:TrackPointExtension/>
        </extensions>
      </trkpt>
      <trkpt lat="39.898299984633922576904296875" lon="116.64462991990149021148681640625">
        <ele>30.799999237060546875</ele>
        <time>2020-08-05T12:59:04.000Z</time>
        <extensions>
          <ns3:TrackPointExtension/>
        </extensions>
      </trkpt>
      <trkpt lat="39.89829294383525848388671875" lon="116.644599996507167816162109375">
        <ele>30.799999237060546875</ele>
        <time>2020-08-05T12:59:04.000Z</time>
        <extensions>
          <ns3:TrackPointExtension/>
        </extensions>
      </trkpt>
      <trkpt lat="39.89828498102724552154541015625" lon="116.6445699892938137054443359375">
        <ele>30.799999237060546875</ele>
        <time>2020-08-05T12:59:04.000Z</time>
        <extensions>
          <ns3:TrackPointExtension/>
        </extensions>
      </trkpt>
      <trkpt lat="39.8982729949057102203369140625" lon="116.6445399820804595947265625">
        <ele>31</ele>
        <time>2020-08-05T12:59:04.000Z</time>
        <extensions>
          <ns3:TrackPointExtension/>
        </extensions>
      </trkpt>
      <trkpt lat="39.8982659541070461273193359375" lon="116.6445099748671054840087890625">
        <ele>31</ele>
        <time>2020-08-05T12:59:04.000Z</time>
        <extensions>
          <ns3:TrackPointExtension/>
        </extensions>
      </trkpt>
      <trkpt lat="39.8982599191367626190185546875" lon="116.644479967653751373291015625">
        <ele>31</ele>
        <time>2020-08-05T12:59:04.000Z</time>
        <extensions>
          <ns3:TrackPointExtension/>
        </extensions>
      </trkpt>
      <trkpt lat="39.89824994467198848724365234375" lon="116.6444549895823001861572265625">
        <ele>31</ele>
        <time>2020-08-05T12:59:04.000Z</time>
        <extensions>
          <ns3:TrackPointExtension/>
        </extensions>
      </trkpt>
      <trkpt lat="39.898242987692356109619140625" lon="116.64441995322704315185546875">
        <ele>31.200000762939453125</ele>
        <time>2020-08-05T12:59:11.000Z</time>
        <extensions>
          <ns3:TrackPointExtension/>
        </extensions>
      </trkpt>
      <trkpt lat="39.898234941065311431884765625" lon="116.6443899460136890411376953125">
        <ele>31.200000762939453125</ele>
        <time>2020-08-05T12:59:11.000Z</time>
        <extensions>
          <ns3:TrackPointExtension/>
        </extensions>
      </trkpt>
      <trkpt lat="39.89822798408567905426025390625" lon="116.64435599930584430694580078125">
        <ele>31.200000762939453125</ele>
        <time>2020-08-05T12:59:11.000Z</time>
        <extensions>
          <ns3:TrackPointExtension/>
        </extensions>
      </trkpt>
      <trkpt lat="39.89822396077215671539306640625" lon="116.64431995712220668792724609375">
        <ele>31.200000762939453125</ele>
        <time>2020-08-05T12:59:11.000Z</time>
        <extensions>
          <ns3:TrackPointExtension/>
        </extensions>
      </trkpt>
      <trkpt lat="39.89822396077215671539306640625" lon="116.64428994990885257720947265625">
        <ele>31.200000762939453125</ele>
        <time>2020-08-05T12:59:11.000Z</time>
        <extensions>
          <ns3:TrackPointExtension/>
        </extensions>
      </trkpt>
      <trkpt lat="39.89822396077215671539306640625" lon="116.644249968230724334716796875">
        <ele>31.3999996185302734375</ele>
        <time>2020-08-05T12:59:11.000Z</time>
        <extensions>
          <ns3:TrackPointExtension/>
        </extensions>
      </trkpt>
      <trkpt lat="39.89821993745863437652587890625" lon="116.6442199610173702239990234375">
        <ele>31.3999996185302734375</ele>
        <time>2020-08-05T12:59:11.000Z</time>
        <extensions>
          <ns3:TrackPointExtension/>
        </extensions>
      </trkpt>
      <trkpt lat="39.8982119746506214141845703125" lon="116.64417997933924198150634765625">
        <ele>31.3999996185302734375</ele>
        <time>2020-08-05T12:59:18.000Z</time>
        <extensions>
          <ns3:TrackPointExtension/>
        </extensions>
      </trkpt>
      <trkpt lat="39.89819998852908611297607421875" lon="116.6441349685192108154296875">
        <ele>31.6000003814697265625</ele>
        <time>2020-08-05T12:59:18.000Z</time>
        <extensions>
          <ns3:TrackPointExtension/>
        </extensions>
      </trkpt>
      <trkpt lat="39.89819294773042201995849609375" lon="116.6441039554774761199951171875">
        <ele>31.6000003814697265625</ele>
        <time>2020-08-05T12:59:18.000Z</time>
        <extensions>
          <ns3:TrackPointExtension/>
        </extensions>
      </trkpt>
      <trkpt lat="39.898185990750789642333984375" lon="116.64406598545610904693603515625">
        <ele>31.6000003814697265625</ele>
        <time>2020-08-05T12:59:18.000Z</time>
        <extensions>
          <ns3:TrackPointExtension/>
        </extensions>
      </trkpt>
      <trkpt lat="39.898181967437267303466796875" lon="116.64403497241437435150146484375">
        <ele>31.6000003814697265625</ele>
        <time>2020-08-05T12:59:18.000Z</time>
        <extensions>
          <ns3:TrackPointExtension/>
        </extensions>
      </trkpt>
      <trkpt lat="39.898179955780506134033203125" lon="116.64400496520102024078369140625">
        <ele>31.6000003814697265625</ele>
        <time>2020-08-05T12:59:18.000Z</time>
        <extensions>
          <ns3:TrackPointExtension/>
        </extensions>
      </trkpt>
      <trkpt lat="39.898179955780506134033203125" lon="116.64397395215928554534912109375">
        <ele>31.6000003814697265625</ele>
        <time>2020-08-05T12:59:18.000Z</time>
        <extensions>
          <ns3:TrackPointExtension/>
        </extensions>
      </trkpt>
      <trkpt lat="39.898179955780506134033203125" lon="116.64393992163240909576416015625">
        <ele>31.3999996185302734375</ele>
        <time>2020-08-05T12:59:25.000Z</time>
        <extensions>
          <ns3:TrackPointExtension/>
        </extensions>
      </trkpt>
      <trkpt lat="39.898179955780506134033203125" lon="116.643909998238086700439453125">
        <ele>31.3999996185302734375</ele>
        <time>2020-08-05T12:59:25.000Z</time>
        <extensions>
          <ns3:TrackPointExtension/>
        </extensions>
      </trkpt>
      <trkpt lat="39.898179955780506134033203125" lon="116.6438799910247325897216796875">
        <ele>31.3999996185302734375</ele>
        <time>2020-08-05T12:59:25.000Z</time>
        <extensions>
          <ns3:TrackPointExtension/>
        </extensions>
      </trkpt>
      <trkpt lat="39.898173920810222625732421875" lon="116.64384998381137847900390625">
        <ele>31.200000762939453125</ele>
        <time>2020-08-05T12:59:25.000Z</time>
        <extensions>
          <ns3:TrackPointExtension/>
        </extensions>
      </trkpt>
      <trkpt lat="39.898173920810222625732421875" lon="116.6438199765980243682861328125">
        <ele>31.200000762939453125</ele>
        <time>2020-08-05T12:59:25.000Z</time>
        <extensions>
          <ns3:TrackPointExtension/>
        </extensions>
      </trkpt>
      <trkpt lat="39.89816696383059024810791015625" lon="116.643789969384670257568359375">
        <ele>31.200000762939453125</ele>
        <time>2020-08-05T12:59:25.000Z</time>
        <extensions>
          <ns3:TrackPointExtension/>
        </extensions>
      </trkpt>
      <trkpt lat="39.89815992303192615509033203125" lon="116.6437599621713161468505859375">
        <ele>31</ele>
        <time>2020-08-05T12:59:25.000Z</time>
        <extensions>
          <ns3:TrackPointExtension/>
        </extensions>
      </trkpt>
      <trkpt lat="39.8981549777090549468994140625" lon="116.64371495135128498077392578125">
        <ele>31</ele>
        <time>2020-08-05T12:59:32.000Z</time>
        <extensions>
          <ns3:TrackPointExtension/>
        </extensions>
      </trkpt>
      <trkpt lat="39.8981499485671520233154296875" lon="116.64368393830955028533935546875">
        <ele>30.799999237060546875</ele>
        <time>2020-08-05T12:59:32.000Z</time>
        <extensions>
          <ns3:TrackPointExtension/>
        </extensions>
      </trkpt>
      <trkpt lat="39.8981499485671520233154296875" lon="116.64365393109619617462158203125">
        <ele>30.799999237060546875</ele>
        <time>2020-08-05T12:59:32.000Z</time>
        <extensions>
          <ns3:TrackPointExtension/>
        </extensions>
      </trkpt>
      <trkpt lat="39.8981499485671520233154296875" lon="116.6436159610748291015625">
        <ele>30.799999237060546875</ele>
        <time>2020-08-05T12:59:32.000Z</time>
        <extensions>
          <ns3:TrackPointExtension/>
        </extensions>
      </trkpt>
      <trkpt lat="39.8981499485671520233154296875" lon="116.6435849480330944061279296875">
        <ele>30.6000003814697265625</ele>
        <time>2020-08-05T12:59:32.000Z</time>
        <extensions>
          <ns3:TrackPointExtension/>
        </extensions>
      </trkpt>
      <trkpt lat="39.8981479369103908538818359375" lon="116.64355494081974029541015625">
        <ele>30.6000003814697265625</ele>
        <time>2020-08-05T12:59:32.000Z</time>
        <extensions>
          <ns3:TrackPointExtension/>
        </extensions>
      </trkpt>
      <trkpt lat="39.89814399741590023040771484375" lon="116.6435239277780055999755859375">
        <ele>30.6000003814697265625</ele>
        <time>2020-08-05T12:59:32.000Z</time>
        <extensions>
          <ns3:TrackPointExtension/>
        </extensions>
      </trkpt>
      <trkpt lat="39.89814399741590023040771484375" lon="116.64347992278635501861572265625">
        <ele>30.3999996185302734375</ele>
        <time>2020-08-05T12:59:38.000Z</time>
        <extensions>
          <ns3:TrackPointExtension/>
        </extensions>
      </trkpt>
      <trkpt lat="39.89814399741590023040771484375" lon="116.643449999392032623291015625">
        <ele>30.3999996185302734375</ele>
        <time>2020-08-05T12:59:38.000Z</time>
        <extensions>
          <ns3:TrackPointExtension/>
        </extensions>
      </trkpt>
      <trkpt lat="39.8981499485671520233154296875" lon="116.6434199921786785125732421875">
        <ele>30.200000762939453125</ele>
        <time>2020-08-05T12:59:38.000Z</time>
        <extensions>
          <ns3:TrackPointExtension/>
        </extensions>
      </trkpt>
      <trkpt lat="39.89815992303192615509033203125" lon="116.64338998496532440185546875">
        <ele>30.200000762939453125</ele>
        <time>2020-08-05T12:59:38.000Z</time>
        <extensions>
          <ns3:TrackPointExtension/>
        </extensions>
      </trkpt>
      <trkpt lat="39.89816294051706790924072265625" lon="116.6433499194681644439697265625">
        <ele>30.200000762939453125</ele>
        <time>2020-08-05T12:59:38.000Z</time>
        <extensions>
          <ns3:TrackPointExtension/>
        </extensions>
      </trkpt>
      <trkpt lat="39.89816696383059024810791015625" lon="116.64331999607384204864501953125">
        <ele>30.200000762939453125</ele>
        <time>2020-08-05T12:59:38.000Z</time>
        <extensions>
          <ns3:TrackPointExtension/>
        </extensions>
      </trkpt>
      <trkpt lat="39.89816998131573200225830078125" lon="116.64327993057668209075927734375">
        <ele>30.200000762939453125</ele>
        <time>2020-08-05T12:59:38.000Z</time>
        <extensions>
          <ns3:TrackPointExtension/>
        </extensions>
      </trkpt>
      <trkpt lat="39.898173920810222625732421875" lon="116.64324992336332798004150390625">
        <ele>30</ele>
        <time>2020-08-05T12:59:45.000Z</time>
        <extensions>
          <ns3:TrackPointExtension/>
        </extensions>
      </trkpt>
      <trkpt lat="39.898181967437267303466796875" lon="116.64319996722042560577392578125">
        <ele>30</ele>
        <time>2020-08-05T12:59:45.000Z</time>
        <extensions>
          <ns3:TrackPointExtension/>
        </extensions>
      </trkpt>
      <trkpt lat="39.898185990750789642333984375" lon="116.64316996000707149505615234375">
        <ele>30</ele>
        <time>2020-08-05T12:59:45.000Z</time>
        <extensions>
          <ns3:TrackPointExtension/>
        </extensions>
      </trkpt>
      <trkpt lat="39.89818993024528026580810546875" lon="116.64313995279371738433837890625">
        <ele>30</ele>
        <time>2020-08-05T12:59:45.000Z</time>
        <extensions>
          <ns3:TrackPointExtension/>
        </extensions>
      </trkpt>
      <trkpt lat="39.898181967437267303466796875" lon="116.64310994558036327362060546875">
        <ele>30</ele>
        <time>2020-08-05T12:59:45.000Z</time>
        <extensions>
          <ns3:TrackPointExtension/>
        </extensions>
      </trkpt>
      <trkpt lat="39.898181967437267303466796875" lon="116.64307993836700916290283203125">
        <ele>29.799999237060546875</ele>
        <time>2020-08-05T12:59:45.000Z</time>
        <extensions>
          <ns3:TrackPointExtension/>
        </extensions>
      </trkpt>
      <trkpt lat="39.898173920810222625732421875" lon="116.64303995668888092041015625">
        <ele>29.799999237060546875</ele>
        <time>2020-08-05T12:59:45.000Z</time>
        <extensions>
          <ns3:TrackPointExtension/>
        </extensions>
      </trkpt>
      <trkpt lat="39.898173920810222625732421875" lon="116.6430099494755268096923828125">
        <ele>29.799999237060546875</ele>
        <time>2020-08-05T12:59:52.000Z</time>
        <extensions>
          <ns3:TrackPointExtension/>
        </extensions>
      </trkpt>
      <trkpt lat="39.898173920810222625732421875" lon="116.642979942262172698974609375">
        <ele>29.799999237060546875</ele>
        <time>2020-08-05T12:59:52.000Z</time>
        <extensions>
          <ns3:TrackPointExtension/>
        </extensions>
      </trkpt>
      <trkpt lat="39.898173920810222625732421875" lon="116.6429499350488185882568359375">
        <ele>29.799999237060546875</ele>
        <time>2020-08-05T12:59:52.000Z</time>
        <extensions>
          <ns3:TrackPointExtension/>
        </extensions>
      </trkpt>
      <trkpt lat="39.898173920810222625732421875" lon="116.6429199278354644775390625">
        <ele>29.6000003814697265625</ele>
        <time>2020-08-05T12:59:52.000Z</time>
        <extensions>
          <ns3:TrackPointExtension/>
        </extensions>
      </trkpt>
      <trkpt lat="39.898173920810222625732421875" lon="116.6428899206221103668212890625">
        <ele>29.6000003814697265625</ele>
        <time>2020-08-05T12:59:52.000Z</time>
        <extensions>
          <ns3:TrackPointExtension/>
        </extensions>
      </trkpt>
      <trkpt lat="39.898173920810222625732421875" lon="116.642869971692562103271484375">
        <ele>29.6000003814697265625</ele>
        <time>2020-08-05T12:59:52.000Z</time>
        <extensions>
          <ns3:TrackPointExtension/>
        </extensions>
      </trkpt>
      <trkpt lat="39.898173920810222625732421875" lon="116.6428399644792079925537109375">
        <ele>29.6000003814697265625</ele>
        <time>2020-08-05T12:59:52.000Z</time>
        <extensions>
          <ns3:TrackPointExtension/>
        </extensions>
      </trkpt>
      <trkpt lat="39.898173920810222625732421875" lon="116.642814986407756805419921875">
        <ele>29.6000003814697265625</ele>
        <time>2020-08-05T12:59:59.000Z</time>
        <extensions>
          <ns3:TrackPointExtension/>
        </extensions>
      </trkpt>
      <trkpt lat="39.898173920810222625732421875" lon="116.6427839733660221099853515625">
        <ele>29.6000003814697265625</ele>
        <time>2020-08-05T12:59:59.000Z</time>
        <extensions>
          <ns3:TrackPointExtension/>
        </extensions>
      </trkpt>
      <trkpt lat="39.898173920810222625732421875" lon="116.64275991730391979217529296875">
        <ele>29.3999996185302734375</ele>
        <time>2020-08-05T12:59:59.000Z</time>
        <extensions>
          <ns3:TrackPointExtension/>
        </extensions>
      </trkpt>
      <trkpt lat="39.898173920810222625732421875" lon="116.6427299939095973968505859375">
        <ele>29.3999996185302734375</ele>
        <time>2020-08-05T12:59:59.000Z</time>
        <extensions>
          <ns3:TrackPointExtension/>
        </extensions>
      </trkpt>
      <trkpt lat="39.898173920810222625732421875" lon="116.64271499030292034149169921875">
        <ele>29.3999996185302734375</ele>
        <time>2020-08-05T12:59:59.000Z</time>
        <extensions>
          <ns3:TrackPointExtension/>
        </extensions>
      </trkpt>
      <trkpt lat="39.898173920810222625732421875" lon="116.64268498308956623077392578125">
        <ele>29.3999996185302734375</ele>
        <time>2020-08-05T12:59:59.000Z</time>
        <extensions>
          <ns3:TrackPointExtension/>
        </extensions>
      </trkpt>
      <trkpt lat="39.89816998131573200225830078125" lon="116.64265397004783153533935546875">
        <ele>29.3999996185302734375</ele>
        <time>2020-08-05T12:59:59.000Z</time>
        <extensions>
          <ns3:TrackPointExtension/>
        </extensions>
      </trkpt>
      <trkpt lat="39.89816696383059024810791015625" lon="116.64262396283447742462158203125">
        <ele>29.3999996185302734375</ele>
        <time>2020-08-05T13:00:06.000Z</time>
        <extensions>
          <ns3:TrackPointExtension/>
        </extensions>
      </trkpt>
      <trkpt lat="39.89816696383059024810791015625" lon="116.64258993230760097503662109375">
        <ele>29.3999996185302734375</ele>
        <time>2020-08-05T13:00:06.000Z</time>
        <extensions>
          <ns3:TrackPointExtension/>
        </extensions>
      </trkpt>
      <trkpt lat="39.89816696383059024810791015625" lon="116.64256998337805271148681640625">
        <ele>29.3999996185302734375</ele>
        <time>2020-08-05T13:00:06.000Z</time>
        <extensions>
          <ns3:TrackPointExtension/>
        </extensions>
      </trkpt>
      <trkpt lat="39.89816294051706790924072265625" lon="116.64253997616469860076904296875">
        <ele>29.3999996185302734375</ele>
        <time>2020-08-05T13:00:06.000Z</time>
        <extensions>
          <ns3:TrackPointExtension/>
        </extensions>
      </trkpt>
      <trkpt lat="39.89815992303192615509033203125" lon="116.64250996895134449005126953125">
        <ele>29.3999996185302734375</ele>
        <time>2020-08-05T13:00:06.000Z</time>
        <extensions>
          <ns3:TrackPointExtension/>
        </extensions>
      </trkpt>
      <trkpt lat="39.89815992303192615509033203125" lon="116.6424899362027645111083984375">
        <ele>29.3999996185302734375</ele>
        <time>2020-08-05T13:00:06.000Z</time>
        <extensions>
          <ns3:TrackPointExtension/>
        </extensions>
      </trkpt>
      <trkpt lat="39.89816696383059024810791015625" lon="116.64245598949491977691650390625">
        <ele>29.3999996185302734375</ele>
        <time>2020-08-05T13:00:06.000Z</time>
        <extensions>
          <ns3:TrackPointExtension/>
        </extensions>
      </trkpt>
      <trkpt lat="39.89816696383059024810791015625" lon="116.6424399800598621368408203125">
        <ele>29.3999996185302734375</ele>
        <time>2020-08-05T13:00:13.000Z</time>
        <extensions>
          <ns3:TrackPointExtension/>
        </extensions>
      </trkpt>
      <trkpt lat="39.898173920810222625732421875" lon="116.64239999838173389434814453125">
        <ele>29.3999996185302734375</ele>
        <time>2020-08-05T13:00:13.000Z</time>
        <extensions>
          <ns3:TrackPointExtension/>
        </extensions>
      </trkpt>
      <trkpt lat="39.898181967437267303466796875" lon="116.64238994009792804718017578125">
        <ele>29.3999996185302734375</ele>
        <time>2020-08-05T13:00:13.000Z</time>
        <extensions>
          <ns3:TrackPointExtension/>
        </extensions>
      </trkpt>
      <trkpt lat="39.898185990750789642333984375" lon="116.64235993288457393646240234375">
        <ele>29.3999996185302734375</ele>
        <time>2020-08-05T13:00:13.000Z</time>
        <extensions>
          <ns3:TrackPointExtension/>
        </extensions>
      </trkpt>
      <trkpt lat="39.89818993024528026580810546875" lon="116.64232992567121982574462890625">
        <ele>29.3999996185302734375</ele>
        <time>2020-08-05T13:00:13.000Z</time>
        <extensions>
          <ns3:TrackPointExtension/>
        </extensions>
      </trkpt>
      <trkpt lat="39.89818993024528026580810546875" lon="116.642295978963375091552734375">
        <ele>29.6000003814697265625</ele>
        <time>2020-08-05T13:00:13.000Z</time>
        <extensions>
          <ns3:TrackPointExtension/>
        </extensions>
      </trkpt>
      <trkpt lat="39.898185990750789642333984375" lon="116.6422649659216403961181640625">
        <ele>29.6000003814697265625</ele>
        <time>2020-08-05T13:00:13.000Z</time>
        <extensions>
          <ns3:TrackPointExtension/>
        </extensions>
      </trkpt>
      <trkpt lat="39.898185990750789642333984375" lon="116.64221995510160923004150390625">
        <ele>29.799999237060546875</ele>
        <time>2020-08-05T13:00:20.000Z</time>
        <extensions>
          <ns3:TrackPointExtension/>
        </extensions>
      </trkpt>
      <trkpt lat="39.898181967437267303466796875" lon="116.64218994788825511932373046875">
        <ele>30</ele>
        <time>2020-08-05T13:00:20.000Z</time>
        <extensions>
          <ns3:TrackPointExtension/>
        </extensions>
      </trkpt>
      <trkpt lat="39.898179955780506134033203125" lon="116.6421499662101268768310546875">
        <ele>30</ele>
        <time>2020-08-05T13:00:20.000Z</time>
        <extensions>
          <ns3:TrackPointExtension/>
        </extensions>
      </trkpt>
      <trkpt lat="39.898179955780506134033203125" lon="116.64211995899677276611328125">
        <ele>30.200000762939453125</ele>
        <time>2020-08-05T13:00:20.000Z</time>
        <extensions>
          <ns3:TrackPointExtension/>
        </extensions>
      </trkpt>
      <trkpt lat="39.898179955780506134033203125" lon="116.64207997731864452362060546875">
        <ele>30.3999996185302734375</ele>
        <time>2020-08-05T13:00:20.000Z</time>
        <extensions>
          <ns3:TrackPointExtension/>
        </extensions>
      </trkpt>
      <trkpt lat="39.898181967437267303466796875" lon="116.64204997010529041290283203125">
        <ele>30.3999996185302734375</ele>
        <time>2020-08-05T13:00:20.000Z</time>
        <extensions>
          <ns3:TrackPointExtension/>
        </extensions>
      </trkpt>
      <trkpt lat="39.898181967437267303466796875" lon="116.64200998842716217041015625">
        <ele>30.6000003814697265625</ele>
        <time>2020-08-05T13:00:20.000Z</time>
        <extensions>
          <ns3:TrackPointExtension/>
        </extensions>
      </trkpt>
      <trkpt lat="39.89819294773042201995849609375" lon="116.6419799812138080596923828125">
        <ele>30.799999237060546875</ele>
        <time>2020-08-05T13:00:27.000Z</time>
        <extensions>
          <ns3:TrackPointExtension/>
        </extensions>
      </trkpt>
      <trkpt lat="39.8982049338519573211669921875" lon="116.641949974000453948974609375">
        <ele>30.799999237060546875</ele>
        <time>2020-08-05T13:00:27.000Z</time>
        <extensions>
          <ns3:TrackPointExtension/>
        </extensions>
      </trkpt>
      <trkpt lat="39.8982159979641437530517578125" lon="116.6419199667870998382568359375">
        <ele>31</ele>
        <time>2020-08-05T13:00:27.000Z</time>
        <extensions>
          <ns3:TrackPointExtension/>
        </extensions>
      </trkpt>
      <trkpt lat="39.89822396077215671539306640625" lon="116.6418899595737457275390625">
        <ele>31</ele>
        <time>2020-08-05T13:00:27.000Z</time>
        <extensions>
          <ns3:TrackPointExtension/>
        </extensions>
      </trkpt>
      <trkpt lat="39.89822396077215671539306640625" lon="116.6418599523603916168212890625">
        <ele>31.200000762939453125</ele>
        <time>2020-08-05T13:00:27.000Z</time>
        <extensions>
          <ns3:TrackPointExtension/>
        </extensions>
      </trkpt>
      <trkpt lat="39.89822999574244022369384765625" lon="116.641829945147037506103515625">
        <ele>31.200000762939453125</ele>
        <time>2020-08-05T13:00:27.000Z</time>
        <extensions>
          <ns3:TrackPointExtension/>
        </extensions>
      </trkpt>
      <trkpt lat="39.898242987692356109619140625" lon="116.6417999379336833953857421875">
        <ele>31.3999996185302734375</ele>
        <time>2020-08-05T13:00:27.000Z</time>
        <extensions>
          <ns3:TrackPointExtension/>
        </extensions>
      </trkpt>
      <trkpt lat="39.89825396798551082611083984375" lon="116.64176993072032928466796875">
        <ele>31.3999996185302734375</ele>
        <time>2020-08-05T13:00:34.000Z</time>
        <extensions>
          <ns3:TrackPointExtension/>
        </extensions>
      </trkpt>
      <trkpt lat="39.8982619307935237884521484375" lon="116.6417399235069751739501953125">
        <ele>31.3999996185302734375</ele>
        <time>2020-08-05T13:00:34.000Z</time>
        <extensions>
          <ns3:TrackPointExtension/>
        </extensions>
      </trkpt>
      <trkpt lat="39.8982699774205684661865234375" lon="116.641709916293621063232421875">
        <ele>31.6000003814697265625</ele>
        <time>2020-08-05T13:00:34.000Z</time>
        <extensions>
          <ns3:TrackPointExtension/>
        </extensions>
      </trkpt>
      <trkpt lat="39.89827995188534259796142578125" lon="116.64167999289929866790771484375">
        <ele>31.6000003814697265625</ele>
        <time>2020-08-05T13:00:34.000Z</time>
        <extensions>
          <ns3:TrackPointExtension/>
        </extensions>
      </trkpt>
      <trkpt lat="39.898289926350116729736328125" lon="116.64165996015071868896484375">
        <ele>31.6000003814697265625</ele>
        <time>2020-08-05T13:00:34.000Z</time>
        <extensions>
          <ns3:TrackPointExtension/>
        </extensions>
      </trkpt>
      <trkpt lat="39.89829294383525848388671875" lon="116.6416239179670810699462890625">
        <ele>31.799999237060546875</ele>
        <time>2020-08-05T13:00:34.000Z</time>
        <extensions>
          <ns3:TrackPointExtension/>
        </extensions>
      </trkpt>
      <trkpt lat="39.898295961320400238037109375" lon="116.64159399457275867462158203125">
        <ele>31.799999237060546875</ele>
        <time>2020-08-05T13:00:34.000Z</time>
        <extensions>
          <ns3:TrackPointExtension/>
        </extensions>
      </trkpt>
      <trkpt lat="39.89830392412841320037841796875" lon="116.64155996404588222503662109375">
        <ele>32</ele>
        <time>2020-08-05T13:00:41.000Z</time>
        <extensions>
          <ns3:TrackPointExtension/>
        </extensions>
      </trkpt>
      <trkpt lat="39.89830794744193553924560546875" lon="116.64154998958110809326171875">
        <ele>32</ele>
        <time>2020-08-05T13:00:41.000Z</time>
        <extensions>
          <ns3:TrackPointExtension/>
        </extensions>
      </trkpt>
      <trkpt lat="39.89830995909869670867919921875" lon="116.6415199823677539825439453125">
        <ele>32</ele>
        <time>2020-08-05T13:00:41.000Z</time>
        <extensions>
          <ns3:TrackPointExtension/>
        </extensions>
      </trkpt>
      <trkpt lat="39.89831498824059963226318359375" lon="116.64149492047727108001708984375">
        <ele>32</ele>
        <time>2020-08-05T13:00:41.000Z</time>
        <extensions>
          <ns3:TrackPointExtension/>
        </extensions>
      </trkpt>
      <trkpt lat="39.89831498824059963226318359375" lon="116.64146994240581989288330078125">
        <ele>32</ele>
        <time>2020-08-05T13:00:41.000Z</time>
        <extensions>
          <ns3:TrackPointExtension/>
        </extensions>
      </trkpt>
      <trkpt lat="39.89831498824059963226318359375" lon="116.6414599679410457611083984375">
        <ele>32</ele>
        <time>2020-08-05T13:00:41.000Z</time>
        <extensions>
          <ns3:TrackPointExtension/>
        </extensions>
      </trkpt>
      <trkpt lat="39.89830794744193553924560546875" lon="116.641429960727691650390625">
        <ele>32</ele>
        <time>2020-08-05T13:00:41.000Z</time>
        <extensions>
          <ns3:TrackPointExtension/>
        </extensions>
      </trkpt>
      <trkpt lat="39.89830794744193553924560546875" lon="116.64140992797911167144775390625">
        <ele>32</ele>
        <time>2020-08-05T13:00:48.000Z</time>
        <extensions>
          <ns3:TrackPointExtension/>
        </extensions>
      </trkpt>
      <trkpt lat="39.898299984633922576904296875" lon="116.6413999535143375396728515625">
        <ele>32</ele>
        <time>2020-08-05T13:00:48.000Z</time>
        <extensions>
          <ns3:TrackPointExtension/>
        </extensions>
      </trkpt>
      <trkpt lat="39.898289926350116729736328125" lon="116.6413959302008152008056640625">
        <ele>32</ele>
        <time>2020-08-05T13:00:48.000Z</time>
        <extensions>
          <ns3:TrackPointExtension/>
        </extensions>
      </trkpt>
      <trkpt lat="39.89827693440020084381103515625" lon="116.6413959302008152008056640625">
        <ele>32</ele>
        <time>2020-08-05T13:00:48.000Z</time>
        <extensions>
          <ns3:TrackPointExtension/>
        </extensions>
      </trkpt>
      <trkpt lat="39.8982659541070461273193359375" lon="116.6413959302008152008056640625">
        <ele>32</ele>
        <time>2020-08-05T13:00:48.000Z</time>
        <extensions>
          <ns3:TrackPointExtension/>
        </extensions>
      </trkpt>
      <trkpt lat="39.89825396798551082611083984375" lon="116.6413959302008152008056640625">
        <ele>32</ele>
        <time>2020-08-05T13:00:48.000Z</time>
        <extensions>
          <ns3:TrackPointExtension/>
        </extensions>
      </trkpt>
      <trkpt lat="39.898242987692356109619140625" lon="116.6413959302008152008056640625">
        <ele>32</ele>
        <time>2020-08-05T13:00:48.000Z</time>
        <extensions>
          <ns3:TrackPointExtension/>
        </extensions>
      </trkpt>
      <trkpt lat="39.89822798408567905426025390625" lon="116.6413959302008152008056640625">
        <ele>32</ele>
        <time>2020-08-05T13:00:55.000Z</time>
        <extensions>
          <ns3:TrackPointExtension/>
        </extensions>
      </trkpt>
      <trkpt lat="39.8982159979641437530517578125" lon="116.6413959302008152008056640625">
        <ele>32</ele>
        <time>2020-08-05T13:00:55.000Z</time>
        <extensions>
          <ns3:TrackPointExtension/>
        </extensions>
      </trkpt>
      <trkpt lat="39.8982099629938602447509765625" lon="116.6413959302008152008056640625">
        <ele>32</ele>
        <time>2020-08-05T13:00:55.000Z</time>
        <extensions>
          <ns3:TrackPointExtension/>
        </extensions>
      </trkpt>
      <trkpt lat="39.89819697104394435882568359375" lon="116.64137992076575756072998046875">
        <ele>32</ele>
        <time>2020-08-05T13:00:55.000Z</time>
        <extensions>
          <ns3:TrackPointExtension/>
        </extensions>
      </trkpt>
      <trkpt lat="39.898181967437267303466796875" lon="116.64137992076575756072998046875">
        <ele>32</ele>
        <time>2020-08-05T13:00:55.000Z</time>
        <extensions>
          <ns3:TrackPointExtension/>
        </extensions>
      </trkpt>
      <trkpt lat="39.898173920810222625732421875" lon="116.641369946300983428955078125">
        <ele>32</ele>
        <time>2020-08-05T13:00:55.000Z</time>
        <extensions>
          <ns3:TrackPointExtension/>
        </extensions>
      </trkpt>
      <trkpt lat="39.89815992303192615509033203125" lon="116.641369946300983428955078125">
        <ele>32</ele>
        <time>2020-08-05T13:00:55.000Z</time>
        <extensions>
          <ns3:TrackPointExtension/>
        </extensions>
      </trkpt>
      <trkpt lat="39.8981499485671520233154296875" lon="116.64136491715908050537109375">
        <ele>32</ele>
        <time>2020-08-05T13:01:02.000Z</time>
        <extensions>
          <ns3:TrackPointExtension/>
        </extensions>
      </trkpt>
      <trkpt lat="39.89813997410237789154052734375" lon="116.6413499973714351654052734375">
        <ele>32</ele>
        <time>2020-08-05T13:01:02.000Z</time>
        <extensions>
          <ns3:TrackPointExtension/>
        </extensions>
      </trkpt>
      <trkpt lat="39.898129999637603759765625" lon="116.6413399390876293182373046875">
        <ele>32</ele>
        <time>2020-08-05T13:01:02.000Z</time>
        <extensions>
          <ns3:TrackPointExtension/>
        </extensions>
      </trkpt>
      <trkpt lat="39.898116923868656158447265625" lon="116.64133499376475811004638671875">
        <ele>32</ele>
        <time>2020-08-05T13:01:02.000Z</time>
        <extensions>
          <ns3:TrackPointExtension/>
        </extensions>
      </trkpt>
      <trkpt lat="39.89810594357550144195556640625" lon="116.6413199901580810546875">
        <ele>32</ele>
        <time>2020-08-05T13:01:02.000Z</time>
        <extensions>
          <ns3:TrackPointExtension/>
        </extensions>
      </trkpt>
      <trkpt lat="39.8980979807674884796142578125" lon="116.64130398072302341461181640625">
        <ele>32</ele>
        <time>2020-08-05T13:01:02.000Z</time>
        <extensions>
          <ns3:TrackPointExtension/>
        </extensions>
      </trkpt>
      <trkpt lat="39.8980899341404438018798828125" lon="116.6412899829447269439697265625">
        <ele>32</ele>
        <time>2020-08-05T13:01:02.000Z</time>
        <extensions>
          <ns3:TrackPointExtension/>
        </extensions>
      </trkpt>
      <trkpt lat="39.89807493053376674652099609375" lon="116.6412799246609210968017578125">
        <ele>32</ele>
        <time>2020-08-05T13:01:09.000Z</time>
        <extensions>
          <ns3:TrackPointExtension/>
        </extensions>
      </trkpt>
      <trkpt lat="39.898063950240612030029296875" lon="116.6412799246609210968017578125">
        <ele>32</ele>
        <time>2020-08-05T13:01:09.000Z</time>
        <extensions>
          <ns3:TrackPointExtension/>
        </extensions>
      </trkpt>
      <trkpt lat="39.89805196411907672882080078125" lon="116.6412799246609210968017578125">
        <ele>32</ele>
        <time>2020-08-05T13:01:09.000Z</time>
        <extensions>
          <ns3:TrackPointExtension/>
        </extensions>
      </trkpt>
      <trkpt lat="39.89804492332041263580322265625" lon="116.64126995019614696502685546875">
        <ele>32</ele>
        <time>2020-08-05T13:01:09.000Z</time>
        <extensions>
          <ns3:TrackPointExtension/>
        </extensions>
      </trkpt>
      <trkpt lat="39.8980329371988773345947265625" lon="116.64126995019614696502685546875">
        <ele>32</ele>
        <time>2020-08-05T13:01:09.000Z</time>
        <extensions>
          <ns3:TrackPointExtension/>
        </extensions>
      </trkpt>
      <trkpt lat="39.89801994524896144866943359375" lon="116.64126995019614696502685546875">
        <ele>32</ele>
        <time>2020-08-05T13:01:09.000Z</time>
        <extensions>
          <ns3:TrackPointExtension/>
        </extensions>
      </trkpt>
      <trkpt lat="39.89800594747066497802734375" lon="116.6412799246609210968017578125">
        <ele>32</ele>
        <time>2020-08-05T13:01:09.000Z</time>
        <extensions>
          <ns3:TrackPointExtension/>
        </extensions>
      </trkpt>
      <trkpt lat="39.89799496717751026153564453125" lon="116.6412799246609210968017578125">
        <ele>32</ele>
        <time>2020-08-05T13:01:16.000Z</time>
        <extensions>
          <ns3:TrackPointExtension/>
        </extensions>
      </trkpt>
      <trkpt lat="39.8979799635708332061767578125" lon="116.6412799246609210968017578125">
        <ele>32</ele>
        <time>2020-08-05T13:01:16.000Z</time>
        <extensions>
          <ns3:TrackPointExtension/>
        </extensions>
      </trkpt>
      <trkpt lat="39.89796998910605907440185546875" lon="116.64126995019614696502685546875">
        <ele>32</ele>
        <time>2020-08-05T13:01:16.000Z</time>
        <extensions>
          <ns3:TrackPointExtension/>
        </extensions>
      </trkpt>
      <trkpt lat="39.897952973842620849609375" lon="116.64126995019614696502685546875">
        <ele>32</ele>
        <time>2020-08-05T13:01:16.000Z</time>
        <extensions>
          <ns3:TrackPointExtension/>
        </extensions>
      </trkpt>
      <trkpt lat="39.89793998189270496368408203125" lon="116.64126995019614696502685546875">
        <ele>32</ele>
        <time>2020-08-05T13:01:16.000Z</time>
        <extensions>
          <ns3:TrackPointExtension/>
        </extensions>
      </trkpt>
      <trkpt lat="39.8979259841144084930419921875" lon="116.641259975731372833251953125">
        <ele>32</ele>
        <time>2020-08-05T13:01:16.000Z</time>
        <extensions>
          <ns3:TrackPointExtension/>
        </extensions>
      </trkpt>
      <trkpt lat="39.89790997467935085296630859375" lon="116.641249917447566986083984375">
        <ele>32</ele>
        <time>2020-08-05T13:01:16.000Z</time>
        <extensions>
          <ns3:TrackPointExtension/>
        </extensions>
      </trkpt>
      <trkpt lat="39.89789195358753204345703125" lon="116.641249917447566986083984375">
        <ele>32</ele>
        <time>2020-08-05T13:01:23.000Z</time>
        <extensions>
          <ns3:TrackPointExtension/>
        </extensions>
      </trkpt>
      <trkpt lat="39.89787694998085498809814453125" lon="116.6412349976599216461181640625">
        <ele>32</ele>
        <time>2020-08-05T13:01:23.000Z</time>
        <extensions>
          <ns3:TrackPointExtension/>
        </extensions>
      </trkpt>
      <trkpt lat="39.8978599347174167633056640625" lon="116.6412299685180187225341796875">
        <ele>31.799999237060546875</ele>
        <time>2020-08-05T13:01:23.000Z</time>
        <extensions>
          <ns3:TrackPointExtension/>
        </extensions>
      </trkpt>
      <trkpt lat="39.897841997444629669189453125" lon="116.64121999405324459075927734375">
        <ele>31.799999237060546875</ele>
        <time>2020-08-05T13:01:23.000Z</time>
        <extensions>
          <ns3:TrackPointExtension/>
        </extensions>
      </trkpt>
      <trkpt lat="39.89781592972576618194580078125" lon="116.641204990446567535400390625">
        <ele>31.6000003814697265625</ele>
        <time>2020-08-05T13:01:23.000Z</time>
        <extensions>
          <ns3:TrackPointExtension/>
        </extensions>
      </trkpt>
      <trkpt lat="39.89779296331107616424560546875" lon="116.64119996130466461181640625">
        <ele>31.6000003814697265625</ele>
        <time>2020-08-05T13:01:23.000Z</time>
        <extensions>
          <ns3:TrackPointExtension/>
        </extensions>
      </trkpt>
      <trkpt lat="39.89776999689638614654541015625" lon="116.64118998683989048004150390625">
        <ele>31.6000003814697265625</ele>
        <time>2020-08-05T13:01:23.000Z</time>
        <extensions>
          <ns3:TrackPointExtension/>
        </extensions>
      </trkpt>
      <trkpt lat="39.8977469466626644134521484375" lon="116.64118998683989048004150390625">
        <ele>31.3999996185302734375</ele>
        <time>2020-08-05T13:01:30.000Z</time>
        <extensions>
          <ns3:TrackPointExtension/>
        </extensions>
      </trkpt>
      <trkpt lat="39.89773596636950969696044921875" lon="116.6411739774048328399658203125">
        <ele>31.3999996185302734375</ele>
        <time>2020-08-05T13:01:30.000Z</time>
        <extensions>
          <ns3:TrackPointExtension/>
        </extensions>
      </trkpt>
      <trkpt lat="39.897723980247974395751953125" lon="116.6411699540913105010986328125">
        <ele>31.3999996185302734375</ele>
        <time>2020-08-05T13:01:30.000Z</time>
        <extensions>
          <ns3:TrackPointExtension/>
        </extensions>
      </trkpt>
      <trkpt lat="39.897719956934452056884765625" lon="116.64115997962653636932373046875">
        <ele>31.3999996185302734375</ele>
        <time>2020-08-05T13:01:30.000Z</time>
        <extensions>
          <ns3:TrackPointExtension/>
        </extensions>
      </trkpt>
      <trkpt lat="39.897716939449310302734375" lon="116.64115997962653636932373046875">
        <ele>31.3999996185302734375</ele>
        <time>2020-08-05T13:01:30.000Z</time>
        <extensions>
          <ns3:TrackPointExtension/>
        </extensions>
      </trkpt>
      <trkpt lat="39.89771299995481967926025390625" lon="116.641139946877956390380859375">
        <ele>31.3999996185302734375</ele>
        <time>2020-08-05T13:01:30.000Z</time>
        <extensions>
          <ns3:TrackPointExtension/>
        </extensions>
      </trkpt>
      <trkpt lat="39.89770998246967792510986328125" lon="116.641139946877956390380859375">
        <ele>31.3999996185302734375</ele>
        <time>2020-08-05T13:01:30.000Z</time>
        <extensions>
          <ns3:TrackPointExtension/>
        </extensions>
      </trkpt>
      <trkpt lat="39.89769992418587207794189453125" lon="116.641135923564434051513671875">
        <ele>31.200000762939453125</ele>
        <time>2020-08-05T13:01:37.000Z</time>
        <extensions>
          <ns3:TrackPointExtension/>
        </extensions>
      </trkpt>
      <trkpt lat="39.8976939730346202850341796875" lon="116.641135923564434051513671875">
        <ele>31.200000762939453125</ele>
        <time>2020-08-05T13:01:37.000Z</time>
        <extensions>
          <ns3:TrackPointExtension/>
        </extensions>
      </trkpt>
      <trkpt lat="39.8976859264075756072998046875" lon="116.64112997241318225860595703125">
        <ele>31.200000762939453125</ele>
        <time>2020-08-05T13:01:37.000Z</time>
        <extensions>
          <ns3:TrackPointExtension/>
        </extensions>
      </trkpt>
      <trkpt lat="39.89767494611442089080810546875" lon="116.6411099396646022796630859375">
        <ele>31.200000762939453125</ele>
        <time>2020-08-05T13:01:37.000Z</time>
        <extensions>
          <ns3:TrackPointExtension/>
        </extensions>
      </trkpt>
      <trkpt lat="39.897662959992885589599609375" lon="116.6411099396646022796630859375">
        <ele>31.200000762939453125</ele>
        <time>2020-08-05T13:01:37.000Z</time>
        <extensions>
          <ns3:TrackPointExtension/>
        </extensions>
      </trkpt>
      <trkpt lat="39.89764795638620853424072265625" lon="116.6411059163510799407958984375">
        <ele>31</ele>
        <time>2020-08-05T13:01:37.000Z</time>
        <extensions>
          <ns3:TrackPointExtension/>
        </extensions>
      </trkpt>
      <trkpt lat="39.8976359702646732330322265625" lon="116.64109996519982814788818359375">
        <ele>31</ele>
        <time>2020-08-05T13:01:37.000Z</time>
        <extensions>
          <ns3:TrackPointExtension/>
        </extensions>
      </trkpt>
      <trkpt lat="39.89761996082961559295654296875" lon="116.6410799324512481689453125">
        <ele>31</ele>
        <time>2020-08-05T13:01:44.000Z</time>
        <extensions>
          <ns3:TrackPointExtension/>
        </extensions>
      </trkpt>
      <trkpt lat="39.897605963051319122314453125" lon="116.64107498712837696075439453125">
        <ele>31</ele>
        <time>2020-08-05T13:01:44.000Z</time>
        <extensions>
          <ns3:TrackPointExtension/>
        </extensions>
      </trkpt>
      <trkpt lat="39.89758995361626148223876953125" lon="116.6410499252378940582275390625">
        <ele>30.799999237060546875</ele>
        <time>2020-08-05T13:01:44.000Z</time>
        <extensions>
          <ns3:TrackPointExtension/>
        </extensions>
      </trkpt>
      <trkpt lat="39.8975699208676815032958984375" lon="116.64104497991502285003662109375">
        <ele>30.799999237060546875</ele>
        <time>2020-08-05T13:01:44.000Z</time>
        <extensions>
          <ns3:TrackPointExtension/>
        </extensions>
      </trkpt>
      <trkpt lat="39.89755592308938503265380859375" lon="116.64103995077311992645263671875">
        <ele>30.799999237060546875</ele>
        <time>2020-08-05T13:01:44.000Z</time>
        <extensions>
          <ns3:TrackPointExtension/>
        </extensions>
      </trkpt>
      <trkpt lat="39.89753697998821735382080078125" lon="116.641019918024539947509765625">
        <ele>30.6000003814697265625</ele>
        <time>2020-08-05T13:01:44.000Z</time>
        <extensions>
          <ns3:TrackPointExtension/>
        </extensions>
      </trkpt>
      <trkpt lat="39.8975219763815402984619140625" lon="116.64101396687328815460205078125">
        <ele>30.6000003814697265625</ele>
        <time>2020-08-05T13:01:44.000Z</time>
        <extensions>
          <ns3:TrackPointExtension/>
        </extensions>
      </trkpt>
      <trkpt lat="39.89750697277486324310302734375" lon="116.64100994355976581573486328125">
        <ele>30.6000003814697265625</ele>
        <time>2020-08-05T13:01:51.000Z</time>
        <extensions>
          <ns3:TrackPointExtension/>
        </extensions>
      </trkpt>
      <trkpt lat="39.897487945854663848876953125" lon="116.64097993634641170501708984375">
        <ele>30.6000003814697265625</ele>
        <time>2020-08-05T13:01:51.000Z</time>
        <extensions>
          <ns3:TrackPointExtension/>
        </extensions>
      </trkpt>
      <trkpt lat="39.89746992476284503936767578125" lon="116.64097599685192108154296875">
        <ele>30.3999996185302734375</ele>
        <time>2020-08-05T13:01:51.000Z</time>
        <extensions>
          <ns3:TrackPointExtension/>
        </extensions>
      </trkpt>
      <trkpt lat="39.89745299331843852996826171875" lon="116.64095998741686344146728515625">
        <ele>30.3999996185302734375</ele>
        <time>2020-08-05T13:01:51.000Z</time>
        <extensions>
          <ns3:TrackPointExtension/>
        </extensions>
      </trkpt>
      <trkpt lat="39.897437989711761474609375" lon="116.64094992913305759429931640625">
        <ele>30.3999996185302734375</ele>
        <time>2020-08-05T13:01:51.000Z</time>
        <extensions>
          <ns3:TrackPointExtension/>
        </extensions>
      </trkpt>
      <trkpt lat="39.89742298610508441925048828125" lon="116.6409449838101863861083984375">
        <ele>30.200000762939453125</ele>
        <time>2020-08-05T13:01:51.000Z</time>
        <extensions>
          <ns3:TrackPointExtension/>
        </extensions>
      </trkpt>
      <trkpt lat="39.8974079824984073638916015625" lon="116.64092998020350933074951171875">
        <ele>30.200000762939453125</ele>
        <time>2020-08-05T13:01:51.000Z</time>
        <extensions>
          <ns3:TrackPointExtension/>
        </extensions>
      </trkpt>
      <trkpt lat="39.89739599637687206268310546875" lon="116.64091992191970348358154296875">
        <ele>30.200000762939453125</ele>
        <time>2020-08-05T13:01:58.000Z</time>
        <extensions>
          <ns3:TrackPointExtension/>
        </extensions>
      </trkpt>
      <trkpt lat="39.897379986941814422607421875" lon="116.64091992191970348358154296875">
        <ele>30.200000762939453125</ele>
        <time>2020-08-05T13:01:58.000Z</time>
        <extensions>
          <ns3:TrackPointExtension/>
        </extensions>
      </trkpt>
      <trkpt lat="39.89736598916351795196533203125" lon="116.640914976596832275390625">
        <ele>30</ele>
        <time>2020-08-05T13:01:58.000Z</time>
        <extensions>
          <ns3:TrackPointExtension/>
        </extensions>
      </trkpt>
      <trkpt lat="39.8973499797284603118896484375" lon="116.64089997299015522003173828125">
        <ele>30</ele>
        <time>2020-08-05T13:01:58.000Z</time>
        <extensions>
          <ns3:TrackPointExtension/>
        </extensions>
      </trkpt>
      <trkpt lat="39.8973399214446544647216796875" lon="116.64089997299015522003173828125">
        <ele>30</ele>
        <time>2020-08-05T13:01:58.000Z</time>
        <extensions>
          <ns3:TrackPointExtension/>
        </extensions>
      </trkpt>
      <trkpt lat="39.89732692949473857879638671875" lon="116.64089997299015522003173828125">
        <ele>30</ele>
        <time>2020-08-05T13:01:58.000Z</time>
        <extensions>
          <ns3:TrackPointExtension/>
        </extensions>
      </trkpt>
      <trkpt lat="39.897319972515106201171875" lon="116.64089997299015522003173828125">
        <ele>30</ele>
        <time>2020-08-05T13:01:58.000Z</time>
        <extensions>
          <ns3:TrackPointExtension/>
        </extensions>
      </trkpt>
      <trkpt lat="39.89730496890842914581298828125" lon="116.6408899985253810882568359375">
        <ele>29.799999237060546875</ele>
        <time>2020-08-05T13:02:05.000Z</time>
        <extensions>
          <ns3:TrackPointExtension/>
        </extensions>
      </trkpt>
      <trkpt lat="39.8972899653017520904541015625" lon="116.6408899985253810882568359375">
        <ele>29.799999237060546875</ele>
        <time>2020-08-05T13:02:05.000Z</time>
        <extensions>
          <ns3:TrackPointExtension/>
        </extensions>
      </trkpt>
      <trkpt lat="39.89727797918021678924560546875" lon="116.6408899985253810882568359375">
        <ele>29.799999237060546875</ele>
        <time>2020-08-05T13:02:05.000Z</time>
        <extensions>
          <ns3:TrackPointExtension/>
        </extensions>
      </trkpt>
      <trkpt lat="39.897265993058681488037109375" lon="116.6408839635550975799560546875">
        <ele>29.799999237060546875</ele>
        <time>2020-08-05T13:02:05.000Z</time>
        <extensions>
          <ns3:TrackPointExtension/>
        </extensions>
      </trkpt>
      <trkpt lat="39.897259958088397979736328125" lon="116.6408839635550975799560546875">
        <ele>29.6000003814697265625</ele>
        <time>2020-08-05T13:02:05.000Z</time>
        <extensions>
          <ns3:TrackPointExtension/>
        </extensions>
      </trkpt>
      <trkpt lat="39.89724998362362384796142578125" lon="116.6408839635550975799560546875">
        <ele>29.6000003814697265625</ele>
        <time>2020-08-05T13:02:05.000Z</time>
        <extensions>
          <ns3:TrackPointExtension/>
        </extensions>
      </trkpt>
      <trkpt lat="39.89724696613848209381103515625" lon="116.64086996577680110931396484375">
        <ele>29.6000003814697265625</ele>
        <time>2020-08-05T13:02:05.000Z</time>
        <extensions>
          <ns3:TrackPointExtension/>
        </extensions>
      </trkpt>
      <trkpt lat="39.8972359858453273773193359375" lon="116.64086996577680110931396484375">
        <ele>29.6000003814697265625</ele>
        <time>2020-08-05T13:02:12.000Z</time>
        <extensions>
          <ns3:TrackPointExtension/>
        </extensions>
      </trkpt>
      <trkpt lat="39.89722399972379207611083984375" lon="116.6408599913120269775390625">
        <ele>29.6000003814697265625</ele>
        <time>2020-08-05T13:02:12.000Z</time>
        <extensions>
          <ns3:TrackPointExtension/>
        </extensions>
      </trkpt>
      <trkpt lat="39.89721293561160564422607421875" lon="116.6408599913120269775390625">
        <ele>29.6000003814697265625</ele>
        <time>2020-08-05T13:02:12.000Z</time>
        <extensions>
          <ns3:TrackPointExtension/>
        </extensions>
      </trkpt>
      <trkpt lat="39.89719994366168975830078125" lon="116.64084993302822113037109375">
        <ele>29.3999996185302734375</ele>
        <time>2020-08-05T13:02:12.000Z</time>
        <extensions>
          <ns3:TrackPointExtension/>
        </extensions>
      </trkpt>
      <trkpt lat="39.89718996919691562652587890625" lon="116.64083995856344699859619140625">
        <ele>29.3999996185302734375</ele>
        <time>2020-08-05T13:02:12.000Z</time>
        <extensions>
          <ns3:TrackPointExtension/>
        </extensions>
      </trkpt>
      <trkpt lat="39.8971799947321414947509765625" lon="116.6408299840986728668212890625">
        <ele>29.3999996185302734375</ele>
        <time>2020-08-05T13:02:12.000Z</time>
        <extensions>
          <ns3:TrackPointExtension/>
        </extensions>
      </trkpt>
      <trkpt lat="39.89716297946870326995849609375" lon="116.64081598632037639617919921875">
        <ele>29.3999996185302734375</ele>
        <time>2020-08-05T13:02:12.000Z</time>
        <extensions>
          <ns3:TrackPointExtension/>
        </extensions>
      </trkpt>
      <trkpt lat="39.897151999175548553466796875" lon="116.64081598632037639617919921875">
        <ele>29.3999996185302734375</ele>
        <time>2020-08-05T13:02:19.000Z</time>
        <extensions>
          <ns3:TrackPointExtension/>
        </extensions>
      </trkpt>
      <trkpt lat="39.89713699556887149810791015625" lon="116.64080995135009288787841796875">
        <ele>29.200000762939453125</ele>
        <time>2020-08-05T13:02:19.000Z</time>
        <extensions>
          <ns3:TrackPointExtension/>
        </extensions>
      </trkpt>
      <trkpt lat="39.89712492562830448150634765625" lon="116.64080995135009288787841796875">
        <ele>29.200000762939453125</ele>
        <time>2020-08-05T13:02:19.000Z</time>
        <extensions>
          <ns3:TrackPointExtension/>
        </extensions>
      </trkpt>
      <trkpt lat="39.8971099220216274261474609375" lon="116.640799976885318756103515625">
        <ele>29.200000762939453125</ele>
        <time>2020-08-05T13:02:19.000Z</time>
        <extensions>
          <ns3:TrackPointExtension/>
        </extensions>
      </trkpt>
      <trkpt lat="39.89709491841495037078857421875" lon="116.64078497327864170074462890625">
        <ele>29.200000762939453125</ele>
        <time>2020-08-05T13:02:19.000Z</time>
        <extensions>
          <ns3:TrackPointExtension/>
        </extensions>
      </trkpt>
      <trkpt lat="39.89707999862730503082275390625" lon="116.64078497327864170074462890625">
        <ele>29</ele>
        <time>2020-08-05T13:02:19.000Z</time>
        <extensions>
          <ns3:TrackPointExtension/>
        </extensions>
      </trkpt>
      <trkpt lat="39.8970599658787250518798828125" lon="116.64077994413673877716064453125">
        <ele>29</ele>
        <time>2020-08-05T13:02:19.000Z</time>
        <extensions>
          <ns3:TrackPointExtension/>
        </extensions>
      </trkpt>
      <trkpt lat="39.89704496227204799652099609375" lon="116.6407699696719646453857421875">
        <ele>29</ele>
        <time>2020-08-05T13:02:26.000Z</time>
        <extensions>
          <ns3:TrackPointExtension/>
        </extensions>
      </trkpt>
      <trkpt lat="39.897029958665370941162109375" lon="116.64075496606528759002685546875">
        <ele>29.200000762939453125</ele>
        <time>2020-08-05T13:02:26.000Z</time>
        <extensions>
          <ns3:TrackPointExtension/>
        </extensions>
      </trkpt>
      <trkpt lat="39.89701495505869388580322265625" lon="116.64075496606528759002685546875">
        <ele>29.200000762939453125</ele>
        <time>2020-08-05T13:02:26.000Z</time>
        <extensions>
          <ns3:TrackPointExtension/>
        </extensions>
      </trkpt>
      <trkpt lat="39.8969999514520168304443359375" lon="116.64074993692338466644287109375">
        <ele>29.200000762939453125</ele>
        <time>2020-08-05T13:02:26.000Z</time>
        <extensions>
          <ns3:TrackPointExtension/>
        </extensions>
      </trkpt>
      <trkpt lat="39.89698796533048152923583984375" lon="116.64074993692338466644287109375">
        <ele>29.200000762939453125</ele>
        <time>2020-08-05T13:02:26.000Z</time>
        <extensions>
          <ns3:TrackPointExtension/>
        </extensions>
      </trkpt>
      <trkpt lat="39.896972961723804473876953125" lon="116.64073996245861053466796875">
        <ele>29.3999996185302734375</ele>
        <time>2020-08-05T13:02:26.000Z</time>
        <extensions>
          <ns3:TrackPointExtension/>
        </extensions>
      </trkpt>
      <trkpt lat="39.89695695228874683380126953125" lon="116.64072395302355289459228515625">
        <ele>29.3999996185302734375</ele>
        <time>2020-08-05T13:02:26.000Z</time>
        <extensions>
          <ns3:TrackPointExtension/>
        </extensions>
      </trkpt>
      <trkpt lat="39.8969459719955921173095703125" lon="116.64072395302355289459228515625">
        <ele>29.3999996185302734375</ele>
        <time>2020-08-05T13:02:33.000Z</time>
        <extensions>
          <ns3:TrackPointExtension/>
        </extensions>
      </trkpt>
      <trkpt lat="39.89692996256053447723388671875" lon="116.64071992971003055572509765625">
        <ele>29.3999996185302734375</ele>
        <time>2020-08-05T13:02:33.000Z</time>
        <extensions>
          <ns3:TrackPointExtension/>
        </extensions>
      </trkpt>
      <trkpt lat="39.896919988095760345458984375" lon="116.6407099552452564239501953125">
        <ele>29.6000003814697265625</ele>
        <time>2020-08-05T13:02:33.000Z</time>
        <extensions>
          <ns3:TrackPointExtension/>
        </extensions>
      </trkpt>
      <trkpt lat="39.896907918155193328857421875" lon="116.6407099552452564239501953125">
        <ele>29.6000003814697265625</ele>
        <time>2020-08-05T13:02:33.000Z</time>
        <extensions>
          <ns3:TrackPointExtension/>
        </extensions>
      </trkpt>
      <trkpt lat="39.89689593203365802764892578125" lon="116.64068992249667644500732421875">
        <ele>29.6000003814697265625</ele>
        <time>2020-08-05T13:02:33.000Z</time>
        <extensions>
          <ns3:TrackPointExtension/>
        </extensions>
      </trkpt>
      <trkpt lat="39.8968799225986003875732421875" lon="116.64068992249667644500732421875">
        <ele>29.6000003814697265625</ele>
        <time>2020-08-05T13:02:33.000Z</time>
        <extensions>
          <ns3:TrackPointExtension/>
        </extensions>
      </trkpt>
      <trkpt lat="39.89686994813382625579833984375" lon="116.640685983002185821533203125">
        <ele>29.799999237060546875</ele>
        <time>2020-08-05T13:02:33.000Z</time>
        <extensions>
          <ns3:TrackPointExtension/>
        </extensions>
      </trkpt>
      <trkpt lat="39.89685393869876861572265625" lon="116.640685983002185821533203125">
        <ele>29.799999237060546875</ele>
        <time>2020-08-05T13:02:40.000Z</time>
        <extensions>
          <ns3:TrackPointExtension/>
        </extensions>
      </trkpt>
      <trkpt lat="39.89683994092047214508056640625" lon="116.640679948031902313232421875">
        <ele>29.799999237060546875</ele>
        <time>2020-08-05T13:02:40.000Z</time>
        <extensions>
          <ns3:TrackPointExtension/>
        </extensions>
      </trkpt>
      <trkpt lat="39.8968239314854145050048828125" lon="116.6406599991023540496826171875">
        <ele>30</ele>
        <time>2020-08-05T13:02:40.000Z</time>
        <extensions>
          <ns3:TrackPointExtension/>
        </extensions>
      </trkpt>
      <trkpt lat="39.896804988384246826171875" lon="116.6406599991023540496826171875">
        <ele>30</ele>
        <time>2020-08-05T13:02:40.000Z</time>
        <extensions>
          <ns3:TrackPointExtension/>
        </extensions>
      </trkpt>
      <trkpt lat="39.89678998477756977081298828125" lon="116.6406559757888317108154296875">
        <ele>30</ele>
        <time>2020-08-05T13:02:40.000Z</time>
        <extensions>
          <ns3:TrackPointExtension/>
        </extensions>
      </trkpt>
      <trkpt lat="39.8967739753425121307373046875" lon="116.6406559757888317108154296875">
        <ele>30</ele>
        <time>2020-08-05T13:02:40.000Z</time>
        <extensions>
          <ns3:TrackPointExtension/>
        </extensions>
      </trkpt>
      <trkpt lat="39.89675997756421566009521484375" lon="116.6406499408185482025146484375">
        <ele>30.200000762939453125</ele>
        <time>2020-08-05T13:02:40.000Z</time>
        <extensions>
          <ns3:TrackPointExtension/>
        </extensions>
      </trkpt>
      <trkpt lat="39.89674396812915802001953125" lon="116.6406499408185482025146484375">
        <ele>30.200000762939453125</ele>
        <time>2020-08-05T13:02:47.000Z</time>
        <extensions>
          <ns3:TrackPointExtension/>
        </extensions>
      </trkpt>
      <trkpt lat="39.89673198200762271881103515625" lon="116.64062999188899993896484375">
        <ele>30.200000762939453125</ele>
        <time>2020-08-05T13:02:47.000Z</time>
        <extensions>
          <ns3:TrackPointExtension/>
        </extensions>
      </trkpt>
      <trkpt lat="39.8967169784009456634521484375" lon="116.64062999188899993896484375">
        <ele>30.3999996185302734375</ele>
        <time>2020-08-05T13:02:47.000Z</time>
        <extensions>
          <ns3:TrackPointExtension/>
        </extensions>
      </trkpt>
      <trkpt lat="39.89670599810779094696044921875" lon="116.64062999188899993896484375">
        <ele>30.3999996185302734375</ele>
        <time>2020-08-05T13:02:47.000Z</time>
        <extensions>
          <ns3:TrackPointExtension/>
        </extensions>
      </trkpt>
      <trkpt lat="39.896689988672733306884765625" lon="116.640624962747097015380859375">
        <ele>30.3999996185302734375</ele>
        <time>2020-08-05T13:02:47.000Z</time>
        <extensions>
          <ns3:TrackPointExtension/>
        </extensions>
      </trkpt>
      <trkpt lat="39.8966829478740692138671875" lon="116.640624962747097015380859375">
        <ele>30.3999996185302734375</ele>
        <time>2020-08-05T13:02:47.000Z</time>
        <extensions>
          <ns3:TrackPointExtension/>
        </extensions>
      </trkpt>
      <trkpt lat="39.89666995592415332794189453125" lon="116.640624962747097015380859375">
        <ele>30.6000003814697265625</ele>
        <time>2020-08-05T13:02:47.000Z</time>
        <extensions>
          <ns3:TrackPointExtension/>
        </extensions>
      </trkpt>
      <trkpt lat="39.8966559581458568572998046875" lon="116.640619933605194091796875">
        <ele>30.6000003814697265625</ele>
        <time>2020-08-05T13:02:54.000Z</time>
        <extensions>
          <ns3:TrackPointExtension/>
        </extensions>
      </trkpt>
      <trkpt lat="39.89663994871079921722412109375" lon="116.640619933605194091796875">
        <ele>30.6000003814697265625</ele>
        <time>2020-08-05T13:02:54.000Z</time>
        <extensions>
          <ns3:TrackPointExtension/>
        </extensions>
      </trkpt>
      <trkpt lat="39.89662595093250274658203125" lon="116.6405999846756458282470703125">
        <ele>30.6000003814697265625</ele>
        <time>2020-08-05T13:02:54.000Z</time>
        <extensions>
          <ns3:TrackPointExtension/>
        </extensions>
      </trkpt>
      <trkpt lat="39.89660994149744510650634765625" lon="116.6405999846756458282470703125">
        <ele>30.799999237060546875</ele>
        <time>2020-08-05T13:02:54.000Z</time>
        <extensions>
          <ns3:TrackPointExtension/>
        </extensions>
      </trkpt>
      <trkpt lat="39.8965949378907680511474609375" lon="116.6405999846756458282470703125">
        <ele>30.799999237060546875</ele>
        <time>2020-08-05T13:02:54.000Z</time>
        <extensions>
          <ns3:TrackPointExtension/>
        </extensions>
      </trkpt>
      <trkpt lat="39.89657993428409099578857421875" lon="116.6405939497053623199462890625">
        <ele>30.799999237060546875</ele>
        <time>2020-08-05T13:02:54.000Z</time>
        <extensions>
          <ns3:TrackPointExtension/>
        </extensions>
      </trkpt>
      <trkpt lat="39.89655998535454273223876953125" lon="116.6405899263918399810791015625">
        <ele>31</ele>
        <time>2020-08-05T13:02:54.000Z</time>
        <extensions>
          <ns3:TrackPointExtension/>
        </extensions>
      </trkpt>
      <trkpt lat="39.8965399526059627532958984375" lon="116.6405899263918399810791015625">
        <ele>31</ele>
        <time>2020-08-05T13:03:01.000Z</time>
        <extensions>
          <ns3:TrackPointExtension/>
        </extensions>
      </trkpt>
      <trkpt lat="39.89652997814118862152099609375" lon="116.640569977462291717529296875">
        <ele>31</ele>
        <time>2020-08-05T13:03:01.000Z</time>
        <extensions>
          <ns3:TrackPointExtension/>
        </extensions>
      </trkpt>
      <trkpt lat="39.896514974534511566162109375" lon="116.640563942492008209228515625">
        <ele>31.200000762939453125</ele>
        <time>2020-08-05T13:03:01.000Z</time>
        <extensions>
          <ns3:TrackPointExtension/>
        </extensions>
      </trkpt>
      <trkpt lat="39.89649997092783451080322265625" lon="116.640563942492008209228515625">
        <ele>31.200000762939453125</ele>
        <time>2020-08-05T13:03:01.000Z</time>
        <extensions>
          <ns3:TrackPointExtension/>
        </extensions>
      </trkpt>
      <trkpt lat="39.8964899964630603790283203125" lon="116.640559919178485870361328125">
        <ele>31.200000762939453125</ele>
        <time>2020-08-05T13:03:01.000Z</time>
        <extensions>
          <ns3:TrackPointExtension/>
        </extensions>
      </trkpt>
      <trkpt lat="39.89647298119962215423583984375" lon="116.640559919178485870361328125">
        <ele>31.200000762939453125</ele>
        <time>2020-08-05T13:03:01.000Z</time>
        <extensions>
          <ns3:TrackPointExtension/>
        </extensions>
      </trkpt>
      <trkpt lat="39.896457977592945098876953125" lon="116.6405399702489376068115234375">
        <ele>31.3999996185302734375</ele>
        <time>2020-08-05T13:03:01.000Z</time>
        <extensions>
          <ns3:TrackPointExtension/>
        </extensions>
      </trkpt>
      <trkpt lat="39.89644196815788745880126953125" lon="116.6405399702489376068115234375">
        <ele>31.3999996185302734375</ele>
        <time>2020-08-05T13:03:17.000Z</time>
        <extensions>
          <ns3:TrackPointExtension/>
        </extensions>
      </trkpt>
      <trkpt lat="39.8964269645512104034423828125" lon="116.6405399702489376068115234375">
        <ele>31.3999996185302734375</ele>
        <time>2020-08-05T13:03:17.000Z</time>
        <extensions>
          <ns3:TrackPointExtension/>
        </extensions>
      </trkpt>
      <trkpt lat="39.89641598425805568695068359375" lon="116.64052999578416347503662109375">
        <ele>31.6000003814697265625</ele>
        <time>2020-08-05T13:03:17.000Z</time>
        <extensions>
          <ns3:TrackPointExtension/>
        </extensions>
      </trkpt>
      <trkpt lat="39.89640793763101100921630859375" lon="116.64052999578416347503662109375">
        <ele>31.6000003814697265625</ele>
        <time>2020-08-05T13:03:17.000Z</time>
        <extensions>
          <ns3:TrackPointExtension/>
        </extensions>
      </trkpt>
      <trkpt lat="39.89629997871816158294677734375" lon="116.640569977462291717529296875">
        <ele>32</ele>
        <time>2020-08-05T13:03:17.000Z</time>
        <extensions>
          <ns3:TrackPointExtension/>
        </extensions>
      </trkpt>
      <trkpt lat="39.89629394374787807464599609375" lon="116.640559919178485870361328125">
        <ele>32</ele>
        <time>2020-08-05T13:03:17.000Z</time>
        <extensions>
          <ns3:TrackPointExtension/>
        </extensions>
      </trkpt>
      <trkpt lat="39.8962819576263427734375" lon="116.64052597247064113616943359375">
        <ele>32</ele>
        <time>2020-08-05T13:03:17.000Z</time>
        <extensions>
          <ns3:TrackPointExtension/>
        </extensions>
      </trkpt>
      <trkpt lat="39.8962599970400333404541015625" lon="116.64046998135745525360107421875">
        <ele>32.200000762939453125</ele>
        <time>2020-08-05T13:03:24.000Z</time>
        <extensions>
          <ns3:TrackPointExtension/>
        </extensions>
      </trkpt>
      <trkpt lat="39.89624398760497570037841796875" lon="116.64043997414410114288330078125">
        <ele>32.200000762939453125</ele>
        <time>2020-08-05T13:03:24.000Z</time>
        <extensions>
          <ns3:TrackPointExtension/>
        </extensions>
      </trkpt>
      <trkpt lat="39.89623292349278926849365234375" lon="116.6403959691524505615234375">
        <ele>32.40000152587890625</ele>
        <time>2020-08-05T13:03:24.000Z</time>
        <extensions>
          <ns3:TrackPointExtension/>
        </extensions>
      </trkpt>
      <trkpt lat="39.89622496068477630615234375" lon="116.6403659619390964508056640625">
        <ele>32.40000152587890625</ele>
        <time>2020-08-05T13:03:24.000Z</time>
        <extensions>
          <ns3:TrackPointExtension/>
        </extensions>
      </trkpt>
      <trkpt lat="39.896219931542873382568359375" lon="116.64033494889736175537109375">
        <ele>32.40000152587890625</ele>
        <time>2020-08-05T13:03:24.000Z</time>
        <extensions>
          <ns3:TrackPointExtension/>
        </extensions>
      </trkpt>
      <trkpt lat="39.896219931542873382568359375" lon="116.64029999636113643646240234375">
        <ele>32.40000152587890625</ele>
        <time>2020-08-05T13:03:24.000Z</time>
        <extensions>
          <ns3:TrackPointExtension/>
        </extensions>
      </trkpt>
      <trkpt lat="39.89621699787676334381103515625" lon="116.64026998914778232574462890625">
        <ele>32.40000152587890625</ele>
        <time>2020-08-05T13:03:24.000Z</time>
        <extensions>
          <ns3:TrackPointExtension/>
        </extensions>
      </trkpt>
      <trkpt lat="39.89620995707809925079345703125" lon="116.64023998193442821502685546875">
        <ele>32.59999847412109375</ele>
        <time>2020-08-05T13:03:31.000Z</time>
        <extensions>
          <ns3:TrackPointExtension/>
        </extensions>
      </trkpt>
      <trkpt lat="39.89620593376457691192626953125" lon="116.64020997472107410430908203125">
        <ele>32.59999847412109375</ele>
        <time>2020-08-05T13:03:31.000Z</time>
        <extensions>
          <ns3:TrackPointExtension/>
        </extensions>
      </trkpt>
      <trkpt lat="39.89620593376457691192626953125" lon="116.64019991643726825714111328125">
        <ele>32.59999847412109375</ele>
        <time>2020-08-05T13:03:31.000Z</time>
        <extensions>
          <ns3:TrackPointExtension/>
        </extensions>
      </trkpt>
      <trkpt lat="39.89620995707809925079345703125" lon="116.64017493836581707000732421875">
        <ele>32.59999847412109375</ele>
        <time>2020-08-05T13:03:31.000Z</time>
        <extensions>
          <ns3:TrackPointExtension/>
        </extensions>
      </trkpt>
      <trkpt lat="39.89621398039162158966064453125" lon="116.64014996029436588287353515625">
        <ele>32.59999847412109375</ele>
        <time>2020-08-05T13:03:31.000Z</time>
        <extensions>
          <ns3:TrackPointExtension/>
        </extensions>
      </trkpt>
      <trkpt lat="39.89621398039162158966064453125" lon="116.64014392532408237457275390625">
        <ele>32.59999847412109375</ele>
        <time>2020-08-05T13:03:31.000Z</time>
        <extensions>
          <ns3:TrackPointExtension/>
        </extensions>
      </trkpt>
      <trkpt lat="39.89621398039162158966064453125" lon="116.64011995308101177215576171875">
        <ele>32.59999847412109375</ele>
        <time>2020-08-05T13:03:31.000Z</time>
        <extensions>
          <ns3:TrackPointExtension/>
        </extensions>
      </trkpt>
      <trkpt lat="39.89621398039162158966064453125" lon="116.640109978616237640380859375">
        <ele>32.59999847412109375</ele>
        <time>2020-08-05T13:03:38.000Z</time>
        <extensions>
          <ns3:TrackPointExtension/>
        </extensions>
      </trkpt>
      <trkpt lat="39.89620593376457691192626953125" lon="116.6400799714028835296630859375">
        <ele>32.799999237060546875</ele>
        <time>2020-08-05T13:03:38.000Z</time>
        <extensions>
          <ns3:TrackPointExtension/>
        </extensions>
      </trkpt>
      <trkpt lat="39.89620593376457691192626953125" lon="116.64005993865430355072021484375">
        <ele>32.799999237060546875</ele>
        <time>2020-08-05T13:03:38.000Z</time>
        <extensions>
          <ns3:TrackPointExtension/>
        </extensions>
      </trkpt>
      <trkpt lat="39.89620593376457691192626953125" lon="116.64003998972475528717041015625">
        <ele>32.799999237060546875</ele>
        <time>2020-08-05T13:03:38.000Z</time>
        <extensions>
          <ns3:TrackPointExtension/>
        </extensions>
      </trkpt>
      <trkpt lat="39.89620593376457691192626953125" lon="116.6400199569761753082275390625">
        <ele>32.799999237060546875</ele>
        <time>2020-08-05T13:03:38.000Z</time>
        <extensions>
          <ns3:TrackPointExtension/>
        </extensions>
      </trkpt>
      <trkpt lat="39.89620593376457691192626953125" lon="116.63999992422759532928466796875">
        <ele>32.799999237060546875</ele>
        <time>2020-08-05T13:03:38.000Z</time>
        <extensions>
          <ns3:TrackPointExtension/>
        </extensions>
      </trkpt>
      <trkpt lat="39.89620995707809925079345703125" lon="116.63997997529804706573486328125">
        <ele>32.799999237060546875</ele>
        <time>2020-08-05T13:03:38.000Z</time>
        <extensions>
          <ns3:TrackPointExtension/>
        </extensions>
      </trkpt>
      <trkpt lat="39.89621398039162158966064453125" lon="116.6399599425494670867919921875">
        <ele>32.799999237060546875</ele>
        <time>2020-08-05T13:03:45.000Z</time>
        <extensions>
          <ns3:TrackPointExtension/>
        </extensions>
      </trkpt>
      <trkpt lat="39.89621398039162158966064453125" lon="116.6399399936199188232421875">
        <ele>32.799999237060546875</ele>
        <time>2020-08-05T13:03:45.000Z</time>
        <extensions>
          <ns3:TrackPointExtension/>
        </extensions>
      </trkpt>
      <trkpt lat="39.89621699787676334381103515625" lon="116.63992993533611297607421875">
        <ele>32.799999237060546875</ele>
        <time>2020-08-05T13:03:45.000Z</time>
        <extensions>
          <ns3:TrackPointExtension/>
        </extensions>
      </trkpt>
      <trkpt lat="39.89621699787676334381103515625" lon="116.6399099864065647125244140625">
        <ele>33</ele>
        <time>2020-08-05T13:03:45.000Z</time>
        <extensions>
          <ns3:TrackPointExtension/>
        </extensions>
      </trkpt>
      <trkpt lat="39.896219931542873382568359375" lon="116.63988492451608180999755859375">
        <ele>33</ele>
        <time>2020-08-05T13:03:45.000Z</time>
        <extensions>
          <ns3:TrackPointExtension/>
        </extensions>
      </trkpt>
      <trkpt lat="39.896219931542873382568359375" lon="116.639879979193210601806640625">
        <ele>33</ele>
        <time>2020-08-05T13:03:45.000Z</time>
        <extensions>
          <ns3:TrackPointExtension/>
        </extensions>
      </trkpt>
      <trkpt lat="39.896219931542873382568359375" lon="116.6398539952933788299560546875">
        <ele>33</ele>
        <time>2020-08-05T13:03:45.000Z</time>
        <extensions>
          <ns3:TrackPointExtension/>
        </extensions>
      </trkpt>
      <trkpt lat="39.896219931542873382568359375" lon="116.6398499719798564910888671875">
        <ele>33</ele>
        <time>2020-08-05T13:03:51.000Z</time>
        <extensions>
          <ns3:TrackPointExtension/>
        </extensions>
      </trkpt>
      <trkpt lat="39.89621699787676334381103515625" lon="116.63982398808002471923828125">
        <ele>33</ele>
        <time>2020-08-05T13:03:51.000Z</time>
        <extensions>
          <ns3:TrackPointExtension/>
        </extensions>
      </trkpt>
      <trkpt lat="39.89621699787676334381103515625" lon="116.63980999030172824859619140625">
        <ele>33</ele>
        <time>2020-08-05T13:03:51.000Z</time>
        <extensions>
          <ns3:TrackPointExtension/>
        </extensions>
      </trkpt>
      <trkpt lat="39.89621398039162158966064453125" lon="116.6397859342396259307861328125">
        <ele>33</ele>
        <time>2020-08-05T13:03:51.000Z</time>
        <extensions>
          <ns3:TrackPointExtension/>
        </extensions>
      </trkpt>
      <trkpt lat="39.89621398039162158966064453125" lon="116.639759950339794158935546875">
        <ele>32.799999237060546875</ele>
        <time>2020-08-05T13:03:51.000Z</time>
        <extensions>
          <ns3:TrackPointExtension/>
        </extensions>
      </trkpt>
      <trkpt lat="39.89621398039162158966064453125" lon="116.63974997587502002716064453125">
        <ele>32.799999237060546875</ele>
        <time>2020-08-05T13:03:51.000Z</time>
        <extensions>
          <ns3:TrackPointExtension/>
        </extensions>
      </trkpt>
      <trkpt lat="39.89620995707809925079345703125" lon="116.63970999419689178466796875">
        <ele>32.799999237060546875</ele>
        <time>2020-08-05T13:03:51.000Z</time>
        <extensions>
          <ns3:TrackPointExtension/>
        </extensions>
      </trkpt>
      <trkpt lat="39.89620593376457691192626953125" lon="116.6396799869835376739501953125">
        <ele>32.799999237060546875</ele>
        <time>2020-08-05T13:03:58.000Z</time>
        <extensions>
          <ns3:TrackPointExtension/>
        </extensions>
      </trkpt>
      <trkpt lat="39.89620593376457691192626953125" lon="116.639649979770183563232421875">
        <ele>32.799999237060546875</ele>
        <time>2020-08-05T13:03:58.000Z</time>
        <extensions>
          <ns3:TrackPointExtension/>
        </extensions>
      </trkpt>
      <trkpt lat="39.8962019942700862884521484375" lon="116.6396199725568294525146484375">
        <ele>32.799999237060546875</ele>
        <time>2020-08-05T13:03:58.000Z</time>
        <extensions>
          <ns3:TrackPointExtension/>
        </extensions>
      </trkpt>
      <trkpt lat="39.8961999826133251190185546875" lon="116.639589965343475341796875">
        <ele>32.59999847412109375</ele>
        <time>2020-08-05T13:03:58.000Z</time>
        <extensions>
          <ns3:TrackPointExtension/>
        </extensions>
      </trkpt>
      <trkpt lat="39.8961939476430416107177734375" lon="116.6395599581301212310791015625">
        <ele>32.59999847412109375</ele>
        <time>2020-08-05T13:03:58.000Z</time>
        <extensions>
          <ns3:TrackPointExtension/>
        </extensions>
      </trkpt>
      <trkpt lat="39.8961899243295192718505859375" lon="116.63951997645199298858642578125">
        <ele>32.59999847412109375</ele>
        <time>2020-08-05T13:03:58.000Z</time>
        <extensions>
          <ns3:TrackPointExtension/>
        </extensions>
      </trkpt>
      <trkpt lat="39.89618296734988689422607421875" lon="116.63948996923863887786865234375">
        <ele>32.59999847412109375</ele>
        <time>2020-08-05T13:03:58.000Z</time>
        <extensions>
          <ns3:TrackPointExtension/>
        </extensions>
      </trkpt>
      <trkpt lat="39.89617994986474514007568359375" lon="116.6394499875605106353759765625">
        <ele>32.59999847412109375</ele>
        <time>2020-08-05T13:04:05.000Z</time>
        <extensions>
          <ns3:TrackPointExtension/>
        </extensions>
      </trkpt>
      <trkpt lat="39.89617492072284221649169921875" lon="116.63940397091209888458251953125">
        <ele>32.40000152587890625</ele>
        <time>2020-08-05T13:04:05.000Z</time>
        <extensions>
          <ns3:TrackPointExtension/>
        </extensions>
      </trkpt>
      <trkpt lat="39.8961679637432098388671875" lon="116.63936591707170009613037109375">
        <ele>32.40000152587890625</ele>
        <time>2020-08-05T13:04:05.000Z</time>
        <extensions>
          <ns3:TrackPointExtension/>
        </extensions>
      </trkpt>
      <trkpt lat="39.8961599171161651611328125" lon="116.63931998424232006072998046875">
        <ele>32.40000152587890625</ele>
        <time>2020-08-05T13:04:05.000Z</time>
        <extensions>
          <ns3:TrackPointExtension/>
        </extensions>
      </trkpt>
      <trkpt lat="39.8961599171161651611328125" lon="116.63927991874516010284423828125">
        <ele>32.40000152587890625</ele>
        <time>2020-08-05T13:04:05.000Z</time>
        <extensions>
          <ns3:TrackPointExtension/>
        </extensions>
      </trkpt>
      <trkpt lat="39.89615597762167453765869140625" lon="116.63924999535083770751953125">
        <ele>32.200000762939453125</ele>
        <time>2020-08-05T13:04:05.000Z</time>
        <extensions>
          <ns3:TrackPointExtension/>
        </extensions>
      </trkpt>
      <trkpt lat="39.89615597762167453765869140625" lon="116.6392099298536777496337890625">
        <ele>32.200000762939453125</ele>
        <time>2020-08-05T13:04:05.000Z</time>
        <extensions>
          <ns3:TrackPointExtension/>
        </extensions>
      </trkpt>
      <trkpt lat="39.89615597762167453765869140625" lon="116.639179922640323638916015625">
        <ele>32.200000762939453125</ele>
        <time>2020-08-05T13:04:12.000Z</time>
        <extensions>
          <ns3:TrackPointExtension/>
        </extensions>
      </trkpt>
      <trkpt lat="39.89615597762167453765869140625" lon="116.63914999924600124359130859375">
        <ele>32.200000762939453125</ele>
        <time>2020-08-05T13:04:12.000Z</time>
        <extensions>
          <ns3:TrackPointExtension/>
        </extensions>
      </trkpt>
      <trkpt lat="39.89615597762167453765869140625" lon="116.63911999203264713287353515625">
        <ele>32.200000762939453125</ele>
        <time>2020-08-05T13:04:12.000Z</time>
        <extensions>
          <ns3:TrackPointExtension/>
        </extensions>
      </trkpt>
      <trkpt lat="39.89615195430815219879150390625" lon="116.63908998481929302215576171875">
        <ele>32</ele>
        <time>2020-08-05T13:04:12.000Z</time>
        <extensions>
          <ns3:TrackPointExtension/>
        </extensions>
      </trkpt>
      <trkpt lat="39.89615195430815219879150390625" lon="116.6390459798276424407958984375">
        <ele>32</ele>
        <time>2020-08-05T13:04:12.000Z</time>
        <extensions>
          <ns3:TrackPointExtension/>
        </extensions>
      </trkpt>
      <trkpt lat="39.8961449973285198211669921875" lon="116.639014966785907745361328125">
        <ele>32</ele>
        <time>2020-08-05T13:04:12.000Z</time>
        <extensions>
          <ns3:TrackPointExtension/>
        </extensions>
      </trkpt>
      <trkpt lat="39.8961399681866168975830078125" lon="116.6389799304306507110595703125">
        <ele>32</ele>
        <time>2020-08-05T13:04:12.000Z</time>
        <extensions>
          <ns3:TrackPointExtension/>
        </extensions>
      </trkpt>
      <trkpt lat="39.8961369507014751434326171875" lon="116.6389299742877483367919921875">
        <ele>31.799999237060546875</ele>
        <time>2020-08-05T13:04:19.000Z</time>
        <extensions>
          <ns3:TrackPointExtension/>
        </extensions>
      </trkpt>
      <trkpt lat="39.8961329273879528045654296875" lon="116.63889996707439422607421875">
        <ele>31.799999237060546875</ele>
        <time>2020-08-05T13:04:19.000Z</time>
        <extensions>
          <ns3:TrackPointExtension/>
        </extensions>
      </trkpt>
      <trkpt lat="39.8961329273879528045654296875" lon="116.63885998539626598358154296875">
        <ele>31.799999237060546875</ele>
        <time>2020-08-05T13:04:19.000Z</time>
        <extensions>
          <ns3:TrackPointExtension/>
        </extensions>
      </trkpt>
      <trkpt lat="39.8961369507014751434326171875" lon="116.63882394321262836456298828125">
        <ele>31.6000003814697265625</ele>
        <time>2020-08-05T13:04:19.000Z</time>
        <extensions>
          <ns3:TrackPointExtension/>
        </extensions>
      </trkpt>
      <trkpt lat="39.8961369507014751434326171875" lon="116.638779938220977783203125">
        <ele>31.6000003814697265625</ele>
        <time>2020-08-05T13:04:19.000Z</time>
        <extensions>
          <ns3:TrackPointExtension/>
        </extensions>
      </trkpt>
      <trkpt lat="39.8961369507014751434326171875" lon="116.6387499310076236724853515625">
        <ele>31.3999996185302734375</ele>
        <time>2020-08-05T13:04:19.000Z</time>
        <extensions>
          <ns3:TrackPointExtension/>
        </extensions>
      </trkpt>
      <trkpt lat="39.8961369507014751434326171875" lon="116.63870994932949542999267578125">
        <ele>31.3999996185302734375</ele>
        <time>2020-08-05T13:04:19.000Z</time>
        <extensions>
          <ns3:TrackPointExtension/>
        </extensions>
      </trkpt>
      <trkpt lat="39.8961369507014751434326171875" lon="116.6386699676513671875">
        <ele>31.200000762939453125</ele>
        <time>2020-08-05T13:04:26.000Z</time>
        <extensions>
          <ns3:TrackPointExtension/>
        </extensions>
      </trkpt>
      <trkpt lat="39.8961369507014751434326171875" lon="116.63862596265971660614013671875">
        <ele>31.200000762939453125</ele>
        <time>2020-08-05T13:04:26.000Z</time>
        <extensions>
          <ns3:TrackPointExtension/>
        </extensions>
      </trkpt>
      <trkpt lat="39.8961369507014751434326171875" lon="116.63858992047607898712158203125">
        <ele>31</ele>
        <time>2020-08-05T13:04:26.000Z</time>
        <extensions>
          <ns3:TrackPointExtension/>
        </extensions>
      </trkpt>
      <trkpt lat="39.8961449973285198211669921875" lon="116.63853996433317661285400390625">
        <ele>31</ele>
        <time>2020-08-05T13:04:26.000Z</time>
        <extensions>
          <ns3:TrackPointExtension/>
        </extensions>
      </trkpt>
      <trkpt lat="39.89615195430815219879150390625" lon="116.63850392214953899383544921875">
        <ele>30.799999237060546875</ele>
        <time>2020-08-05T13:04:26.000Z</time>
        <extensions>
          <ns3:TrackPointExtension/>
        </extensions>
      </trkpt>
      <trkpt lat="39.89615597762167453765869140625" lon="116.6384659521281719207763671875">
        <ele>30.799999237060546875</ele>
        <time>2020-08-05T13:04:26.000Z</time>
        <extensions>
          <ns3:TrackPointExtension/>
        </extensions>
      </trkpt>
      <trkpt lat="39.8961599171161651611328125" lon="116.63841993547976016998291015625">
        <ele>30.6000003814697265625</ele>
        <time>2020-08-05T13:04:26.000Z</time>
        <extensions>
          <ns3:TrackPointExtension/>
        </extensions>
      </trkpt>
      <trkpt lat="39.8961639404296875" lon="116.638379953801631927490234375">
        <ele>30.6000003814697265625</ele>
        <time>2020-08-05T13:04:33.000Z</time>
        <extensions>
          <ns3:TrackPointExtension/>
        </extensions>
      </trkpt>
      <trkpt lat="39.8961639404296875" lon="116.63833997212350368499755859375">
        <ele>30.3999996185302734375</ele>
        <time>2020-08-05T13:04:33.000Z</time>
        <extensions>
          <ns3:TrackPointExtension/>
        </extensions>
      </trkpt>
      <trkpt lat="39.8961639404296875" lon="116.63830996491014957427978515625">
        <ele>30.3999996185302734375</ele>
        <time>2020-08-05T13:04:33.000Z</time>
        <extensions>
          <ns3:TrackPointExtension/>
        </extensions>
      </trkpt>
      <trkpt lat="39.8961639404296875" lon="116.638269983232021331787109375">
        <ele>30.200000762939453125</ele>
        <time>2020-08-05T13:04:33.000Z</time>
        <extensions>
          <ns3:TrackPointExtension/>
        </extensions>
      </trkpt>
      <trkpt lat="39.8961639404296875" lon="116.6382399760186672210693359375">
        <ele>30.200000762939453125</ele>
        <time>2020-08-05T13:04:33.000Z</time>
        <extensions>
          <ns3:TrackPointExtension/>
        </extensions>
      </trkpt>
      <trkpt lat="39.8961639404296875" lon="116.63819999434053897857666015625">
        <ele>30.200000762939453125</ele>
        <time>2020-08-05T13:04:33.000Z</time>
        <extensions>
          <ns3:TrackPointExtension/>
        </extensions>
      </trkpt>
      <trkpt lat="39.8961599171161651611328125" lon="116.63816998712718486785888671875">
        <ele>30</ele>
        <time>2020-08-05T13:04:33.000Z</time>
        <extensions>
          <ns3:TrackPointExtension/>
        </extensions>
      </trkpt>
      <trkpt lat="39.8961599171161651611328125" lon="116.6381199471652507781982421875">
        <ele>30</ele>
        <time>2020-08-05T13:04:40.000Z</time>
        <extensions>
          <ns3:TrackPointExtension/>
        </extensions>
      </trkpt>
      <trkpt lat="39.89614994265139102935791015625" lon="116.63808398880064487457275390625">
        <ele>29.799999237060546875</ele>
        <time>2020-08-05T13:04:40.000Z</time>
        <extensions>
          <ns3:TrackPointExtension/>
        </extensions>
      </trkpt>
      <trkpt lat="39.8961399681866168975830078125" lon="116.63804995827376842498779296875">
        <ele>29.799999237060546875</ele>
        <time>2020-08-05T13:04:40.000Z</time>
        <extensions>
          <ns3:TrackPointExtension/>
        </extensions>
      </trkpt>
      <trkpt lat="39.8961329273879528045654296875" lon="116.63798994384706020355224609375">
        <ele>29.799999237060546875</ele>
        <time>2020-08-05T13:04:40.000Z</time>
        <extensions>
          <ns3:TrackPointExtension/>
        </extensions>
      </trkpt>
      <trkpt lat="39.89612194709479808807373046875" lon="116.6379549913108348846435546875">
        <ele>29.799999237060546875</ele>
        <time>2020-08-05T13:04:40.000Z</time>
        <extensions>
          <ns3:TrackPointExtension/>
        </extensions>
      </trkpt>
      <trkpt lat="39.896113984286785125732421875" lon="116.63789992220699787139892578125">
        <ele>29.6000003814697265625</ele>
        <time>2020-08-05T13:04:40.000Z</time>
        <extensions>
          <ns3:TrackPointExtension/>
        </extensions>
      </trkpt>
      <trkpt lat="39.89610694348812103271484375" lon="116.63784996606409549713134765625">
        <ele>29.6000003814697265625</ele>
        <time>2020-08-05T13:04:40.000Z</time>
        <extensions>
          <ns3:TrackPointExtension/>
        </extensions>
      </trkpt>
      <trkpt lat="39.89610292017459869384765625" lon="116.637799926102161407470703125">
        <ele>29.6000003814697265625</ele>
        <time>2020-08-05T13:04:47.000Z</time>
        <extensions>
          <ns3:TrackPointExtension/>
        </extensions>
      </trkpt>
      <trkpt lat="39.89609495736658573150634765625" lon="116.63775994442403316497802734375">
        <ele>29.3999996185302734375</ele>
        <time>2020-08-05T13:04:47.000Z</time>
        <extensions>
          <ns3:TrackPointExtension/>
        </extensions>
      </trkpt>
      <trkpt lat="39.89608791656792163848876953125" lon="116.6377199627459049224853515625">
        <ele>29.3999996185302734375</ele>
        <time>2020-08-05T13:04:47.000Z</time>
        <extensions>
          <ns3:TrackPointExtension/>
        </extensions>
      </trkpt>
      <trkpt lat="39.8960799537599086761474609375" lon="116.63766992278397083282470703125">
        <ele>29.3999996185302734375</ele>
        <time>2020-08-05T13:04:47.000Z</time>
        <extensions>
          <ns3:TrackPointExtension/>
        </extensions>
      </trkpt>
      <trkpt lat="39.89607199095189571380615234375" lon="116.63763396441936492919921875">
        <ele>29.3999996185302734375</ele>
        <time>2020-08-05T13:04:47.000Z</time>
        <extensions>
          <ns3:TrackPointExtension/>
        </extensions>
      </trkpt>
      <trkpt lat="39.89607199095189571380615234375" lon="116.6375999338924884796142578125">
        <ele>29.200000762939453125</ele>
        <time>2020-08-05T13:04:47.000Z</time>
        <extensions>
          <ns3:TrackPointExtension/>
        </extensions>
      </trkpt>
      <trkpt lat="39.89607199095189571380615234375" lon="116.63756598718464374542236328125">
        <ele>29.200000762939453125</ele>
        <time>2020-08-05T13:04:47.000Z</time>
        <extensions>
          <ns3:TrackPointExtension/>
        </extensions>
      </trkpt>
      <trkpt lat="39.89607199095189571380615234375" lon="116.63753497414290904998779296875">
        <ele>29.200000762939453125</ele>
        <time>2020-08-05T13:04:54.000Z</time>
        <extensions>
          <ns3:TrackPointExtension/>
        </extensions>
      </trkpt>
      <trkpt lat="39.89607199095189571380615234375" lon="116.63750496692955493927001953125">
        <ele>29.200000762939453125</ele>
        <time>2020-08-05T13:04:54.000Z</time>
        <extensions>
          <ns3:TrackPointExtension/>
        </extensions>
      </trkpt>
      <trkpt lat="39.89607199095189571380615234375" lon="116.63747395388782024383544921875">
        <ele>29.200000762939453125</ele>
        <time>2020-08-05T13:04:54.000Z</time>
        <extensions>
          <ns3:TrackPointExtension/>
        </extensions>
      </trkpt>
      <trkpt lat="39.89606997929513454437255859375" lon="116.6374299488961696624755859375">
        <ele>29</ele>
        <time>2020-08-05T13:04:54.000Z</time>
        <extensions>
          <ns3:TrackPointExtension/>
        </extensions>
      </trkpt>
      <trkpt lat="39.89606495015323162078857421875" lon="116.6373999416828155517578125">
        <ele>29</ele>
        <time>2020-08-05T13:04:54.000Z</time>
        <extensions>
          <ns3:TrackPointExtension/>
        </extensions>
      </trkpt>
      <trkpt lat="39.89605992101132869720458984375" lon="116.63735996000468730926513671875">
        <ele>29</ele>
        <time>2020-08-05T13:04:54.000Z</time>
        <extensions>
          <ns3:TrackPointExtension/>
        </extensions>
      </trkpt>
      <trkpt lat="39.896052964031696319580078125" lon="116.63732995279133319854736328125">
        <ele>29</ele>
        <time>2020-08-05T13:04:54.000Z</time>
        <extensions>
          <ns3:TrackPointExtension/>
        </extensions>
      </trkpt>
      <trkpt lat="39.8960459232330322265625" lon="116.63727999664843082427978515625">
        <ele>29</ele>
        <time>2020-08-05T13:05:01.000Z</time>
        <extensions>
          <ns3:TrackPointExtension/>
        </extensions>
      </trkpt>
      <trkpt lat="39.89603997208178043365478515625" lon="116.63724998943507671356201171875">
        <ele>29.200000762939453125</ele>
        <time>2020-08-05T13:05:01.000Z</time>
        <extensions>
          <ns3:TrackPointExtension/>
        </extensions>
      </trkpt>
      <trkpt lat="39.89603393711149692535400390625" lon="116.63721998222172260284423828125">
        <ele>29.200000762939453125</ele>
        <time>2020-08-05T13:05:01.000Z</time>
        <extensions>
          <ns3:TrackPointExtension/>
        </extensions>
      </trkpt>
      <trkpt lat="39.8960299976170063018798828125" lon="116.63718394003808498382568359375">
        <ele>29.200000762939453125</ele>
        <time>2020-08-05T13:05:01.000Z</time>
        <extensions>
          <ns3:TrackPointExtension/>
        </extensions>
      </trkpt>
      <trkpt lat="39.8960269801318645477294921875" lon="116.6371499933302402496337890625">
        <ele>29.200000762939453125</ele>
        <time>2020-08-05T13:05:01.000Z</time>
        <extensions>
          <ns3:TrackPointExtension/>
        </extensions>
      </trkpt>
      <trkpt lat="39.8960229568183422088623046875" lon="116.637119986116886138916015625">
        <ele>29.200000762939453125</ele>
        <time>2020-08-05T13:05:01.000Z</time>
        <extensions>
          <ns3:TrackPointExtension/>
        </extensions>
      </trkpt>
      <trkpt lat="39.8960199393332004547119140625" lon="116.6370899789035320281982421875">
        <ele>29.200000762939453125</ele>
        <time>2020-08-05T13:05:01.000Z</time>
        <extensions>
          <ns3:TrackPointExtension/>
        </extensions>
      </trkpt>
      <trkpt lat="39.8960199393332004547119140625" lon="116.63706994615495204925537109375">
        <ele>29.200000762939453125</ele>
        <time>2020-08-05T13:05:08.000Z</time>
        <extensions>
          <ns3:TrackPointExtension/>
        </extensions>
      </trkpt>
      <trkpt lat="39.89601499401032924652099609375" lon="116.6370539367198944091796875">
        <ele>29.200000762939453125</ele>
        <time>2020-08-05T13:05:08.000Z</time>
        <extensions>
          <ns3:TrackPointExtension/>
        </extensions>
      </trkpt>
      <trkpt lat="39.89601499401032924652099609375" lon="116.6370299644768238067626953125">
        <ele>29.200000762939453125</ele>
        <time>2020-08-05T13:05:08.000Z</time>
        <extensions>
          <ns3:TrackPointExtension/>
        </extensions>
      </trkpt>
      <trkpt lat="39.89601499401032924652099609375" lon="116.63700993172824382781982421875">
        <ele>29.200000762939453125</ele>
        <time>2020-08-05T13:05:08.000Z</time>
        <extensions>
          <ns3:TrackPointExtension/>
        </extensions>
      </trkpt>
      <trkpt lat="39.8960199393332004547119140625" lon="116.63698595948517322540283203125">
        <ele>29.200000762939453125</ele>
        <time>2020-08-05T13:05:08.000Z</time>
        <extensions>
          <ns3:TrackPointExtension/>
        </extensions>
      </trkpt>
      <trkpt lat="39.8960199393332004547119140625" lon="116.6369699500501155853271484375">
        <ele>29.200000762939453125</ele>
        <time>2020-08-05T13:05:08.000Z</time>
        <extensions>
          <ns3:TrackPointExtension/>
        </extensions>
      </trkpt>
      <trkpt lat="39.89601499401032924652099609375" lon="116.63694991730153560638427734375">
        <ele>29.200000762939453125</ele>
        <time>2020-08-05T13:05:08.000Z</time>
        <extensions>
          <ns3:TrackPointExtension/>
        </extensions>
      </trkpt>
      <trkpt lat="39.89601499401032924652099609375" lon="116.636939942836761474609375">
        <ele>29.200000762939453125</ele>
        <time>2020-08-05T13:05:15.000Z</time>
        <extensions>
          <ns3:TrackPointExtension/>
        </extensions>
      </trkpt>
      <trkpt lat="39.89601499401032924652099609375" lon="116.6369199939072132110595703125">
        <ele>29.200000762939453125</ele>
        <time>2020-08-05T13:05:15.000Z</time>
        <extensions>
          <ns3:TrackPointExtension/>
        </extensions>
      </trkpt>
      <trkpt lat="39.89601499401032924652099609375" lon="116.63689392618834972381591796875">
        <ele>29.200000762939453125</ele>
        <time>2020-08-05T13:05:15.000Z</time>
        <extensions>
          <ns3:TrackPointExtension/>
        </extensions>
      </trkpt>
      <trkpt lat="39.89601499401032924652099609375" lon="116.636889986693859100341796875">
        <ele>29.200000762939453125</ele>
        <time>2020-08-05T13:05:15.000Z</time>
        <extensions>
          <ns3:TrackPointExtension/>
        </extensions>
      </trkpt>
      <trkpt lat="39.89600996486842632293701171875" lon="116.636879928410053253173828125">
        <ele>29.200000762939453125</ele>
        <time>2020-08-05T13:05:15.000Z</time>
        <extensions>
          <ns3:TrackPointExtension/>
        </extensions>
      </trkpt>
      <trkpt lat="39.89601499401032924652099609375" lon="116.6368599794805049896240234375">
        <ele>29.200000762939453125</ele>
        <time>2020-08-05T13:05:15.000Z</time>
        <extensions>
          <ns3:TrackPointExtension/>
        </extensions>
      </trkpt>
      <trkpt lat="39.8960199393332004547119140625" lon="116.6368559561669826507568359375">
        <ele>29.200000762939453125</ele>
        <time>2020-08-05T13:05:15.000Z</time>
        <extensions>
          <ns3:TrackPointExtension/>
        </extensions>
      </trkpt>
      <trkpt lat="39.8960199393332004547119140625" lon="116.6368499211966991424560546875">
        <ele>29.200000762939453125</ele>
        <time>2020-08-05T13:05:22.000Z</time>
        <extensions>
          <ns3:TrackPointExtension/>
        </extensions>
      </trkpt>
      <trkpt lat="39.8960199393332004547119140625" lon="116.63682997226715087890625">
        <ele>29.200000762939453125</ele>
        <time>2020-08-05T13:05:22.000Z</time>
        <extensions>
          <ns3:TrackPointExtension/>
        </extensions>
      </trkpt>
      <trkpt lat="39.8960229568183422088623046875" lon="116.6368259489536285400390625">
        <ele>29.200000762939453125</ele>
        <time>2020-08-05T13:05:22.000Z</time>
        <extensions>
          <ns3:TrackPointExtension/>
        </extensions>
      </trkpt>
      <trkpt lat="39.8960229568183422088623046875" lon="116.63681999780237674713134765625">
        <ele>29.200000762939453125</ele>
        <time>2020-08-05T13:05:22.000Z</time>
        <extensions>
          <ns3:TrackPointExtension/>
        </extensions>
      </trkpt>
      <trkpt lat="39.8960199393332004547119140625" lon="116.6367999650537967681884765625">
        <ele>29.200000762939453125</ele>
        <time>2020-08-05T13:05:22.000Z</time>
        <extensions>
          <ns3:TrackPointExtension/>
        </extensions>
      </trkpt>
      <trkpt lat="39.8960199393332004547119140625" lon="116.6367949359118938446044921875">
        <ele>29.200000762939453125</ele>
        <time>2020-08-05T13:05:22.000Z</time>
        <extensions>
          <ns3:TrackPointExtension/>
        </extensions>
      </trkpt>
      <trkpt lat="39.89600996486842632293701171875" lon="116.63678999058902263641357421875">
        <ele>29.200000762939453125</ele>
        <time>2020-08-05T13:05:22.000Z</time>
        <extensions>
          <ns3:TrackPointExtension/>
        </extensions>
      </trkpt>
      <trkpt lat="39.89600795321166515350341796875" lon="116.636769957840442657470703125">
        <ele>29.200000762939453125</ele>
        <time>2020-08-05T13:05:29.000Z</time>
        <extensions>
          <ns3:TrackPointExtension/>
        </extensions>
      </trkpt>
      <trkpt lat="39.895999990403652191162109375" lon="116.63676492869853973388671875">
        <ele>29.200000762939453125</ele>
        <time>2020-08-05T13:05:29.000Z</time>
        <extensions>
          <ns3:TrackPointExtension/>
        </extensions>
      </trkpt>
      <trkpt lat="39.895995967090129852294921875" lon="116.63675998337566852569580078125">
        <ele>29.200000762939453125</ele>
        <time>2020-08-05T13:05:29.000Z</time>
        <extensions>
          <ns3:TrackPointExtension/>
        </extensions>
      </trkpt>
      <trkpt lat="39.895989932119846343994140625" lon="116.6367399506270885467529296875">
        <ele>29.200000762939453125</ele>
        <time>2020-08-05T13:05:29.000Z</time>
        <extensions>
          <ns3:TrackPointExtension/>
        </extensions>
      </trkpt>
      <trkpt lat="39.89597995765507221221923828125" lon="116.6367399506270885467529296875">
        <ele>29.3999996185302734375</ele>
        <time>2020-08-05T13:05:29.000Z</time>
        <extensions>
          <ns3:TrackPointExtension/>
        </extensions>
      </trkpt>
      <trkpt lat="39.89597291685640811920166015625" lon="116.63673399947583675384521484375">
        <ele>29.3999996185302734375</ele>
        <time>2020-08-05T13:05:29.000Z</time>
        <extensions>
          <ns3:TrackPointExtension/>
        </extensions>
      </trkpt>
      <trkpt lat="39.8959659598767757415771484375" lon="116.63673399947583675384521484375">
        <ele>29.3999996185302734375</ele>
        <time>2020-08-05T13:05:29.000Z</time>
        <extensions>
          <ns3:TrackPointExtension/>
        </extensions>
      </trkpt>
      <trkpt lat="39.89595397375524044036865234375" lon="116.63672997616231441497802734375">
        <ele>29.3999996185302734375</ele>
        <time>2020-08-05T13:05:36.000Z</time>
        <extensions>
          <ns3:TrackPointExtension/>
        </extensions>
      </trkpt>
      <trkpt lat="39.89594693295657634735107421875" lon="116.63672997616231441497802734375">
        <ele>29.3999996185302734375</ele>
        <time>2020-08-05T13:05:36.000Z</time>
        <extensions>
          <ns3:TrackPointExtension/>
        </extensions>
      </trkpt>
      <trkpt lat="39.895934946835041046142578125" lon="116.63670994341373443603515625">
        <ele>29.3999996185302734375</ele>
        <time>2020-08-05T13:05:36.000Z</time>
        <extensions>
          <ns3:TrackPointExtension/>
        </extensions>
      </trkpt>
      <trkpt lat="39.89592396654188632965087890625" lon="116.63670994341373443603515625">
        <ele>29.3999996185302734375</ele>
        <time>2020-08-05T13:05:36.000Z</time>
        <extensions>
          <ns3:TrackPointExtension/>
        </extensions>
      </trkpt>
      <trkpt lat="39.8959119804203510284423828125" lon="116.63669996894896030426025390625">
        <ele>29.3999996185302734375</ele>
        <time>2020-08-05T13:05:36.000Z</time>
        <extensions>
          <ns3:TrackPointExtension/>
        </extensions>
      </trkpt>
      <trkpt lat="39.89589697681367397308349609375" lon="116.63669594563543796539306640625">
        <ele>29.3999996185302734375</ele>
        <time>2020-08-05T13:05:36.000Z</time>
        <extensions>
          <ns3:TrackPointExtension/>
        </extensions>
      </trkpt>
      <trkpt lat="39.89588993601500988006591796875" lon="116.6366799362003803253173828125">
        <ele>29.3999996185302734375</ele>
        <time>2020-08-05T13:05:36.000Z</time>
        <extensions>
          <ns3:TrackPointExtension/>
        </extensions>
      </trkpt>
      <trkpt lat="39.895877949893474578857421875" lon="116.6366799362003803253173828125">
        <ele>29.3999996185302734375</ele>
        <time>2020-08-05T13:05:43.000Z</time>
        <extensions>
          <ns3:TrackPointExtension/>
        </extensions>
      </trkpt>
      <trkpt lat="39.89586998708546161651611328125" lon="116.63666996173560619354248046875">
        <ele>29.3999996185302734375</ele>
        <time>2020-08-05T13:05:43.000Z</time>
        <extensions>
          <ns3:TrackPointExtension/>
        </extensions>
      </trkpt>
      <trkpt lat="39.89586294628679752349853515625" lon="116.636649928987026214599609375">
        <ele>29.3999996185302734375</ele>
        <time>2020-08-05T13:05:43.000Z</time>
        <extensions>
          <ns3:TrackPointExtension/>
        </extensions>
      </trkpt>
      <trkpt lat="39.8958549834787845611572265625" lon="116.63663995452225208282470703125">
        <ele>29.3999996185302734375</ele>
        <time>2020-08-05T13:05:43.000Z</time>
        <extensions>
          <ns3:TrackPointExtension/>
        </extensions>
      </trkpt>
      <trkpt lat="39.8958469368517398834228515625" lon="116.6366199217736721038818359375">
        <ele>29.3999996185302734375</ele>
        <time>2020-08-05T13:05:43.000Z</time>
        <extensions>
          <ns3:TrackPointExtension/>
        </extensions>
      </trkpt>
      <trkpt lat="39.89583997987210750579833984375" lon="116.63659997284412384033203125">
        <ele>29.3999996185302734375</ele>
        <time>2020-08-05T13:05:43.000Z</time>
        <extensions>
          <ns3:TrackPointExtension/>
        </extensions>
      </trkpt>
      <trkpt lat="39.89583997987210750579833984375" lon="116.63658999837934970855712890625">
        <ele>29.3999996185302734375</ele>
        <time>2020-08-05T13:05:43.000Z</time>
        <extensions>
          <ns3:TrackPointExtension/>
        </extensions>
      </trkpt>
      <trkpt lat="39.89583595655858516693115234375" lon="116.6365659423172473907470703125">
        <ele>29.3999996185302734375</ele>
        <time>2020-08-05T13:05:50.000Z</time>
        <extensions>
          <ns3:TrackPointExtension/>
        </extensions>
      </trkpt>
      <trkpt lat="39.89583997987210750579833984375" lon="116.63655999116599559783935546875">
        <ele>29.3999996185302734375</ele>
        <time>2020-08-05T13:05:50.000Z</time>
        <extensions>
          <ns3:TrackPointExtension/>
        </extensions>
      </trkpt>
      <trkpt lat="39.89583997987210750579833984375" lon="116.636535935103893280029296875">
        <ele>29.3999996185302734375</ele>
        <time>2020-08-05T13:05:50.000Z</time>
        <extensions>
          <ns3:TrackPointExtension/>
        </extensions>
      </trkpt>
      <trkpt lat="39.89583997987210750579833984375" lon="116.63651992566883563995361328125">
        <ele>29.3999996185302734375</ele>
        <time>2020-08-05T13:05:50.000Z</time>
        <extensions>
          <ns3:TrackPointExtension/>
        </extensions>
      </trkpt>
      <trkpt lat="39.8958439193665981292724609375" lon="116.63649997673928737640380859375">
        <ele>29.6000003814697265625</ele>
        <time>2020-08-05T13:05:50.000Z</time>
        <extensions>
          <ns3:TrackPointExtension/>
        </extensions>
      </trkpt>
      <trkpt lat="39.8958549834787845611572265625" lon="116.63647499866783618927001953125">
        <ele>29.6000003814697265625</ele>
        <time>2020-08-05T13:05:50.000Z</time>
        <extensions>
          <ns3:TrackPointExtension/>
        </extensions>
      </trkpt>
      <trkpt lat="39.89586294628679752349853515625" lon="116.63646996952593326568603515625">
        <ele>29.6000003814697265625</ele>
        <time>2020-08-05T13:05:50.000Z</time>
        <extensions>
          <ns3:TrackPointExtension/>
        </extensions>
      </trkpt>
      <trkpt lat="39.895873926579952239990234375" lon="116.6364599950611591339111328125">
        <ele>29.6000003814697265625</ele>
        <time>2020-08-05T13:05:57.000Z</time>
        <extensions>
          <ns3:TrackPointExtension/>
        </extensions>
      </trkpt>
      <trkpt lat="39.895879961550235748291015625" lon="116.63644398562610149383544921875">
        <ele>29.6000003814697265625</ele>
        <time>2020-08-05T13:05:57.000Z</time>
        <extensions>
          <ns3:TrackPointExtension/>
        </extensions>
      </trkpt>
      <trkpt lat="39.89589295350015163421630859375" lon="116.63643996231257915496826171875">
        <ele>29.6000003814697265625</ele>
        <time>2020-08-05T13:05:57.000Z</time>
        <extensions>
          <ns3:TrackPointExtension/>
        </extensions>
      </trkpt>
      <trkpt lat="39.8959049396216869354248046875" lon="116.636429987847805023193359375">
        <ele>29.6000003814697265625</ele>
        <time>2020-08-05T13:05:57.000Z</time>
        <extensions>
          <ns3:TrackPointExtension/>
        </extensions>
      </trkpt>
      <trkpt lat="39.89591994322836399078369140625" lon="116.63640995509922504425048828125">
        <ele>29.6000003814697265625</ele>
        <time>2020-08-05T13:05:57.000Z</time>
        <extensions>
          <ns3:TrackPointExtension/>
        </extensions>
      </trkpt>
      <trkpt lat="39.895934946835041046142578125" lon="116.63640593178570270538330078125">
        <ele>29.6000003814697265625</ele>
        <time>2020-08-05T13:05:57.000Z</time>
        <extensions>
          <ns3:TrackPointExtension/>
        </extensions>
      </trkpt>
      <trkpt lat="39.89594995044171810150146484375" lon="116.63640593178570270538330078125">
        <ele>29.6000003814697265625</ele>
        <time>2020-08-05T13:05:57.000Z</time>
        <extensions>
          <ns3:TrackPointExtension/>
        </extensions>
      </trkpt>
      <trkpt lat="39.8959659598767757415771484375" lon="116.6363999806344509124755859375">
        <ele>29.6000003814697265625</ele>
        <time>2020-08-05T13:06:04.000Z</time>
        <extensions>
          <ns3:TrackPointExtension/>
        </extensions>
      </trkpt>
      <trkpt lat="39.89598498679697513580322265625" lon="116.63637994788587093353271484375">
        <ele>29.6000003814697265625</ele>
        <time>2020-08-05T13:06:04.000Z</time>
        <extensions>
          <ns3:TrackPointExtension/>
        </extensions>
      </trkpt>
      <trkpt lat="39.895999990403652191162109375" lon="116.63637491874396800994873046875">
        <ele>29.6000003814697265625</ele>
        <time>2020-08-05T13:06:04.000Z</time>
        <extensions>
          <ns3:TrackPointExtension/>
        </extensions>
      </trkpt>
      <trkpt lat="39.89601499401032924652099609375" lon="116.6363699734210968017578125">
        <ele>29.6000003814697265625</ele>
        <time>2020-08-05T13:06:04.000Z</time>
        <extensions>
          <ns3:TrackPointExtension/>
        </extensions>
      </trkpt>
      <trkpt lat="39.8960299976170063018798828125" lon="116.63634994067251682281494140625">
        <ele>29.6000003814697265625</ele>
        <time>2020-08-05T13:06:04.000Z</time>
        <extensions>
          <ns3:TrackPointExtension/>
        </extensions>
      </trkpt>
      <trkpt lat="39.8960459232330322265625" lon="116.6363449953496456146240234375">
        <ele>29.6000003814697265625</ele>
        <time>2020-08-05T13:06:04.000Z</time>
        <extensions>
          <ns3:TrackPointExtension/>
        </extensions>
      </trkpt>
      <trkpt lat="39.89605992101132869720458984375" lon="116.6363399662077426910400390625">
        <ele>29.6000003814697265625</ele>
        <time>2020-08-05T13:06:04.000Z</time>
        <extensions>
          <ns3:TrackPointExtension/>
        </extensions>
      </trkpt>
      <trkpt lat="39.8960759304463863372802734375" lon="116.636313982307910919189453125">
        <ele>29.6000003814697265625</ele>
        <time>2020-08-05T13:06:11.000Z</time>
        <extensions>
          <ns3:TrackPointExtension/>
        </extensions>
      </trkpt>
      <trkpt lat="39.89608791656792163848876953125" lon="116.63628992624580860137939453125">
        <ele>29.6000003814697265625</ele>
        <time>2020-08-05T13:06:11.000Z</time>
        <extensions>
          <ns3:TrackPointExtension/>
        </extensions>
      </trkpt>
      <trkpt lat="39.89609998650848865509033203125" lon="116.6362839750945568084716796875">
        <ele>29.3999996185302734375</ele>
        <time>2020-08-05T13:06:11.000Z</time>
        <extensions>
          <ns3:TrackPointExtension/>
        </extensions>
      </trkpt>
      <trkpt lat="39.896113984286785125732421875" lon="116.63625991903245449066162109375">
        <ele>29.3999996185302734375</ele>
        <time>2020-08-05T13:06:11.000Z</time>
        <extensions>
          <ns3:TrackPointExtension/>
        </extensions>
      </trkpt>
      <trkpt lat="39.89612999372184276580810546875" lon="116.63624994456768035888671875">
        <ele>29.3999996185302734375</ele>
        <time>2020-08-05T13:06:11.000Z</time>
        <extensions>
          <ns3:TrackPointExtension/>
        </extensions>
      </trkpt>
      <trkpt lat="39.8961369507014751434326171875" lon="116.63624592125415802001953125">
        <ele>29.3999996185302734375</ele>
        <time>2020-08-05T13:06:11.000Z</time>
        <extensions>
          <ns3:TrackPointExtension/>
        </extensions>
      </trkpt>
      <trkpt lat="39.89615195430815219879150390625" lon="116.6362299956381320953369140625">
        <ele>29.200000762939453125</ele>
        <time>2020-08-05T13:06:11.000Z</time>
        <extensions>
          <ns3:TrackPointExtension/>
        </extensions>
      </trkpt>
      <trkpt lat="39.8961639404296875" lon="116.63620996288955211639404296875">
        <ele>29.200000762939453125</ele>
        <time>2020-08-05T13:06:18.000Z</time>
        <extensions>
          <ns3:TrackPointExtension/>
        </extensions>
      </trkpt>
      <trkpt lat="39.89616997539997100830078125" lon="116.636199988424777984619140625">
        <ele>29.200000762939453125</ele>
        <time>2020-08-05T13:06:18.000Z</time>
        <extensions>
          <ns3:TrackPointExtension/>
        </extensions>
      </trkpt>
      <trkpt lat="39.89618296734988689422607421875" lon="116.636189930140972137451171875">
        <ele>29.200000762939453125</ele>
        <time>2020-08-05T13:06:18.000Z</time>
        <extensions>
          <ns3:TrackPointExtension/>
        </extensions>
      </trkpt>
      <trkpt lat="39.8961899243295192718505859375" lon="116.6361699812114238739013671875">
        <ele>29.200000762939453125</ele>
        <time>2020-08-05T13:06:18.000Z</time>
        <extensions>
          <ns3:TrackPointExtension/>
        </extensions>
      </trkpt>
      <trkpt lat="39.8962019942700862884521484375" lon="116.6361599229276180267333984375">
        <ele>29.200000762939453125</ele>
        <time>2020-08-05T13:06:18.000Z</time>
        <extensions>
          <ns3:TrackPointExtension/>
        </extensions>
      </trkpt>
      <trkpt lat="39.896219931542873382568359375" lon="116.63614994846284389495849609375">
        <ele>29</ele>
        <time>2020-08-05T13:06:18.000Z</time>
        <extensions>
          <ns3:TrackPointExtension/>
        </extensions>
      </trkpt>
      <trkpt lat="39.89623996429145336151123046875" lon="116.63614994846284389495849609375">
        <ele>29</ele>
        <time>2020-08-05T13:06:18.000Z</time>
        <extensions>
          <ns3:TrackPointExtension/>
        </extensions>
      </trkpt>
      <trkpt lat="39.89626293070614337921142578125" lon="116.63613997399806976318359375">
        <ele>29</ele>
        <time>2020-08-05T13:06:25.000Z</time>
        <extensions>
          <ns3:TrackPointExtension/>
        </extensions>
      </trkpt>
      <trkpt lat="39.8962859809398651123046875" lon="116.63613997399806976318359375">
        <ele>29</ele>
        <time>2020-08-05T13:06:25.000Z</time>
        <extensions>
          <ns3:TrackPointExtension/>
        </extensions>
      </trkpt>
      <trkpt lat="39.8963099531829357147216796875" lon="116.63613997399806976318359375">
        <ele>29</ele>
        <time>2020-08-05T13:06:25.000Z</time>
        <extensions>
          <ns3:TrackPointExtension/>
        </extensions>
      </trkpt>
      <trkpt lat="39.89632797427475452423095703125" lon="116.63612999953329563140869140625">
        <ele>29</ele>
        <time>2020-08-05T13:06:25.000Z</time>
        <extensions>
          <ns3:TrackPointExtension/>
        </extensions>
      </trkpt>
      <trkpt lat="39.89634691737592220306396484375" lon="116.63612999953329563140869140625">
        <ele>29</ele>
        <time>2020-08-05T13:06:25.000Z</time>
        <extensions>
          <ns3:TrackPointExtension/>
        </extensions>
      </trkpt>
      <trkpt lat="39.8963619209825992584228515625" lon="116.63611591793596744537353515625">
        <ele>29</ele>
        <time>2020-08-05T13:06:25.000Z</time>
        <extensions>
          <ns3:TrackPointExtension/>
        </extensions>
      </trkpt>
      <trkpt lat="39.89637793041765689849853515625" lon="116.6361099667847156524658203125">
        <ele>29</ele>
        <time>2020-08-05T13:06:25.000Z</time>
        <extensions>
          <ns3:TrackPointExtension/>
        </extensions>
      </trkpt>
      <trkpt lat="39.896392934024333953857421875" lon="116.6361099667847156524658203125">
        <ele>29</ele>
        <time>2020-08-05T13:06:32.000Z</time>
        <extensions>
          <ns3:TrackPointExtension/>
        </extensions>
      </trkpt>
      <trkpt lat="39.8964039981365203857421875" lon="116.63609999231994152069091796875">
        <ele>29</ele>
        <time>2020-08-05T13:06:32.000Z</time>
        <extensions>
          <ns3:TrackPointExtension/>
        </extensions>
      </trkpt>
      <trkpt lat="39.8964199237525463104248046875" lon="116.63609999231994152069091796875">
        <ele>29</ele>
        <time>2020-08-05T13:06:32.000Z</time>
        <extensions>
          <ns3:TrackPointExtension/>
        </extensions>
      </trkpt>
      <trkpt lat="39.89643492735922336578369140625" lon="116.63609999231994152069091796875">
        <ele>29</ele>
        <time>2020-08-05T13:06:32.000Z</time>
        <extensions>
          <ns3:TrackPointExtension/>
        </extensions>
      </trkpt>
      <trkpt lat="39.89644599147140979766845703125" lon="116.636085994541645050048828125">
        <ele>29</ele>
        <time>2020-08-05T13:06:32.000Z</time>
        <extensions>
          <ns3:TrackPointExtension/>
        </extensions>
      </trkpt>
      <trkpt lat="39.896457977592945098876953125" lon="116.636079959571361541748046875">
        <ele>29</ele>
        <time>2020-08-05T13:06:32.000Z</time>
        <extensions>
          <ns3:TrackPointExtension/>
        </extensions>
      </trkpt>
      <trkpt lat="39.89647298119962215423583984375" lon="116.63606998510658740997314453125">
        <ele>29</ele>
        <time>2020-08-05T13:06:32.000Z</time>
        <extensions>
          <ns3:TrackPointExtension/>
        </extensions>
      </trkpt>
      <trkpt lat="39.8964839614927768707275390625" lon="116.63606998510658740997314453125">
        <ele>29</ele>
        <time>2020-08-05T13:06:39.000Z</time>
        <extensions>
          <ns3:TrackPointExtension/>
        </extensions>
      </trkpt>
      <trkpt lat="39.89649594761431217193603515625" lon="116.6360549814999103546142578125">
        <ele>29</ele>
        <time>2020-08-05T13:06:39.000Z</time>
        <extensions>
          <ns3:TrackPointExtension/>
        </extensions>
      </trkpt>
      <trkpt lat="39.896506927907466888427734375" lon="116.63603997789323329925537109375">
        <ele>29</ele>
        <time>2020-08-05T13:06:39.000Z</time>
        <extensions>
          <ns3:TrackPointExtension/>
        </extensions>
      </trkpt>
      <trkpt lat="39.89651991985738277435302734375" lon="116.6360239684581756591796875">
        <ele>29</ele>
        <time>2020-08-05T13:06:39.000Z</time>
        <extensions>
          <ns3:TrackPointExtension/>
        </extensions>
      </trkpt>
      <trkpt lat="39.8965339176356792449951171875" lon="116.6360199451446533203125">
        <ele>29</ele>
        <time>2020-08-05T13:06:39.000Z</time>
        <extensions>
          <ns3:TrackPointExtension/>
        </extensions>
      </trkpt>
      <trkpt lat="39.89654992707073688507080078125" lon="116.63600997067987918853759765625">
        <ele>29</ele>
        <time>2020-08-05T13:06:39.000Z</time>
        <extensions>
          <ns3:TrackPointExtension/>
        </extensions>
      </trkpt>
      <trkpt lat="39.896563924849033355712890625" lon="116.6359899379312992095947265625">
        <ele>29</ele>
        <time>2020-08-05T13:06:39.000Z</time>
        <extensions>
          <ns3:TrackPointExtension/>
        </extensions>
      </trkpt>
      <trkpt lat="39.89657993428409099578857421875" lon="116.63597996346652507781982421875">
        <ele>29</ele>
        <time>2020-08-05T13:06:46.000Z</time>
        <extensions>
          <ns3:TrackPointExtension/>
        </extensions>
      </trkpt>
      <trkpt lat="39.89658697508275508880615234375" lon="116.635959930717945098876953125">
        <ele>28.799999237060546875</ele>
        <time>2020-08-05T13:06:46.000Z</time>
        <extensions>
          <ns3:TrackPointExtension/>
        </extensions>
      </trkpt>
      <trkpt lat="39.8965999670326709747314453125" lon="116.63594995625317096710205078125">
        <ele>28.799999237060546875</ele>
        <time>2020-08-05T13:06:46.000Z</time>
        <extensions>
          <ns3:TrackPointExtension/>
        </extensions>
      </trkpt>
      <trkpt lat="39.89660994149744510650634765625" lon="116.6359299235045909881591796875">
        <ele>28.799999237060546875</ele>
        <time>2020-08-05T13:06:46.000Z</time>
        <extensions>
          <ns3:TrackPointExtension/>
        </extensions>
      </trkpt>
      <trkpt lat="39.89661999978125095367431640625" lon="116.63592497818171977996826171875">
        <ele>28.799999237060546875</ele>
        <time>2020-08-05T13:06:46.000Z</time>
        <extensions>
          <ns3:TrackPointExtension/>
        </extensions>
      </trkpt>
      <trkpt lat="39.89663994871079921722412109375" lon="116.63591994903981685638427734375">
        <ele>28.799999237060546875</ele>
        <time>2020-08-05T13:06:46.000Z</time>
        <extensions>
          <ns3:TrackPointExtension/>
        </extensions>
      </trkpt>
      <trkpt lat="39.8966559581458568572998046875" lon="116.63589991629123687744140625">
        <ele>28.799999237060546875</ele>
        <time>2020-08-05T13:06:46.000Z</time>
        <extensions>
          <ns3:TrackPointExtension/>
        </extensions>
      </trkpt>
      <trkpt lat="39.89667498506605625152587890625" lon="116.63589497096836566925048828125">
        <ele>28.799999237060546875</ele>
        <time>2020-08-05T13:06:53.000Z</time>
        <extensions>
          <ns3:TrackPointExtension/>
        </extensions>
      </trkpt>
      <trkpt lat="39.896689988672733306884765625" lon="116.63588994182646274566650390625">
        <ele>28.6000003814697265625</ele>
        <time>2020-08-05T13:06:53.000Z</time>
        <extensions>
          <ns3:TrackPointExtension/>
        </extensions>
      </trkpt>
      <trkpt lat="39.89669996313750743865966796875" lon="116.63586999289691448211669921875">
        <ele>28.6000003814697265625</ele>
        <time>2020-08-05T13:06:53.000Z</time>
        <extensions>
          <ns3:TrackPointExtension/>
        </extensions>
      </trkpt>
      <trkpt lat="39.8967129550874233245849609375" lon="116.63586395792663097381591796875">
        <ele>28.6000003814697265625</ele>
        <time>2020-08-05T13:06:53.000Z</time>
        <extensions>
          <ns3:TrackPointExtension/>
        </extensions>
      </trkpt>
      <trkpt lat="39.89672494120895862579345703125" lon="116.635849960148334503173828125">
        <ele>28.6000003814697265625</ele>
        <time>2020-08-05T13:06:53.000Z</time>
        <extensions>
          <ns3:TrackPointExtension/>
        </extensions>
      </trkpt>
      <trkpt lat="39.89673198200762271881103515625" lon="116.63583998568356037139892578125">
        <ele>28.6000003814697265625</ele>
        <time>2020-08-05T13:06:53.000Z</time>
        <extensions>
          <ns3:TrackPointExtension/>
        </extensions>
      </trkpt>
      <trkpt lat="39.89674396812915802001953125" lon="116.63582992739975452423095703125">
        <ele>28.6000003814697265625</ele>
        <time>2020-08-05T13:06:53.000Z</time>
        <extensions>
          <ns3:TrackPointExtension/>
        </extensions>
      </trkpt>
      <trkpt lat="39.89674991928040981292724609375" lon="116.6358199529349803924560546875">
        <ele>28.6000003814697265625</ele>
        <time>2020-08-05T13:07:00.000Z</time>
        <extensions>
          <ns3:TrackPointExtension/>
        </extensions>
      </trkpt>
      <trkpt lat="39.89676299504935741424560546875" lon="116.63580997847020626068115234375">
        <ele>28.6000003814697265625</ele>
        <time>2020-08-05T13:07:00.000Z</time>
        <extensions>
          <ns3:TrackPointExtension/>
        </extensions>
      </trkpt>
      <trkpt lat="39.8967739753425121307373046875" lon="116.63579992018640041351318359375">
        <ele>28.3999996185302734375</ele>
        <time>2020-08-05T13:07:00.000Z</time>
        <extensions>
          <ns3:TrackPointExtension/>
        </extensions>
      </trkpt>
      <trkpt lat="39.89678998477756977081298828125" lon="116.63578994572162628173828125">
        <ele>28.3999996185302734375</ele>
        <time>2020-08-05T13:07:00.000Z</time>
        <extensions>
          <ns3:TrackPointExtension/>
        </extensions>
      </trkpt>
      <trkpt lat="39.896799959242343902587890625" lon="116.63577997125685214996337890625">
        <ele>28.3999996185302734375</ele>
        <time>2020-08-05T13:07:00.000Z</time>
        <extensions>
          <ns3:TrackPointExtension/>
        </extensions>
      </trkpt>
      <trkpt lat="39.89681596867740154266357421875" lon="116.6357699967920780181884765625">
        <ele>28.3999996185302734375</ele>
        <time>2020-08-05T13:07:00.000Z</time>
        <extensions>
          <ns3:TrackPointExtension/>
        </extensions>
      </trkpt>
      <trkpt lat="39.8968299664556980133056640625" lon="116.6357599385082721710205078125">
        <ele>28.3999996185302734375</ele>
        <time>2020-08-05T13:07:00.000Z</time>
        <extensions>
          <ns3:TrackPointExtension/>
        </extensions>
      </trkpt>
      <trkpt lat="39.89684999920427799224853515625" lon="116.63574996404349803924560546875">
        <ele>28.3999996185302734375</ele>
        <time>2020-08-05T13:07:08.000Z</time>
        <extensions>
          <ns3:TrackPointExtension/>
        </extensions>
      </trkpt>
      <trkpt lat="39.89686994813382625579833984375" lon="116.63574996404349803924560546875">
        <ele>28.3999996185302734375</ele>
        <time>2020-08-05T13:07:08.000Z</time>
        <extensions>
          <ns3:TrackPointExtension/>
        </extensions>
      </trkpt>
      <trkpt lat="39.8968899808824062347412109375" lon="116.635739989578723907470703125">
        <ele>28.200000762939453125</ele>
        <time>2020-08-05T13:07:08.000Z</time>
        <extensions>
          <ns3:TrackPointExtension/>
        </extensions>
      </trkpt>
      <trkpt lat="39.896907918155193328857421875" lon="116.635739989578723907470703125">
        <ele>28.200000762939453125</ele>
        <time>2020-08-05T13:07:08.000Z</time>
        <extensions>
          <ns3:TrackPointExtension/>
        </extensions>
      </trkpt>
      <trkpt lat="39.89692292176187038421630859375" lon="116.635729931294918060302734375">
        <ele>28.200000762939453125</ele>
        <time>2020-08-05T13:07:08.000Z</time>
        <extensions>
          <ns3:TrackPointExtension/>
        </extensions>
      </trkpt>
      <trkpt lat="39.8969419486820697784423828125" lon="116.635729931294918060302734375">
        <ele>28.200000762939453125</ele>
        <time>2020-08-05T13:07:08.000Z</time>
        <extensions>
          <ns3:TrackPointExtension/>
        </extensions>
      </trkpt>
      <trkpt lat="39.89701495505869388580322265625" lon="116.6357099823653697967529296875">
        <ele>28</ele>
        <time>2020-08-05T13:07:08.000Z</time>
        <extensions>
          <ns3:TrackPointExtension/>
        </extensions>
      </trkpt>
      <trkpt lat="39.89701998420059680938720703125" lon="116.6357099823653697967529296875">
        <ele>28</ele>
        <time>2020-08-05T13:07:15.000Z</time>
        <extensions>
          <ns3:TrackPointExtension/>
        </extensions>
      </trkpt>
      <trkpt lat="39.89702199585735797882080078125" lon="116.6357099823653697967529296875">
        <ele>28</ele>
        <time>2020-08-05T13:07:15.000Z</time>
        <extensions>
          <ns3:TrackPointExtension/>
        </extensions>
      </trkpt>
      <trkpt lat="39.897029958665370941162109375" lon="116.6356999240815639495849609375">
        <ele>28</ele>
        <time>2020-08-05T13:07:15.000Z</time>
        <extensions>
          <ns3:TrackPointExtension/>
        </extensions>
      </trkpt>
      <trkpt lat="39.897033981978893280029296875" lon="116.6356999240815639495849609375">
        <ele>28</ele>
        <time>2020-08-05T13:07:15.000Z</time>
        <extensions>
          <ns3:TrackPointExtension/>
        </extensions>
      </trkpt>
      <trkpt lat="39.89703993313014507293701171875" lon="116.6356999240815639495849609375">
        <ele>28</ele>
        <time>2020-08-05T13:07:15.000Z</time>
        <extensions>
          <ns3:TrackPointExtension/>
        </extensions>
      </trkpt>
      <trkpt lat="39.8970529250800609588623046875" lon="116.63568994961678981781005859375">
        <ele>28</ele>
        <time>2020-08-05T13:07:15.000Z</time>
        <extensions>
          <ns3:TrackPointExtension/>
        </extensions>
      </trkpt>
      <trkpt lat="39.8970639891922473907470703125" lon="116.63568994961678981781005859375">
        <ele>28</ele>
        <time>2020-08-05T13:07:15.000Z</time>
        <extensions>
          <ns3:TrackPointExtension/>
        </extensions>
      </trkpt>
      <trkpt lat="39.89706994034349918365478515625" lon="116.63567997515201568603515625">
        <ele>28</ele>
        <time>2020-08-05T13:07:22.000Z</time>
        <extensions>
          <ns3:TrackPointExtension/>
        </extensions>
      </trkpt>
      <trkpt lat="39.89707999862730503082275390625" lon="116.63567997515201568603515625">
        <ele>28</ele>
        <time>2020-08-05T13:07:22.000Z</time>
        <extensions>
          <ns3:TrackPointExtension/>
        </extensions>
      </trkpt>
      <trkpt lat="39.897086955606937408447265625" lon="116.63566597737371921539306640625">
        <ele>28</ele>
        <time>2020-08-05T13:07:22.000Z</time>
        <extensions>
          <ns3:TrackPointExtension/>
        </extensions>
      </trkpt>
      <trkpt lat="39.89709491841495037078857421875" lon="116.63565994240343570709228515625">
        <ele>28.200000762939453125</ele>
        <time>2020-08-05T13:07:22.000Z</time>
        <extensions>
          <ns3:TrackPointExtension/>
        </extensions>
      </trkpt>
      <trkpt lat="39.89710598252713680267333984375" lon="116.63565994240343570709228515625">
        <ele>28.200000762939453125</ele>
        <time>2020-08-05T13:07:22.000Z</time>
        <extensions>
          <ns3:TrackPointExtension/>
        </extensions>
      </trkpt>
      <trkpt lat="39.8971179686486721038818359375" lon="116.6356499679386615753173828125">
        <ele>28.200000762939453125</ele>
        <time>2020-08-05T13:07:22.000Z</time>
        <extensions>
          <ns3:TrackPointExtension/>
        </extensions>
      </trkpt>
      <trkpt lat="39.89712995477020740509033203125" lon="116.63563496433198451995849609375">
        <ele>28.200000762939453125</ele>
        <time>2020-08-05T13:07:22.000Z</time>
        <extensions>
          <ns3:TrackPointExtension/>
        </extensions>
      </trkpt>
      <trkpt lat="39.897139929234981536865234375" lon="116.63563496433198451995849609375">
        <ele>28.200000762939453125</ele>
        <time>2020-08-05T13:07:29.000Z</time>
        <extensions>
          <ns3:TrackPointExtension/>
        </extensions>
      </trkpt>
      <trkpt lat="39.89715593867003917694091796875" lon="116.63562993519008159637451171875">
        <ele>28.200000762939453125</ele>
        <time>2020-08-05T13:07:29.000Z</time>
        <extensions>
          <ns3:TrackPointExtension/>
        </extensions>
      </trkpt>
      <trkpt lat="39.89716297946870326995849609375" lon="116.635619960725307464599609375">
        <ele>28.3999996185302734375</ele>
        <time>2020-08-05T13:07:29.000Z</time>
        <extensions>
          <ns3:TrackPointExtension/>
        </extensions>
      </trkpt>
      <trkpt lat="39.8971799947321414947509765625" lon="116.63559992797672748565673828125">
        <ele>28.3999996185302734375</ele>
        <time>2020-08-05T13:07:29.000Z</time>
        <extensions>
          <ns3:TrackPointExtension/>
        </extensions>
      </trkpt>
      <trkpt lat="39.89718594588339328765869140625" lon="116.6355899535119533538818359375">
        <ele>28.3999996185302734375</ele>
        <time>2020-08-05T13:07:29.000Z</time>
        <extensions>
          <ns3:TrackPointExtension/>
        </extensions>
      </trkpt>
      <trkpt lat="39.8971979320049285888671875" lon="116.63557394407689571380615234375">
        <ele>28.3999996185302734375</ele>
        <time>2020-08-05T13:07:29.000Z</time>
        <extensions>
          <ns3:TrackPointExtension/>
        </extensions>
      </trkpt>
      <trkpt lat="39.897204972803592681884765625" lon="116.63556992076337337493896484375">
        <ele>28.3999996185302734375</ele>
        <time>2020-08-05T13:07:29.000Z</time>
        <extensions>
          <ns3:TrackPointExtension/>
        </extensions>
      </trkpt>
      <trkpt lat="39.89720991812646389007568359375" lon="116.6355599462985992431640625">
        <ele>28.6000003814697265625</ele>
        <time>2020-08-05T13:07:37.000Z</time>
        <extensions>
          <ns3:TrackPointExtension/>
        </extensions>
      </trkpt>
      <trkpt lat="39.89721293561160564422607421875" lon="116.63554393686354160308837890625">
        <ele>28.6000003814697265625</ele>
        <time>2020-08-05T13:07:37.000Z</time>
        <extensions>
          <ns3:TrackPointExtension/>
        </extensions>
      </trkpt>
      <trkpt lat="39.89721695892512798309326171875" lon="116.6355399973690509796142578125">
        <ele>28.6000003814697265625</ele>
        <time>2020-08-05T13:07:37.000Z</time>
        <extensions>
          <ns3:TrackPointExtension/>
        </extensions>
      </trkpt>
      <trkpt lat="39.89722399972379207611083984375" lon="116.6355299390852451324462890625">
        <ele>28.6000003814697265625</ele>
        <time>2020-08-05T13:07:37.000Z</time>
        <extensions>
          <ns3:TrackPointExtension/>
        </extensions>
      </trkpt>
      <trkpt lat="39.8972299508750438690185546875" lon="116.6355299390852451324462890625">
        <ele>28.6000003814697265625</ele>
        <time>2020-08-05T13:07:37.000Z</time>
        <extensions>
          <ns3:TrackPointExtension/>
        </extensions>
      </trkpt>
      <trkpt lat="39.8972359858453273773193359375" lon="116.6355299390852451324462890625">
        <ele>28.6000003814697265625</ele>
        <time>2020-08-05T13:07:37.000Z</time>
        <extensions>
          <ns3:TrackPointExtension/>
        </extensions>
      </trkpt>
      <trkpt lat="39.89724998362362384796142578125" lon="116.6355299390852451324462890625">
        <ele>28.6000003814697265625</ele>
        <time>2020-08-05T13:07:37.000Z</time>
        <extensions>
          <ns3:TrackPointExtension/>
        </extensions>
      </trkpt>
    </trkseg>
  </trk>
</gpx>
