<?xml version="1.0" encoding="UTF-8"?>
<gpx creator="Garmin Connect" version="1.1"
  xsi:schemaLocation="http://www.topografix.com/GPX/1/1 http://www.topografix.com/GPX/11.xsd"
  xmlns:ns3="http://www.garmin.com/xmlschemas/TrackPointExtension/v1"
  xmlns="http://www.topografix.com/GPX/1/1"
  xmlns:xsi="http://www.w3.org/2001/XMLSchema-instance" xmlns:ns2="http://www.garmin.com/xmlschemas/GpxExtensions/v3">
  <metadata>
    <link href="connect.garmin.com">
      <text>Garmin Connect</text>
    </link>
    <time>2021-03-22T12:24:08.000Z</time>
  </metadata>
  <trk>
    <name>通州区 跑步</name>
    <type>street_running</type>
    <trkseg>
      <trkpt lat="39.8981509543955326080322265625" lon="116.63496994413435459136962890625">
        <ele>30</ele>
        <time>2021-03-22T12:24:08.000Z</time>
        <extensions>
          <ns3:TrackPointExtension/>
        </extensions>
      </trkpt>
      <trkpt lat="39.89813595078885555267333984375" lon="116.63499492220580577850341796875">
        <ele>30.200000762939453125</ele>
        <time>2021-03-22T12:24:13.000Z</time>
        <extensions>
          <ns3:TrackPointExtension/>
        </extensions>
      </trkpt>
      <trkpt lat="39.89807995967566967010498046875" lon="116.6350169666111469268798828125">
        <ele>30.3999996185302734375</ele>
        <time>2021-03-22T12:24:18.000Z</time>
        <extensions>
          <ns3:TrackPointExtension/>
        </extensions>
      </trkpt>
      <trkpt lat="39.89805196411907672882080078125" lon="116.63503892719745635986328125">
        <ele>30.3999996185302734375</ele>
        <time>2021-03-22T12:24:23.000Z</time>
        <extensions>
          <ns3:TrackPointExtension/>
        </extensions>
      </trkpt>
      <trkpt lat="39.89800393581390380859375" lon="116.63506097160279750823974609375">
        <ele>30.6000003814697265625</ele>
        <time>2021-03-22T12:24:28.000Z</time>
        <extensions>
          <ns3:TrackPointExtension/>
        </extensions>
      </trkpt>
      <trkpt lat="39.89793696440756320953369140625" lon="116.63511495105922222137451171875">
        <ele>30.6000003814697265625</ele>
        <time>2021-03-22T12:24:33.000Z</time>
        <extensions>
          <ns3:TrackPointExtension/>
        </extensions>
      </trkpt>
      <trkpt lat="39.8978659696877002716064453125" lon="116.6351879574358463287353515625">
        <ele>30.6000003814697265625</ele>
        <time>2021-03-22T12:24:38.000Z</time>
        <extensions>
          <ns3:TrackPointExtension/>
        </extensions>
      </trkpt>
      <trkpt lat="39.89778198301792144775390625" lon="116.63522399961948394775390625">
        <ele>30.200000762939453125</ele>
        <time>2021-03-22T12:24:43.000Z</time>
        <extensions>
          <ns3:TrackPointExtension/>
        </extensions>
      </trkpt>
      <trkpt lat="39.89770294167101383209228515625" lon="116.63527898490428924560546875">
        <ele>30</ele>
        <time>2021-03-22T12:24:48.000Z</time>
        <extensions>
          <ns3:TrackPointExtension/>
        </extensions>
      </trkpt>
      <trkpt lat="39.897598922252655029296875" lon="116.6353569366037845611572265625">
        <ele>29.6000003814697265625</ele>
        <time>2021-03-22T12:24:53.000Z</time>
        <extensions>
          <ns3:TrackPointExtension/>
        </extensions>
      </trkpt>
      <trkpt lat="39.8975209705531597137451171875" lon="116.63542893715202808380126953125">
        <ele>29.3999996185302734375</ele>
        <time>2021-03-22T12:24:58.000Z</time>
        <extensions>
          <ns3:TrackPointExtension/>
        </extensions>
      </trkpt>
      <trkpt lat="39.89744494669139385223388671875" lon="116.63546699099242687225341796875">
        <ele>29.200000762939453125</ele>
        <time>2021-03-22T12:25:03.000Z</time>
        <extensions>
          <ns3:TrackPointExtension/>
        </extensions>
      </trkpt>
      <trkpt lat="39.897377975285053253173828125" lon="116.63551493547856807708740234375">
        <ele>29</ele>
        <time>2021-03-22T12:25:08.000Z</time>
        <extensions>
          <ns3:TrackPointExtension/>
        </extensions>
      </trkpt>
      <trkpt lat="39.8972869478166103363037109375" lon="116.63557796739041805267333984375">
        <ele>28.6000003814697265625</ele>
        <time>2021-03-22T12:25:13.000Z</time>
        <extensions>
          <ns3:TrackPointExtension/>
        </extensions>
      </trkpt>
      <trkpt lat="39.89716096781194210052490234375" lon="116.6356699168682098388671875">
        <ele>28.200000762939453125</ele>
        <time>2021-03-22T12:25:18.000Z</time>
        <extensions>
          <ns3:TrackPointExtension/>
        </extensions>
      </trkpt>
      <trkpt lat="39.8970369994640350341796875" lon="116.63574895821511745452880859375">
        <ele>28.200000762939453125</ele>
        <time>2021-03-22T12:25:23.000Z</time>
        <extensions>
          <ns3:TrackPointExtension/>
        </extensions>
      </trkpt>
      <trkpt lat="39.896914958953857421875" lon="116.63582892157137393951416015625">
        <ele>28.3999996185302734375</ele>
        <time>2021-03-22T12:25:28.000Z</time>
        <extensions>
          <ns3:TrackPointExtension/>
        </extensions>
      </trkpt>
      <trkpt lat="39.89681798033416271209716796875" lon="116.6359139978885650634765625">
        <ele>28.6000003814697265625</ele>
        <time>2021-03-22T12:25:33.000Z</time>
        <extensions>
          <ns3:TrackPointExtension/>
        </extensions>
      </trkpt>
      <trkpt lat="39.89670599810779094696044921875" lon="116.6359919495880603790283203125">
        <ele>28.799999237060546875</ele>
        <time>2021-03-22T12:25:38.000Z</time>
        <extensions>
          <ns3:TrackPointExtension/>
        </extensions>
      </trkpt>
      <trkpt lat="39.89658697508275508880615234375" lon="116.63606294430792331695556640625">
        <ele>29</ele>
        <time>2021-03-22T12:25:43.000Z</time>
        <extensions>
          <ns3:TrackPointExtension/>
        </extensions>
      </trkpt>
      <trkpt lat="39.8964839614927768707275390625" lon="116.6361099667847156524658203125">
        <ele>29</ele>
        <time>2021-03-22T12:25:48.000Z</time>
        <extensions>
          <ns3:TrackPointExtension/>
        </extensions>
      </trkpt>
      <trkpt lat="39.896274916827678680419921875" lon="116.63640794344246387481689453125">
        <ele>29</ele>
        <time>2021-03-22T12:25:53.000Z</time>
        <extensions>
          <ns3:TrackPointExtension/>
        </extensions>
      </trkpt>
      <trkpt lat="39.896274916827678680419921875" lon="116.63640794344246387481689453125">
        <ele>29</ele>
        <time>2021-03-22T12:25:58.000Z</time>
        <extensions>
          <ns3:TrackPointExtension/>
        </extensions>
      </trkpt>
      <trkpt lat="39.89623996429145336151123046875" lon="116.636419929563999176025390625">
        <ele>29</ele>
        <time>2021-03-22T12:26:03.000Z</time>
        <extensions>
          <ns3:TrackPointExtension/>
        </extensions>
      </trkpt>
      <trkpt lat="39.89618598483502864837646484375" lon="116.6365179978311061859130859375">
        <ele>29</ele>
        <time>2021-03-22T12:26:08.000Z</time>
        <extensions>
          <ns3:TrackPointExtension/>
        </extensions>
      </trkpt>
      <trkpt lat="39.8961329273879528045654296875" lon="116.63653098978102207183837890625">
        <ele>29.200000762939453125</ele>
        <time>2021-03-22T12:26:13.000Z</time>
        <extensions>
          <ns3:TrackPointExtension/>
        </extensions>
      </trkpt>
      <trkpt lat="39.89612194709479808807373046875" lon="116.636537946760654449462890625">
        <ele>29.200000762939453125</ele>
        <time>2021-03-22T12:26:18.000Z</time>
        <extensions>
          <ns3:TrackPointExtension/>
        </extensions>
      </trkpt>
      <trkpt lat="39.89612194709479808807373046875" lon="116.6365389525890350341796875">
        <ele>29.200000762939453125</ele>
        <time>2021-03-22T12:26:23.000Z</time>
        <extensions>
          <ns3:TrackPointExtension/>
        </extensions>
      </trkpt>
      <trkpt lat="39.89608992822468280792236328125" lon="116.6365099512040615081787109375">
        <ele>29.200000762939453125</ele>
        <time>2021-03-22T12:26:28.000Z</time>
        <extensions>
          <ns3:TrackPointExtension/>
        </extensions>
      </trkpt>
      <trkpt lat="39.89608992822468280792236328125" lon="116.6365099512040615081787109375">
        <ele>29.200000762939453125</ele>
        <time>2021-03-22T12:26:33.000Z</time>
        <extensions>
          <ns3:TrackPointExtension/>
        </extensions>
      </trkpt>
      <trkpt lat="39.89608992822468280792236328125" lon="116.6365099512040615081787109375">
        <ele>29.200000762939453125</ele>
        <time>2021-03-22T12:26:38.000Z</time>
        <extensions>
          <ns3:TrackPointExtension/>
        </extensions>
      </trkpt>
      <trkpt lat="39.89608992822468280792236328125" lon="116.6365099512040615081787109375">
        <ele>29.200000762939453125</ele>
        <time>2021-03-22T12:26:43.000Z</time>
        <extensions>
          <ns3:TrackPointExtension/>
        </extensions>
      </trkpt>
      <trkpt lat="39.89608992822468280792236328125" lon="116.6365099512040615081787109375">
        <ele>29.200000762939453125</ele>
        <time>2021-03-22T12:26:48.000Z</time>
        <extensions>
          <ns3:TrackPointExtension/>
        </extensions>
      </trkpt>
      <trkpt lat="39.89608992822468280792236328125" lon="116.6365099512040615081787109375">
        <ele>29.200000762939453125</ele>
        <time>2021-03-22T12:26:53.000Z</time>
        <extensions>
          <ns3:TrackPointExtension/>
        </extensions>
      </trkpt>
      <trkpt lat="39.89608992822468280792236328125" lon="116.6365099512040615081787109375">
        <ele>29.200000762939453125</ele>
        <time>2021-03-22T12:26:58.000Z</time>
        <extensions>
          <ns3:TrackPointExtension/>
        </extensions>
      </trkpt>
      <trkpt lat="39.89608992822468280792236328125" lon="116.6365099512040615081787109375">
        <ele>29.200000762939453125</ele>
        <time>2021-03-22T12:27:03.000Z</time>
        <extensions>
          <ns3:TrackPointExtension/>
        </extensions>
      </trkpt>
      <trkpt lat="39.89608992822468280792236328125" lon="116.6365099512040615081787109375">
        <ele>29.200000762939453125</ele>
        <time>2021-03-22T12:27:08.000Z</time>
        <extensions>
          <ns3:TrackPointExtension/>
        </extensions>
      </trkpt>
      <trkpt lat="39.8960869945585727691650390625" lon="116.6365099512040615081787109375">
        <ele>29.200000762939453125</ele>
        <time>2021-03-22T12:27:13.000Z</time>
        <extensions>
          <ns3:TrackPointExtension/>
        </extensions>
      </trkpt>
      <trkpt lat="39.8960769362747669219970703125" lon="116.6365079395473003387451171875">
        <ele>29.200000762939453125</ele>
        <time>2021-03-22T12:27:18.000Z</time>
        <extensions>
          <ns3:TrackPointExtension/>
        </extensions>
      </trkpt>
      <trkpt lat="39.89604198373854160308837890625" lon="116.63654096424579620361328125">
        <ele>29.200000762939453125</ele>
        <time>2021-03-22T12:27:23.000Z</time>
        <extensions>
          <ns3:TrackPointExtension/>
        </extensions>
      </trkpt>
      <trkpt lat="39.89601197652518749237060546875" lon="116.6365649364888668060302734375">
        <ele>29.200000762939453125</ele>
        <time>2021-03-22T12:27:28.000Z</time>
        <extensions>
          <ns3:TrackPointExtension/>
        </extensions>
      </trkpt>
      <trkpt lat="39.89600292406976222991943359375" lon="116.63657692261040210723876953125">
        <ele>29.200000762939453125</ele>
        <time>2021-03-22T12:27:33.000Z</time>
        <extensions>
          <ns3:TrackPointExtension/>
        </extensions>
      </trkpt>
      <trkpt lat="39.89600099623203277587890625" lon="116.63657893426716327667236328125">
        <ele>29.200000762939453125</ele>
        <time>2021-03-22T12:27:38.000Z</time>
        <extensions>
          <ns3:TrackPointExtension/>
        </extensions>
      </trkpt>
      <trkpt lat="39.89601097069680690765380859375" lon="116.6365709714591503143310546875">
        <ele>29.200000762939453125</ele>
        <time>2021-03-22T12:27:43.000Z</time>
        <extensions>
          <ns3:TrackPointExtension/>
        </extensions>
      </trkpt>
      <trkpt lat="39.89601097069680690765380859375" lon="116.6365709714591503143310546875">
        <ele>29.200000762939453125</ele>
        <time>2021-03-22T12:27:48.000Z</time>
        <extensions>
          <ns3:TrackPointExtension/>
        </extensions>
      </trkpt>
      <trkpt lat="39.89601097069680690765380859375" lon="116.6365709714591503143310546875">
        <ele>29.200000762939453125</ele>
        <time>2021-03-22T12:27:53.000Z</time>
        <extensions>
          <ns3:TrackPointExtension/>
        </extensions>
      </trkpt>
      <trkpt lat="39.89600795321166515350341796875" lon="116.6365749947726726531982421875">
        <ele>29.200000762939453125</ele>
        <time>2021-03-22T12:27:58.000Z</time>
        <extensions>
          <ns3:TrackPointExtension/>
        </extensions>
      </trkpt>
      <trkpt lat="39.89600594155490398406982421875" lon="116.63654792122542858123779296875">
        <ele>29.200000762939453125</ele>
        <time>2021-03-22T12:28:03.000Z</time>
        <extensions>
          <ns3:TrackPointExtension/>
        </extensions>
      </trkpt>
      <trkpt lat="39.8960269801318645477294921875" lon="116.63652093149721622467041015625">
        <ele>29.200000762939453125</ele>
        <time>2021-03-22T12:28:08.000Z</time>
        <extensions>
          <ns3:TrackPointExtension/>
        </extensions>
      </trkpt>
      <trkpt lat="39.8960269801318645477294921875" lon="116.63652093149721622467041015625">
        <ele>29.200000762939453125</ele>
        <time>2021-03-22T12:28:13.000Z</time>
        <extensions>
          <ns3:TrackPointExtension/>
        </extensions>
      </trkpt>
      <trkpt lat="39.8960179276764392852783203125" lon="116.636533923447132110595703125">
        <ele>29.200000762939453125</ele>
        <time>2021-03-22T12:28:18.000Z</time>
        <extensions>
          <ns3:TrackPointExtension/>
        </extensions>
      </trkpt>
      <trkpt lat="39.89597694016993045806884765625" lon="116.63655496202409267425537109375">
        <ele>29.3999996185302734375</ele>
        <time>2021-03-22T12:28:23.000Z</time>
        <extensions>
          <ns3:TrackPointExtension/>
        </extensions>
      </trkpt>
      <trkpt lat="39.89594198763370513916015625" lon="116.63658295758068561553955078125">
        <ele>29.3999996185302734375</ele>
        <time>2021-03-22T12:28:28.000Z</time>
        <extensions>
          <ns3:TrackPointExtension/>
        </extensions>
      </trkpt>
      <trkpt lat="39.8959149979054927825927734375" lon="116.6366289742290973663330078125">
        <ele>29.3999996185302734375</ele>
        <time>2021-03-22T12:28:33.000Z</time>
        <extensions>
          <ns3:TrackPointExtension/>
        </extensions>
      </trkpt>
      <trkpt lat="39.89587493240833282470703125" lon="116.63665898144245147705078125">
        <ele>29.3999996185302734375</ele>
        <time>2021-03-22T12:28:38.000Z</time>
        <extensions>
          <ns3:TrackPointExtension/>
        </extensions>
      </trkpt>
      <trkpt lat="39.89587895572185516357421875" lon="116.636718995869159698486328125">
        <ele>29.3999996185302734375</ele>
        <time>2021-03-22T12:28:43.000Z</time>
        <extensions>
          <ns3:TrackPointExtension/>
        </extensions>
      </trkpt>
      <trkpt lat="39.895935952663421630859375" lon="116.636828966438770294189453125">
        <ele>29.3999996185302734375</ele>
        <time>2021-03-22T12:28:48.000Z</time>
        <extensions>
          <ns3:TrackPointExtension/>
        </extensions>
      </trkpt>
      <trkpt lat="39.89600594155490398406982421875" lon="116.6369679383933544158935546875">
        <ele>29.200000762939453125</ele>
        <time>2021-03-22T12:28:53.000Z</time>
        <extensions>
          <ns3:TrackPointExtension/>
        </extensions>
      </trkpt>
      <trkpt lat="39.89605195820331573486328125" lon="116.63712392561137676239013671875">
        <ele>29.200000762939453125</ele>
        <time>2021-03-22T12:28:58.000Z</time>
        <extensions>
          <ns3:TrackPointExtension/>
        </extensions>
      </trkpt>
      <trkpt lat="39.8960809595882892608642578125" lon="116.6372859477996826171875">
        <ele>29</ele>
        <time>2021-03-22T12:29:03.000Z</time>
        <extensions>
          <ns3:TrackPointExtension/>
        </extensions>
      </trkpt>
      <trkpt lat="39.89609898068010807037353515625" lon="116.63744595833122730255126953125">
        <ele>29.200000762939453125</ele>
        <time>2021-03-22T12:29:08.000Z</time>
        <extensions>
          <ns3:TrackPointExtension/>
        </extensions>
      </trkpt>
      <trkpt lat="39.89612395875155925750732421875" lon="116.6376109980046749114990234375">
        <ele>29.3999996185302734375</ele>
        <time>2021-03-22T12:29:13.000Z</time>
        <extensions>
          <ns3:TrackPointExtension/>
        </extensions>
      </trkpt>
      <trkpt lat="39.8961599171161651611328125" lon="116.63778592832386493682861328125">
        <ele>29.6000003814697265625</ele>
        <time>2021-03-22T12:29:18.000Z</time>
        <extensions>
          <ns3:TrackPointExtension/>
        </extensions>
      </trkpt>
      <trkpt lat="39.89617894403636455535888671875" lon="116.63795792497694492340087890625">
        <ele>29.799999237060546875</ele>
        <time>2021-03-22T12:29:23.000Z</time>
        <extensions>
          <ns3:TrackPointExtension/>
        </extensions>
      </trkpt>
      <trkpt lat="39.89620392210781574249267578125" lon="116.63812992163002490997314453125">
        <ele>30</ele>
        <time>2021-03-22T12:29:28.000Z</time>
        <extensions>
          <ns3:TrackPointExtension/>
        </extensions>
      </trkpt>
      <trkpt lat="39.896219931542873382568359375" lon="116.6382919438183307647705078125">
        <ele>30.200000762939453125</ele>
        <time>2021-03-22T12:29:33.000Z</time>
        <extensions>
          <ns3:TrackPointExtension/>
        </extensions>
      </trkpt>
      <trkpt lat="39.89622898399829864501953125" lon="116.638442985713481903076171875">
        <ele>30.6000003814697265625</ele>
        <time>2021-03-22T12:29:38.000Z</time>
        <extensions>
          <ns3:TrackPointExtension/>
        </extensions>
      </trkpt>
      <trkpt lat="39.89624398760497570037841796875" lon="116.638603918254375457763671875">
        <ele>31</ele>
        <time>2021-03-22T12:29:43.000Z</time>
        <extensions>
          <ns3:TrackPointExtension/>
        </extensions>
      </trkpt>
      <trkpt lat="39.89626896567642688751220703125" lon="116.63876392878592014312744140625">
        <ele>31.200000762939453125</ele>
        <time>2021-03-22T12:29:48.000Z</time>
        <extensions>
          <ns3:TrackPointExtension/>
        </extensions>
      </trkpt>
      <trkpt lat="39.896278940141201019287109375" lon="116.6389239393174648284912109375">
        <ele>31.6000003814697265625</ele>
        <time>2021-03-22T12:29:53.000Z</time>
        <extensions>
          <ns3:TrackPointExtension/>
        </extensions>
      </trkpt>
      <trkpt lat="39.8962859809398651123046875" lon="116.63908797316253185272216796875">
        <ele>31.799999237060546875</ele>
        <time>2021-03-22T12:29:58.000Z</time>
        <extensions>
          <ns3:TrackPointExtension/>
        </extensions>
      </trkpt>
      <trkpt lat="39.896284975111484527587890625" lon="116.639240942895412445068359375">
        <ele>32</ele>
        <time>2021-03-22T12:30:03.000Z</time>
        <extensions>
          <ns3:TrackPointExtension/>
        </extensions>
      </trkpt>
      <trkpt lat="39.8962549678981304168701171875" lon="116.6393849439918994903564453125">
        <ele>32.40000152587890625</ele>
        <time>2021-03-22T12:30:08.000Z</time>
        <extensions>
          <ns3:TrackPointExtension/>
        </extensions>
      </trkpt>
      <trkpt lat="39.89624599926173686981201171875" lon="116.6395549289882183074951171875">
        <ele>32.59999847412109375</ele>
        <time>2021-03-22T12:30:13.000Z</time>
        <extensions>
          <ns3:TrackPointExtension/>
        </extensions>
      </trkpt>
      <trkpt lat="39.89626393653452396392822265625" lon="116.63972097449004650115966796875">
        <ele>32.59999847412109375</ele>
        <time>2021-03-22T12:30:18.000Z</time>
        <extensions>
          <ns3:TrackPointExtension/>
        </extensions>
      </trkpt>
      <trkpt lat="39.896280951797962188720703125" lon="116.63987696170806884765625">
        <ele>32.799999237060546875</ele>
        <time>2021-03-22T12:30:23.000Z</time>
        <extensions>
          <ns3:TrackPointExtension/>
        </extensions>
      </trkpt>
      <trkpt lat="39.8963049240410327911376953125" lon="116.640045940876007080078125">
        <ele>32.59999847412109375</ele>
        <time>2021-03-22T12:30:28.000Z</time>
        <extensions>
          <ns3:TrackPointExtension/>
        </extensions>
      </trkpt>
      <trkpt lat="39.89634993486106395721435546875" lon="116.6402489505708217620849609375">
        <ele>32.200000762939453125</ele>
        <time>2021-03-22T12:30:33.000Z</time>
        <extensions>
          <ns3:TrackPointExtension/>
        </extensions>
      </trkpt>
      <trkpt lat="39.89638295955955982208251953125" lon="116.6404219530522823333740234375">
        <ele>31.799999237060546875</ele>
        <time>2021-03-22T12:30:38.000Z</time>
        <extensions>
          <ns3:TrackPointExtension/>
        </extensions>
      </trkpt>
      <trkpt lat="39.89637994207441806793212890625" lon="116.6405939497053623199462890625">
        <ele>31.6000003814697265625</ele>
        <time>2021-03-22T12:30:43.000Z</time>
        <extensions>
          <ns3:TrackPointExtension/>
        </extensions>
      </trkpt>
      <trkpt lat="39.8963639326393604278564453125" lon="116.640738956630229949951171875">
        <ele>31.6000003814697265625</ele>
        <time>2021-03-22T12:30:48.000Z</time>
        <extensions>
          <ns3:TrackPointExtension/>
        </extensions>
      </trkpt>
      <trkpt lat="39.89635395817458629608154296875" lon="116.6408889926970005035400390625">
        <ele>31.200000762939453125</ele>
        <time>2021-03-22T12:30:53.000Z</time>
        <extensions>
          <ns3:TrackPointExtension/>
        </extensions>
      </trkpt>
      <trkpt lat="39.896341972053050994873046875" lon="116.6410289704799652099609375">
        <ele>30.799999237060546875</ele>
        <time>2021-03-22T12:30:58.000Z</time>
        <extensions>
          <ns3:TrackPointExtension/>
        </extensions>
      </trkpt>
      <trkpt lat="39.896339960396289825439453125" lon="116.641194932162761688232421875">
        <ele>30.200000762939453125</ele>
        <time>2021-03-22T12:31:03.000Z</time>
        <extensions>
          <ns3:TrackPointExtension/>
        </extensions>
      </trkpt>
      <trkpt lat="39.896335937082767486572265625" lon="116.64135091938078403472900390625">
        <ele>29.6000003814697265625</ele>
        <time>2021-03-22T12:31:08.000Z</time>
        <extensions>
          <ns3:TrackPointExtension/>
        </extensions>
      </trkpt>
      <trkpt lat="39.89632797427475452423095703125" lon="116.64150699041783809661865234375">
        <ele>29</ele>
        <time>2021-03-22T12:31:13.000Z</time>
        <extensions>
          <ns3:TrackPointExtension/>
        </extensions>
      </trkpt>
      <trkpt lat="39.8963159881532192230224609375" lon="116.641664989292621612548828125">
        <ele>28.6000003814697265625</ele>
        <time>2021-03-22T12:31:18.000Z</time>
        <extensions>
          <ns3:TrackPointExtension/>
        </extensions>
      </trkpt>
      <trkpt lat="39.89629394374787807464599609375" lon="116.6417989321053028106689453125">
        <ele>28.3999996185302734375</ele>
        <time>2021-03-22T12:31:23.000Z</time>
        <extensions>
          <ns3:TrackPointExtension/>
        </extensions>
      </trkpt>
      <trkpt lat="39.8962519504129886627197265625" lon="116.6419199667870998382568359375">
        <ele>28</ele>
        <time>2021-03-22T12:31:28.000Z</time>
        <extensions>
          <ns3:TrackPointExtension/>
        </extensions>
      </trkpt>
      <trkpt lat="39.89621196873486042022705078125" lon="116.64204494096338748931884765625">
        <ele>27.799999237060546875</ele>
        <time>2021-03-22T12:31:33.000Z</time>
        <extensions>
          <ns3:TrackPointExtension/>
        </extensions>
      </trkpt>
      <trkpt lat="39.89622496068477630615234375" lon="116.6422109864652156829833984375">
        <ele>27.3999996185302734375</ele>
        <time>2021-03-22T12:31:38.000Z</time>
        <extensions>
          <ns3:TrackPointExtension/>
        </extensions>
      </trkpt>
      <trkpt lat="39.8962519504129886627197265625" lon="116.6423749364912509918212890625">
        <ele>27</ele>
        <time>2021-03-22T12:31:43.000Z</time>
        <extensions>
          <ns3:TrackPointExtension/>
        </extensions>
      </trkpt>
      <trkpt lat="39.89624499343335628509521484375" lon="116.64253897033631801605224609375">
        <ele>27</ele>
        <time>2021-03-22T12:31:48.000Z</time>
        <extensions>
          <ns3:TrackPointExtension/>
        </extensions>
      </trkpt>
      <trkpt lat="39.89623191766440868377685546875" lon="116.64268992841243743896484375">
        <ele>27</ele>
        <time>2021-03-22T12:31:53.000Z</time>
        <extensions>
          <ns3:TrackPointExtension/>
        </extensions>
      </trkpt>
      <trkpt lat="39.89621699787676334381103515625" lon="116.6428329236805438995361328125">
        <ele>27</ele>
        <time>2021-03-22T12:31:58.000Z</time>
        <extensions>
          <ns3:TrackPointExtension/>
        </extensions>
      </trkpt>
      <trkpt lat="39.896221943199634552001953125" lon="116.64298899471759796142578125">
        <ele>27</ele>
        <time>2021-03-22T12:32:03.000Z</time>
        <extensions>
          <ns3:TrackPointExtension/>
        </extensions>
      </trkpt>
      <trkpt lat="39.89618397317826747894287109375" lon="116.6431309841573238372802734375">
        <ele>27</ele>
        <time>2021-03-22T12:32:08.000Z</time>
        <extensions>
          <ns3:TrackPointExtension/>
        </extensions>
      </trkpt>
      <trkpt lat="39.89615698345005512237548828125" lon="116.643274985253810882568359375">
        <ele>27</ele>
        <time>2021-03-22T12:32:13.000Z</time>
        <extensions>
          <ns3:TrackPointExtension/>
        </extensions>
      </trkpt>
      <trkpt lat="39.896171987056732177734375" lon="116.64342996664345264434814453125">
        <ele>27</ele>
        <time>2021-03-22T12:32:18.000Z</time>
        <extensions>
          <ns3:TrackPointExtension/>
        </extensions>
      </trkpt>
      <trkpt lat="39.89617492072284221649169921875" lon="116.64357698522508144378662109375">
        <ele>27</ele>
        <time>2021-03-22T12:32:23.000Z</time>
        <extensions>
          <ns3:TrackPointExtension/>
        </extensions>
      </trkpt>
      <trkpt lat="39.8961679637432098388671875" lon="116.64372794330120086669921875">
        <ele>27</ele>
        <time>2021-03-22T12:32:28.000Z</time>
        <extensions>
          <ns3:TrackPointExtension/>
        </extensions>
      </trkpt>
      <trkpt lat="39.89617592655122280120849609375" lon="116.64388594217598438262939453125">
        <ele>27</ele>
        <time>2021-03-22T12:32:33.000Z</time>
        <extensions>
          <ns3:TrackPointExtension/>
        </extensions>
      </trkpt>
      <trkpt lat="39.89618095569312572479248046875" lon="116.64402692578732967376708984375">
        <ele>27.200000762939453125</ele>
        <time>2021-03-22T12:32:38.000Z</time>
        <extensions>
          <ns3:TrackPointExtension/>
        </extensions>
      </trkpt>
      <trkpt lat="39.89618497900664806365966796875" lon="116.6441599465906620025634765625">
        <ele>27.200000762939453125</ele>
        <time>2021-03-22T12:32:43.000Z</time>
        <extensions>
          <ns3:TrackPointExtension/>
        </extensions>
      </trkpt>
      <trkpt lat="39.8962009884417057037353515625" lon="116.64430595934391021728515625">
        <ele>27.3999996185302734375</ele>
        <time>2021-03-22T12:32:48.000Z</time>
        <extensions>
          <ns3:TrackPointExtension/>
        </extensions>
      </trkpt>
      <trkpt lat="39.8961919359862804412841796875" lon="116.64443294517695903778076171875">
        <ele>27.6000003814697265625</ele>
        <time>2021-03-22T12:32:53.000Z</time>
        <extensions>
          <ns3:TrackPointExtension/>
        </extensions>
      </trkpt>
      <trkpt lat="39.89618397317826747894287109375" lon="116.6445599310100078582763671875">
        <ele>27.799999237060546875</ele>
        <time>2021-03-22T12:32:58.000Z</time>
        <extensions>
          <ns3:TrackPointExtension/>
        </extensions>
      </trkpt>
      <trkpt lat="39.89618196152150630950927734375" lon="116.644711978733539581298828125">
        <ele>28</ele>
        <time>2021-03-22T12:33:03.000Z</time>
        <extensions>
          <ns3:TrackPointExtension/>
        </extensions>
      </trkpt>
      <trkpt lat="39.8961639404296875" lon="116.64486897177994251251220703125">
        <ele>28</ele>
        <time>2021-03-22T12:33:08.000Z</time>
        <extensions>
          <ns3:TrackPointExtension/>
        </extensions>
      </trkpt>
      <trkpt lat="39.89615296013653278350830078125" lon="116.64501096121966838836669921875">
        <ele>27.799999237060546875</ele>
        <time>2021-03-22T12:33:13.000Z</time>
        <extensions>
          <ns3:TrackPointExtension/>
        </extensions>
      </trkpt>
      <trkpt lat="39.89615296013653278350830078125" lon="116.64515797980129718780517578125">
        <ele>27.3999996185302734375</ele>
        <time>2021-03-22T12:33:18.000Z</time>
        <extensions>
          <ns3:TrackPointExtension/>
        </extensions>
      </trkpt>
      <trkpt lat="39.896166957914829254150390625" lon="116.6453179903328418731689453125">
        <ele>27</ele>
        <time>2021-03-22T12:33:23.000Z</time>
        <extensions>
          <ns3:TrackPointExtension/>
        </extensions>
      </trkpt>
      <trkpt lat="39.89615597762167453765869140625" lon="116.64545394480228424072265625">
        <ele>26.6000003814697265625</ele>
        <time>2021-03-22T12:33:28.000Z</time>
        <extensions>
          <ns3:TrackPointExtension/>
        </extensions>
      </trkpt>
      <trkpt lat="39.8961359448730945587158203125" lon="116.6455979458987712860107421875">
        <ele>26.3999996185302734375</ele>
        <time>2021-03-22T12:33:33.000Z</time>
        <extensions>
          <ns3:TrackPointExtension/>
        </extensions>
      </trkpt>
      <trkpt lat="39.89612395875155925750732421875" lon="116.64575192146003246307373046875">
        <ele>26.3999996185302734375</ele>
        <time>2021-03-22T12:33:38.000Z</time>
        <extensions>
          <ns3:TrackPointExtension/>
        </extensions>
      </trkpt>
      <trkpt lat="39.89609395153820514678955078125" lon="116.64589592255651950836181640625">
        <ele>26.6000003814697265625</ele>
        <time>2021-03-22T12:33:43.000Z</time>
        <extensions>
          <ns3:TrackPointExtension/>
        </extensions>
      </trkpt>
      <trkpt lat="39.89607299678027629852294921875" lon="116.64605098776519298553466796875">
        <ele>26.799999237060546875</ele>
        <time>2021-03-22T12:33:48.000Z</time>
        <extensions>
          <ns3:TrackPointExtension/>
        </extensions>
      </trkpt>
      <trkpt lat="39.89606897346675395965576171875" lon="116.64621493779122829437255859375">
        <ele>27</ele>
        <time>2021-03-22T12:33:53.000Z</time>
        <extensions>
          <ns3:TrackPointExtension/>
        </extensions>
      </trkpt>
      <trkpt lat="39.896053969860076904296875" lon="116.64636095054447650909423828125">
        <ele>27.200000762939453125</ele>
        <time>2021-03-22T12:33:58.000Z</time>
        <extensions>
          <ns3:TrackPointExtension/>
        </extensions>
      </trkpt>
      <trkpt lat="39.896044917404651641845703125" lon="116.64651098661124706268310546875">
        <ele>27.3999996185302734375</ele>
        <time>2021-03-22T12:34:03.000Z</time>
        <extensions>
          <ns3:TrackPointExtension/>
        </extensions>
      </trkpt>
      <trkpt lat="39.89601398818194866180419921875" lon="116.6466629505157470703125">
        <ele>27.6000003814697265625</ele>
        <time>2021-03-22T12:34:08.000Z</time>
        <extensions>
          <ns3:TrackPointExtension/>
        </extensions>
      </trkpt>
      <trkpt lat="39.89592296071350574493408203125" lon="116.64677099324762821197509765625">
        <ele>28</ele>
        <time>2021-03-22T12:34:13.000Z</time>
        <extensions>
          <ns3:TrackPointExtension/>
        </extensions>
      </trkpt>
      <trkpt lat="39.8957949690520763397216796875" lon="116.646783985197544097900390625">
        <ele>28.3999996185302734375</ele>
        <time>2021-03-22T12:34:18.000Z</time>
        <extensions>
          <ns3:TrackPointExtension/>
        </extensions>
      </trkpt>
      <trkpt lat="39.89568692632019519805908203125" lon="116.64671592414379119873046875">
        <ele>28.6000003814697265625</ele>
        <time>2021-03-22T12:34:23.000Z</time>
        <extensions>
          <ns3:TrackPointExtension/>
        </extensions>
      </trkpt>
      <trkpt lat="39.89558198489248752593994140625" lon="116.64666898548603057861328125">
        <ele>28.799999237060546875</ele>
        <time>2021-03-22T12:34:28.000Z</time>
        <extensions>
          <ns3:TrackPointExtension/>
        </extensions>
      </trkpt>
      <trkpt lat="39.8955089785158634185791015625" lon="116.6466329433023929595947265625">
        <ele>28.799999237060546875</ele>
        <time>2021-03-22T12:34:33.000Z</time>
        <extensions>
          <ns3:TrackPointExtension/>
        </extensions>
      </trkpt>
      <trkpt lat="39.89546296186745166778564453125" lon="116.64661492221057415008544921875">
        <ele>29</ele>
        <time>2021-03-22T12:34:38.000Z</time>
        <extensions>
          <ns3:TrackPointExtension/>
        </extensions>
      </trkpt>
      <trkpt lat="39.895354919135570526123046875" lon="116.6465769521892070770263671875">
        <ele>29</ele>
        <time>2021-03-22T12:34:43.000Z</time>
        <extensions>
          <ns3:TrackPointExtension/>
        </extensions>
      </trkpt>
      <trkpt lat="39.8952209763228893280029296875" lon="116.6465229727327823638916015625">
        <ele>29</ele>
        <time>2021-03-22T12:34:48.000Z</time>
        <extensions>
          <ns3:TrackPointExtension/>
        </extensions>
      </trkpt>
      <trkpt lat="39.895125925540924072265625" lon="116.6464899480342864990234375">
        <ele>29</ele>
        <time>2021-03-22T12:34:53.000Z</time>
        <extensions>
          <ns3:TrackPointExtension/>
        </extensions>
      </trkpt>
      <trkpt lat="39.8950469680130481719970703125" lon="116.646434962749481201171875">
        <ele>28.799999237060546875</ele>
        <time>2021-03-22T12:34:58.000Z</time>
        <extensions>
          <ns3:TrackPointExtension/>
        </extensions>
      </trkpt>
      <trkpt lat="39.89491897635161876678466796875" lon="116.64635793305933475494384765625">
        <ele>28.6000003814697265625</ele>
        <time>2021-03-22T12:35:03.000Z</time>
        <extensions>
          <ns3:TrackPointExtension/>
        </extensions>
      </trkpt>
      <trkpt lat="39.89477497525513172149658203125" lon="116.646311916410923004150390625">
        <ele>28.3999996185302734375</ele>
        <time>2021-03-22T12:35:08.000Z</time>
        <extensions>
          <ns3:TrackPointExtension/>
        </extensions>
      </trkpt>
      <trkpt lat="39.89466198720037937164306640625" lon="116.64624796248972415924072265625">
        <ele>28.3999996185302734375</ele>
        <time>2021-03-22T12:35:13.000Z</time>
        <extensions>
          <ns3:TrackPointExtension/>
        </extensions>
      </trkpt>
      <trkpt lat="39.89456693641841411590576171875" lon="116.646205969154834747314453125">
        <ele>28.200000762939453125</ele>
        <time>2021-03-22T12:35:18.000Z</time>
        <extensions>
          <ns3:TrackPointExtension/>
        </extensions>
      </trkpt>
      <trkpt lat="39.8944679461419582366943359375" lon="116.64616699330508708953857421875">
        <ele>28.200000762939453125</ele>
        <time>2021-03-22T12:35:23.000Z</time>
        <extensions>
          <ns3:TrackPointExtension/>
        </extensions>
      </trkpt>
      <trkpt lat="39.89436895586550235748291015625" lon="116.64610899053514003753662109375">
        <ele>28.200000762939453125</ele>
        <time>2021-03-22T12:35:28.000Z</time>
        <extensions>
          <ns3:TrackPointExtension/>
        </extensions>
      </trkpt>
      <trkpt lat="39.894261918962001800537109375" lon="116.6460559330880641937255859375">
        <ele>28.200000762939453125</ele>
        <time>2021-03-22T12:35:33.000Z</time>
        <extensions>
          <ns3:TrackPointExtension/>
        </extensions>
      </trkpt>
      <trkpt lat="39.89413895644247531890869140625" lon="116.64601796306669712066650390625">
        <ele>28.200000762939453125</ele>
        <time>2021-03-22T12:35:38.000Z</time>
        <extensions>
          <ns3:TrackPointExtension/>
        </extensions>
      </trkpt>
      <trkpt lat="39.894031919538974761962890625" lon="116.64598996751010417938232421875">
        <ele>28.3999996185302734375</ele>
        <time>2021-03-22T12:35:43.000Z</time>
        <extensions>
          <ns3:TrackPointExtension/>
        </extensions>
      </trkpt>
      <trkpt lat="39.89396193064749240875244140625" lon="116.64603992365300655364990234375">
        <ele>28.3999996185302734375</ele>
        <time>2021-03-22T12:35:48.000Z</time>
        <extensions>
          <ns3:TrackPointExtension/>
        </extensions>
      </trkpt>
      <trkpt lat="39.89390593953430652618408203125" lon="116.64615592919290065765380859375">
        <ele>28.6000003814697265625</ele>
        <time>2021-03-22T12:35:53.000Z</time>
        <extensions>
          <ns3:TrackPointExtension/>
        </extensions>
      </trkpt>
      <trkpt lat="39.8938319273293018341064453125" lon="116.64626891724765300750732421875">
        <ele>28.6000003814697265625</ele>
        <time>2021-03-22T12:35:58.000Z</time>
        <extensions>
          <ns3:TrackPointExtension/>
        </extensions>
      </trkpt>
      <trkpt lat="39.89373595453798770904541015625" lon="116.64636698551476001739501953125">
        <ele>28.799999237060546875</ele>
        <time>2021-03-22T12:36:03.000Z</time>
        <extensions>
          <ns3:TrackPointExtension/>
        </extensions>
      </trkpt>
      <trkpt lat="39.8936709947884082794189453125" lon="116.646431945264339447021484375">
        <ele>29</ele>
        <time>2021-03-22T12:36:08.000Z</time>
        <extensions>
          <ns3:TrackPointExtension/>
        </extensions>
      </trkpt>
      <trkpt lat="39.89361894316971302032470703125" lon="116.646433956921100616455078125">
        <ele>29</ele>
        <time>2021-03-22T12:36:13.000Z</time>
        <extensions>
          <ns3:TrackPointExtension/>
        </extensions>
      </trkpt>
      <trkpt lat="39.89351592957973480224609375" lon="116.64638198912143707275390625">
        <ele>29</ele>
        <time>2021-03-22T12:36:18.000Z</time>
        <extensions>
          <ns3:TrackPointExtension/>
        </extensions>
      </trkpt>
      <trkpt lat="39.89336698316037654876708984375" lon="116.64632893167436122894287109375">
        <ele>29</ele>
        <time>2021-03-22T12:36:23.000Z</time>
        <extensions>
          <ns3:TrackPointExtension/>
        </extensions>
      </trkpt>
      <trkpt lat="39.8932309448719024658203125" lon="116.64627495221793651580810546875">
        <ele>29</ele>
        <time>2021-03-22T12:36:28.000Z</time>
        <extensions>
          <ns3:TrackPointExtension/>
        </extensions>
      </trkpt>
      <trkpt lat="39.8930909670889377593994140625" lon="116.6462269239127635955810546875">
        <ele>29</ele>
        <time>2021-03-22T12:36:33.000Z</time>
        <extensions>
          <ns3:TrackPointExtension/>
        </extensions>
      </trkpt>
      <trkpt lat="39.8929799906909465789794921875" lon="116.64616598747670650482177734375">
        <ele>29</ele>
        <time>2021-03-22T12:36:38.000Z</time>
        <extensions>
          <ns3:TrackPointExtension/>
        </extensions>
      </trkpt>
      <trkpt lat="39.89287395961582660675048828125" lon="116.6461199708282947540283203125">
        <ele>29</ele>
        <time>2021-03-22T12:36:43.000Z</time>
        <extensions>
          <ns3:TrackPointExtension/>
        </extensions>
      </trkpt>
      <trkpt lat="39.8927399329841136932373046875" lon="116.64603992365300655364990234375">
        <ele>29.3999996185302734375</ele>
        <time>2021-03-22T12:36:48.000Z</time>
        <extensions>
          <ns3:TrackPointExtension/>
        </extensions>
      </trkpt>
      <trkpt lat="39.89263993687927722930908203125" lon="116.64595794863998889923095703125">
        <ele>29.6000003814697265625</ele>
        <time>2021-03-22T12:36:53.000Z</time>
        <extensions>
          <ns3:TrackPointExtension/>
        </extensions>
      </trkpt>
      <trkpt lat="39.8925199918448925018310546875" lon="116.6458809189498424530029296875">
        <ele>30</ele>
        <time>2021-03-22T12:36:58.000Z</time>
        <extensions>
          <ns3:TrackPointExtension/>
        </extensions>
      </trkpt>
      <trkpt lat="39.8923989571630954742431640625" lon="116.64581294171512126922607421875">
        <ele>30.200000762939453125</ele>
        <time>2021-03-22T12:37:03.000Z</time>
        <extensions>
          <ns3:TrackPointExtension/>
        </extensions>
      </trkpt>
      <trkpt lat="39.8922789283096790313720703125" lon="116.6457389295101165771484375">
        <ele>30.3999996185302734375</ele>
        <time>2021-03-22T12:37:08.000Z</time>
        <extensions>
          <ns3:TrackPointExtension/>
        </extensions>
      </trkpt>
      <trkpt lat="39.89215294830501079559326171875" lon="116.645684950053691864013671875">
        <ele>30.799999237060546875</ele>
        <time>2021-03-22T12:37:13.000Z</time>
        <extensions>
          <ns3:TrackPointExtension/>
        </extensions>
      </trkpt>
      <trkpt lat="39.89203493110835552215576171875" lon="116.6456049866974353790283203125">
        <ele>30.799999237060546875</ele>
        <time>2021-03-22T12:37:18.000Z</time>
        <extensions>
          <ns3:TrackPointExtension/>
        </extensions>
      </trkpt>
      <trkpt lat="39.8919139802455902099609375" lon="116.6455459780991077423095703125">
        <ele>30.3999996185302734375</ele>
        <time>2021-03-22T12:37:23.000Z</time>
        <extensions>
          <ns3:TrackPointExtension/>
        </extensions>
      </trkpt>
      <trkpt lat="39.8917689733207225799560546875" lon="116.64549996145069599151611328125">
        <ele>30</ele>
        <time>2021-03-22T12:37:28.000Z</time>
        <extensions>
          <ns3:TrackPointExtension/>
        </extensions>
      </trkpt>
      <trkpt lat="39.8916549794375896453857421875" lon="116.64544095285236835479736328125">
        <ele>29.6000003814697265625</ele>
        <time>2021-03-22T12:37:33.000Z</time>
        <extensions>
          <ns3:TrackPointExtension/>
        </extensions>
      </trkpt>
      <trkpt lat="39.891564957797527313232421875" lon="116.6454239375889301300048828125">
        <ele>29.200000762939453125</ele>
        <time>2021-03-22T12:37:38.000Z</time>
        <extensions>
          <ns3:TrackPointExtension/>
        </extensions>
      </trkpt>
      <trkpt lat="39.89158499054610729217529296875" lon="116.6454289667308330535888671875">
        <ele>29.200000762939453125</ele>
        <time>2021-03-22T12:37:43.000Z</time>
        <extensions>
          <ns3:TrackPointExtension/>
        </extensions>
      </trkpt>
      <trkpt lat="39.89166998304426670074462890625" lon="116.6454329900443553924560546875">
        <ele>29.6000003814697265625</ele>
        <time>2021-03-22T12:37:48.000Z</time>
        <extensions>
          <ns3:TrackPointExtension/>
        </extensions>
      </trkpt>
      <trkpt lat="39.8917599208652973175048828125" lon="116.645454950630664825439453125">
        <ele>30</ele>
        <time>2021-03-22T12:37:53.000Z</time>
        <extensions>
          <ns3:TrackPointExtension/>
        </extensions>
      </trkpt>
      <trkpt lat="39.89187299273908138275146484375" lon="116.64550096727907657623291015625">
        <ele>30.3999996185302734375</ele>
        <time>2021-03-22T12:37:58.000Z</time>
        <extensions>
          <ns3:TrackPointExtension/>
        </extensions>
      </trkpt>
      <trkpt lat="39.8920019902288913726806640625" lon="116.6455419547855854034423828125">
        <ele>30.799999237060546875</ele>
        <time>2021-03-22T12:38:03.000Z</time>
        <extensions>
          <ns3:TrackPointExtension/>
        </extensions>
      </trkpt>
      <trkpt lat="39.892142973840236663818359375" lon="116.64559098891913890838623046875">
        <ele>30.799999237060546875</ele>
        <time>2021-03-22T12:38:08.000Z</time>
        <extensions>
          <ns3:TrackPointExtension/>
        </extensions>
      </trkpt>
      <trkpt lat="39.89226291887462139129638671875" lon="116.64564597420394420623779296875">
        <ele>30.6000003814697265625</ele>
        <time>2021-03-22T12:38:13.000Z</time>
        <extensions>
          <ns3:TrackPointExtension/>
        </extensions>
      </trkpt>
      <trkpt lat="39.8924059979617595672607421875" lon="116.6457139514386653900146484375">
        <ele>30.200000762939453125</ele>
        <time>2021-03-22T12:38:18.000Z</time>
        <extensions>
          <ns3:TrackPointExtension/>
        </extensions>
      </trkpt>
      <trkpt lat="39.89252393133938312530517578125" lon="116.6457679308950901031494140625">
        <ele>29.799999237060546875</ele>
        <time>2021-03-22T12:38:23.000Z</time>
        <extensions>
          <ns3:TrackPointExtension/>
        </extensions>
      </trkpt>
      <trkpt lat="39.89261194132268428802490234375" lon="116.64581394754350185394287109375">
        <ele>29.6000003814697265625</ele>
        <time>2021-03-22T12:38:28.000Z</time>
        <extensions>
          <ns3:TrackPointExtension/>
        </extensions>
      </trkpt>
      <trkpt lat="39.89265494048595428466796875" lon="116.6458569467067718505859375">
        <ele>29.6000003814697265625</ele>
        <time>2021-03-22T12:38:33.000Z</time>
        <extensions>
          <ns3:TrackPointExtension/>
        </extensions>
      </trkpt>
      <trkpt lat="39.8927509970963001251220703125" lon="116.64587697945535182952880859375">
        <ele>29.3999996185302734375</ele>
        <time>2021-03-22T12:38:38.000Z</time>
        <extensions>
          <ns3:TrackPointExtension/>
        </extensions>
      </trkpt>
      <trkpt lat="39.8928549326956272125244140625" lon="116.645914949476718902587890625">
        <ele>29.200000762939453125</ele>
        <time>2021-03-22T12:38:43.000Z</time>
        <extensions>
          <ns3:TrackPointExtension/>
        </extensions>
      </trkpt>
      <trkpt lat="39.89295593462884426116943359375" lon="116.64595996029675006866455078125">
        <ele>29</ele>
        <time>2021-03-22T12:38:48.000Z</time>
        <extensions>
          <ns3:TrackPointExtension/>
        </extensions>
      </trkpt>
      <trkpt lat="39.89307797513902187347412109375" lon="116.6460019536316394805908203125">
        <ele>29</ele>
        <time>2021-03-22T12:38:53.000Z</time>
        <extensions>
          <ns3:TrackPointExtension/>
        </extensions>
      </trkpt>
      <trkpt lat="39.8932029493153095245361328125" lon="116.64607194252312183380126953125">
        <ele>29</ele>
        <time>2021-03-22T12:38:58.000Z</time>
        <extensions>
          <ns3:TrackPointExtension/>
        </extensions>
      </trkpt>
      <trkpt lat="39.893351979553699493408203125" lon="116.6461699269711971282958984375">
        <ele>29</ele>
        <time>2021-03-22T12:39:03.000Z</time>
        <extensions>
          <ns3:TrackPointExtension/>
        </extensions>
      </trkpt>
      <trkpt lat="39.89348097704350948333740234375" lon="116.64625592529773712158203125">
        <ele>29</ele>
        <time>2021-03-22T12:39:08.000Z</time>
        <extensions>
          <ns3:TrackPointExtension/>
        </extensions>
      </trkpt>
      <trkpt lat="39.8936029337346553802490234375" lon="116.6462349705398082733154296875">
        <ele>28.799999237060546875</ele>
        <time>2021-03-22T12:39:13.000Z</time>
        <extensions>
          <ns3:TrackPointExtension/>
        </extensions>
      </trkpt>
      <trkpt lat="39.89368499256670475006103515625" lon="116.64615492336452007293701171875">
        <ele>28.6000003814697265625</ele>
        <time>2021-03-22T12:39:18.000Z</time>
        <extensions>
          <ns3:TrackPointExtension/>
        </extensions>
      </trkpt>
      <trkpt lat="39.89373796619474887847900390625" lon="116.646032966673374176025390625">
        <ele>28.3999996185302734375</ele>
        <time>2021-03-22T12:39:23.000Z</time>
        <extensions>
          <ns3:TrackPointExtension/>
        </extensions>
      </trkpt>
      <trkpt lat="39.89378792233765125274658203125" lon="116.6458899714052677154541015625">
        <ele>28.200000762939453125</ele>
        <time>2021-03-22T12:39:28.000Z</time>
        <extensions>
          <ns3:TrackPointExtension/>
        </extensions>
      </trkpt>
      <trkpt lat="39.893919937312602996826171875" lon="116.6458359919488430023193359375">
        <ele>28.200000762939453125</ele>
        <time>2021-03-22T12:39:33.000Z</time>
        <extensions>
          <ns3:TrackPointExtension/>
        </extensions>
      </trkpt>
      <trkpt lat="39.89407793618738651275634765625" lon="116.64587798528373241424560546875">
        <ele>28</ele>
        <time>2021-03-22T12:39:38.000Z</time>
        <extensions>
          <ns3:TrackPointExtension/>
        </extensions>
      </trkpt>
      <trkpt lat="39.89420391619205474853515625" lon="116.64592693559825420379638671875">
        <ele>28</ele>
        <time>2021-03-22T12:39:43.000Z</time>
        <extensions>
          <ns3:TrackPointExtension/>
        </extensions>
      </trkpt>
      <trkpt lat="39.89433995448052883148193359375" lon="116.6459989361464977264404296875">
        <ele>28</ele>
        <time>2021-03-22T12:39:48.000Z</time>
        <extensions>
          <ns3:TrackPointExtension/>
        </extensions>
      </trkpt>
      <trkpt lat="39.8944689519703388214111328125" lon="116.64604092948138713836669921875">
        <ele>28</ele>
        <time>2021-03-22T12:39:53.000Z</time>
        <extensions>
          <ns3:TrackPointExtension/>
        </extensions>
      </trkpt>
      <trkpt lat="39.89457598887383937835693359375" lon="116.64608694612979888916015625">
        <ele>28</ele>
        <time>2021-03-22T12:39:58.000Z</time>
        <extensions>
          <ns3:TrackPointExtension/>
        </extensions>
      </trkpt>
      <trkpt lat="39.89469199441373348236083984375" lon="116.6461519896984100341796875">
        <ele>28.200000762939453125</ele>
        <time>2021-03-22T12:40:03.000Z</time>
        <extensions>
          <ns3:TrackPointExtension/>
        </extensions>
      </trkpt>
      <trkpt lat="39.89479693584144115447998046875" lon="116.6462279297411441802978515625">
        <ele>28.200000762939453125</ele>
        <time>2021-03-22T12:40:08.000Z</time>
        <extensions>
          <ns3:TrackPointExtension/>
        </extensions>
      </trkpt>
      <trkpt lat="39.894897937774658203125" lon="116.6462879441678524017333984375">
        <ele>28.3999996185302734375</ele>
        <time>2021-03-22T12:40:13.000Z</time>
        <extensions>
          <ns3:TrackPointExtension/>
        </extensions>
      </trkpt>
      <trkpt lat="39.89500497467815876007080078125" lon="116.6463479585945606231689453125">
        <ele>28.6000003814697265625</ele>
        <time>2021-03-22T12:40:18.000Z</time>
        <extensions>
          <ns3:TrackPointExtension/>
        </extensions>
      </trkpt>
      <trkpt lat="39.89512793719768524169921875" lon="116.64638794027268886566162109375">
        <ele>28.6000003814697265625</ele>
        <time>2021-03-22T12:40:23.000Z</time>
        <extensions>
          <ns3:TrackPointExtension/>
        </extensions>
      </trkpt>
      <trkpt lat="39.89522994495928287506103515625" lon="116.6464049555361270904541015625">
        <ele>28.799999237060546875</ele>
        <time>2021-03-22T12:40:28.000Z</time>
        <extensions>
          <ns3:TrackPointExtension/>
        </extensions>
      </trkpt>
      <trkpt lat="39.8953279294073581695556640625" lon="116.64642398245632648468017578125">
        <ele>28.799999237060546875</ele>
        <time>2021-03-22T12:40:33.000Z</time>
        <extensions>
          <ns3:TrackPointExtension/>
        </extensions>
      </trkpt>
      <trkpt lat="39.89543898962438106536865234375" lon="116.64647192694246768951416015625">
        <ele>28.799999237060546875</ele>
        <time>2021-03-22T12:40:38.000Z</time>
        <extensions>
          <ns3:TrackPointExtension/>
        </extensions>
      </trkpt>
      <trkpt lat="39.895535968244075775146484375" lon="116.64653093554079532623291015625">
        <ele>28.6000003814697265625</ele>
        <time>2021-03-22T12:40:43.000Z</time>
        <extensions>
          <ns3:TrackPointExtension/>
        </extensions>
      </trkpt>
      <trkpt lat="39.895653985440731048583984375" lon="116.6465849988162517547607421875">
        <ele>28.3999996185302734375</ele>
        <time>2021-03-22T12:40:48.000Z</time>
        <extensions>
          <ns3:TrackPointExtension/>
        </extensions>
      </trkpt>
      <trkpt lat="39.895757921040058135986328125" lon="116.6466319374740123748779296875">
        <ele>28.200000762939453125</ele>
        <time>2021-03-22T12:40:53.000Z</time>
        <extensions>
          <ns3:TrackPointExtension/>
        </extensions>
      </trkpt>
      <trkpt lat="39.8958569951355457305908203125" lon="116.646659933030605316162109375">
        <ele>28</ele>
        <time>2021-03-22T12:40:58.000Z</time>
        <extensions>
          <ns3:TrackPointExtension/>
        </extensions>
      </trkpt>
      <trkpt lat="39.895884990692138671875" lon="116.6465789638459682464599609375">
        <ele>27.799999237060546875</ele>
        <time>2021-03-22T12:41:03.000Z</time>
        <extensions>
          <ns3:TrackPointExtension/>
        </extensions>
      </trkpt>
      <trkpt lat="39.895885996520519256591796875" lon="116.64644795469939708709716796875">
        <ele>27.799999237060546875</ele>
        <time>2021-03-22T12:41:08.000Z</time>
        <extensions>
          <ns3:TrackPointExtension/>
        </extensions>
      </trkpt>
      <trkpt lat="39.8959009163081645965576171875" lon="116.6462959907948970794677734375">
        <ele>27.6000003814697265625</ele>
        <time>2021-03-22T12:41:13.000Z</time>
        <extensions>
          <ns3:TrackPointExtension/>
        </extensions>
      </trkpt>
      <trkpt lat="39.8959129862487316131591796875" lon="116.64613296277821063995361328125">
        <ele>27.200000762939453125</ele>
        <time>2021-03-22T12:41:18.000Z</time>
        <extensions>
          <ns3:TrackPointExtension/>
        </extensions>
      </trkpt>
      <trkpt lat="39.89592597819864749908447265625" lon="116.645969934761524200439453125">
        <ele>27</ele>
        <time>2021-03-22T12:41:23.000Z</time>
        <extensions>
          <ns3:TrackPointExtension/>
        </extensions>
      </trkpt>
      <trkpt lat="39.89593796432018280029296875" lon="116.64580397307872772216796875">
        <ele>26.799999237060546875</ele>
        <time>2021-03-22T12:41:28.000Z</time>
        <extensions>
          <ns3:TrackPointExtension/>
        </extensions>
      </trkpt>
      <trkpt lat="39.8959599249064922332763671875" lon="116.64566793479025363922119140625">
        <ele>26.6000003814697265625</ele>
        <time>2021-03-22T12:41:33.000Z</time>
        <extensions>
          <ns3:TrackPointExtension/>
        </extensions>
      </trkpt>
      <trkpt lat="39.89597694016993045806884765625" lon="116.6455379314720630645751953125">
        <ele>26.799999237060546875</ele>
        <time>2021-03-22T12:41:38.000Z</time>
        <extensions>
          <ns3:TrackPointExtension/>
        </extensions>
      </trkpt>
      <trkpt lat="39.895987920463085174560546875" lon="116.645403988659381866455078125">
        <ele>27</ele>
        <time>2021-03-22T12:41:43.000Z</time>
        <extensions>
          <ns3:TrackPointExtension/>
        </extensions>
      </trkpt>
      <trkpt lat="39.8960249684751033782958984375" lon="116.64529091678559780120849609375">
        <ele>27.200000762939453125</ele>
        <time>2021-03-22T12:41:48.000Z</time>
        <extensions>
          <ns3:TrackPointExtension/>
        </extensions>
      </trkpt>
      <trkpt lat="39.89603393711149692535400390625" lon="116.645169965922832489013671875">
        <ele>27.3999996185302734375</ele>
        <time>2021-03-22T12:41:53.000Z</time>
        <extensions>
          <ns3:TrackPointExtension/>
        </extensions>
      </trkpt>
      <trkpt lat="39.89603695459663867950439453125" lon="116.6450259648263454437255859375">
        <ele>27.799999237060546875</ele>
        <time>2021-03-22T12:41:58.000Z</time>
        <extensions>
          <ns3:TrackPointExtension/>
        </extensions>
      </trkpt>
      <trkpt lat="39.8960229568183422088623046875" lon="116.644874922931194305419921875">
        <ele>28.200000762939453125</ele>
        <time>2021-03-22T12:42:03.000Z</time>
        <extensions>
          <ns3:TrackPointExtension/>
        </extensions>
      </trkpt>
      <trkpt lat="39.89603997208178043365478515625" lon="116.6447349451482295989990234375">
        <ele>28.200000762939453125</ele>
        <time>2021-03-22T12:42:08.000Z</time>
        <extensions>
          <ns3:TrackPointExtension/>
        </extensions>
      </trkpt>
      <trkpt lat="39.896052964031696319580078125" lon="116.64460494183003902435302734375">
        <ele>28.200000762939453125</ele>
        <time>2021-03-22T12:42:13.000Z</time>
        <extensions>
          <ns3:TrackPointExtension/>
        </extensions>
      </trkpt>
      <trkpt lat="39.89605598151683807373046875" lon="116.644479967653751373291015625">
        <ele>28</ele>
        <time>2021-03-22T12:42:18.000Z</time>
        <extensions>
          <ns3:TrackPointExtension/>
        </extensions>
      </trkpt>
      <trkpt lat="39.89606293849647045135498046875" lon="116.64435692131519317626953125">
        <ele>27.799999237060546875</ele>
        <time>2021-03-22T12:42:23.000Z</time>
        <extensions>
          <ns3:TrackPointExtension/>
        </extensions>
      </trkpt>
      <trkpt lat="39.8960739187896251678466796875" lon="116.644243933260440826416015625">
        <ele>27.6000003814697265625</ele>
        <time>2021-03-22T12:42:28.000Z</time>
        <extensions>
          <ns3:TrackPointExtension/>
        </extensions>
      </trkpt>
      <trkpt lat="39.8960809595882892608642578125" lon="116.64411493577063083648681640625">
        <ele>27.3999996185302734375</ele>
        <time>2021-03-22T12:42:33.000Z</time>
        <extensions>
          <ns3:TrackPointExtension/>
        </extensions>
      </trkpt>
      <trkpt lat="39.89609898068010807037353515625" lon="116.64400697685778141021728515625">
        <ele>27.200000762939453125</ele>
        <time>2021-03-22T12:42:38.000Z</time>
        <extensions>
          <ns3:TrackPointExtension/>
        </extensions>
      </trkpt>
      <trkpt lat="39.89609193988144397735595703125" lon="116.6438809968531131744384765625">
        <ele>26.799999237060546875</ele>
        <time>2021-03-22T12:42:43.000Z</time>
        <extensions>
          <ns3:TrackPointExtension/>
        </extensions>
      </trkpt>
      <trkpt lat="39.89608892239630222320556640625" lon="116.64374596439301967620849609375">
        <ele>26.799999237060546875</ele>
        <time>2021-03-22T12:42:48.000Z</time>
        <extensions>
          <ns3:TrackPointExtension/>
        </extensions>
      </trkpt>
      <trkpt lat="39.89609294570982456207275390625" lon="116.643614955246448516845703125">
        <ele>26.799999237060546875</ele>
        <time>2021-03-22T12:42:53.000Z</time>
        <extensions>
          <ns3:TrackPointExtension/>
        </extensions>
      </trkpt>
      <trkpt lat="39.89611096680164337158203125" lon="116.64349995553493499755859375">
        <ele>26.799999237060546875</ele>
        <time>2021-03-22T12:42:58.000Z</time>
        <extensions>
          <ns3:TrackPointExtension/>
        </extensions>
      </trkpt>
      <trkpt lat="39.89609395153820514678955078125" lon="116.64336492307484149932861328125">
        <ele>26.799999237060546875</ele>
        <time>2021-03-22T12:43:03.000Z</time>
        <extensions>
          <ns3:TrackPointExtension/>
        </extensions>
      </trkpt>
      <trkpt lat="39.89609093405306339263916015625" lon="116.6432369314134120941162109375">
        <ele>26.799999237060546875</ele>
        <time>2021-03-22T12:43:08.000Z</time>
        <extensions>
          <ns3:TrackPointExtension/>
        </extensions>
      </trkpt>
      <trkpt lat="39.89609495736658573150634765625" lon="116.64311095140874385833740234375">
        <ele>27</ele>
        <time>2021-03-22T12:43:13.000Z</time>
        <extensions>
          <ns3:TrackPointExtension/>
        </extensions>
      </trkpt>
      <trkpt lat="39.89608992822468280792236328125" lon="116.64297399111092090606689453125">
        <ele>27.200000762939453125</ele>
        <time>2021-03-22T12:43:18.000Z</time>
        <extensions>
          <ns3:TrackPointExtension/>
        </extensions>
      </trkpt>
      <trkpt lat="39.89609596319496631622314453125" lon="116.64282898418605327606201171875">
        <ele>27.200000762939453125</ele>
        <time>2021-03-22T12:43:23.000Z</time>
        <extensions>
          <ns3:TrackPointExtension/>
        </extensions>
      </trkpt>
      <trkpt lat="39.89609596319496631622314453125" lon="116.64267995394766330718994140625">
        <ele>27.200000762939453125</ele>
        <time>2021-03-22T12:43:28.000Z</time>
        <extensions>
          <ns3:TrackPointExtension/>
        </extensions>
      </trkpt>
      <trkpt lat="39.8960869945585727691650390625" lon="116.64253192953765392303466796875">
        <ele>27.200000762939453125</ele>
        <time>2021-03-22T12:43:33.000Z</time>
        <extensions>
          <ns3:TrackPointExtension/>
        </extensions>
      </trkpt>
      <trkpt lat="39.89609294570982456207275390625" lon="116.6423749364912509918212890625">
        <ele>27.200000762939453125</ele>
        <time>2021-03-22T12:43:38.000Z</time>
        <extensions>
          <ns3:TrackPointExtension/>
        </extensions>
      </trkpt>
      <trkpt lat="39.89610694348812103271484375" lon="116.642230935394763946533203125">
        <ele>27</ele>
        <time>2021-03-22T12:43:43.000Z</time>
        <extensions>
          <ns3:TrackPointExtension/>
        </extensions>
      </trkpt>
      <trkpt lat="39.89610099233686923980712890625" lon="116.6420939750969409942626953125">
        <ele>27.3999996185302734375</ele>
        <time>2021-03-22T12:43:48.000Z</time>
        <extensions>
          <ns3:TrackPointExtension/>
        </extensions>
      </trkpt>
      <trkpt lat="39.89610694348812103271484375" lon="116.64196196012198925018310546875">
        <ele>27.6000003814697265625</ele>
        <time>2021-03-22T12:43:53.000Z</time>
        <extensions>
          <ns3:TrackPointExtension/>
        </extensions>
      </trkpt>
      <trkpt lat="39.8961089551448822021484375" lon="116.641827933490276336669921875">
        <ele>28</ele>
        <time>2021-03-22T12:43:58.000Z</time>
        <extensions>
          <ns3:TrackPointExtension/>
        </extensions>
      </trkpt>
      <trkpt lat="39.896111972630023956298828125" lon="116.6416889615356922149658203125">
        <ele>28.3999996185302734375</ele>
        <time>2021-03-22T12:44:03.000Z</time>
        <extensions>
          <ns3:TrackPointExtension/>
        </extensions>
      </trkpt>
      <trkpt lat="39.89613099955022335052490234375" lon="116.6415679268538951873779296875">
        <ele>28.6000003814697265625</ele>
        <time>2021-03-22T12:44:08.000Z</time>
        <extensions>
          <ns3:TrackPointExtension/>
        </extensions>
      </trkpt>
      <trkpt lat="39.8961429856717586517333984375" lon="116.64143993519246578216552734375">
        <ele>29.200000762939453125</ele>
        <time>2021-03-22T12:44:13.000Z</time>
        <extensions>
          <ns3:TrackPointExtension/>
        </extensions>
      </trkpt>
      <trkpt lat="39.8961399681866168975830078125" lon="116.64130398072302341461181640625">
        <ele>29.6000003814697265625</ele>
        <time>2021-03-22T12:44:18.000Z</time>
        <extensions>
          <ns3:TrackPointExtension/>
        </extensions>
      </trkpt>
      <trkpt lat="39.89614793099462985992431640625" lon="116.6411639191210269927978515625">
        <ele>30.200000762939453125</ele>
        <time>2021-03-22T12:44:23.000Z</time>
        <extensions>
          <ns3:TrackPointExtension/>
        </extensions>
      </trkpt>
      <trkpt lat="39.89614893682301044464111328125" lon="116.641025952994823455810546875">
        <ele>30.6000003814697265625</ele>
        <time>2021-03-22T12:44:28.000Z</time>
        <extensions>
          <ns3:TrackPointExtension/>
        </extensions>
      </trkpt>
      <trkpt lat="39.89618397317826747894287109375" lon="116.64090299047529697418212890625">
        <ele>31.200000762939453125</ele>
        <time>2021-03-22T12:44:33.000Z</time>
        <extensions>
          <ns3:TrackPointExtension/>
        </extensions>
      </trkpt>
      <trkpt lat="39.89621297456324100494384765625" lon="116.6407629288733005523681640625">
        <ele>31.799999237060546875</ele>
        <time>2021-03-22T12:44:38.000Z</time>
        <extensions>
          <ns3:TrackPointExtension/>
        </extensions>
      </trkpt>
      <trkpt lat="39.896280951797962188720703125" lon="116.6406559757888317108154296875">
        <ele>31.799999237060546875</ele>
        <time>2021-03-22T12:44:43.000Z</time>
        <extensions>
          <ns3:TrackPointExtension/>
        </extensions>
      </trkpt>
      <trkpt lat="39.89634297788143157958984375" lon="116.64052396081387996673583984375">
        <ele>31.799999237060546875</ele>
        <time>2021-03-22T12:44:48.000Z</time>
        <extensions>
          <ns3:TrackPointExtension/>
        </extensions>
      </trkpt>
      <trkpt lat="39.8963749967515468597412109375" lon="116.64037895388901233673095703125">
        <ele>31.799999237060546875</ele>
        <time>2021-03-22T12:44:53.000Z</time>
        <extensions>
          <ns3:TrackPointExtension/>
        </extensions>
      </trkpt>
      <trkpt lat="39.89638195373117923736572265625" lon="116.64023092947900295257568359375">
        <ele>32</ele>
        <time>2021-03-22T12:44:58.000Z</time>
        <extensions>
          <ns3:TrackPointExtension/>
        </extensions>
      </trkpt>
      <trkpt lat="39.89635798148810863494873046875" lon="116.6400719247758388519287109375">
        <ele>32.200000762939453125</ele>
        <time>2021-03-22T12:45:03.000Z</time>
        <extensions>
          <ns3:TrackPointExtension/>
        </extensions>
      </trkpt>
      <trkpt lat="39.89632193930447101593017578125" lon="116.6399009339511394500732421875">
        <ele>32.59999847412109375</ele>
        <time>2021-03-22T12:45:08.000Z</time>
        <extensions>
          <ns3:TrackPointExtension/>
        </extensions>
      </trkpt>
      <trkpt lat="39.8963059298694133758544921875" lon="116.63974997587502002716064453125">
        <ele>32.59999847412109375</ele>
        <time>2021-03-22T12:45:13.000Z</time>
        <extensions>
          <ns3:TrackPointExtension/>
        </extensions>
      </trkpt>
      <trkpt lat="39.89627399481832981109619140625" lon="116.639590971171855926513671875">
        <ele>32.40000152587890625</ele>
        <time>2021-03-22T12:45:18.000Z</time>
        <extensions>
          <ns3:TrackPointExtension/>
        </extensions>
      </trkpt>
      <trkpt lat="39.89620693959295749664306640625" lon="116.63942693732678890228271484375">
        <ele>32.40000152587890625</ele>
        <time>2021-03-22T12:45:23.000Z</time>
        <extensions>
          <ns3:TrackPointExtension/>
        </extensions>
      </trkpt>
      <trkpt lat="39.8961929418146610260009765625" lon="116.6392789967358112335205078125">
        <ele>32.40000152587890625</ele>
        <time>2021-03-22T12:45:28.000Z</time>
        <extensions>
          <ns3:TrackPointExtension/>
        </extensions>
      </trkpt>
      <trkpt lat="39.896171987056732177734375" lon="116.6391019709408283233642578125">
        <ele>32</ele>
        <time>2021-03-22T12:45:33.000Z</time>
        <extensions>
          <ns3:TrackPointExtension/>
        </extensions>
      </trkpt>
      <trkpt lat="39.89615798927843570709228515625" lon="116.63893491961061954498291015625">
        <ele>31.799999237060546875</ele>
        <time>2021-03-22T12:45:38.000Z</time>
        <extensions>
          <ns3:TrackPointExtension/>
        </extensions>
      </trkpt>
      <trkpt lat="39.89615094847977161407470703125" lon="116.63874196819961071014404296875">
        <ele>31.3999996185302734375</ele>
        <time>2021-03-22T12:45:43.000Z</time>
        <extensions>
          <ns3:TrackPointExtension/>
        </extensions>
      </trkpt>
      <trkpt lat="39.896115995943546295166015625" lon="116.6385259665548801422119140625">
        <ele>31</ele>
        <time>2021-03-22T12:45:48.000Z</time>
        <extensions>
          <ns3:TrackPointExtension/>
        </extensions>
      </trkpt>
      <trkpt lat="39.89610694348812103271484375" lon="116.63837199099361896514892578125">
        <ele>30.6000003814697265625</ele>
        <time>2021-03-22T12:45:53.000Z</time>
        <extensions>
          <ns3:TrackPointExtension/>
        </extensions>
      </trkpt>
      <trkpt lat="39.896103926002979278564453125" lon="116.638208962976932525634765625">
        <ele>30.200000762939453125</ele>
        <time>2021-03-22T12:45:58.000Z</time>
        <extensions>
          <ns3:TrackPointExtension/>
        </extensions>
      </trkpt>
      <trkpt lat="39.89609696902334690093994140625" lon="116.63805599324405193328857421875">
        <ele>29.799999237060546875</ele>
        <time>2021-03-22T12:46:03.000Z</time>
        <extensions>
          <ns3:TrackPointExtension/>
        </extensions>
      </trkpt>
      <trkpt lat="39.8960789479315280914306640625" lon="116.63790696300566196441650390625">
        <ele>29.6000003814697265625</ele>
        <time>2021-03-22T12:46:08.000Z</time>
        <extensions>
          <ns3:TrackPointExtension/>
        </extensions>
      </trkpt>
      <trkpt lat="39.89606997929513454437255859375" lon="116.637740917503833770751953125">
        <ele>29.3999996185302734375</ele>
        <time>2021-03-22T12:46:13.000Z</time>
        <extensions>
          <ns3:TrackPointExtension/>
        </extensions>
      </trkpt>
      <trkpt lat="39.89604298956692218780517578125" lon="116.63759096525609493255615234375">
        <ele>29.200000762939453125</ele>
        <time>2021-03-22T12:46:18.000Z</time>
        <extensions>
          <ns3:TrackPointExtension/>
        </extensions>
      </trkpt>
      <trkpt lat="39.89605598151683807373046875" lon="116.637457944452762603759765625">
        <ele>29.200000762939453125</ele>
        <time>2021-03-22T12:46:23.000Z</time>
        <extensions>
          <ns3:TrackPointExtension/>
        </extensions>
      </trkpt>
      <trkpt lat="39.89609294570982456207275390625" lon="116.637351997196674346923828125">
        <ele>29</ele>
        <time>2021-03-22T12:46:28.000Z</time>
        <extensions>
          <ns3:TrackPointExtension/>
        </extensions>
      </trkpt>
      <trkpt lat="39.89609596319496631622314453125" lon="116.63722199387848377227783203125">
        <ele>29.200000762939453125</ele>
        <time>2021-03-22T12:46:33.000Z</time>
        <extensions>
          <ns3:TrackPointExtension/>
        </extensions>
      </trkpt>
      <trkpt lat="39.89610292017459869384765625" lon="116.6370829381048679351806640625">
        <ele>29.200000762939453125</ele>
        <time>2021-03-22T12:46:38.000Z</time>
        <extensions>
          <ns3:TrackPointExtension/>
        </extensions>
      </trkpt>
      <trkpt lat="39.89610099233686923980712890625" lon="116.63694195449352264404296875">
        <ele>29.200000762939453125</ele>
        <time>2021-03-22T12:46:43.000Z</time>
        <extensions>
          <ns3:TrackPointExtension/>
        </extensions>
      </trkpt>
      <trkpt lat="39.896046929061412811279296875" lon="116.6368039883673191070556640625">
        <ele>29.200000762939453125</ele>
        <time>2021-03-22T12:46:48.000Z</time>
        <extensions>
          <ns3:TrackPointExtension/>
        </extensions>
      </trkpt>
      <trkpt lat="39.89601097069680690765380859375" lon="116.63676492869853973388671875">
        <ele>29.200000762939453125</ele>
        <time>2021-03-22T12:46:53.000Z</time>
        <extensions>
          <ns3:TrackPointExtension/>
        </extensions>
      </trkpt>
      <trkpt lat="39.89604097791016101837158203125" lon="116.63686492480337619781494140625">
        <ele>29.200000762939453125</ele>
        <time>2021-03-22T12:46:58.000Z</time>
        <extensions>
          <ns3:TrackPointExtension/>
        </extensions>
      </trkpt>
      <trkpt lat="39.89606595598161220550537109375" lon="116.6370289586484432220458984375">
        <ele>29.200000762939453125</ele>
        <time>2021-03-22T12:47:03.000Z</time>
        <extensions>
          <ns3:TrackPointExtension/>
        </extensions>
      </trkpt>
      <trkpt lat="39.89609193988144397735595703125" lon="116.63718997500836849212646484375">
        <ele>29.200000762939453125</ele>
        <time>2021-03-22T12:47:08.000Z</time>
        <extensions>
          <ns3:TrackPointExtension/>
        </extensions>
      </trkpt>
      <trkpt lat="39.89611096680164337158203125" lon="116.63735493086278438568115234375">
        <ele>29</ele>
        <time>2021-03-22T12:47:13.000Z</time>
        <extensions>
          <ns3:TrackPointExtension/>
        </extensions>
      </trkpt>
      <trkpt lat="39.8961389623582363128662109375" lon="116.637518964707851409912109375">
        <ele>29.200000762939453125</ele>
        <time>2021-03-22T12:47:18.000Z</time>
        <extensions>
          <ns3:TrackPointExtension/>
        </extensions>
      </trkpt>
      <trkpt lat="39.89617492072284221649169921875" lon="116.637690961360931396484375">
        <ele>29.3999996185302734375</ele>
        <time>2021-03-22T12:47:23.000Z</time>
        <extensions>
          <ns3:TrackPointExtension/>
        </extensions>
      </trkpt>
      <trkpt lat="39.8961899243295192718505859375" lon="116.63785298354923725128173828125">
        <ele>29.6000003814697265625</ele>
        <time>2021-03-22T12:47:28.000Z</time>
        <extensions>
          <ns3:TrackPointExtension/>
        </extensions>
      </trkpt>
      <trkpt lat="39.8961909301578998565673828125" lon="116.6380099765956401824951171875">
        <ele>29.799999237060546875</ele>
        <time>2021-03-22T12:47:33.000Z</time>
        <extensions>
          <ns3:TrackPointExtension/>
        </extensions>
      </trkpt>
      <trkpt lat="39.89620392210781574249267578125" lon="116.6381759382784366607666015625">
        <ele>30</ele>
        <time>2021-03-22T12:47:38.000Z</time>
        <extensions>
          <ns3:TrackPointExtension/>
        </extensions>
      </trkpt>
      <trkpt lat="39.89622294902801513671875" lon="116.63833997212350368499755859375">
        <ele>30.3999996185302734375</ele>
        <time>2021-03-22T12:47:43.000Z</time>
        <extensions>
          <ns3:TrackPointExtension/>
        </extensions>
      </trkpt>
      <trkpt lat="39.89623191766440868377685546875" lon="116.63850392214953899383544921875">
        <ele>30.799999237060546875</ele>
        <time>2021-03-22T12:47:48.000Z</time>
        <extensions>
          <ns3:TrackPointExtension/>
        </extensions>
      </trkpt>
      <trkpt lat="39.89620291627943515777587890625" lon="116.63865596987307071685791015625">
        <ele>31.200000762939453125</ele>
        <time>2021-03-22T12:47:53.000Z</time>
        <extensions>
          <ns3:TrackPointExtension/>
        </extensions>
      </trkpt>
      <trkpt lat="39.8961909301578998565673828125" lon="116.6388149745762348175048828125">
        <ele>31.6000003814697265625</ele>
        <time>2021-03-22T12:47:58.000Z</time>
        <extensions>
          <ns3:TrackPointExtension/>
        </extensions>
      </trkpt>
      <trkpt lat="39.89620593376457691192626953125" lon="116.6389779187738895416259765625">
        <ele>32</ele>
        <time>2021-03-22T12:48:03.000Z</time>
        <extensions>
          <ns3:TrackPointExtension/>
        </extensions>
      </trkpt>
      <trkpt lat="39.8961999826133251190185546875" lon="116.63912099786102771759033203125">
        <ele>32.200000762939453125</ele>
        <time>2021-03-22T12:48:08.000Z</time>
        <extensions>
          <ns3:TrackPointExtension/>
        </extensions>
      </trkpt>
      <trkpt lat="39.89621297456324100494384765625" lon="116.63928695954382419586181640625">
        <ele>32.40000152587890625</ele>
        <time>2021-03-22T12:48:13.000Z</time>
        <extensions>
          <ns3:TrackPointExtension/>
        </extensions>
      </trkpt>
      <trkpt lat="39.89622496068477630615234375" lon="116.6394509933888912200927734375">
        <ele>32.59999847412109375</ele>
        <time>2021-03-22T12:48:18.000Z</time>
        <extensions>
          <ns3:TrackPointExtension/>
        </extensions>
      </trkpt>
      <trkpt lat="39.89621498622000217437744140625" lon="116.63960094563663005828857421875">
        <ele>32.59999847412109375</ele>
        <time>2021-03-22T12:48:23.000Z</time>
        <extensions>
          <ns3:TrackPointExtension/>
        </extensions>
      </trkpt>
      <trkpt lat="39.89621096290647983551025390625" lon="116.63975693285465240478515625">
        <ele>32.799999237060546875</ele>
        <time>2021-03-22T12:48:28.000Z</time>
        <extensions>
          <ns3:TrackPointExtension/>
        </extensions>
      </trkpt>
      <trkpt lat="39.89620895124971866607666015625" lon="116.6399109922349452972412109375">
        <ele>33</ele>
        <time>2021-03-22T12:48:33.000Z</time>
        <extensions>
          <ns3:TrackPointExtension/>
        </extensions>
      </trkpt>
      <trkpt lat="39.8961949534714221954345703125" lon="116.64005599915981292724609375">
        <ele>32.799999237060546875</ele>
        <time>2021-03-22T12:48:38.000Z</time>
        <extensions>
          <ns3:TrackPointExtension/>
        </extensions>
      </trkpt>
      <trkpt lat="39.89618598483502864837646484375" lon="116.64020192809402942657470703125">
        <ele>32.59999847412109375</ele>
        <time>2021-03-22T12:48:43.000Z</time>
        <extensions>
          <ns3:TrackPointExtension/>
        </extensions>
      </trkpt>
      <trkpt lat="39.89620291627943515777587890625" lon="116.64037392474710941314697265625">
        <ele>32.40000152587890625</ele>
        <time>2021-03-22T12:48:48.000Z</time>
        <extensions>
          <ns3:TrackPointExtension/>
        </extensions>
      </trkpt>
      <trkpt lat="39.8962189257144927978515625" lon="116.64056293666362762451171875">
        <ele>32.200000762939453125</ele>
        <time>2021-03-22T12:48:53.000Z</time>
        <extensions>
          <ns3:TrackPointExtension/>
        </extensions>
      </trkpt>
      <trkpt lat="39.896219931542873382568359375" lon="116.64074398577213287353515625">
        <ele>31.799999237060546875</ele>
        <time>2021-03-22T12:48:58.000Z</time>
        <extensions>
          <ns3:TrackPointExtension/>
        </extensions>
      </trkpt>
      <trkpt lat="39.896221943199634552001953125" lon="116.640915982425212860107421875">
        <ele>31.200000762939453125</ele>
        <time>2021-03-22T12:49:03.000Z</time>
        <extensions>
          <ns3:TrackPointExtension/>
        </extensions>
      </trkpt>
      <trkpt lat="39.896225966513156890869140625" lon="116.6411069221794605255126953125">
        <ele>30.3999996185302734375</ele>
        <time>2021-03-22T12:49:08.000Z</time>
        <extensions>
          <ns3:TrackPointExtension/>
        </extensions>
      </trkpt>
      <trkpt lat="39.89622093737125396728515625" lon="116.6412849538028240203857421875">
        <ele>29.799999237060546875</ele>
        <time>2021-03-22T12:49:13.000Z</time>
        <extensions>
          <ns3:TrackPointExtension/>
        </extensions>
      </trkpt>
      <trkpt lat="39.89622496068477630615234375" lon="116.6414639912545680999755859375">
        <ele>29.200000762939453125</ele>
        <time>2021-03-22T12:49:18.000Z</time>
        <extensions>
          <ns3:TrackPointExtension/>
        </extensions>
      </trkpt>
      <trkpt lat="39.89621498622000217437744140625" lon="116.64161696098744869232177734375">
        <ele>28.799999237060546875</ele>
        <time>2021-03-22T12:49:23.000Z</time>
        <extensions>
          <ns3:TrackPointExtension/>
        </extensions>
      </trkpt>
      <trkpt lat="39.89622496068477630615234375" lon="116.641778983175754547119140625">
        <ele>28.3999996185302734375</ele>
        <time>2021-03-22T12:49:28.000Z</time>
        <extensions>
          <ns3:TrackPointExtension/>
        </extensions>
      </trkpt>
      <trkpt lat="39.89623392932116985321044921875" lon="116.64194695651531219482421875">
        <ele>28</ele>
        <time>2021-03-22T12:49:33.000Z</time>
        <extensions>
          <ns3:TrackPointExtension/>
        </extensions>
      </trkpt>
      <trkpt lat="39.896229989826679229736328125" lon="116.642114929854869842529296875">
        <ele>27.6000003814697265625</ele>
        <time>2021-03-22T12:49:38.000Z</time>
        <extensions>
          <ns3:TrackPointExtension/>
        </extensions>
      </trkpt>
      <trkpt lat="39.89621096290647983551025390625" lon="116.64227996952831745147705078125">
        <ele>27.200000762939453125</ele>
        <time>2021-03-22T12:49:43.000Z</time>
        <extensions>
          <ns3:TrackPointExtension/>
        </extensions>
      </trkpt>
      <trkpt lat="39.89618296734988689422607421875" lon="116.64242698810994625091552734375">
        <ele>27</ele>
        <time>2021-03-22T12:49:48.000Z</time>
        <extensions>
          <ns3:TrackPointExtension/>
        </extensions>
      </trkpt>
      <trkpt lat="39.89615698345005512237548828125" lon="116.64257199503481388092041015625">
        <ele>27</ele>
        <time>2021-03-22T12:49:53.000Z</time>
        <extensions>
          <ns3:TrackPointExtension/>
        </extensions>
      </trkpt>
      <trkpt lat="39.89615195430815219879150390625" lon="116.64273393340408802032470703125">
        <ele>27</ele>
        <time>2021-03-22T12:49:58.000Z</time>
        <extensions>
          <ns3:TrackPointExtension/>
        </extensions>
      </trkpt>
      <trkpt lat="39.8961679637432098388671875" lon="116.6428969614207744598388671875">
        <ele>27</ele>
        <time>2021-03-22T12:50:03.000Z</time>
        <extensions>
          <ns3:TrackPointExtension/>
        </extensions>
      </trkpt>
      <trkpt lat="39.8961639404296875" lon="116.64305194281041622161865234375">
        <ele>27</ele>
        <time>2021-03-22T12:50:08.000Z</time>
        <extensions>
          <ns3:TrackPointExtension/>
        </extensions>
      </trkpt>
      <trkpt lat="39.89614893682301044464111328125" lon="116.64319896139204502105712890625">
        <ele>26.799999237060546875</ele>
        <time>2021-03-22T12:50:13.000Z</time>
        <extensions>
          <ns3:TrackPointExtension/>
        </extensions>
      </trkpt>
      <trkpt lat="39.89615899510681629180908203125" lon="116.64337095804512500762939453125">
        <ele>27</ele>
        <time>2021-03-22T12:50:18.000Z</time>
        <extensions>
          <ns3:TrackPointExtension/>
        </extensions>
      </trkpt>
      <trkpt lat="39.89617894403636455535888671875" lon="116.64354697801172733306884765625">
        <ele>27</ele>
        <time>2021-03-22T12:50:23.000Z</time>
        <extensions>
          <ns3:TrackPointExtension/>
        </extensions>
      </trkpt>
      <trkpt lat="39.89617894403636455535888671875" lon="116.64371293969452381134033203125">
        <ele>27</ele>
        <time>2021-03-22T12:50:28.000Z</time>
        <extensions>
          <ns3:TrackPointExtension/>
        </extensions>
      </trkpt>
      <trkpt lat="39.89617592655122280120849609375" lon="116.6438719443976879119873046875">
        <ele>27</ele>
        <time>2021-03-22T12:50:33.000Z</time>
        <extensions>
          <ns3:TrackPointExtension/>
        </extensions>
      </trkpt>
      <trkpt lat="39.896171987056732177734375" lon="116.64403497241437435150146484375">
        <ele>27.200000762939453125</ele>
        <time>2021-03-22T12:50:38.000Z</time>
        <extensions>
          <ns3:TrackPointExtension/>
        </extensions>
      </trkpt>
      <trkpt lat="39.89618095569312572479248046875" lon="116.64421099238097667694091796875">
        <ele>27.3999996185302734375</ele>
        <time>2021-03-22T12:50:43.000Z</time>
        <extensions>
          <ns3:TrackPointExtension/>
        </extensions>
      </trkpt>
      <trkpt lat="39.89618699066340923309326171875" lon="116.64438298903405666351318359375">
        <ele>27.6000003814697265625</ele>
        <time>2021-03-22T12:50:48.000Z</time>
        <extensions>
          <ns3:TrackPointExtension/>
        </extensions>
      </trkpt>
      <trkpt lat="39.89618296734988689422607421875" lon="116.64454693906009197235107421875">
        <ele>27.799999237060546875</ele>
        <time>2021-03-22T12:50:53.000Z</time>
        <extensions>
          <ns3:TrackPointExtension/>
        </extensions>
      </trkpt>
      <trkpt lat="39.896164946258068084716796875" lon="116.64470099844038486480712890625">
        <ele>28</ele>
        <time>2021-03-22T12:50:58.000Z</time>
        <extensions>
          <ns3:TrackPointExtension/>
        </extensions>
      </trkpt>
      <trkpt lat="39.89614994265139102935791015625" lon="116.6448559798300266265869140625">
        <ele>28</ele>
        <time>2021-03-22T12:51:03.000Z</time>
        <extensions>
          <ns3:TrackPointExtension/>
        </extensions>
      </trkpt>
      <trkpt lat="39.89615899510681629180908203125" lon="116.6450229473412036895751953125">
        <ele>27.6000003814697265625</ele>
        <time>2021-03-22T12:51:08.000Z</time>
        <extensions>
          <ns3:TrackPointExtension/>
        </extensions>
      </trkpt>
      <trkpt lat="39.89614893682301044464111328125" lon="116.64521296508610248565673828125">
        <ele>27.200000762939453125</ele>
        <time>2021-03-22T12:51:13.000Z</time>
        <extensions>
          <ns3:TrackPointExtension/>
        </extensions>
      </trkpt>
      <trkpt lat="39.89611499011516571044921875" lon="116.64539493620395660400390625">
        <ele>26.799999237060546875</ele>
        <time>2021-03-22T12:51:18.000Z</time>
        <extensions>
          <ns3:TrackPointExtension/>
        </extensions>
      </trkpt>
      <trkpt lat="39.8960799537599086761474609375" lon="116.645566932857036590576171875">
        <ele>26.6000003814697265625</ele>
        <time>2021-03-22T12:51:23.000Z</time>
        <extensions>
          <ns3:TrackPointExtension/>
        </extensions>
      </trkpt>
      <trkpt lat="39.89605195820331573486328125" lon="116.645743958652019500732421875">
        <ele>26.3999996185302734375</ele>
        <time>2021-03-22T12:51:28.000Z</time>
        <extensions>
          <ns3:TrackPointExtension/>
        </extensions>
      </trkpt>
      <trkpt lat="39.89604793488979339599609375" lon="116.645916961133480072021484375">
        <ele>26.799999237060546875</ele>
        <time>2021-03-22T12:51:33.000Z</time>
        <extensions>
          <ns3:TrackPointExtension/>
        </extensions>
      </trkpt>
      <trkpt lat="39.89604298956692218780517578125" lon="116.64609096944332122802734375">
        <ele>27</ele>
        <time>2021-03-22T12:51:38.000Z</time>
        <extensions>
          <ns3:TrackPointExtension/>
        </extensions>
      </trkpt>
      <trkpt lat="39.89603695459663867950439453125" lon="116.64625198580324649810791015625">
        <ele>27.200000762939453125</ele>
        <time>2021-03-22T12:51:43.000Z</time>
        <extensions>
          <ns3:TrackPointExtension/>
        </extensions>
      </trkpt>
      <trkpt lat="39.89600493572652339935302734375" lon="116.6464089788496494293212890625">
        <ele>27.3999996185302734375</ele>
        <time>2021-03-22T12:51:48.000Z</time>
        <extensions>
          <ns3:TrackPointExtension/>
        </extensions>
      </trkpt>
      <trkpt lat="39.895995967090129852294921875" lon="116.64658793248236179351806640625">
        <ele>27.6000003814697265625</ele>
        <time>2021-03-22T12:51:53.000Z</time>
        <extensions>
          <ns3:TrackPointExtension/>
        </extensions>
      </trkpt>
      <trkpt lat="39.8959099687635898590087890625" lon="116.64672992192208766937255859375">
        <ele>28</ele>
        <time>2021-03-22T12:51:58.000Z</time>
        <extensions>
          <ns3:TrackPointExtension/>
        </extensions>
      </trkpt>
      <trkpt lat="39.89577594213187694549560546875" lon="116.6467529721558094024658203125">
        <ele>28.3999996185302734375</ele>
        <time>2021-03-22T12:52:03.000Z</time>
        <extensions>
          <ns3:TrackPointExtension/>
        </extensions>
      </trkpt>
      <trkpt lat="39.89564694464206695556640625" lon="116.64670695550739765167236328125">
        <ele>28.6000003814697265625</ele>
        <time>2021-03-22T12:52:08.000Z</time>
        <extensions>
          <ns3:TrackPointExtension/>
        </extensions>
      </trkpt>
      <trkpt lat="39.8955099843442440032958984375" lon="116.64665699936449527740478515625">
        <ele>28.799999237060546875</ele>
        <time>2021-03-22T12:52:13.000Z</time>
        <extensions>
          <ns3:TrackPointExtension/>
        </extensions>
      </trkpt>
      <trkpt lat="39.89537294022738933563232421875" lon="116.64660997688770294189453125">
        <ele>29</ele>
        <time>2021-03-22T12:52:18.000Z</time>
        <extensions>
          <ns3:TrackPointExtension/>
        </extensions>
      </trkpt>
      <trkpt lat="39.895246960222721099853515625" lon="116.646549962460994720458984375">
        <ele>29</ele>
        <time>2021-03-22T12:52:23.000Z</time>
        <extensions>
          <ns3:TrackPointExtension/>
        </extensions>
      </trkpt>
      <trkpt lat="39.895130954682826995849609375" lon="116.64650092832744121551513671875">
        <ele>29</ele>
        <time>2021-03-22T12:52:28.000Z</time>
        <extensions>
          <ns3:TrackPointExtension/>
        </extensions>
      </trkpt>
      <trkpt lat="39.89500598050653934478759765625" lon="116.64644795469939708709716796875">
        <ele>28.799999237060546875</ele>
        <time>2021-03-22T12:52:33.000Z</time>
        <extensions>
          <ns3:TrackPointExtension/>
        </extensions>
      </trkpt>
      <trkpt lat="39.89488896913826465606689453125" lon="116.646375954151153564453125">
        <ele>28.6000003814697265625</ele>
        <time>2021-03-22T12:52:38.000Z</time>
        <extensions>
          <ns3:TrackPointExtension/>
        </extensions>
      </trkpt>
      <trkpt lat="39.89476994611322879791259765625" lon="116.64631099440157413482666015625">
        <ele>28.3999996185302734375</ele>
        <time>2021-03-22T12:52:43.000Z</time>
        <extensions>
          <ns3:TrackPointExtension/>
        </extensions>
      </trkpt>
      <trkpt lat="39.8946379311382770538330078125" lon="116.64625299163162708282470703125">
        <ele>28.3999996185302734375</ele>
        <time>2021-03-22T12:52:48.000Z</time>
        <extensions>
          <ns3:TrackPointExtension/>
        </extensions>
      </trkpt>
      <trkpt lat="39.89451798610389232635498046875" lon="116.6462109982967376708984375">
        <ele>28.3999996185302734375</ele>
        <time>2021-03-22T12:52:53.000Z</time>
        <extensions>
          <ns3:TrackPointExtension/>
        </extensions>
      </trkpt>
      <trkpt lat="39.89440198056399822235107421875" lon="116.6461759619414806365966796875">
        <ele>28.3999996185302734375</ele>
        <time>2021-03-22T12:52:58.000Z</time>
        <extensions>
          <ns3:TrackPointExtension/>
        </extensions>
      </trkpt>
      <trkpt lat="39.8942909203469753265380859375" lon="116.6461149416863918304443359375">
        <ele>28.3999996185302734375</ele>
        <time>2021-03-22T12:53:03.000Z</time>
        <extensions>
          <ns3:TrackPointExtension/>
        </extensions>
      </trkpt>
      <trkpt lat="39.89417499862611293792724609375" lon="116.64604595862329006195068359375">
        <ele>28.3999996185302734375</ele>
        <time>2021-03-22T12:53:08.000Z</time>
        <extensions>
          <ns3:TrackPointExtension/>
        </extensions>
      </trkpt>
      <trkpt lat="39.89404499530792236328125" lon="116.64598099887371063232421875">
        <ele>28.3999996185302734375</ele>
        <time>2021-03-22T12:53:13.000Z</time>
        <extensions>
          <ns3:TrackPointExtension/>
        </extensions>
      </trkpt>
      <trkpt lat="39.8938929475843906402587890625" lon="116.6459119319915771484375">
        <ele>28.200000762939453125</ele>
        <time>2021-03-22T12:53:18.000Z</time>
        <extensions>
          <ns3:TrackPointExtension/>
        </extensions>
      </trkpt>
      <trkpt lat="39.8937829770147800445556640625" lon="116.6459449566900730133056640625">
        <ele>28.3999996185302734375</ele>
        <time>2021-03-22T12:53:23.000Z</time>
        <extensions>
          <ns3:TrackPointExtension/>
        </extensions>
      </trkpt>
      <trkpt lat="39.8937259800732135772705078125" lon="116.6460639797151088714599609375">
        <ele>28.3999996185302734375</ele>
        <time>2021-03-22T12:53:28.000Z</time>
        <extensions>
          <ns3:TrackPointExtension/>
        </extensions>
      </trkpt>
      <trkpt lat="39.8936679773032665252685546875" lon="116.64619297720491886138916015625">
        <ele>28.6000003814697265625</ele>
        <time>2021-03-22T12:53:33.000Z</time>
        <extensions>
          <ns3:TrackPointExtension/>
        </extensions>
      </trkpt>
      <trkpt lat="39.8935849964618682861328125" lon="116.64627595804631710052490234375">
        <ele>28.799999237060546875</ele>
        <time>2021-03-22T12:53:38.000Z</time>
        <extensions>
          <ns3:TrackPointExtension/>
        </extensions>
      </trkpt>
      <trkpt lat="39.89344191737473011016845703125" lon="116.64628199301660060882568359375">
        <ele>29</ele>
        <time>2021-03-22T12:53:43.000Z</time>
        <extensions>
          <ns3:TrackPointExtension/>
        </extensions>
      </trkpt>
      <trkpt lat="39.8933249898254871368408203125" lon="116.6462319530546665191650390625">
        <ele>29</ele>
        <time>2021-03-22T12:53:48.000Z</time>
        <extensions>
          <ns3:TrackPointExtension/>
        </extensions>
      </trkpt>
      <trkpt lat="39.8932029493153095245361328125" lon="116.6461739502847194671630859375">
        <ele>29</ele>
        <time>2021-03-22T12:53:53.000Z</time>
        <extensions>
          <ns3:TrackPointExtension/>
        </extensions>
      </trkpt>
      <trkpt lat="39.89307495765388011932373046875" lon="116.64612793363630771636962890625">
        <ele>29</ele>
        <time>2021-03-22T12:53:58.000Z</time>
        <extensions>
          <ns3:TrackPointExtension/>
        </extensions>
      </trkpt>
      <trkpt lat="39.892940931022167205810546875" lon="116.6460649855434894561767578125">
        <ele>29</ele>
        <time>2021-03-22T12:54:03.000Z</time>
        <extensions>
          <ns3:TrackPointExtension/>
        </extensions>
      </trkpt>
      <trkpt lat="39.8927979357540607452392578125" lon="116.64599499665200710296630859375">
        <ele>29.200000762939453125</ele>
        <time>2021-03-22T12:54:08.000Z</time>
        <extensions>
          <ns3:TrackPointExtension/>
        </extensions>
      </trkpt>
      <trkpt lat="39.89264898933470249176025390625" lon="116.64593699388206005096435546875">
        <ele>29.6000003814697265625</ele>
        <time>2021-03-22T12:54:13.000Z</time>
        <extensions>
          <ns3:TrackPointExtension/>
        </extensions>
      </trkpt>
      <trkpt lat="39.89250398240983486175537109375" lon="116.64590992033481597900390625">
        <ele>30</ele>
        <time>2021-03-22T12:54:18.000Z</time>
        <extensions>
          <ns3:TrackPointExtension/>
        </extensions>
      </trkpt>
      <trkpt lat="39.89236392080783843994140625" lon="116.64585493505001068115234375">
        <ele>30.200000762939453125</ele>
        <time>2021-03-22T12:54:23.000Z</time>
        <extensions>
          <ns3:TrackPointExtension/>
        </extensions>
      </trkpt>
      <trkpt lat="39.8922329954802989959716796875" lon="116.64581495337188243865966796875">
        <ele>30.6000003814697265625</ele>
        <time>2021-03-22T12:54:28.000Z</time>
        <extensions>
          <ns3:TrackPointExtension/>
        </extensions>
      </trkpt>
      <trkpt lat="39.8921169899404048919677734375" lon="116.64576298557221889495849609375">
        <ele>30.799999237060546875</ele>
        <time>2021-03-22T12:54:33.000Z</time>
        <extensions>
          <ns3:TrackPointExtension/>
        </extensions>
      </trkpt>
      <trkpt lat="39.89198396913707256317138671875" lon="116.64570095948874950408935546875">
        <ele>30.6000003814697265625</ele>
        <time>2021-03-22T12:54:38.000Z</time>
        <extensions>
          <ns3:TrackPointExtension/>
        </extensions>
      </trkpt>
      <trkpt lat="39.89187098108232021331787109375" lon="116.64564396254718303680419921875">
        <ele>30.3999996185302734375</ele>
        <time>2021-03-22T12:54:43.000Z</time>
        <extensions>
          <ns3:TrackPointExtension/>
        </extensions>
      </trkpt>
      <trkpt lat="39.891733936965465545654296875" lon="116.6456019692122936248779296875">
        <ele>29.799999237060546875</ele>
        <time>2021-03-22T12:54:48.000Z</time>
        <extensions>
          <ns3:TrackPointExtension/>
        </extensions>
      </trkpt>
      <trkpt lat="39.891617931425571441650390625" lon="116.64555897004902362823486328125">
        <ele>29.3999996185302734375</ele>
        <time>2021-03-22T12:54:53.000Z</time>
        <extensions>
          <ns3:TrackPointExtension/>
        </extensions>
      </trkpt>
      <trkpt lat="39.89152598194777965545654296875" lon="116.6454809345304965972900390625">
        <ele>29</ele>
        <time>2021-03-22T12:54:58.000Z</time>
        <extensions>
          <ns3:TrackPointExtension/>
        </extensions>
      </trkpt>
      <trkpt lat="39.8914759419858455657958984375" lon="116.64543491788208484649658203125">
        <ele>28.799999237060546875</ele>
        <time>2021-03-22T12:55:03.000Z</time>
        <extensions>
          <ns3:TrackPointExtension/>
        </extensions>
      </trkpt>
      <trkpt lat="39.89149798639118671417236328125" lon="116.64543994702398777008056640625">
        <ele>29</ele>
        <time>2021-03-22T12:55:08.000Z</time>
        <extensions>
          <ns3:TrackPointExtension/>
        </extensions>
      </trkpt>
      <trkpt lat="39.89155096001923084259033203125" lon="116.6454279609024524688720703125">
        <ele>29.200000762939453125</ele>
        <time>2021-03-22T12:55:13.000Z</time>
        <extensions>
          <ns3:TrackPointExtension/>
        </extensions>
      </trkpt>
      <trkpt lat="39.89158096723258495330810546875" lon="116.64541195146739482879638671875">
        <ele>29.200000762939453125</ele>
        <time>2021-03-22T12:55:18.000Z</time>
        <extensions>
          <ns3:TrackPointExtension/>
        </extensions>
      </trkpt>
      <trkpt lat="39.89163293503224849700927734375" lon="116.645397953689098358154296875">
        <ele>29.3999996185302734375</ele>
        <time>2021-03-22T12:55:23.000Z</time>
        <extensions>
          <ns3:TrackPointExtension/>
        </extensions>
      </trkpt>
      <trkpt lat="39.89169596694409847259521484375" lon="116.64540591649711132049560546875">
        <ele>29.6000003814697265625</ele>
        <time>2021-03-22T12:55:28.000Z</time>
        <extensions>
          <ns3:TrackPointExtension/>
        </extensions>
      </trkpt>
      <trkpt lat="39.89180895499885082244873046875" lon="116.64544992148876190185546875">
        <ele>30</ele>
        <time>2021-03-22T12:55:33.000Z</time>
        <extensions>
          <ns3:TrackPointExtension/>
        </extensions>
      </trkpt>
      <trkpt lat="39.89195597358047962188720703125" lon="116.64549493230879306793212890625">
        <ele>30.6000003814697265625</ele>
        <time>2021-03-22T12:55:38.000Z</time>
        <extensions>
          <ns3:TrackPointExtension/>
        </extensions>
      </trkpt>
      <trkpt lat="39.89206694997847080230712890625" lon="116.64552695117890834808349609375">
        <ele>31</ele>
        <time>2021-03-22T12:55:43.000Z</time>
        <extensions>
          <ns3:TrackPointExtension/>
        </extensions>
      </trkpt>
      <trkpt lat="39.8921679519116878509521484375" lon="116.645574979484081268310546875">
        <ele>30.799999237060546875</ele>
        <time>2021-03-22T12:55:48.000Z</time>
        <extensions>
          <ns3:TrackPointExtension/>
        </extensions>
      </trkpt>
      <trkpt lat="39.892309941351413726806640625" lon="116.64564698003232479095458984375">
        <ele>30.3999996185302734375</ele>
        <time>2021-03-22T12:55:53.000Z</time>
        <extensions>
          <ns3:TrackPointExtension/>
        </extensions>
      </trkpt>
      <trkpt lat="39.89242292940616607666015625" lon="116.64569995366036891937255859375">
        <ele>30.200000762939453125</ele>
        <time>2021-03-22T12:55:58.000Z</time>
        <extensions>
          <ns3:TrackPointExtension/>
        </extensions>
      </trkpt>
      <trkpt lat="39.89252493716776371002197265625" lon="116.64575192146003246307373046875">
        <ele>29.799999237060546875</ele>
        <time>2021-03-22T12:56:03.000Z</time>
        <extensions>
          <ns3:TrackPointExtension/>
        </extensions>
      </trkpt>
      <trkpt lat="39.89262099377810955047607421875" lon="116.64581294171512126922607421875">
        <ele>29.6000003814697265625</ele>
        <time>2021-03-22T12:56:08.000Z</time>
        <extensions>
          <ns3:TrackPointExtension/>
        </extensions>
      </trkpt>
      <trkpt lat="39.89270095713436603546142578125" lon="116.64585493505001068115234375">
        <ele>29.3999996185302734375</ele>
        <time>2021-03-22T12:56:13.000Z</time>
        <extensions>
          <ns3:TrackPointExtension/>
        </extensions>
      </trkpt>
      <trkpt lat="39.89278092049062252044677734375" lon="116.6458929888904094696044921875">
        <ele>29.200000762939453125</ele>
        <time>2021-03-22T12:56:18.000Z</time>
        <extensions>
          <ns3:TrackPointExtension/>
        </extensions>
      </trkpt>
      <trkpt lat="39.892883934080600738525390625" lon="116.6459459625184535980224609375">
        <ele>29</ele>
        <time>2021-03-22T12:56:23.000Z</time>
        <extensions>
          <ns3:TrackPointExtension/>
        </extensions>
      </trkpt>
      <trkpt lat="39.89301896654069423675537109375" lon="116.646026931703090667724609375">
        <ele>29</ele>
        <time>2021-03-22T12:56:28.000Z</time>
        <extensions>
          <ns3:TrackPointExtension/>
        </extensions>
      </trkpt>
      <trkpt lat="39.89310496486723423004150390625" lon="116.64609692059457302093505859375">
        <ele>29</ele>
        <time>2021-03-22T12:56:33.000Z</time>
        <extensions>
          <ns3:TrackPointExtension/>
        </extensions>
      </trkpt>
      <trkpt lat="39.8932079784572124481201171875" lon="116.64614997804164886474609375">
        <ele>29</ele>
        <time>2021-03-22T12:56:38.000Z</time>
        <extensions>
          <ns3:TrackPointExtension/>
        </extensions>
      </trkpt>
      <trkpt lat="39.8933219723403453826904296875" lon="116.64621594361960887908935546875">
        <ele>29</ele>
        <time>2021-03-22T12:56:43.000Z</time>
        <extensions>
          <ns3:TrackPointExtension/>
        </extensions>
      </trkpt>
      <trkpt lat="39.8934299312531948089599609375" lon="116.64626598358154296875">
        <ele>29</ele>
        <time>2021-03-22T12:56:48.000Z</time>
        <extensions>
          <ns3:TrackPointExtension/>
        </extensions>
      </trkpt>
      <trkpt lat="39.89350394345819950103759765625" lon="116.64624393917620182037353515625">
        <ele>29</ele>
        <time>2021-03-22T12:56:53.000Z</time>
        <extensions>
          <ns3:TrackPointExtension/>
        </extensions>
      </trkpt>
      <trkpt lat="39.89359094761312007904052734375" lon="116.64615592919290065765380859375">
        <ele>28.799999237060546875</ele>
        <time>2021-03-22T12:56:58.000Z</time>
        <extensions>
          <ns3:TrackPointExtension/>
        </extensions>
      </trkpt>
      <trkpt lat="39.893687926232814788818359375" lon="116.64604897610843181610107421875">
        <ele>28.3999996185302734375</ele>
        <time>2021-03-22T12:57:03.000Z</time>
        <extensions>
          <ns3:TrackPointExtension/>
        </extensions>
      </trkpt>
      <trkpt lat="39.8937829770147800445556640625" lon="116.64592693559825420379638671875">
        <ele>28.200000762939453125</ele>
        <time>2021-03-22T12:57:08.000Z</time>
        <extensions>
          <ns3:TrackPointExtension/>
        </extensions>
      </trkpt>
      <trkpt lat="39.8938639461994171142578125" lon="116.64584797807037830352783203125">
        <ele>28.200000762939453125</ele>
        <time>2021-03-22T12:57:13.000Z</time>
        <extensions>
          <ns3:TrackPointExtension/>
        </extensions>
      </trkpt>
      <trkpt lat="39.89399294368922710418701171875" lon="116.64586792699992656707763671875">
        <ele>28.200000762939453125</ele>
        <time>2021-03-22T12:57:18.000Z</time>
        <extensions>
          <ns3:TrackPointExtension/>
        </extensions>
      </trkpt>
      <trkpt lat="39.89410693757236003875732421875" lon="116.6459159553050994873046875">
        <ele>28</ele>
        <time>2021-03-22T12:57:23.000Z</time>
        <extensions>
          <ns3:TrackPointExtension/>
        </extensions>
      </trkpt>
      <trkpt lat="39.89422897808253765106201171875" lon="116.64597094058990478515625">
        <ele>28</ele>
        <time>2021-03-22T12:57:28.000Z</time>
        <extensions>
          <ns3:TrackPointExtension/>
        </extensions>
      </trkpt>
      <trkpt lat="39.8943599872291088104248046875" lon="116.64602399803698062896728515625">
        <ele>28</ele>
        <time>2021-03-22T12:57:33.000Z</time>
        <extensions>
          <ns3:TrackPointExtension/>
        </extensions>
      </trkpt>
      <trkpt lat="39.8944729752838611602783203125" lon="116.64608694612979888916015625">
        <ele>28</ele>
        <time>2021-03-22T12:57:38.000Z</time>
        <extensions>
          <ns3:TrackPointExtension/>
        </extensions>
      </trkpt>
      <trkpt lat="39.89462292753159999847412109375" lon="116.646152995526790618896484375">
        <ele>28.200000762939453125</ele>
        <time>2021-03-22T12:57:43.000Z</time>
        <extensions>
          <ns3:TrackPointExtension/>
        </extensions>
      </trkpt>
      <trkpt lat="39.89477799274027347564697265625" lon="116.6462299413979053497314453125">
        <ele>28.200000762939453125</ele>
        <time>2021-03-22T12:57:48.000Z</time>
        <extensions>
          <ns3:TrackPointExtension/>
        </extensions>
      </trkpt>
      <trkpt lat="39.89491897635161876678466796875" lon="116.64631099440157413482666015625">
        <ele>28.3999996185302734375</ele>
        <time>2021-03-22T12:57:53.000Z</time>
        <extensions>
          <ns3:TrackPointExtension/>
        </extensions>
      </trkpt>
      <trkpt lat="39.8950469680130481719970703125" lon="116.646370925009250640869140625">
        <ele>28.6000003814697265625</ele>
        <time>2021-03-22T12:57:58.000Z</time>
        <extensions>
          <ns3:TrackPointExtension/>
        </extensions>
      </trkpt>
      <trkpt lat="39.89511896856129169464111328125" lon="116.64641895331442356109619140625">
        <ele>28.799999237060546875</ele>
        <time>2021-03-22T12:58:03.000Z</time>
        <extensions>
          <ns3:TrackPointExtension/>
        </extensions>
      </trkpt>
      <trkpt lat="39.89520496688783168792724609375" lon="116.6464669816195964813232421875">
        <ele>28.799999237060546875</ele>
        <time>2021-03-22T12:58:08.000Z</time>
        <extensions>
          <ns3:TrackPointExtension/>
        </extensions>
      </trkpt>
      <trkpt lat="39.89534796215593814849853515625" lon="116.6465269960463047027587890625">
        <ele>29</ele>
        <time>2021-03-22T12:58:13.000Z</time>
        <extensions>
          <ns3:TrackPointExtension/>
        </extensions>
      </trkpt>
      <trkpt lat="39.89549196325242519378662109375" lon="116.64659899659454822540283203125">
        <ele>28.799999237060546875</ele>
        <time>2021-03-22T12:58:18.000Z</time>
        <extensions>
          <ns3:TrackPointExtension/>
        </extensions>
      </trkpt>
      <trkpt lat="39.89564099349081516265869140625" lon="116.64665398187935352325439453125">
        <ele>28.6000003814697265625</ele>
        <time>2021-03-22T12:58:23.000Z</time>
        <extensions>
          <ns3:TrackPointExtension/>
        </extensions>
      </trkpt>
      <trkpt lat="39.89577493630349636077880859375" lon="116.64670796133577823638916015625">
        <ele>28.3999996185302734375</ele>
        <time>2021-03-22T12:58:28.000Z</time>
        <extensions>
          <ns3:TrackPointExtension/>
        </extensions>
      </trkpt>
      <trkpt lat="39.89589999429881572723388671875" lon="116.6466989926993846893310546875">
        <ele>28</ele>
        <time>2021-03-22T12:58:33.000Z</time>
        <extensions>
          <ns3:TrackPointExtension/>
        </extensions>
      </trkpt>
      <trkpt lat="39.89595095627009868621826171875" lon="116.646611988544464111328125">
        <ele>27.799999237060546875</ele>
        <time>2021-03-22T12:58:38.000Z</time>
        <extensions>
          <ns3:TrackPointExtension/>
        </extensions>
      </trkpt>
      <trkpt lat="39.895936958491802215576171875" lon="116.64644493721425533294677734375">
        <ele>27.6000003814697265625</ele>
        <time>2021-03-22T12:58:43.000Z</time>
        <extensions>
          <ns3:TrackPointExtension/>
        </extensions>
      </trkpt>
      <trkpt lat="39.89592497237026691436767578125" lon="116.64626891724765300750732421875">
        <ele>27.3999996185302734375</ele>
        <time>2021-03-22T12:58:48.000Z</time>
        <extensions>
          <ns3:TrackPointExtension/>
        </extensions>
      </trkpt>
      <trkpt lat="39.89592597819864749908447265625" lon="116.64609893225133419036865234375">
        <ele>27.200000762939453125</ele>
        <time>2021-03-22T12:58:53.000Z</time>
        <extensions>
          <ns3:TrackPointExtension/>
        </extensions>
      </trkpt>
      <trkpt lat="39.895936958491802215576171875" lon="116.6459519974887371063232421875">
        <ele>27</ele>
        <time>2021-03-22T12:58:58.000Z</time>
        <extensions>
          <ns3:TrackPointExtension/>
        </extensions>
      </trkpt>
      <trkpt lat="39.89594793878495693206787109375" lon="116.64579198695719242095947265625">
        <ele>26.799999237060546875</ele>
        <time>2021-03-22T12:59:03.000Z</time>
        <extensions>
          <ns3:TrackPointExtension/>
        </extensions>
      </trkpt>
      <trkpt lat="39.8959589190781116485595703125" lon="116.64564396254718303680419921875">
        <ele>26.799999237060546875</ele>
        <time>2021-03-22T12:59:08.000Z</time>
        <extensions>
          <ns3:TrackPointExtension/>
        </extensions>
      </trkpt>
      <trkpt lat="39.8959989845752716064453125" lon="116.64550893008708953857421875">
        <ele>26.799999237060546875</ele>
        <time>2021-03-22T12:59:13.000Z</time>
        <extensions>
          <ns3:TrackPointExtension/>
        </extensions>
      </trkpt>
      <trkpt lat="39.896058999001979827880859375" lon="116.64538596756756305694580078125">
        <ele>27</ele>
        <time>2021-03-22T12:59:18.000Z</time>
        <extensions>
          <ns3:TrackPointExtension/>
        </extensions>
      </trkpt>
      <trkpt lat="39.8960859887301921844482421875" lon="116.6452479176223278045654296875">
        <ele>27.200000762939453125</ele>
        <time>2021-03-22T12:59:23.000Z</time>
        <extensions>
          <ns3:TrackPointExtension/>
        </extensions>
      </trkpt>
      <trkpt lat="39.89608791656792163848876953125" lon="116.64508991874754428863525390625">
        <ele>27.6000003814697265625</ele>
        <time>2021-03-22T12:59:28.000Z</time>
        <extensions>
          <ns3:TrackPointExtension/>
        </extensions>
      </trkpt>
      <trkpt lat="39.89610199816524982452392578125" lon="116.644941978156566619873046875">
        <ele>28</ele>
        <time>2021-03-22T12:59:33.000Z</time>
        <extensions>
          <ns3:TrackPointExtension/>
        </extensions>
      </trkpt>
      <trkpt lat="39.896109960973262786865234375" lon="116.64478096179664134979248046875">
        <ele>28.200000762939453125</ele>
        <time>2021-03-22T12:59:38.000Z</time>
        <extensions>
          <ns3:TrackPointExtension/>
        </extensions>
      </trkpt>
      <trkpt lat="39.89612094126641750335693359375" lon="116.6446179337799549102783203125">
        <ele>28</ele>
        <time>2021-03-22T12:59:43.000Z</time>
        <extensions>
          <ns3:TrackPointExtension/>
        </extensions>
      </trkpt>
      <trkpt lat="39.8961439915001392364501953125" lon="116.644479967653751373291015625">
        <ele>27.799999237060546875</ele>
        <time>2021-03-22T12:59:48.000Z</time>
        <extensions>
          <ns3:TrackPointExtension/>
        </extensions>
      </trkpt>
      <trkpt lat="39.8961359448730945587158203125" lon="116.64431995712220668792724609375">
        <ele>27.6000003814697265625</ele>
        <time>2021-03-22T12:59:53.000Z</time>
        <extensions>
          <ns3:TrackPointExtension/>
        </extensions>
      </trkpt>
      <trkpt lat="39.8961379565298557281494140625" lon="116.6441659815609455108642578125">
        <ele>27.3999996185302734375</ele>
        <time>2021-03-22T12:59:58.000Z</time>
        <extensions>
          <ns3:TrackPointExtension/>
        </extensions>
      </trkpt>
      <trkpt lat="39.8961419798433780670166015625" lon="116.64403094910085201263427734375">
        <ele>27.200000762939453125</ele>
        <time>2021-03-22T13:00:03.000Z</time>
        <extensions>
          <ns3:TrackPointExtension/>
        </extensions>
      </trkpt>
      <trkpt lat="39.89615899510681629180908203125" lon="116.64391293190419673919677734375">
        <ele>27</ele>
        <time>2021-03-22T13:00:08.000Z</time>
        <extensions>
          <ns3:TrackPointExtension/>
        </extensions>
      </trkpt>
      <trkpt lat="39.896162934601306915283203125" lon="116.6437609679996967315673828125">
        <ele>27</ele>
        <time>2021-03-22T13:00:13.000Z</time>
        <extensions>
          <ns3:TrackPointExtension/>
        </extensions>
      </trkpt>
      <trkpt lat="39.89615094847977161407470703125" lon="116.6435879655182361602783203125">
        <ele>27</ele>
        <time>2021-03-22T13:00:18.000Z</time>
        <extensions>
          <ns3:TrackPointExtension/>
        </extensions>
      </trkpt>
      <trkpt lat="39.8961449973285198211669921875" lon="116.64342192001640796661376953125">
        <ele>26.799999237060546875</ele>
        <time>2021-03-22T13:00:23.000Z</time>
        <extensions>
          <ns3:TrackPointExtension/>
        </extensions>
      </trkpt>
      <trkpt lat="39.89614893682301044464111328125" lon="116.64325998164713382720947265625">
        <ele>26.799999237060546875</ele>
        <time>2021-03-22T13:00:28.000Z</time>
        <extensions>
          <ns3:TrackPointExtension/>
        </extensions>
      </trkpt>
      <trkpt lat="39.89614793099462985992431640625" lon="116.6431009769439697265625">
        <ele>27.200000762939453125</ele>
        <time>2021-03-22T13:00:33.000Z</time>
        <extensions>
          <ns3:TrackPointExtension/>
        </extensions>
      </trkpt>
      <trkpt lat="39.89615195430815219879150390625" lon="116.64294498972594738006591796875">
        <ele>27</ele>
        <time>2021-03-22T13:00:38.000Z</time>
        <extensions>
          <ns3:TrackPointExtension/>
        </extensions>
      </trkpt>
      <trkpt lat="39.89616192877292633056640625" lon="116.6427859850227832794189453125">
        <ele>27</ele>
        <time>2021-03-22T13:00:43.000Z</time>
        <extensions>
          <ns3:TrackPointExtension/>
        </extensions>
      </trkpt>
      <trkpt lat="39.89616192877292633056640625" lon="116.64261692203581333160400390625">
        <ele>27</ele>
        <time>2021-03-22T13:00:48.000Z</time>
        <extensions>
          <ns3:TrackPointExtension/>
        </extensions>
      </trkpt>
      <trkpt lat="39.8961639404296875" lon="116.64245791733264923095703125">
        <ele>27</ele>
        <time>2021-03-22T13:00:53.000Z</time>
        <extensions>
          <ns3:TrackPointExtension/>
        </extensions>
      </trkpt>
      <trkpt lat="39.896160922944545745849609375" lon="116.64233897812664508819580078125">
        <ele>27</ele>
        <time>2021-03-22T13:00:58.000Z</time>
        <extensions>
          <ns3:TrackPointExtension/>
        </extensions>
      </trkpt>
      <trkpt lat="39.89615396596491336822509765625" lon="116.642234958708286285400390625">
        <ele>27.200000762939453125</ele>
        <time>2021-03-22T13:01:03.000Z</time>
        <extensions>
          <ns3:TrackPointExtension/>
        </extensions>
      </trkpt>
      <trkpt lat="39.8961399681866168975830078125" lon="116.64213093928992748260498046875">
        <ele>27.3999996185302734375</ele>
        <time>2021-03-22T13:01:08.000Z</time>
        <extensions>
          <ns3:TrackPointExtension/>
        </extensions>
      </trkpt>
      <trkpt lat="39.8961349390447139739990234375" lon="116.64201392792165279388427734375">
        <ele>27.6000003814697265625</ele>
        <time>2021-03-22T13:01:13.000Z</time>
        <extensions>
          <ns3:TrackPointExtension/>
        </extensions>
      </trkpt>
      <trkpt lat="39.89614591933786869049072265625" lon="116.64187797345221042633056640625">
        <ele>28</ele>
        <time>2021-03-22T13:01:18.000Z</time>
        <extensions>
          <ns3:TrackPointExtension/>
        </extensions>
      </trkpt>
      <trkpt lat="39.89614793099462985992431640625" lon="116.64172592572867870330810546875">
        <ele>28.3999996185302734375</ele>
        <time>2021-03-22T13:01:23.000Z</time>
        <extensions>
          <ns3:TrackPointExtension/>
        </extensions>
      </trkpt>
      <trkpt lat="39.89615195430815219879150390625" lon="116.6415779851377010345458984375">
        <ele>28.6000003814697265625</ele>
        <time>2021-03-22T13:01:28.000Z</time>
        <extensions>
          <ns3:TrackPointExtension/>
        </extensions>
      </trkpt>
      <trkpt lat="39.896168969571590423583984375" lon="116.641432978212833404541015625">
        <ele>29.200000762939453125</ele>
        <time>2021-03-22T13:01:33.000Z</time>
        <extensions>
          <ns3:TrackPointExtension/>
        </extensions>
      </trkpt>
      <trkpt lat="39.89618196152150630950927734375" lon="116.64126793853938579559326171875">
        <ele>29.799999237060546875</ele>
        <time>2021-03-22T13:01:38.000Z</time>
        <extensions>
          <ns3:TrackPointExtension/>
        </extensions>
      </trkpt>
      <trkpt lat="39.8961939476430416107177734375" lon="116.64112594909965991973876953125">
        <ele>30.3999996185302734375</ele>
        <time>2021-03-22T13:01:43.000Z</time>
        <extensions>
          <ns3:TrackPointExtension/>
        </extensions>
      </trkpt>
      <trkpt lat="39.8961889185011386871337890625" lon="116.640972979366779327392578125">
        <ele>31</ele>
        <time>2021-03-22T13:01:48.000Z</time>
        <extensions>
          <ns3:TrackPointExtension/>
        </extensions>
      </trkpt>
      <trkpt lat="39.89618598483502864837646484375" lon="116.640801988542079925537109375">
        <ele>31.6000003814697265625</ele>
        <time>2021-03-22T13:01:53.000Z</time>
        <extensions>
          <ns3:TrackPointExtension/>
        </extensions>
      </trkpt>
      <trkpt lat="39.89618196152150630950927734375" lon="116.64062999188899993896484375">
        <ele>32</ele>
        <time>2021-03-22T13:01:58.000Z</time>
        <extensions>
          <ns3:TrackPointExtension/>
        </extensions>
      </trkpt>
      <trkpt lat="39.89618196152150630950927734375" lon="116.64047098718583583831787109375">
        <ele>32.200000762939453125</ele>
        <time>2021-03-22T13:02:03.000Z</time>
        <extensions>
          <ns3:TrackPointExtension/>
        </extensions>
      </trkpt>
      <trkpt lat="39.8961919359862804412841796875" lon="116.64032195694744586944580078125">
        <ele>32.40000152587890625</ele>
        <time>2021-03-22T13:02:08.000Z</time>
        <extensions>
          <ns3:TrackPointExtension/>
        </extensions>
      </trkpt>
      <trkpt lat="39.89620593376457691192626953125" lon="116.64018399082124233245849609375">
        <ele>32.59999847412109375</ele>
        <time>2021-03-22T13:02:13.000Z</time>
        <extensions>
          <ns3:TrackPointExtension/>
        </extensions>
      </trkpt>
      <trkpt lat="39.89620995707809925079345703125" lon="116.6400179453194141387939453125">
        <ele>32.799999237060546875</ele>
        <time>2021-03-22T13:02:18.000Z</time>
        <extensions>
          <ns3:TrackPointExtension/>
        </extensions>
      </trkpt>
      <trkpt lat="39.89618699066340923309326171875" lon="116.63983295671641826629638671875">
        <ele>33</ele>
        <time>2021-03-22T13:02:23.000Z</time>
        <extensions>
          <ns3:TrackPointExtension/>
        </extensions>
      </trkpt>
      <trkpt lat="39.89616997539997100830078125" lon="116.63965693674981594085693359375">
        <ele>32.799999237060546875</ele>
        <time>2021-03-22T13:02:28.000Z</time>
        <extensions>
          <ns3:TrackPointExtension/>
        </extensions>
      </trkpt>
      <trkpt lat="39.89616192877292633056640625" lon="116.6394959203898906707763671875">
        <ele>32.59999847412109375</ele>
        <time>2021-03-22T13:02:33.000Z</time>
        <extensions>
          <ns3:TrackPointExtension/>
        </extensions>
      </trkpt>
      <trkpt lat="39.89615899510681629180908203125" lon="116.6393329761922359466552734375">
        <ele>32.40000152587890625</ele>
        <time>2021-03-22T13:02:38.000Z</time>
        <extensions>
          <ns3:TrackPointExtension/>
        </extensions>
      </trkpt>
      <trkpt lat="39.89617592655122280120849609375" lon="116.639183945953845977783203125">
        <ele>32.200000762939453125</ele>
        <time>2021-03-22T13:02:43.000Z</time>
        <extensions>
          <ns3:TrackPointExtension/>
        </extensions>
      </trkpt>
      <trkpt lat="39.896166957914829254150390625" lon="116.639010943472385406494140625">
        <ele>32</ele>
        <time>2021-03-22T13:02:48.000Z</time>
        <extensions>
          <ns3:TrackPointExtension/>
        </extensions>
      </trkpt>
      <trkpt lat="39.89615597762167453765869140625" lon="116.63882595486938953399658203125">
        <ele>31.6000003814697265625</ele>
        <time>2021-03-22T13:02:53.000Z</time>
        <extensions>
          <ns3:TrackPointExtension/>
        </extensions>
      </trkpt>
      <trkpt lat="39.89618296734988689422607421875" lon="116.638670973479747772216796875">
        <ele>31.200000762939453125</ele>
        <time>2021-03-22T13:02:58.000Z</time>
        <extensions>
          <ns3:TrackPointExtension/>
        </extensions>
      </trkpt>
      <trkpt lat="39.8961889185011386871337890625" lon="116.63854197598993778228759765625">
        <ele>30.799999237060546875</ele>
        <time>2021-03-22T13:03:03.000Z</time>
        <extensions>
          <ns3:TrackPointExtension/>
        </extensions>
      </trkpt>
      <trkpt lat="39.896171987056732177734375" lon="116.63839495740830898284912109375">
        <ele>30.6000003814697265625</ele>
        <time>2021-03-22T13:03:08.000Z</time>
        <extensions>
          <ns3:TrackPointExtension/>
        </extensions>
      </trkpt>
      <trkpt lat="39.89614893682301044464111328125" lon="116.6382329352200031280517578125">
        <ele>30.200000762939453125</ele>
        <time>2021-03-22T13:03:13.000Z</time>
        <extensions>
          <ns3:TrackPointExtension/>
        </extensions>
      </trkpt>
      <trkpt lat="39.89612898789346218109130859375" lon="116.63805297575891017913818359375">
        <ele>29.799999237060546875</ele>
        <time>2021-03-22T13:03:18.000Z</time>
        <extensions>
          <ns3:TrackPointExtension/>
        </extensions>
      </trkpt>
      <trkpt lat="39.896113984286785125732421875" lon="116.6378889419138431549072265625">
        <ele>29.6000003814697265625</ele>
        <time>2021-03-22T13:03:23.000Z</time>
        <extensions>
          <ns3:TrackPointExtension/>
        </extensions>
      </trkpt>
      <trkpt lat="39.89610099233686923980712890625" lon="116.6377179510891437530517578125">
        <ele>29.3999996185302734375</ele>
        <time>2021-03-22T13:03:28.000Z</time>
        <extensions>
          <ns3:TrackPointExtension/>
        </extensions>
      </trkpt>
      <trkpt lat="39.8960859887301921844482421875" lon="116.63756598718464374542236328125">
        <ele>29.200000762939453125</ele>
        <time>2021-03-22T13:03:33.000Z</time>
        <extensions>
          <ns3:TrackPointExtension/>
        </extensions>
      </trkpt>
      <trkpt lat="39.8960759304463863372802734375" lon="116.63740597665309906005859375">
        <ele>29</ele>
        <time>2021-03-22T13:03:38.000Z</time>
        <extensions>
          <ns3:TrackPointExtension/>
        </extensions>
      </trkpt>
      <trkpt lat="39.89606997929513454437255859375" lon="116.63725099526345729827880859375">
        <ele>29.200000762939453125</ele>
        <time>2021-03-22T13:03:43.000Z</time>
        <extensions>
          <ns3:TrackPointExtension/>
        </extensions>
      </trkpt>
      <trkpt lat="39.89606997929513454437255859375" lon="116.63710892200469970703125">
        <ele>29.200000762939453125</ele>
        <time>2021-03-22T13:03:48.000Z</time>
        <extensions>
          <ns3:TrackPointExtension/>
        </extensions>
      </trkpt>
      <trkpt lat="39.89605195820331573486328125" lon="116.63695192895829677581787109375">
        <ele>29.200000762939453125</ele>
        <time>2021-03-22T13:03:53.000Z</time>
        <extensions>
          <ns3:TrackPointExtension/>
        </extensions>
      </trkpt>
      <trkpt lat="39.89601298235356807708740234375" lon="116.63681698031723499298095703125">
        <ele>29.200000762939453125</ele>
        <time>2021-03-22T13:03:58.000Z</time>
        <extensions>
          <ns3:TrackPointExtension/>
        </extensions>
      </trkpt>
      <trkpt lat="39.89594793878495693206787109375" lon="116.63674891926348209381103515625">
        <ele>29.3999996185302734375</ele>
        <time>2021-03-22T13:04:03.000Z</time>
        <extensions>
          <ns3:TrackPointExtension/>
        </extensions>
      </trkpt>
      <trkpt lat="39.8959679715335369110107421875" lon="116.63679099641740322113037109375">
        <ele>29.3999996185302734375</ele>
        <time>2021-03-22T13:04:08.000Z</time>
        <extensions>
          <ns3:TrackPointExtension/>
        </extensions>
      </trkpt>
      <trkpt lat="39.8960229568183422088623046875" lon="116.6369099356234073638916015625">
        <ele>29.200000762939453125</ele>
        <time>2021-03-22T13:04:13.000Z</time>
        <extensions>
          <ns3:TrackPointExtension/>
        </extensions>
      </trkpt>
      <trkpt lat="39.8960849829018115997314453125" lon="116.63706491701304912567138671875">
        <ele>29.200000762939453125</ele>
        <time>2021-03-22T13:04:18.000Z</time>
        <extensions>
          <ns3:TrackPointExtension/>
        </extensions>
      </trkpt>
      <trkpt lat="39.89613099955022335052490234375" lon="116.63721495307981967926025390625">
        <ele>29.200000762939453125</ele>
        <time>2021-03-22T13:04:23.000Z</time>
        <extensions>
          <ns3:TrackPointExtension/>
        </extensions>
      </trkpt>
      <trkpt lat="39.89615899510681629180908203125" lon="116.6373809985816478729248046875">
        <ele>29</ele>
        <time>2021-03-22T13:04:28.000Z</time>
        <extensions>
          <ns3:TrackPointExtension/>
        </extensions>
      </trkpt>
      <trkpt lat="39.89618196152150630950927734375" lon="116.6375429369509220123291015625">
        <ele>29.200000762939453125</ele>
        <time>2021-03-22T13:04:33.000Z</time>
        <extensions>
          <ns3:TrackPointExtension/>
        </extensions>
      </trkpt>
      <trkpt lat="39.89621196873486042022705078125" lon="116.637690961360931396484375">
        <ele>29.3999996185302734375</ele>
        <time>2021-03-22T13:04:38.000Z</time>
        <extensions>
          <ns3:TrackPointExtension/>
        </extensions>
      </trkpt>
      <trkpt lat="39.89622294902801513671875" lon="116.6378379799425601959228515625">
        <ele>29.6000003814697265625</ele>
        <time>2021-03-22T13:04:43.000Z</time>
        <extensions>
          <ns3:TrackPointExtension/>
        </extensions>
      </trkpt>
      <trkpt lat="39.89623996429145336151123046875" lon="116.63799698464572429656982421875">
        <ele>29.799999237060546875</ele>
        <time>2021-03-22T13:04:48.000Z</time>
        <extensions>
          <ns3:TrackPointExtension/>
        </extensions>
      </trkpt>
      <trkpt lat="39.89624599926173686981201171875" lon="116.63814299739897251129150390625">
        <ele>30</ele>
        <time>2021-03-22T13:04:53.000Z</time>
        <extensions>
          <ns3:TrackPointExtension/>
        </extensions>
      </trkpt>
      <trkpt lat="39.8962779343128204345703125" lon="116.63830292411148548126220703125">
        <ele>30.200000762939453125</ele>
        <time>2021-03-22T13:04:58.000Z</time>
        <extensions>
          <ns3:TrackPointExtension/>
        </extensions>
      </trkpt>
      <trkpt lat="39.8963049240410327911376953125" lon="116.6384639404714107513427734375">
        <ele>30.3999996185302734375</ele>
        <time>2021-03-22T13:05:03.000Z</time>
        <extensions>
          <ns3:TrackPointExtension/>
        </extensions>
      </trkpt>
      <trkpt lat="39.89631892181932926177978515625" lon="116.63862294517457485198974609375">
        <ele>30.799999237060546875</ele>
        <time>2021-03-22T13:05:08.000Z</time>
        <extensions>
          <ns3:TrackPointExtension/>
        </extensions>
      </trkpt>
      <trkpt lat="39.89632998593151569366455078125" lon="116.63878194987773895263671875">
        <ele>31</ele>
        <time>2021-03-22T13:05:13.000Z</time>
        <extensions>
          <ns3:TrackPointExtension/>
        </extensions>
      </trkpt>
      <trkpt lat="39.89634297788143157958984375" lon="116.63893994875252246856689453125">
        <ele>31.3999996185302734375</ele>
        <time>2021-03-22T13:05:18.000Z</time>
        <extensions>
          <ns3:TrackPointExtension/>
        </extensions>
      </trkpt>
      <trkpt lat="39.8963709734380245208740234375" lon="116.6390939243137836456298828125">
        <ele>31.6000003814697265625</ele>
        <time>2021-03-22T13:05:23.000Z</time>
        <extensions>
          <ns3:TrackPointExtension/>
        </extensions>
      </trkpt>
      <trkpt lat="39.89635596983134746551513671875" lon="116.63923599757254123687744140625">
        <ele>31.6000003814697265625</ele>
        <time>2021-03-22T13:05:28.000Z</time>
        <extensions>
          <ns3:TrackPointExtension/>
        </extensions>
      </trkpt>
      <trkpt lat="39.89631992764770984649658203125" lon="116.63936591707170009613037109375">
        <ele>32</ele>
        <time>2021-03-22T13:05:33.000Z</time>
        <extensions>
          <ns3:TrackPointExtension/>
        </extensions>
      </trkpt>
      <trkpt lat="39.89624197594821453094482421875" lon="116.63942492567002773284912109375">
        <ele>32.40000152587890625</ele>
        <time>2021-03-22T13:05:38.000Z</time>
        <extensions>
          <ns3:TrackPointExtension/>
        </extensions>
      </trkpt>
      <trkpt lat="39.89620291627943515777587890625" lon="116.639476977288722991943359375">
        <ele>32.59999847412109375</ele>
        <time>2021-03-22T13:05:43.000Z</time>
        <extensions>
          <ns3:TrackPointExtension/>
        </extensions>
      </trkpt>
      <trkpt lat="39.89620693959295749664306640625" lon="116.639472953975200653076171875">
        <ele>32.59999847412109375</ele>
        <time>2021-03-22T13:05:48.000Z</time>
        <extensions>
          <ns3:TrackPointExtension/>
        </extensions>
      </trkpt>
      <trkpt lat="39.89621096290647983551025390625" lon="116.63943397812545299530029296875">
        <ele>32.40000152587890625</ele>
        <time>2021-03-22T13:05:53.000Z</time>
        <extensions>
          <ns3:TrackPointExtension/>
        </extensions>
      </trkpt>
      <trkpt lat="39.89684396423399448394775390625" lon="116.639706976711750030517578125">
        <ele>29.799999237060546875</ele>
        <time>2021-03-22T13:05:58.000Z</time>
        <extensions>
          <ns3:TrackPointExtension/>
        </extensions>
      </trkpt>
      <trkpt lat="39.89684396423399448394775390625" lon="116.639706976711750030517578125">
        <ele>29.799999237060546875</ele>
        <time>2021-03-22T13:06:03.000Z</time>
        <extensions>
          <ns3:TrackPointExtension/>
        </extensions>
      </trkpt>
      <trkpt lat="39.89684396423399448394775390625" lon="116.639706976711750030517578125">
        <ele>29.799999237060546875</ele>
        <time>2021-03-22T13:06:08.000Z</time>
        <extensions>
          <ns3:TrackPointExtension/>
        </extensions>
      </trkpt>
      <trkpt lat="39.89684396423399448394775390625" lon="116.639706976711750030517578125">
        <ele>29.799999237060546875</ele>
        <time>2021-03-22T13:06:13.000Z</time>
        <extensions>
          <ns3:TrackPointExtension/>
        </extensions>
      </trkpt>
      <trkpt lat="39.89684396423399448394775390625" lon="116.639706976711750030517578125">
        <ele>29.799999237060546875</ele>
        <time>2021-03-22T13:06:18.000Z</time>
        <extensions>
          <ns3:TrackPointExtension/>
        </extensions>
      </trkpt>
      <trkpt lat="39.89684396423399448394775390625" lon="116.639706976711750030517578125">
        <ele>29.799999237060546875</ele>
        <time>2021-03-22T13:06:23.000Z</time>
        <extensions>
          <ns3:TrackPointExtension/>
        </extensions>
      </trkpt>
      <trkpt lat="39.89684396423399448394775390625" lon="116.639706976711750030517578125">
        <ele>29.799999237060546875</ele>
        <time>2021-03-22T13:06:28.000Z</time>
        <extensions>
          <ns3:TrackPointExtension/>
        </extensions>
      </trkpt>
      <trkpt lat="39.89684396423399448394775390625" lon="116.639706976711750030517578125">
        <ele>29.799999237060546875</ele>
        <time>2021-03-22T13:06:33.000Z</time>
        <extensions>
          <ns3:TrackPointExtension/>
        </extensions>
      </trkpt>
      <trkpt lat="39.89684396423399448394775390625" lon="116.639706976711750030517578125">
        <ele>29.799999237060546875</ele>
        <time>2021-03-22T13:06:38.000Z</time>
        <extensions>
          <ns3:TrackPointExtension/>
        </extensions>
      </trkpt>
      <trkpt lat="39.89684396423399448394775390625" lon="116.639706976711750030517578125">
        <ele>29.799999237060546875</ele>
        <time>2021-03-22T13:06:43.000Z</time>
        <extensions>
          <ns3:TrackPointExtension/>
        </extensions>
      </trkpt>
      <trkpt lat="39.89684396423399448394775390625" lon="116.63970597088336944580078125">
        <ele>29.799999237060546875</ele>
        <time>2021-03-22T13:06:48.000Z</time>
        <extensions>
          <ns3:TrackPointExtension/>
        </extensions>
      </trkpt>
      <trkpt lat="39.89658898673951625823974609375" lon="116.63960195146501064300537109375">
        <ele>31</ele>
        <time>2021-03-22T13:06:53.000Z</time>
        <extensions>
          <ns3:TrackPointExtension/>
        </extensions>
      </trkpt>
      <trkpt lat="39.89649393595755100250244140625" lon="116.63965794257819652557373046875">
        <ele>31.6000003814697265625</ele>
        <time>2021-03-22T13:06:58.000Z</time>
        <extensions>
          <ns3:TrackPointExtension/>
        </extensions>
      </trkpt>
      <trkpt lat="39.89638698287308216094970703125" lon="116.63977797143161296844482421875">
        <ele>32.200000762939453125</ele>
        <time>2021-03-22T13:07:03.000Z</time>
        <extensions>
          <ns3:TrackPointExtension/>
        </extensions>
      </trkpt>
      <trkpt lat="39.89635094068944454193115234375" lon="116.63991292007267475128173828125">
        <ele>32.40000152587890625</ele>
        <time>2021-03-22T13:07:08.000Z</time>
        <extensions>
          <ns3:TrackPointExtension/>
        </extensions>
      </trkpt>
      <trkpt lat="39.8963079415261745452880859375" lon="116.64001299999654293060302734375">
        <ele>32.59999847412109375</ele>
        <time>2021-03-22T13:07:13.000Z</time>
        <extensions>
          <ns3:TrackPointExtension/>
        </extensions>
      </trkpt>
      <trkpt lat="39.89627994596958160400390625" lon="116.64016999304294586181640625">
        <ele>32.40000152587890625</ele>
        <time>2021-03-22T13:07:18.000Z</time>
        <extensions>
          <ns3:TrackPointExtension/>
        </extensions>
      </trkpt>
      <trkpt lat="39.89627592265605926513671875" lon="116.64034592919051647186279296875">
        <ele>32.200000762939453125</ele>
        <time>2021-03-22T13:07:23.000Z</time>
        <extensions>
          <ns3:TrackPointExtension/>
        </extensions>
      </trkpt>
      <trkpt lat="39.89627097733318805694580078125" lon="116.6405319236218929290771484375">
        <ele>32</ele>
        <time>2021-03-22T13:07:28.000Z</time>
        <extensions>
          <ns3:TrackPointExtension/>
        </extensions>
      </trkpt>
      <trkpt lat="39.8962539620697498321533203125" lon="116.64073593914508819580078125">
        <ele>31.799999237060546875</ele>
        <time>2021-03-22T13:07:33.000Z</time>
        <extensions>
          <ns3:TrackPointExtension/>
        </extensions>
      </trkpt>
      <trkpt lat="39.8962529562413692474365234375" lon="116.64092193357646465301513671875">
        <ele>31.200000762939453125</ele>
        <time>2021-03-22T13:07:38.000Z</time>
        <extensions>
          <ns3:TrackPointExtension/>
        </extensions>
      </trkpt>
      <trkpt lat="39.8962589912116527557373046875" lon="116.64108999073505401611328125">
        <ele>30.6000003814697265625</ele>
        <time>2021-03-22T13:07:43.000Z</time>
        <extensions>
          <ns3:TrackPointExtension/>
        </extensions>
      </trkpt>
      <trkpt lat="39.8962469212710857391357421875" lon="116.64124396629631519317626953125">
        <ele>30</ele>
        <time>2021-03-22T13:07:48.000Z</time>
        <extensions>
          <ns3:TrackPointExtension/>
        </extensions>
      </trkpt>
      <trkpt lat="39.89622093737125396728515625" lon="116.64138595573604106903076171875">
        <ele>29.3999996185302734375</ele>
        <time>2021-03-22T13:07:53.000Z</time>
        <extensions>
          <ns3:TrackPointExtension/>
        </extensions>
      </trkpt>
      <trkpt lat="39.89620995707809925079345703125" lon="116.64153699763119220733642578125">
        <ele>29</ele>
        <time>2021-03-22T13:07:58.000Z</time>
        <extensions>
          <ns3:TrackPointExtension/>
        </extensions>
      </trkpt>
      <trkpt lat="39.89620593376457691192626953125" lon="116.6416889615356922149658203125">
        <ele>28.6000003814697265625</ele>
        <time>2021-03-22T13:08:03.000Z</time>
        <extensions>
          <ns3:TrackPointExtension/>
        </extensions>
      </trkpt>
      <trkpt lat="39.89618497900664806365966796875" lon="116.641827933490276336669921875">
        <ele>28.200000762939453125</ele>
        <time>2021-03-22T13:08:08.000Z</time>
        <extensions>
          <ns3:TrackPointExtension/>
        </extensions>
      </trkpt>
      <trkpt lat="39.89618397317826747894287109375" lon="116.6419739462435245513916015625">
        <ele>27.799999237060546875</ele>
        <time>2021-03-22T13:08:13.000Z</time>
        <extensions>
          <ns3:TrackPointExtension/>
        </extensions>
      </trkpt>
      <trkpt lat="39.89618497900664806365966796875" lon="116.64213093928992748260498046875">
        <ele>27.3999996185302734375</ele>
        <time>2021-03-22T13:08:18.000Z</time>
        <extensions>
          <ns3:TrackPointExtension/>
        </extensions>
      </trkpt>
      <trkpt lat="39.89618598483502864837646484375" lon="116.64227996952831745147705078125">
        <ele>27</ele>
        <time>2021-03-22T13:08:23.000Z</time>
        <extensions>
          <ns3:TrackPointExtension/>
        </extensions>
      </trkpt>
      <trkpt lat="39.89618095569312572479248046875" lon="116.64242799393832683563232421875">
        <ele>27</ele>
        <time>2021-03-22T13:08:28.000Z</time>
        <extensions>
          <ns3:TrackPointExtension/>
        </extensions>
      </trkpt>
      <trkpt lat="39.896168969571590423583984375" lon="116.6425819694995880126953125">
        <ele>27</ele>
        <time>2021-03-22T13:08:33.000Z</time>
        <extensions>
          <ns3:TrackPointExtension/>
        </extensions>
      </trkpt>
      <trkpt lat="39.89617793820798397064208984375" lon="116.64274499751627445220947265625">
        <ele>27</ele>
        <time>2021-03-22T13:08:38.000Z</time>
        <extensions>
          <ns3:TrackPointExtension/>
        </extensions>
      </trkpt>
      <trkpt lat="39.89618497900664806365966796875" lon="116.6429009847342967987060546875">
        <ele>27</ele>
        <time>2021-03-22T13:08:43.000Z</time>
        <extensions>
          <ns3:TrackPointExtension/>
        </extensions>
      </trkpt>
      <trkpt lat="39.89618598483502864837646484375" lon="116.64305395446717739105224609375">
        <ele>27</ele>
        <time>2021-03-22T13:08:48.000Z</time>
        <extensions>
          <ns3:TrackPointExtension/>
        </extensions>
      </trkpt>
      <trkpt lat="39.89617994986474514007568359375" lon="116.64320197887718677520751953125">
        <ele>27</ele>
        <time>2021-03-22T13:08:53.000Z</time>
        <extensions>
          <ns3:TrackPointExtension/>
        </extensions>
      </trkpt>
      <trkpt lat="39.8961949534714221954345703125" lon="116.6433589719235897064208984375">
        <ele>27</ele>
        <time>2021-03-22T13:08:58.000Z</time>
        <extensions>
          <ns3:TrackPointExtension/>
        </extensions>
      </trkpt>
      <trkpt lat="39.89620392210781574249267578125" lon="116.64351596496999263763427734375">
        <ele>27</ele>
        <time>2021-03-22T13:09:03.000Z</time>
        <extensions>
          <ns3:TrackPointExtension/>
        </extensions>
      </trkpt>
      <trkpt lat="39.8962019942700862884521484375" lon="116.64368594996631145477294921875">
        <ele>27</ele>
        <time>2021-03-22T13:09:08.000Z</time>
        <extensions>
          <ns3:TrackPointExtension/>
        </extensions>
      </trkpt>
      <trkpt lat="39.8961989767849445343017578125" lon="116.64385895244777202606201171875">
        <ele>27</ele>
        <time>2021-03-22T13:09:13.000Z</time>
        <extensions>
          <ns3:TrackPointExtension/>
        </extensions>
      </trkpt>
      <trkpt lat="39.8961969651281833648681640625" lon="116.64403195492923259735107421875">
        <ele>27</ele>
        <time>2021-03-22T13:09:18.000Z</time>
        <extensions>
          <ns3:TrackPointExtension/>
        </extensions>
      </trkpt>
      <trkpt lat="39.8961919359862804412841796875" lon="116.64420395158231258392333984375">
        <ele>27.3999996185302734375</ele>
        <time>2021-03-22T13:09:23.000Z</time>
        <extensions>
          <ns3:TrackPointExtension/>
        </extensions>
      </trkpt>
      <trkpt lat="39.89620492793619632720947265625" lon="116.64437594823539257049560546875">
        <ele>27.3999996185302734375</ele>
        <time>2021-03-22T13:09:28.000Z</time>
        <extensions>
          <ns3:TrackPointExtension/>
        </extensions>
      </trkpt>
      <trkpt lat="39.8962019942700862884521484375" lon="116.64454492740333080291748046875">
        <ele>27.6000003814697265625</ele>
        <time>2021-03-22T13:09:33.000Z</time>
        <extensions>
          <ns3:TrackPointExtension/>
        </extensions>
      </trkpt>
      <trkpt lat="39.8962019942700862884521484375" lon="116.644707955420017242431640625">
        <ele>27.799999237060546875</ele>
        <time>2021-03-22T13:09:38.000Z</time>
        <extensions>
          <ns3:TrackPointExtension/>
        </extensions>
      </trkpt>
      <trkpt lat="39.8961949534714221954345703125" lon="116.64487198926508426666259765625">
        <ele>28</ele>
        <time>2021-03-22T13:09:43.000Z</time>
        <extensions>
          <ns3:TrackPointExtension/>
        </extensions>
      </trkpt>
      <trkpt lat="39.8961889185011386871337890625" lon="116.64503292180597782135009765625">
        <ele>27.6000003814697265625</ele>
        <time>2021-03-22T13:09:48.000Z</time>
        <extensions>
          <ns3:TrackPointExtension/>
        </extensions>
      </trkpt>
      <trkpt lat="39.8961939476430416107177734375" lon="116.6451949439942836761474609375">
        <ele>27.200000762939453125</ele>
        <time>2021-03-22T13:09:53.000Z</time>
        <extensions>
          <ns3:TrackPointExtension/>
        </extensions>
      </trkpt>
      <trkpt lat="39.8961929418146610260009765625" lon="116.64544698782265186309814453125">
        <ele>26.6000003814697265625</ele>
        <time>2021-03-22T13:09:58.000Z</time>
        <extensions>
          <ns3:TrackPointExtension/>
        </extensions>
      </trkpt>
      <trkpt lat="39.89618497900664806365966796875" lon="116.645519994199275970458984375">
        <ele>26.3999996185302734375</ele>
        <time>2021-03-22T13:10:03.000Z</time>
        <extensions>
          <ns3:TrackPointExtension/>
        </extensions>
      </trkpt>
      <trkpt lat="39.89615698345005512237548828125" lon="116.6456589661538600921630859375">
        <ele>26.200000762939453125</ele>
        <time>2021-03-22T13:10:08.000Z</time>
        <extensions>
          <ns3:TrackPointExtension/>
        </extensions>
      </trkpt>
      <trkpt lat="39.89612697623670101165771484375" lon="116.64580397307872772216796875">
        <ele>26.3999996185302734375</ele>
        <time>2021-03-22T13:10:13.000Z</time>
        <extensions>
          <ns3:TrackPointExtension/>
        </extensions>
      </trkpt>
      <trkpt lat="39.896107949316501617431640625" lon="116.64596297778189182281494140625">
        <ele>26.6000003814697265625</ele>
        <time>2021-03-22T13:10:18.000Z</time>
        <extensions>
          <ns3:TrackPointExtension/>
        </extensions>
      </trkpt>
      <trkpt lat="39.89609395153820514678955078125" lon="116.64612592197954654693603515625">
        <ele>26.799999237060546875</ele>
        <time>2021-03-22T13:10:23.000Z</time>
        <extensions>
          <ns3:TrackPointExtension/>
        </extensions>
      </trkpt>
      <trkpt lat="39.89609495736658573150634765625" lon="116.6462899558246135711669921875">
        <ele>27</ele>
        <time>2021-03-22T13:10:28.000Z</time>
        <extensions>
          <ns3:TrackPointExtension/>
        </extensions>
      </trkpt>
      <trkpt lat="39.89609294570982456207275390625" lon="116.64645499549806118011474609375">
        <ele>27.200000762939453125</ele>
        <time>2021-03-22T13:10:33.000Z</time>
        <extensions>
          <ns3:TrackPointExtension/>
        </extensions>
      </trkpt>
      <trkpt lat="39.8960819654166698455810546875" lon="116.64662799797952175140380859375">
        <ele>27.3999996185302734375</ele>
        <time>2021-03-22T13:10:38.000Z</time>
        <extensions>
          <ns3:TrackPointExtension/>
        </extensions>
      </trkpt>
      <trkpt lat="39.895987920463085174560546875" lon="116.6467539779841899871826171875">
        <ele>27.799999237060546875</ele>
        <time>2021-03-22T13:10:43.000Z</time>
        <extensions>
          <ns3:TrackPointExtension/>
        </extensions>
      </trkpt>
      <trkpt lat="39.8958469368517398834228515625" lon="116.64676093496382236480712890625">
        <ele>28.200000762939453125</ele>
        <time>2021-03-22T13:10:48.000Z</time>
        <extensions>
          <ns3:TrackPointExtension/>
        </extensions>
      </trkpt>
      <trkpt lat="39.895700924098491668701171875" lon="116.646716929972171783447265625">
        <ele>28.6000003814697265625</ele>
        <time>2021-03-22T13:10:53.000Z</time>
        <extensions>
          <ns3:TrackPointExtension/>
        </extensions>
      </trkpt>
      <trkpt lat="39.89558097906410694122314453125" lon="116.6466669738292694091796875">
        <ele>28.799999237060546875</ele>
        <time>2021-03-22T13:10:58.000Z</time>
        <extensions>
          <ns3:TrackPointExtension/>
        </extensions>
      </trkpt>
      <trkpt lat="39.89545592106878757476806640625" lon="116.64662498049437999725341796875">
        <ele>29</ele>
        <time>2021-03-22T13:11:03.000Z</time>
        <extensions>
          <ns3:TrackPointExtension/>
        </extensions>
      </trkpt>
      <trkpt lat="39.8953329585492610931396484375" lon="116.6465719230473041534423828125">
        <ele>29</ele>
        <time>2021-03-22T13:11:08.000Z</time>
        <extensions>
          <ns3:TrackPointExtension/>
        </extensions>
      </trkpt>
      <trkpt lat="39.89520597271621227264404296875" lon="116.6465249843895435333251953125">
        <ele>29</ele>
        <time>2021-03-22T13:11:13.000Z</time>
        <extensions>
          <ns3:TrackPointExtension/>
        </extensions>
      </trkpt>
      <trkpt lat="39.89509097300469875335693359375" lon="116.64647192694246768951416015625">
        <ele>28.799999237060546875</ele>
        <time>2021-03-22T13:11:18.000Z</time>
        <extensions>
          <ns3:TrackPointExtension/>
        </extensions>
      </trkpt>
      <trkpt lat="39.894957952201366424560546875" lon="116.64641392417252063751220703125">
        <ele>28.799999237060546875</ele>
        <time>2021-03-22T13:11:23.000Z</time>
        <extensions>
          <ns3:TrackPointExtension/>
        </extensions>
      </trkpt>
      <trkpt lat="39.89482593722641468048095703125" lon="116.6463469527661800384521484375">
        <ele>28.6000003814697265625</ele>
        <time>2021-03-22T13:11:28.000Z</time>
        <extensions>
          <ns3:TrackPointExtension/>
        </extensions>
      </trkpt>
      <trkpt lat="39.8946959339082241058349609375" lon="116.6462909616529941558837890625">
        <ele>28.3999996185302734375</ele>
        <time>2021-03-22T13:11:33.000Z</time>
        <extensions>
          <ns3:TrackPointExtension/>
        </extensions>
      </trkpt>
      <trkpt lat="39.8945839516818523406982421875" lon="116.64624293334782123565673828125">
        <ele>28.3999996185302734375</ele>
        <time>2021-03-22T13:11:38.000Z</time>
        <extensions>
          <ns3:TrackPointExtension/>
        </extensions>
      </trkpt>
      <trkpt lat="39.8944709636270999908447265625" lon="116.64619398303329944610595703125">
        <ele>28.3999996185302734375</ele>
        <time>2021-03-22T13:11:43.000Z</time>
        <extensions>
          <ns3:TrackPointExtension/>
        </extensions>
      </trkpt>
      <trkpt lat="39.894379936158657073974609375" lon="116.64615492336452007293701171875">
        <ele>28.3999996185302734375</ele>
        <time>2021-03-22T13:11:48.000Z</time>
        <extensions>
          <ns3:TrackPointExtension/>
        </extensions>
      </trkpt>
      <trkpt lat="39.8943199217319488525390625" lon="116.6461239941418170928955078125">
        <ele>28.3999996185302734375</ele>
        <time>2021-03-22T13:11:53.000Z</time>
        <extensions>
          <ns3:TrackPointExtension/>
        </extensions>
      </trkpt>
      <trkpt lat="39.89424892701208591461181640625" lon="116.64607898332178592681884765625">
        <ele>28.3999996185302734375</ele>
        <time>2021-03-22T13:11:58.000Z</time>
        <extensions>
          <ns3:TrackPointExtension/>
        </extensions>
      </trkpt>
      <trkpt lat="39.89413593895733356475830078125" lon="116.64602098055183887481689453125">
        <ele>28.3999996185302734375</ele>
        <time>2021-03-22T13:12:03.000Z</time>
        <extensions>
          <ns3:TrackPointExtension/>
        </extensions>
      </trkpt>
      <trkpt lat="39.89402697421610355377197265625" lon="116.64596096612513065338134765625">
        <ele>28.200000762939453125</ele>
        <time>2021-03-22T13:12:08.000Z</time>
        <extensions>
          <ns3:TrackPointExtension/>
        </extensions>
      </trkpt>
      <trkpt lat="39.89391691982746124267578125" lon="116.64590698666870594024658203125">
        <ele>28.200000762939453125</ele>
        <time>2021-03-22T13:12:13.000Z</time>
        <extensions>
          <ns3:TrackPointExtension/>
        </extensions>
      </trkpt>
      <trkpt lat="39.89384693093597888946533203125" lon="116.64596297778189182281494140625">
        <ele>28.3999996185302734375</ele>
        <time>2021-03-22T13:12:18.000Z</time>
        <extensions>
          <ns3:TrackPointExtension/>
        </extensions>
      </trkpt>
      <trkpt lat="39.8937809653580188751220703125" lon="116.64607294835150241851806640625">
        <ele>28.3999996185302734375</ele>
        <time>2021-03-22T13:12:23.000Z</time>
        <extensions>
          <ns3:TrackPointExtension/>
        </extensions>
      </trkpt>
      <trkpt lat="39.89371399395167827606201171875" lon="116.64618493057787418365478515625">
        <ele>28.6000003814697265625</ele>
        <time>2021-03-22T13:12:28.000Z</time>
        <extensions>
          <ns3:TrackPointExtension/>
        </extensions>
      </trkpt>
      <trkpt lat="39.89364392124116420745849609375" lon="116.6462969966232776641845703125">
        <ele>28.799999237060546875</ele>
        <time>2021-03-22T13:12:33.000Z</time>
        <extensions>
          <ns3:TrackPointExtension/>
        </extensions>
      </trkpt>
      <trkpt lat="39.89353696815669536590576171875" lon="116.6463489644229412078857421875">
        <ele>29</ele>
        <time>2021-03-22T13:12:38.000Z</time>
        <extensions>
          <ns3:TrackPointExtension/>
        </extensions>
      </trkpt>
      <trkpt lat="39.89341199398040771484375" lon="116.64633496664464473724365234375">
        <ele>29</ele>
        <time>2021-03-22T13:12:43.000Z</time>
        <extensions>
          <ns3:TrackPointExtension/>
        </extensions>
      </trkpt>
      <trkpt lat="39.89330596290528774261474609375" lon="116.64627193473279476165771484375">
        <ele>29</ele>
        <time>2021-03-22T13:12:48.000Z</time>
        <extensions>
          <ns3:TrackPointExtension/>
        </extensions>
      </trkpt>
      <trkpt lat="39.8931979201734066009521484375" lon="116.6462339647114276885986328125">
        <ele>29</ele>
        <time>2021-03-22T13:12:53.000Z</time>
        <extensions>
          <ns3:TrackPointExtension/>
        </extensions>
      </trkpt>
      <trkpt lat="39.8930909670889377593994140625" lon="116.64619498886168003082275390625">
        <ele>29</ele>
        <time>2021-03-22T13:12:58.000Z</time>
        <extensions>
          <ns3:TrackPointExtension/>
        </extensions>
      </trkpt>
      <trkpt lat="39.8929799906909465789794921875" lon="116.64614595472812652587890625">
        <ele>29</ele>
        <time>2021-03-22T13:13:03.000Z</time>
        <extensions>
          <ns3:TrackPointExtension/>
        </extensions>
      </trkpt>
      <trkpt lat="39.8928619734942913055419921875" lon="116.64608895778656005859375">
        <ele>29</ele>
        <time>2021-03-22T13:13:08.000Z</time>
        <extensions>
          <ns3:TrackPointExtension/>
        </extensions>
      </trkpt>
      <trkpt lat="39.8927489854395389556884765625" lon="116.64604595862329006195068359375">
        <ele>29.3999996185302734375</ele>
        <time>2021-03-22T13:13:13.000Z</time>
        <extensions>
          <ns3:TrackPointExtension/>
        </extensions>
      </trkpt>
      <trkpt lat="39.89263993687927722930908203125" lon="116.6459979303181171417236328125">
        <ele>29.6000003814697265625</ele>
        <time>2021-03-22T13:13:18.000Z</time>
        <extensions>
          <ns3:TrackPointExtension/>
        </extensions>
      </trkpt>
      <trkpt lat="39.892535917460918426513671875" lon="116.6459399275481700897216796875">
        <ele>29.799999237060546875</ele>
        <time>2021-03-22T13:13:23.000Z</time>
        <extensions>
          <ns3:TrackPointExtension/>
        </extensions>
      </trkpt>
      <trkpt lat="39.8924059979617595672607421875" lon="116.64587697945535182952880859375">
        <ele>30.200000762939453125</ele>
        <time>2021-03-22T13:13:28.000Z</time>
        <extensions>
          <ns3:TrackPointExtension/>
        </extensions>
      </trkpt>
      <trkpt lat="39.8922769166529178619384765625" lon="116.64579994976520538330078125">
        <ele>30.3999996185302734375</ele>
        <time>2021-03-22T13:13:33.000Z</time>
        <extensions>
          <ns3:TrackPointExtension/>
        </extensions>
      </trkpt>
      <trkpt lat="39.8921749927103519439697265625" lon="116.6457159630954265594482421875">
        <ele>30.799999237060546875</ele>
        <time>2021-03-22T13:13:38.000Z</time>
        <extensions>
          <ns3:TrackPointExtension/>
        </extensions>
      </trkpt>
      <trkpt lat="39.892081953585147857666015625" lon="116.6456639952957630157470703125">
        <ele>31</ele>
        <time>2021-03-22T13:13:43.000Z</time>
        <extensions>
          <ns3:TrackPointExtension/>
        </extensions>
      </trkpt>
      <trkpt lat="39.89200693555176258087158203125" lon="116.64563097059726715087890625">
        <ele>30.799999237060546875</ele>
        <time>2021-03-22T13:13:48.000Z</time>
        <extensions>
          <ns3:TrackPointExtension/>
        </extensions>
      </trkpt>
      <trkpt lat="39.8919459991157054901123046875" lon="116.64561093784868717193603515625">
        <ele>30.6000003814697265625</ele>
        <time>2021-03-22T13:13:53.000Z</time>
        <extensions>
          <ns3:TrackPointExtension/>
        </extensions>
      </trkpt>
      <trkpt lat="39.8918879963457584381103515625" lon="116.6455929167568683624267578125">
        <ele>30.3999996185302734375</ele>
        <time>2021-03-22T13:13:58.000Z</time>
        <extensions>
          <ns3:TrackPointExtension/>
        </extensions>
      </trkpt>
      <trkpt lat="39.8918199352920055389404296875" lon="116.64558797143399715423583984375">
        <ele>30.200000762939453125</ele>
        <time>2021-03-22T13:14:03.000Z</time>
        <extensions>
          <ns3:TrackPointExtension/>
        </extensions>
      </trkpt>
      <trkpt lat="39.891735948622226715087890625" lon="116.6455399431288242340087890625">
        <ele>29.799999237060546875</ele>
        <time>2021-03-22T13:14:08.000Z</time>
        <extensions>
          <ns3:TrackPointExtension/>
        </extensions>
      </trkpt>
      <trkpt lat="39.89163494668900966644287109375" lon="116.6454599797725677490234375">
        <ele>29.3999996185302734375</ele>
        <time>2021-03-22T13:14:13.000Z</time>
        <extensions>
          <ns3:TrackPointExtension/>
        </extensions>
      </trkpt>
      <trkpt lat="39.8915299214422702789306640625" lon="116.6454269550740718841552734375">
        <ele>29</ele>
        <time>2021-03-22T13:14:18.000Z</time>
        <extensions>
          <ns3:TrackPointExtension/>
        </extensions>
      </trkpt>
      <trkpt lat="39.89154492504894733428955078125" lon="116.64544195868074893951416015625">
        <ele>29.200000762939453125</ele>
        <time>2021-03-22T13:14:23.000Z</time>
        <extensions>
          <ns3:TrackPointExtension/>
        </extensions>
      </trkpt>
      <trkpt lat="39.89166998304426670074462890625" lon="116.64543793536722660064697265625">
        <ele>29.6000003814697265625</ele>
        <time>2021-03-22T13:14:28.000Z</time>
        <extensions>
          <ns3:TrackPointExtension/>
        </extensions>
      </trkpt>
      <trkpt lat="39.891794957220554351806640625" lon="116.64546199142932891845703125">
        <ele>30</ele>
        <time>2021-03-22T13:14:33.000Z</time>
        <extensions>
          <ns3:TrackPointExtension/>
        </extensions>
      </trkpt>
      <trkpt lat="39.891908951103687286376953125" lon="116.64549794979393482208251953125">
        <ele>30.3999996185302734375</ele>
        <time>2021-03-22T13:14:38.000Z</time>
        <extensions>
          <ns3:TrackPointExtension/>
        </extensions>
      </trkpt>
      <trkpt lat="39.892020933330059051513671875" lon="116.64552393369376659393310546875">
        <ele>30.799999237060546875</ele>
        <time>2021-03-22T13:14:43.000Z</time>
        <extensions>
          <ns3:TrackPointExtension/>
        </extensions>
      </trkpt>
      <trkpt lat="39.892146997153759002685546875" lon="116.64556793868541717529296875">
        <ele>30.799999237060546875</ele>
        <time>2021-03-22T13:14:48.000Z</time>
        <extensions>
          <ns3:TrackPointExtension/>
        </extensions>
      </trkpt>
      <trkpt lat="39.8922869749367237091064453125" lon="116.64562694728374481201171875">
        <ele>30.3999996185302734375</ele>
        <time>2021-03-22T13:14:53.000Z</time>
        <extensions>
          <ns3:TrackPointExtension/>
        </extensions>
      </trkpt>
      <trkpt lat="39.89240893162786960601806640625" lon="116.64566994644701480865478515625">
        <ele>30.200000762939453125</ele>
        <time>2021-03-22T13:14:58.000Z</time>
        <extensions>
          <ns3:TrackPointExtension/>
        </extensions>
      </trkpt>
      <trkpt lat="39.89250197075307369232177734375" lon="116.6457099281251430511474609375">
        <ele>30</ele>
        <time>2021-03-22T13:15:03.000Z</time>
        <extensions>
          <ns3:TrackPointExtension/>
        </extensions>
      </trkpt>
      <trkpt lat="39.89261898212134838104248046875" lon="116.6457679308950901031494140625">
        <ele>29.6000003814697265625</ele>
        <time>2021-03-22T13:15:08.000Z</time>
        <extensions>
          <ns3:TrackPointExtension/>
        </extensions>
      </trkpt>
      <trkpt lat="39.8927409388124942779541015625" lon="116.64582098834216594696044921875">
        <ele>29.3999996185302734375</ele>
        <time>2021-03-22T13:15:13.000Z</time>
        <extensions>
          <ns3:TrackPointExtension/>
        </extensions>
      </trkpt>
      <trkpt lat="39.89284294657409191131591796875" lon="116.6458649933338165283203125">
        <ele>29.200000762939453125</ele>
        <time>2021-03-22T13:15:18.000Z</time>
        <extensions>
          <ns3:TrackPointExtension/>
        </extensions>
      </trkpt>
      <trkpt lat="39.8929109238088130950927734375" lon="116.645919978618621826171875">
        <ele>29</ele>
        <time>2021-03-22T13:15:23.000Z</time>
        <extensions>
          <ns3:TrackPointExtension/>
        </extensions>
      </trkpt>
      <trkpt lat="39.89298694767057895660400390625" lon="116.64596398361027240753173828125">
        <ele>29</ele>
        <time>2021-03-22T13:15:28.000Z</time>
        <extensions>
          <ns3:TrackPointExtension/>
        </extensions>
      </trkpt>
      <trkpt lat="39.89307194016873836517333984375" lon="116.64601393975317478179931640625">
        <ele>29</ele>
        <time>2021-03-22T13:15:33.000Z</time>
        <extensions>
          <ns3:TrackPointExtension/>
        </extensions>
      </trkpt>
      <trkpt lat="39.89316497929394245147705078125" lon="116.6460609622299671173095703125">
        <ele>29</ele>
        <time>2021-03-22T13:15:38.000Z</time>
        <extensions>
          <ns3:TrackPointExtension/>
        </extensions>
      </trkpt>
      <trkpt lat="39.89324494265019893646240234375" lon="116.64612893946468830108642578125">
        <ele>29</ele>
        <time>2021-03-22T13:15:43.000Z</time>
        <extensions>
          <ns3:TrackPointExtension/>
        </extensions>
      </trkpt>
      <trkpt lat="39.8933829925954341888427734375" lon="116.64618493057787418365478515625">
        <ele>29</ele>
        <time>2021-03-22T13:15:48.000Z</time>
        <extensions>
          <ns3:TrackPointExtension/>
        </extensions>
      </trkpt>
      <trkpt lat="39.89354099147021770477294921875" lon="116.646266989409923553466796875">
        <ele>29</ele>
        <time>2021-03-22T13:15:53.000Z</time>
        <extensions>
          <ns3:TrackPointExtension/>
        </extensions>
      </trkpt>
      <trkpt lat="39.89362598396837711334228515625" lon="116.64624997414648532867431640625">
        <ele>28.799999237060546875</ele>
        <time>2021-03-22T13:15:58.000Z</time>
        <extensions>
          <ns3:TrackPointExtension/>
        </extensions>
      </trkpt>
      <trkpt lat="39.8936699889600276947021484375" lon="116.64614193141460418701171875">
        <ele>28.6000003814697265625</ele>
        <time>2021-03-22T13:16:03.000Z</time>
        <extensions>
          <ns3:TrackPointExtension/>
        </extensions>
      </trkpt>
      <trkpt lat="39.89373897202312946319580078125" lon="116.64600991643965244293212890625">
        <ele>28.3999996185302734375</ele>
        <time>2021-03-22T13:16:08.000Z</time>
        <extensions>
          <ns3:TrackPointExtension/>
        </extensions>
      </trkpt>
      <trkpt lat="39.89382798783481121063232421875" lon="116.64587899111211299896240234375">
        <ele>28.200000762939453125</ele>
        <time>2021-03-22T13:16:13.000Z</time>
        <extensions>
          <ns3:TrackPointExtension/>
        </extensions>
      </trkpt>
      <trkpt lat="39.89392898976802825927734375" lon="116.64581897668540477752685546875">
        <ele>28</ele>
        <time>2021-03-22T13:16:18.000Z</time>
        <extensions>
          <ns3:TrackPointExtension/>
        </extensions>
      </trkpt>
      <trkpt lat="39.8940729908645153045654296875" lon="116.6458839364349842071533203125">
        <ele>28</ele>
        <time>2021-03-22T13:16:23.000Z</time>
        <extensions>
          <ns3:TrackPointExtension/>
        </extensions>
      </trkpt>
      <trkpt lat="39.89421196281909942626953125" lon="116.64595996029675006866455078125">
        <ele>28</ele>
        <time>2021-03-22T13:16:28.000Z</time>
        <extensions>
          <ns3:TrackPointExtension/>
        </extensions>
      </trkpt>
      <trkpt lat="39.89434598945081233978271484375" lon="116.646037995815277099609375">
        <ele>28</ele>
        <time>2021-03-22T13:16:33.000Z</time>
        <extensions>
          <ns3:TrackPointExtension/>
        </extensions>
      </trkpt>
      <trkpt lat="39.89444397389888763427734375" lon="116.6460849344730377197265625">
        <ele>28</ele>
        <time>2021-03-22T13:16:38.000Z</time>
        <extensions>
          <ns3:TrackPointExtension/>
        </extensions>
      </trkpt>
      <trkpt lat="39.89456199109554290771484375" lon="116.6461239941418170928955078125">
        <ele>28</ele>
        <time>2021-03-22T13:16:43.000Z</time>
        <extensions>
          <ns3:TrackPointExtension/>
        </extensions>
      </trkpt>
      <trkpt lat="39.89469199441373348236083984375" lon="116.64618694223463535308837890625">
        <ele>28.200000762939453125</ele>
        <time>2021-03-22T13:16:48.000Z</time>
        <extensions>
          <ns3:TrackPointExtension/>
        </extensions>
      </trkpt>
      <trkpt lat="39.8948109336197376251220703125" lon="116.64625198580324649810791015625">
        <ele>28.3999996185302734375</ele>
        <time>2021-03-22T13:16:53.000Z</time>
        <extensions>
          <ns3:TrackPointExtension/>
        </extensions>
      </trkpt>
      <trkpt lat="39.89492299966514110565185546875" lon="116.64631099440157413482666015625">
        <ele>28.3999996185302734375</ele>
        <time>2021-03-22T13:16:58.000Z</time>
        <extensions>
          <ns3:TrackPointExtension/>
        </extensions>
      </trkpt>
      <trkpt lat="39.89500195719301700592041015625" lon="116.6463479585945606231689453125">
        <ele>28.6000003814697265625</ele>
        <time>2021-03-22T13:17:03.000Z</time>
        <extensions>
          <ns3:TrackPointExtension/>
        </extensions>
      </trkpt>
      <trkpt lat="39.89506297744810581207275390625" lon="116.646380983293056488037109375">
        <ele>28.6000003814697265625</ele>
        <time>2021-03-22T13:17:08.000Z</time>
        <extensions>
          <ns3:TrackPointExtension/>
        </extensions>
      </trkpt>
      <trkpt lat="39.895124919712543487548828125" lon="116.6464029438793659210205078125">
        <ele>28.799999237060546875</ele>
        <time>2021-03-22T13:17:13.000Z</time>
        <extensions>
          <ns3:TrackPointExtension/>
        </extensions>
      </trkpt>
      <trkpt lat="39.89517093636095523834228515625" lon="116.646433956921100616455078125">
        <ele>28.799999237060546875</ele>
        <time>2021-03-22T13:17:18.000Z</time>
        <extensions>
          <ns3:TrackPointExtension/>
        </extensions>
      </trkpt>
      <trkpt lat="39.89525592885911464691162109375" lon="116.6464569233357906341552734375">
        <ele>28.799999237060546875</ele>
        <time>2021-03-22T13:17:23.000Z</time>
        <extensions>
          <ns3:TrackPointExtension/>
        </extensions>
      </trkpt>
      <trkpt lat="39.8953889496624469757080078125" lon="116.646493971347808837890625">
        <ele>29</ele>
        <time>2021-03-22T13:17:28.000Z</time>
        <extensions>
          <ns3:TrackPointExtension/>
        </extensions>
      </trkpt>
      <trkpt lat="39.89552297629415988922119140625" lon="116.646545939147472381591796875">
        <ele>28.799999237060546875</ele>
        <time>2021-03-22T13:17:33.000Z</time>
        <extensions>
          <ns3:TrackPointExtension/>
        </extensions>
      </trkpt>
      <trkpt lat="39.89565792493522167205810546875" lon="116.64658692665398120880126953125">
        <ele>28.3999996185302734375</ele>
        <time>2021-03-22T13:17:38.000Z</time>
        <extensions>
          <ns3:TrackPointExtension/>
        </extensions>
      </trkpt>
      <trkpt lat="39.89580594934523105621337890625" lon="116.64664291776716709136962890625">
        <ele>28.200000762939453125</ele>
        <time>2021-03-22T13:17:43.000Z</time>
        <extensions>
          <ns3:TrackPointExtension/>
        </extensions>
      </trkpt>
      <trkpt lat="39.89595497958362102508544921875" lon="116.64667292498052120208740234375">
        <ele>27.799999237060546875</ele>
        <time>2021-03-22T13:17:48.000Z</time>
        <extensions>
          <ns3:TrackPointExtension/>
        </extensions>
      </trkpt>
      <trkpt lat="39.89603494293987751007080078125" lon="116.64662699215114116668701171875">
        <ele>27.6000003814697265625</ele>
        <time>2021-03-22T13:17:53.000Z</time>
        <extensions>
          <ns3:TrackPointExtension/>
        </extensions>
      </trkpt>
      <trkpt lat="39.89603896625339984893798828125" lon="116.64649195969104766845703125">
        <ele>27.3999996185302734375</ele>
        <time>2021-03-22T13:17:58.000Z</time>
        <extensions>
          <ns3:TrackPointExtension/>
        </extensions>
      </trkpt>
      <trkpt lat="39.89601398818194866180419921875" lon="116.64633697830140590667724609375">
        <ele>27.200000762939453125</ele>
        <time>2021-03-22T13:18:03.000Z</time>
        <extensions>
          <ns3:TrackPointExtension/>
        </extensions>
      </trkpt>
      <trkpt lat="39.89600694738328456878662109375" lon="116.6461689211428165435791015625">
        <ele>27.200000762939453125</ele>
        <time>2021-03-22T13:18:08.000Z</time>
        <extensions>
          <ns3:TrackPointExtension/>
        </extensions>
      </trkpt>
      <trkpt lat="39.89600795321166515350341796875" lon="116.6460089944303035736083984375">
        <ele>27</ele>
        <time>2021-03-22T13:18:13.000Z</time>
        <extensions>
          <ns3:TrackPointExtension/>
        </extensions>
      </trkpt>
      <trkpt lat="39.8960199393332004547119140625" lon="116.64584596641361713409423828125">
        <ele>26.6000003814697265625</ele>
        <time>2021-03-22T13:18:18.000Z</time>
        <extensions>
          <ns3:TrackPointExtension/>
        </extensions>
      </trkpt>
      <trkpt lat="39.89603192545473575592041015625" lon="116.645684950053691864013671875">
        <ele>26.3999996185302734375</ele>
        <time>2021-03-22T13:18:23.000Z</time>
        <extensions>
          <ns3:TrackPointExtension/>
        </extensions>
      </trkpt>
      <trkpt lat="39.8960849829018115997314453125" lon="116.6455489955842494964599609375">
        <ele>26.6000003814697265625</ele>
        <time>2021-03-22T13:18:28.000Z</time>
        <extensions>
          <ns3:TrackPointExtension/>
        </extensions>
      </trkpt>
      <trkpt lat="39.8961389623582363128662109375" lon="116.64541899226605892181396484375">
        <ele>26.799999237060546875</ele>
        <time>2021-03-22T13:18:33.000Z</time>
        <extensions>
          <ns3:TrackPointExtension/>
        </extensions>
      </trkpt>
      <trkpt lat="39.89614893682301044464111328125" lon="116.6452619992196559906005859375">
        <ele>27.200000762939453125</ele>
        <time>2021-03-22T13:18:38.000Z</time>
        <extensions>
          <ns3:TrackPointExtension/>
        </extensions>
      </trkpt>
      <trkpt lat="39.8961599171161651611328125" lon="116.645110957324504852294921875">
        <ele>27.3999996185302734375</ele>
        <time>2021-03-22T13:18:43.000Z</time>
        <extensions>
          <ns3:TrackPointExtension/>
        </extensions>
      </trkpt>
      <trkpt lat="39.8961599171161651611328125" lon="116.644937954843044281005859375">
        <ele>27.799999237060546875</ele>
        <time>2021-03-22T13:18:48.000Z</time>
        <extensions>
          <ns3:TrackPointExtension/>
        </extensions>
      </trkpt>
      <trkpt lat="39.896166957914829254150390625" lon="116.64477392099797725677490234375">
        <ele>28</ele>
        <time>2021-03-22T13:18:53.000Z</time>
        <extensions>
          <ns3:TrackPointExtension/>
        </extensions>
      </trkpt>
      <trkpt lat="39.89617492072284221649169921875" lon="116.6446159221231937408447265625">
        <ele>27.799999237060546875</ele>
        <time>2021-03-22T13:18:58.000Z</time>
        <extensions>
          <ns3:TrackPointExtension/>
        </extensions>
      </trkpt>
      <trkpt lat="39.89617492072284221649169921875" lon="116.6444489546120166778564453125">
        <ele>27.6000003814697265625</ele>
        <time>2021-03-22T13:19:03.000Z</time>
        <extensions>
          <ns3:TrackPointExtension/>
        </extensions>
      </trkpt>
      <trkpt lat="39.89615698345005512237548828125" lon="116.64426698349416255950927734375">
        <ele>27.3999996185302734375</ele>
        <time>2021-03-22T13:19:08.000Z</time>
        <extensions>
          <ns3:TrackPointExtension/>
        </extensions>
      </trkpt>
      <trkpt lat="39.89614793099462985992431640625" lon="116.6440759599208831787109375">
        <ele>27.200000762939453125</ele>
        <time>2021-03-22T13:19:13.000Z</time>
        <extensions>
          <ns3:TrackPointExtension/>
        </extensions>
      </trkpt>
      <trkpt lat="39.8961449973285198211669921875" lon="116.64391997270286083221435546875">
        <ele>26.799999237060546875</ele>
        <time>2021-03-22T13:19:18.000Z</time>
        <extensions>
          <ns3:TrackPointExtension/>
        </extensions>
      </trkpt>
      <trkpt lat="39.8961429856717586517333984375" lon="116.6437599621713161468505859375">
        <ele>26.799999237060546875</ele>
        <time>2021-03-22T13:19:23.000Z</time>
        <extensions>
          <ns3:TrackPointExtension/>
        </extensions>
      </trkpt>
      <trkpt lat="39.89613099955022335052490234375" lon="116.6435869596898555755615234375">
        <ele>26.799999237060546875</ele>
        <time>2021-03-22T13:19:28.000Z</time>
        <extensions>
          <ns3:TrackPointExtension/>
        </extensions>
      </trkpt>
      <trkpt lat="39.89612295292317867279052734375" lon="116.64342192001640796661376953125">
        <ele>26.799999237060546875</ele>
        <time>2021-03-22T13:19:33.000Z</time>
        <extensions>
          <ns3:TrackPointExtension/>
        </extensions>
      </trkpt>
      <trkpt lat="39.89612898789346218109130859375" lon="116.64326098747551441192626953125">
        <ele>26.799999237060546875</ele>
        <time>2021-03-22T13:19:38.000Z</time>
        <extensions>
          <ns3:TrackPointExtension/>
        </extensions>
      </trkpt>
      <trkpt lat="39.8961409740149974822998046875" lon="116.643097959458827972412109375">
        <ele>27.200000762939453125</ele>
        <time>2021-03-22T13:19:43.000Z</time>
        <extensions>
          <ns3:TrackPointExtension/>
        </extensions>
      </trkpt>
      <trkpt lat="39.89615497179329395294189453125" lon="116.64294197224080562591552734375">
        <ele>27</ele>
        <time>2021-03-22T13:19:48.000Z</time>
        <extensions>
          <ns3:TrackPointExtension/>
        </extensions>
      </trkpt>
      <trkpt lat="39.89616997539997100830078125" lon="116.64276997558772563934326171875">
        <ele>27</ele>
        <time>2021-03-22T13:19:53.000Z</time>
        <extensions>
          <ns3:TrackPointExtension/>
        </extensions>
      </trkpt>
      <trkpt lat="39.89617492072284221649169921875" lon="116.64258892647922039031982421875">
        <ele>27</ele>
        <time>2021-03-22T13:19:58.000Z</time>
        <extensions>
          <ns3:TrackPointExtension/>
        </extensions>
      </trkpt>
      <trkpt lat="39.896166957914829254150390625" lon="116.642403937876224517822265625">
        <ele>27</ele>
        <time>2021-03-22T13:20:03.000Z</time>
        <extensions>
          <ns3:TrackPointExtension/>
        </extensions>
      </trkpt>
      <trkpt lat="39.896164946258068084716796875" lon="116.64222599007189273834228515625">
        <ele>27.200000762939453125</ele>
        <time>2021-03-22T13:20:08.000Z</time>
        <extensions>
          <ns3:TrackPointExtension/>
        </extensions>
      </trkpt>
      <trkpt lat="39.89616192877292633056640625" lon="116.64204896427690982818603515625">
        <ele>27.6000003814697265625</ele>
        <time>2021-03-22T13:20:13.000Z</time>
        <extensions>
          <ns3:TrackPointExtension/>
        </extensions>
      </trkpt>
      <trkpt lat="39.8961349390447139739990234375" lon="116.64186992682516574859619140625">
        <ele>28</ele>
        <time>2021-03-22T13:20:18.000Z</time>
        <extensions>
          <ns3:TrackPointExtension/>
        </extensions>
      </trkpt>
      <trkpt lat="39.8961359448730945587158203125" lon="116.64171695709228515625">
        <ele>28.3999996185302734375</ele>
        <time>2021-03-22T13:20:23.000Z</time>
        <extensions>
          <ns3:TrackPointExtension/>
        </extensions>
      </trkpt>
      <trkpt lat="39.8961409740149974822998046875" lon="116.6415719501674175262451171875">
        <ele>28.6000003814697265625</ele>
        <time>2021-03-22T13:20:28.000Z</time>
        <extensions>
          <ns3:TrackPointExtension/>
        </extensions>
      </trkpt>
      <trkpt lat="39.89614591933786869049072265625" lon="116.64143892936408519744873046875">
        <ele>29.200000762939453125</ele>
        <time>2021-03-22T13:20:33.000Z</time>
        <extensions>
          <ns3:TrackPointExtension/>
        </extensions>
      </trkpt>
      <trkpt lat="39.8961639404296875" lon="116.64131395518779754638671875">
        <ele>29.6000003814697265625</ele>
        <time>2021-03-22T13:20:38.000Z</time>
        <extensions>
          <ns3:TrackPointExtension/>
        </extensions>
      </trkpt>
      <trkpt lat="39.896171987056732177734375" lon="116.6411759890615940093994140625">
        <ele>30.200000762939453125</ele>
        <time>2021-03-22T13:20:43.000Z</time>
        <extensions>
          <ns3:TrackPointExtension/>
        </extensions>
      </trkpt>
      <trkpt lat="39.896162934601306915283203125" lon="116.64103995077311992645263671875">
        <ele>30.6000003814697265625</ele>
        <time>2021-03-22T13:20:48.000Z</time>
        <extensions>
          <ns3:TrackPointExtension/>
        </extensions>
      </trkpt>
      <trkpt lat="39.896164946258068084716796875" lon="116.64091296494007110595703125">
        <ele>31.200000762939453125</ele>
        <time>2021-03-22T13:20:53.000Z</time>
        <extensions>
          <ns3:TrackPointExtension/>
        </extensions>
      </trkpt>
      <trkpt lat="39.89617693237960338592529296875" lon="116.6407699696719646453857421875">
        <ele>31.6000003814697265625</ele>
        <time>2021-03-22T13:20:58.000Z</time>
        <extensions>
          <ns3:TrackPointExtension/>
        </extensions>
      </trkpt>
      <trkpt lat="39.8961889185011386871337890625" lon="116.640622951090335845947265625">
        <ele>32</ele>
        <time>2021-03-22T13:21:03.000Z</time>
        <extensions>
          <ns3:TrackPointExtension/>
        </extensions>
      </trkpt>
      <trkpt lat="39.8961979709565639495849609375" lon="116.64046193473041057586669921875">
        <ele>32.200000762939453125</ele>
        <time>2021-03-22T13:21:08.000Z</time>
        <extensions>
          <ns3:TrackPointExtension/>
        </extensions>
      </trkpt>
      <trkpt lat="39.89620895124971866607666015625" lon="116.6402859985828399658203125">
        <ele>32.40000152587890625</ele>
        <time>2021-03-22T13:21:13.000Z</time>
        <extensions>
          <ns3:TrackPointExtension/>
        </extensions>
      </trkpt>
      <trkpt lat="39.89621398039162158966064453125" lon="116.6400839947164058685302734375">
        <ele>32.799999237060546875</ele>
        <time>2021-03-22T13:21:18.000Z</time>
        <extensions>
          <ns3:TrackPointExtension/>
        </extensions>
      </trkpt>
      <trkpt lat="39.89620492793619632720947265625" lon="116.63991694338619709014892578125">
        <ele>32.799999237060546875</ele>
        <time>2021-03-22T13:21:23.000Z</time>
        <extensions>
          <ns3:TrackPointExtension/>
        </extensions>
      </trkpt>
      <trkpt lat="39.8961999826133251190185546875" lon="116.639767996966838836669921875">
        <ele>32.799999237060546875</ele>
        <time>2021-03-22T13:21:28.000Z</time>
        <extensions>
          <ns3:TrackPointExtension/>
        </extensions>
      </trkpt>
      <trkpt lat="39.89620593376457691192626953125" lon="116.6396119259297847747802734375">
        <ele>32.799999237060546875</ele>
        <time>2021-03-22T13:21:33.000Z</time>
        <extensions>
          <ns3:TrackPointExtension/>
        </extensions>
      </trkpt>
      <trkpt lat="39.89618095569312572479248046875" lon="116.63943598978221416473388671875">
        <ele>32.40000152587890625</ele>
        <time>2021-03-22T13:21:38.000Z</time>
        <extensions>
          <ns3:TrackPointExtension/>
        </extensions>
      </trkpt>
      <trkpt lat="39.896162934601306915283203125" lon="116.63926097564399242401123046875">
        <ele>32.200000762939453125</ele>
        <time>2021-03-22T13:21:43.000Z</time>
        <extensions>
          <ns3:TrackPointExtension/>
        </extensions>
      </trkpt>
      <trkpt lat="39.896164946258068084716796875" lon="116.6390939243137836456298828125">
        <ele>32</ele>
        <time>2021-03-22T13:21:48.000Z</time>
        <extensions>
          <ns3:TrackPointExtension/>
        </extensions>
      </trkpt>
      <trkpt lat="39.89616997539997100830078125" lon="116.63893994875252246856689453125">
        <ele>31.799999237060546875</ele>
        <time>2021-03-22T13:21:53.000Z</time>
        <extensions>
          <ns3:TrackPointExtension/>
        </extensions>
      </trkpt>
      <trkpt lat="39.89614692516624927520751953125" lon="116.63877398706972599029541015625">
        <ele>31.6000003814697265625</ele>
        <time>2021-03-22T13:21:58.000Z</time>
        <extensions>
          <ns3:TrackPointExtension/>
        </extensions>
      </trkpt>
      <trkpt lat="39.896113984286785125732421875" lon="116.6385859809815883636474609375">
        <ele>31</ele>
        <time>2021-03-22T13:22:03.000Z</time>
        <extensions>
          <ns3:TrackPointExtension/>
        </extensions>
      </trkpt>
      <trkpt lat="39.89609395153820514678955078125" lon="116.6384139843285083770751953125">
        <ele>30.799999237060546875</ele>
        <time>2021-03-22T13:22:08.000Z</time>
        <extensions>
          <ns3:TrackPointExtension/>
        </extensions>
      </trkpt>
      <trkpt lat="39.8960779421031475067138671875" lon="116.63824693299829959869384765625">
        <ele>30.3999996185302734375</ele>
        <time>2021-03-22T13:22:13.000Z</time>
        <extensions>
          <ns3:TrackPointExtension/>
        </extensions>
      </trkpt>
      <trkpt lat="39.8960869945585727691650390625" lon="116.63809396326541900634765625">
        <ele>30</ele>
        <time>2021-03-22T13:22:18.000Z</time>
        <extensions>
          <ns3:TrackPointExtension/>
        </extensions>
      </trkpt>
      <trkpt lat="39.8960849829018115997314453125" lon="116.637926995754241943359375">
        <ele>29.6000003814697265625</ele>
        <time>2021-03-22T13:22:23.000Z</time>
        <extensions>
          <ns3:TrackPointExtension/>
        </extensions>
      </trkpt>
      <trkpt lat="39.8960839770734310150146484375" lon="116.6377539932727813720703125">
        <ele>29.3999996185302734375</ele>
        <time>2021-03-22T13:22:28.000Z</time>
        <extensions>
          <ns3:TrackPointExtension/>
        </extensions>
      </trkpt>
      <trkpt lat="39.89609495736658573150634765625" lon="116.637579984962940216064453125">
        <ele>29.200000762939453125</ele>
        <time>2021-03-22T13:22:33.000Z</time>
        <extensions>
          <ns3:TrackPointExtension/>
        </extensions>
      </trkpt>
      <trkpt lat="39.8960869945585727691650390625" lon="116.637396924197673797607421875">
        <ele>29</ele>
        <time>2021-03-22T13:22:38.000Z</time>
        <extensions>
          <ns3:TrackPointExtension/>
        </extensions>
      </trkpt>
      <trkpt lat="39.89606495015323162078857421875" lon="116.63722098805010318756103515625">
        <ele>29.200000762939453125</ele>
        <time>2021-03-22T13:22:43.000Z</time>
        <extensions>
          <ns3:TrackPointExtension/>
        </extensions>
      </trkpt>
      <trkpt lat="39.896048940718173980712890625" lon="116.63706399500370025634765625">
        <ele>29.200000762939453125</ele>
        <time>2021-03-22T13:22:48.000Z</time>
        <extensions>
          <ns3:TrackPointExtension/>
        </extensions>
      </trkpt>
      <trkpt lat="39.89603695459663867950439453125" lon="116.63689593784511089324951171875">
        <ele>29.200000762939453125</ele>
        <time>2021-03-22T13:22:53.000Z</time>
        <extensions>
          <ns3:TrackPointExtension/>
        </extensions>
      </trkpt>
      <trkpt lat="39.89598398096859455108642578125" lon="116.63675596006214618682861328125">
        <ele>29.200000762939453125</ele>
        <time>2021-03-22T13:22:58.000Z</time>
        <extensions>
          <ns3:TrackPointExtension/>
        </extensions>
      </trkpt>
      <trkpt lat="39.89588993601500988006591796875" lon="116.6366249509155750274658203125">
        <ele>29.3999996185302734375</ele>
        <time>2021-03-22T13:23:03.000Z</time>
        <extensions>
          <ns3:TrackPointExtension/>
        </extensions>
      </trkpt>
      <trkpt lat="39.895828999578952789306640625" lon="116.6365119628608226776123046875">
        <ele>29.6000003814697265625</ele>
        <time>2021-03-22T13:23:08.000Z</time>
        <extensions>
          <ns3:TrackPointExtension/>
        </extensions>
      </trkpt>
      <trkpt lat="39.8959019221365451812744140625" lon="116.63638296537101268768310546875">
        <ele>29.799999237060546875</ele>
        <time>2021-03-22T13:23:13.000Z</time>
        <extensions>
          <ns3:TrackPointExtension/>
        </extensions>
      </trkpt>
      <trkpt lat="39.89600493572652339935302734375" lon="116.63623795844614505767822265625">
        <ele>29.799999237060546875</ele>
        <time>2021-03-22T13:23:18.000Z</time>
        <extensions>
          <ns3:TrackPointExtension/>
        </extensions>
      </trkpt>
      <trkpt lat="39.8960819654166698455810546875" lon="116.6361709870398044586181640625">
        <ele>29.6000003814697265625</ele>
        <time>2021-03-22T13:23:23.000Z</time>
        <extensions>
          <ns3:TrackPointExtension/>
        </extensions>
      </trkpt>
      <trkpt lat="39.89612697623670101165771484375" lon="116.63609898649156093597412109375">
        <ele>29.3999996185302734375</ele>
        <time>2021-03-22T13:23:28.000Z</time>
        <extensions>
          <ns3:TrackPointExtension/>
        </extensions>
      </trkpt>
      <trkpt lat="39.89626393653452396392822265625" lon="116.6359059512615203857421875">
        <ele>29</ele>
        <time>2021-03-22T13:23:33.000Z</time>
        <extensions>
          <ns3:TrackPointExtension/>
        </extensions>
      </trkpt>
      <trkpt lat="39.8963179998099803924560546875" lon="116.6358729265630245208740234375">
        <ele>29</ele>
        <time>2021-03-22T13:23:38.000Z</time>
        <extensions>
          <ns3:TrackPointExtension/>
        </extensions>
      </trkpt>
      <trkpt lat="39.89641296677291393280029296875" lon="116.63581098429858684539794921875">
        <ele>29</ele>
        <time>2021-03-22T13:23:43.000Z</time>
        <extensions>
          <ns3:TrackPointExtension/>
        </extensions>
      </trkpt>
      <trkpt lat="39.896518997848033905029296875" lon="116.63574694655835628509521484375">
        <ele>28.799999237060546875</ele>
        <time>2021-03-22T13:23:48.000Z</time>
        <extensions>
          <ns3:TrackPointExtension/>
        </extensions>
      </trkpt>
      <trkpt lat="39.89663592539727687835693359375" lon="116.63567997515201568603515625">
        <ele>28.6000003814697265625</ele>
        <time>2021-03-22T13:23:53.000Z</time>
        <extensions>
          <ns3:TrackPointExtension/>
        </extensions>
      </trkpt>
      <trkpt lat="39.896748997271060943603515625" lon="116.635613925755023956298828125">
        <ele>28.3999996185302734375</ele>
        <time>2021-03-22T13:23:58.000Z</time>
        <extensions>
          <ns3:TrackPointExtension/>
        </extensions>
      </trkpt>
      <trkpt lat="39.896854944527149200439453125" lon="116.63554997183382511138916015625">
        <ele>28.200000762939453125</ele>
        <time>2021-03-22T13:24:03.000Z</time>
        <extensions>
          <ns3:TrackPointExtension/>
        </extensions>
      </trkpt>
      <trkpt lat="39.89696198143064975738525390625" lon="116.63549398072063922882080078125">
        <ele>28.200000762939453125</ele>
        <time>2021-03-22T13:24:08.000Z</time>
        <extensions>
          <ns3:TrackPointExtension/>
        </extensions>
      </trkpt>
      <trkpt lat="39.89707195200026035308837890625" lon="116.6354189626872539520263671875">
        <ele>28.3999996185302734375</ele>
        <time>2021-03-22T13:24:13.000Z</time>
        <extensions>
          <ns3:TrackPointExtension/>
        </extensions>
      </trkpt>
      <trkpt lat="39.89718494005501270294189453125" lon="116.63533397018909454345703125">
        <ele>28.799999237060546875</ele>
        <time>2021-03-22T13:24:18.000Z</time>
        <extensions>
          <ns3:TrackPointExtension/>
        </extensions>
      </trkpt>
      <trkpt lat="39.89730094559490680694580078125" lon="116.63525694049894809722900390625">
        <ele>29</ele>
        <time>2021-03-22T13:24:23.000Z</time>
        <extensions>
          <ns3:TrackPointExtension/>
        </extensions>
      </trkpt>
      <trkpt lat="39.8974019475281238555908203125" lon="116.63520497269928455352783203125">
        <ele>29.3999996185302734375</ele>
        <time>2021-03-22T13:24:28.000Z</time>
        <extensions>
          <ns3:TrackPointExtension/>
        </extensions>
      </trkpt>
      <trkpt lat="39.89748098887503147125244140625" lon="116.6351899690926074981689453125">
        <ele>29.6000003814697265625</ele>
        <time>2021-03-22T13:24:33.000Z</time>
        <extensions>
          <ns3:TrackPointExtension/>
        </extensions>
      </trkpt>
      <trkpt lat="39.89758693613111972808837890625" lon="116.6351869516074657440185546875">
        <ele>29.799999237060546875</ele>
        <time>2021-03-22T13:24:38.000Z</time>
        <extensions>
          <ns3:TrackPointExtension/>
        </extensions>
      </trkpt>
      <trkpt lat="39.89764292724430561065673828125" lon="116.63514194078743457794189453125">
        <ele>30</ele>
        <time>2021-03-22T13:24:43.000Z</time>
        <extensions>
          <ns3:TrackPointExtension/>
        </extensions>
      </trkpt>
      <trkpt lat="39.8976929672062397003173828125" lon="116.6350779868662357330322265625">
        <ele>30.200000762939453125</ele>
        <time>2021-03-22T13:24:48.000Z</time>
        <extensions>
          <ns3:TrackPointExtension/>
        </extensions>
      </trkpt>
      <trkpt lat="39.89776295609772205352783203125" lon="116.63505099713802337646484375">
        <ele>30.3999996185302734375</ele>
        <time>2021-03-22T13:24:53.000Z</time>
        <extensions>
          <ns3:TrackPointExtension/>
        </extensions>
      </trkpt>
      <trkpt lat="39.89784099161624908447265625" lon="116.6350139491260051727294921875">
        <ele>30.6000003814697265625</ele>
        <time>2021-03-22T13:24:58.000Z</time>
        <extensions>
          <ns3:TrackPointExtension/>
        </extensions>
      </trkpt>
      <trkpt lat="39.89790393970906734466552734375" lon="116.6349629871547222137451171875">
        <ele>30.799999237060546875</ele>
        <time>2021-03-22T13:25:03.000Z</time>
        <extensions>
          <ns3:TrackPointExtension/>
        </extensions>
      </trkpt>
      <trkpt lat="39.89797099493443965911865234375" lon="116.6348989494144916534423828125">
        <ele>30.799999237060546875</ele>
        <time>2021-03-22T13:25:08.000Z</time>
        <extensions>
          <ns3:TrackPointExtension/>
        </extensions>
      </trkpt>
      <trkpt lat="39.8980329371988773345947265625" lon="116.6348449699580669403076171875">
        <ele>30.6000003814697265625</ele>
        <time>2021-03-22T13:25:13.000Z</time>
        <extensions>
          <ns3:TrackPointExtension/>
        </extensions>
      </trkpt>
      <trkpt lat="39.89810292609035968780517578125" lon="116.63480197079479694366455078125">
        <ele>30.200000762939453125</ele>
        <time>2021-03-22T13:25:18.000Z</time>
        <extensions>
          <ns3:TrackPointExtension/>
        </extensions>
      </trkpt>
      <trkpt lat="39.89817299880087375640869140625" lon="116.6347539424896240234375">
        <ele>29.799999237060546875</ele>
        <time>2021-03-22T13:25:23.000Z</time>
        <extensions>
          <ns3:TrackPointExtension/>
        </extensions>
      </trkpt>
      <trkpt lat="39.89824793301522731781005859375" lon="116.6347209177911281585693359375">
        <ele>29.6000003814697265625</ele>
        <time>2021-03-22T13:25:28.000Z</time>
        <extensions>
          <ns3:TrackPointExtension/>
        </extensions>
      </trkpt>
      <trkpt lat="39.898350946605205535888671875" lon="116.63470993749797344207763671875">
        <ele>29.200000762939453125</ele>
        <time>2021-03-22T13:25:33.000Z</time>
        <extensions>
          <ns3:TrackPointExtension/>
        </extensions>
      </trkpt>
      <trkpt lat="39.8984419740736484527587890625" lon="116.6346749849617481231689453125">
        <ele>28.799999237060546875</ele>
        <time>2021-03-22T13:25:38.000Z</time>
        <extensions>
          <ns3:TrackPointExtension/>
        </extensions>
      </trkpt>
      <trkpt lat="39.8985229432582855224609375" lon="116.63464196026325225830078125">
        <ele>28.6000003814697265625</ele>
        <time>2021-03-22T13:25:43.000Z</time>
        <extensions>
          <ns3:TrackPointExtension/>
        </extensions>
      </trkpt>
      <trkpt lat="39.89859695546329021453857421875" lon="116.63459795527160167694091796875">
        <ele>28.799999237060546875</ele>
        <time>2021-03-22T13:25:48.000Z</time>
        <extensions>
          <ns3:TrackPointExtension/>
        </extensions>
      </trkpt>
      <trkpt lat="39.89868496544659137725830078125" lon="116.6345599852502346038818359375">
        <ele>29</ele>
        <time>2021-03-22T13:25:53.000Z</time>
        <extensions>
          <ns3:TrackPointExtension/>
        </extensions>
      </trkpt>
      <trkpt lat="39.898753948509693145751953125" lon="116.6345219314098358154296875">
        <ele>29.200000762939453125</ele>
        <time>2021-03-22T13:25:58.000Z</time>
        <extensions>
          <ns3:TrackPointExtension/>
        </extensions>
      </trkpt>
      <trkpt lat="39.898805916309356689453125" lon="116.634467951953411102294921875">
        <ele>29.3999996185302734375</ele>
        <time>2021-03-22T13:26:03.000Z</time>
        <extensions>
          <ns3:TrackPointExtension/>
        </extensions>
      </trkpt>
      <trkpt lat="39.89885495044291019439697265625" lon="116.63442495279014110565185546875">
        <ele>29.6000003814697265625</ele>
        <time>2021-03-22T13:26:08.000Z</time>
        <extensions>
          <ns3:TrackPointExtension/>
        </extensions>
      </trkpt>
      <trkpt lat="39.898922927677631378173828125" lon="116.6343789361417293548583984375">
        <ele>30</ele>
        <time>2021-03-22T13:26:13.000Z</time>
        <extensions>
          <ns3:TrackPointExtension/>
        </extensions>
      </trkpt>
      <trkpt lat="39.8990199901163578033447265625" lon="116.6343219392001628875732421875">
        <ele>30.200000762939453125</ele>
        <time>2021-03-22T13:26:18.000Z</time>
        <extensions>
          <ns3:TrackPointExtension/>
        </extensions>
      </trkpt>
      <trkpt lat="39.8991309665143489837646484375" lon="116.63425396196544170379638671875">
        <ele>29.799999237060546875</ele>
        <time>2021-03-22T13:26:23.000Z</time>
        <extensions>
          <ns3:TrackPointExtension/>
        </extensions>
      </trkpt>
      <trkpt lat="39.8992489837110042572021484375" lon="116.6341559775173664093017578125">
        <ele>29.3999996185302734375</ele>
        <time>2021-03-22T13:26:28.000Z</time>
        <extensions>
          <ns3:TrackPointExtension/>
        </extensions>
      </trkpt>
      <trkpt lat="39.8993589542806148529052734375" lon="116.63405195809900760650634765625">
        <ele>28.799999237060546875</ele>
        <time>2021-03-22T13:26:33.000Z</time>
        <extensions>
          <ns3:TrackPointExtension/>
        </extensions>
      </trkpt>
      <trkpt lat="39.89946196787059307098388671875" lon="116.6339749284088611602783203125">
        <ele>28.3999996185302734375</ele>
        <time>2021-03-22T13:26:38.000Z</time>
        <extensions>
          <ns3:TrackPointExtension/>
        </extensions>
      </trkpt>
      <trkpt lat="39.89956296980381011962890625" lon="116.6339169256389141082763671875">
        <ele>28.3999996185302734375</ele>
        <time>2021-03-22T13:26:43.000Z</time>
        <extensions>
          <ns3:TrackPointExtension/>
        </extensions>
      </trkpt>
      <trkpt lat="39.89967294037342071533203125" lon="116.63387392647564411163330078125">
        <ele>28.6000003814697265625</ele>
        <time>2021-03-22T13:26:48.000Z</time>
        <extensions>
          <ns3:TrackPointExtension/>
        </extensions>
      </trkpt>
      <trkpt lat="39.89979095757007598876953125" lon="116.63383997976779937744140625">
        <ele>29</ele>
        <time>2021-03-22T13:26:53.000Z</time>
        <extensions>
          <ns3:TrackPointExtension/>
        </extensions>
      </trkpt>
      <trkpt lat="39.89991794340312480926513671875" lon="116.63377099670469760894775390625">
        <ele>29.3999996185302734375</ele>
        <time>2021-03-22T13:26:58.000Z</time>
        <extensions>
          <ns3:TrackPointExtension/>
        </extensions>
      </trkpt>
      <trkpt lat="39.90003696642816066741943359375" lon="116.6336379759013652801513671875">
        <ele>29.799999237060546875</ele>
        <time>2021-03-22T13:27:03.000Z</time>
        <extensions>
          <ns3:TrackPointExtension/>
        </extensions>
      </trkpt>
      <trkpt lat="39.90014894865453243255615234375" lon="116.63352993316948413848876953125">
        <ele>29.6000003814697265625</ele>
        <time>2021-03-22T13:27:08.000Z</time>
        <extensions>
          <ns3:TrackPointExtension/>
        </extensions>
      </trkpt>
      <trkpt lat="39.9002759344875812530517578125" lon="116.63343094289302825927734375">
        <ele>29.200000762939453125</ele>
        <time>2021-03-22T13:27:13.000Z</time>
        <extensions>
          <ns3:TrackPointExtension/>
        </extensions>
      </trkpt>
      <trkpt lat="39.90040292032063007354736328125" lon="116.6333419270813465118408203125">
        <ele>29</ele>
        <time>2021-03-22T13:27:18.000Z</time>
        <extensions>
          <ns3:TrackPointExtension/>
        </extensions>
      </trkpt>
      <trkpt lat="39.90051892586052417755126953125" lon="116.6332559287548065185546875">
        <ele>28.799999237060546875</ele>
        <time>2021-03-22T13:27:23.000Z</time>
        <extensions>
          <ns3:TrackPointExtension/>
        </extensions>
      </trkpt>
      <trkpt lat="39.90061498247087001800537109375" lon="116.6331459581851959228515625">
        <ele>28.799999237060546875</ele>
        <time>2021-03-22T13:27:28.000Z</time>
        <extensions>
          <ns3:TrackPointExtension/>
        </extensions>
      </trkpt>
      <trkpt lat="39.90072495304048061370849609375" lon="116.6330639831721782684326171875">
        <ele>28.799999237060546875</ele>
        <time>2021-03-22T13:27:33.000Z</time>
        <extensions>
          <ns3:TrackPointExtension/>
        </extensions>
      </trkpt>
      <trkpt lat="39.90081698633730411529541015625" lon="116.6329999454319477081298828125">
        <ele>28.799999237060546875</ele>
        <time>2021-03-22T13:27:38.000Z</time>
        <extensions>
          <ns3:TrackPointExtension/>
        </extensions>
      </trkpt>
      <trkpt lat="39.90081799216568470001220703125" lon="116.632920987904071807861328125">
        <ele>28.799999237060546875</ele>
        <time>2021-03-22T13:27:43.000Z</time>
        <extensions>
          <ns3:TrackPointExtension/>
        </extensions>
      </trkpt>
      <trkpt lat="39.90077792666852474212646484375" lon="116.6328249312937259674072265625">
        <ele>29</ele>
        <time>2021-03-22T13:27:48.000Z</time>
        <extensions>
          <ns3:TrackPointExtension/>
        </extensions>
      </trkpt>
      <trkpt lat="39.90070299245417118072509765625" lon="116.632798947393894195556640625">
        <ele>29.200000762939453125</ele>
        <time>2021-03-22T13:27:53.000Z</time>
        <extensions>
          <ns3:TrackPointExtension/>
        </extensions>
      </trkpt>
      <trkpt lat="39.9006219394505023956298828125" lon="116.6328819282352924346923828125">
        <ele>29.200000762939453125</ele>
        <time>2021-03-22T13:27:58.000Z</time>
        <extensions>
          <ns3:TrackPointExtension/>
        </extensions>
      </trkpt>
      <trkpt lat="39.900532923638820648193359375" lon="116.6330079920589923858642578125">
        <ele>29</ele>
        <time>2021-03-22T13:28:03.000Z</time>
        <extensions>
          <ns3:TrackPointExtension/>
        </extensions>
      </trkpt>
      <trkpt lat="39.90043695084750652313232421875" lon="116.63312894292175769805908203125">
        <ele>29</ele>
        <time>2021-03-22T13:28:08.000Z</time>
        <extensions>
          <ns3:TrackPointExtension/>
        </extensions>
      </trkpt>
      <trkpt lat="39.9003419838845729827880859375" lon="116.6332309506833553314208984375">
        <ele>29.200000762939453125</ele>
        <time>2021-03-22T13:28:13.000Z</time>
        <extensions>
          <ns3:TrackPointExtension/>
        </extensions>
      </trkpt>
      <trkpt lat="39.90023796446621417999267578125" lon="116.63329993374645709991455078125">
        <ele>29.3999996185302734375</ele>
        <time>2021-03-22T13:28:18.000Z</time>
        <extensions>
          <ns3:TrackPointExtension/>
        </extensions>
      </trkpt>
      <trkpt lat="39.90012799389660358428955078125" lon="116.6333999298512935638427734375">
        <ele>29.6000003814697265625</ele>
        <time>2021-03-22T13:28:23.000Z</time>
        <extensions>
          <ns3:TrackPointExtension/>
        </extensions>
      </trkpt>
      <trkpt lat="39.900027997791767120361328125" lon="116.63350394926965236663818359375">
        <ele>29.799999237060546875</ele>
        <time>2021-03-22T13:28:28.000Z</time>
        <extensions>
          <ns3:TrackPointExtension/>
        </extensions>
      </trkpt>
      <trkpt lat="39.89995297975838184356689453125" lon="116.63358994759619235992431640625">
        <ele>30</ele>
        <time>2021-03-22T13:28:33.000Z</time>
        <extensions>
          <ns3:TrackPointExtension/>
        </extensions>
      </trkpt>
      <trkpt lat="39.89988793618977069854736328125" lon="116.63361794315278530120849609375">
        <ele>29.799999237060546875</ele>
        <time>2021-03-22T13:28:38.000Z</time>
        <extensions>
          <ns3:TrackPointExtension/>
        </extensions>
      </trkpt>
      <trkpt lat="39.89982993341982364654541015625" lon="116.63364996202290058135986328125">
        <ele>29.6000003814697265625</ele>
        <time>2021-03-22T13:28:43.000Z</time>
        <extensions>
          <ns3:TrackPointExtension/>
        </extensions>
      </trkpt>
      <trkpt lat="39.89977394230663776397705078125" lon="116.6336909495294094085693359375">
        <ele>29.3999996185302734375</ele>
        <time>2021-03-22T13:28:48.000Z</time>
        <extensions>
          <ns3:TrackPointExtension/>
        </extensions>
      </trkpt>
      <trkpt lat="39.89971593953669071197509765625" lon="116.63373797200620174407958984375">
        <ele>29.200000762939453125</ele>
        <time>2021-03-22T13:28:53.000Z</time>
        <extensions>
          <ns3:TrackPointExtension/>
        </extensions>
      </trkpt>
      <trkpt lat="39.89962994121015071868896484375" lon="116.633783988654613494873046875">
        <ele>29</ele>
        <time>2021-03-22T13:28:58.000Z</time>
        <extensions>
          <ns3:TrackPointExtension/>
        </extensions>
      </trkpt>
      <trkpt lat="39.899559952318668365478515625" lon="116.63381994701921939849853515625">
        <ele>28.799999237060546875</ele>
        <time>2021-03-22T13:29:03.000Z</time>
        <extensions>
          <ns3:TrackPointExtension/>
        </extensions>
      </trkpt>
      <trkpt lat="39.89948996342718601226806640625" lon="116.6338659636676311492919921875">
        <ele>28.6000003814697265625</ele>
        <time>2021-03-22T13:29:08.000Z</time>
        <extensions>
          <ns3:TrackPointExtension/>
        </extensions>
      </trkpt>
      <trkpt lat="39.89940798841416835784912109375" lon="116.6339209489524364471435546875">
        <ele>28.6000003814697265625</ele>
        <time>2021-03-22T13:29:13.000Z</time>
        <extensions>
          <ns3:TrackPointExtension/>
        </extensions>
      </trkpt>
      <trkpt lat="39.89929097704589366912841796875" lon="116.6339759342372417449951171875">
        <ele>29</ele>
        <time>2021-03-22T13:29:18.000Z</time>
        <extensions>
          <ns3:TrackPointExtension/>
        </extensions>
      </trkpt>
      <trkpt lat="39.89916591905057430267333984375" lon="116.6340439952909946441650390625">
        <ele>29.3999996185302734375</ele>
        <time>2021-03-22T13:29:23.000Z</time>
        <extensions>
          <ns3:TrackPointExtension/>
        </extensions>
      </trkpt>
      <trkpt lat="39.899048991501331329345703125" lon="116.63410694338381290435791015625">
        <ele>30</ele>
        <time>2021-03-22T13:29:28.000Z</time>
        <extensions>
          <ns3:TrackPointExtension/>
        </extensions>
      </trkpt>
      <trkpt lat="39.89891496486961841583251953125" lon="116.6341479308903217315673828125">
        <ele>30.3999996185302734375</ele>
        <time>2021-03-22T13:29:33.000Z</time>
        <extensions>
          <ns3:TrackPointExtension/>
        </extensions>
      </trkpt>
      <trkpt lat="39.898806922137737274169921875" lon="116.63419998250901699066162109375">
        <ele>30.3999996185302734375</ele>
        <time>2021-03-22T13:29:38.000Z</time>
        <extensions>
          <ns3:TrackPointExtension/>
        </extensions>
      </trkpt>
      <trkpt lat="39.898694939911365509033203125" lon="116.6342709772288799285888671875">
        <ele>30</ele>
        <time>2021-03-22T13:29:43.000Z</time>
        <extensions>
          <ns3:TrackPointExtension/>
        </extensions>
      </trkpt>
      <trkpt lat="39.898584969341754913330078125" lon="116.6343309916555881500244140625">
        <ele>29.799999237060546875</ele>
        <time>2021-03-22T13:29:48.000Z</time>
        <extensions>
          <ns3:TrackPointExtension/>
        </extensions>
      </trkpt>
      <trkpt lat="39.89847893826663494110107421875" lon="116.63439997471868991851806640625">
        <ele>29.3999996185302734375</ele>
        <time>2021-03-22T13:29:53.000Z</time>
        <extensions>
          <ns3:TrackPointExtension/>
        </extensions>
      </trkpt>
      <trkpt lat="39.89838992245495319366455078125" lon="116.63446099497377872467041015625">
        <ele>29</ele>
        <time>2021-03-22T13:29:58.000Z</time>
        <extensions>
          <ns3:TrackPointExtension/>
        </extensions>
      </trkpt>
      <trkpt lat="39.89827995188534259796142578125" lon="116.6345489211380481719970703125">
        <ele>29.200000762939453125</ele>
        <time>2021-03-22T13:30:03.000Z</time>
        <extensions>
          <ns3:TrackPointExtension/>
        </extensions>
      </trkpt>
      <trkpt lat="39.89816897548735141754150390625" lon="116.63462293334305286407470703125">
        <ele>29.799999237060546875</ele>
        <time>2021-03-22T13:30:08.000Z</time>
        <extensions>
          <ns3:TrackPointExtension/>
        </extensions>
      </trkpt>
      <trkpt lat="39.8980669677257537841796875" lon="116.63463592529296875">
        <ele>30.200000762939453125</ele>
        <time>2021-03-22T13:30:13.000Z</time>
        <extensions>
          <ns3:TrackPointExtension/>
        </extensions>
      </trkpt>
      <trkpt lat="39.8979729227721691131591796875" lon="116.634530983865261077880859375">
        <ele>30.3999996185302734375</ele>
        <time>2021-03-22T13:30:18.000Z</time>
        <extensions>
          <ns3:TrackPointExtension/>
        </extensions>
      </trkpt>
      <trkpt lat="39.89790796302258968353271484375" lon="116.63439092226326465606689453125">
        <ele>30.3999996185302734375</ele>
        <time>2021-03-22T13:30:23.000Z</time>
        <extensions>
          <ns3:TrackPointExtension/>
        </extensions>
      </trkpt>
      <trkpt lat="39.8978649638593196868896484375" lon="116.63425195030868053436279296875">
        <ele>30.200000762939453125</ele>
        <time>2021-03-22T13:30:28.000Z</time>
        <extensions>
          <ns3:TrackPointExtension/>
        </extensions>
      </trkpt>
      <trkpt lat="39.8977999202907085418701171875" lon="116.63410292007029056549072265625">
        <ele>30</ele>
        <time>2021-03-22T13:30:33.000Z</time>
        <extensions>
          <ns3:TrackPointExtension/>
        </extensions>
      </trkpt>
      <trkpt lat="39.89774099551141262054443359375" lon="116.63396998308598995208740234375">
        <ele>29.799999237060546875</ele>
        <time>2021-03-22T13:30:38.000Z</time>
        <extensions>
          <ns3:TrackPointExtension/>
        </extensions>
      </trkpt>
      <trkpt lat="39.8976899497210979461669921875" lon="116.63383595645427703857421875">
        <ele>29.6000003814697265625</ele>
        <time>2021-03-22T13:30:43.000Z</time>
        <extensions>
          <ns3:TrackPointExtension/>
        </extensions>
      </trkpt>
      <trkpt lat="39.897605963051319122314453125" lon="116.6337449289858341217041015625">
        <ele>29.3999996185302734375</ele>
        <time>2021-03-22T13:30:48.000Z</time>
        <extensions>
          <ns3:TrackPointExtension/>
        </extensions>
      </trkpt>
      <trkpt lat="39.89750898443162441253662109375" lon="116.63371299393475055694580078125">
        <ele>29.200000762939453125</ele>
        <time>2021-03-22T13:30:53.000Z</time>
        <extensions>
          <ns3:TrackPointExtension/>
        </extensions>
      </trkpt>
      <trkpt lat="39.89741292782127857208251953125" lon="116.63376194424927234649658203125">
        <ele>29.200000762939453125</ele>
        <time>2021-03-22T13:30:58.000Z</time>
        <extensions>
          <ns3:TrackPointExtension/>
        </extensions>
      </trkpt>
      <trkpt lat="39.8973159492015838623046875" lon="116.6337489522993564605712890625">
        <ele>29</ele>
        <time>2021-03-22T13:31:03.000Z</time>
        <extensions>
          <ns3:TrackPointExtension/>
        </extensions>
      </trkpt>
      <trkpt lat="39.89724797196686267852783203125" lon="116.63364895619451999664306640625">
        <ele>28.799999237060546875</ele>
        <time>2021-03-22T13:31:08.000Z</time>
        <extensions>
          <ns3:TrackPointExtension/>
        </extensions>
      </trkpt>
      <trkpt lat="39.89716197364032268524169921875" lon="116.63362297229468822479248046875">
        <ele>28.6000003814697265625</ele>
        <time>2021-03-22T13:31:13.000Z</time>
        <extensions>
          <ns3:TrackPointExtension/>
        </extensions>
      </trkpt>
      <trkpt lat="39.89710497669875621795654296875" lon="116.6336949728429317474365234375">
        <ele>28.6000003814697265625</ele>
        <time>2021-03-22T13:31:18.000Z</time>
        <extensions>
          <ns3:TrackPointExtension/>
        </extensions>
      </trkpt>
      <trkpt lat="39.89712593145668506622314453125" lon="116.633781976997852325439453125">
        <ele>28.799999237060546875</ele>
        <time>2021-03-22T13:31:23.000Z</time>
        <extensions>
          <ns3:TrackPointExtension/>
        </extensions>
      </trkpt>
      <trkpt lat="39.89721494726836681365966796875" lon="116.6338889300823211669921875">
        <ele>29</ele>
        <time>2021-03-22T13:31:28.000Z</time>
        <extensions>
          <ns3:TrackPointExtension/>
        </extensions>
      </trkpt>
      <trkpt lat="39.89732994697988033294677734375" lon="116.63399999029934406280517578125">
        <ele>29.200000762939453125</ele>
        <time>2021-03-22T13:31:33.000Z</time>
        <extensions>
          <ns3:TrackPointExtension/>
        </extensions>
      </trkpt>
      <trkpt lat="39.8974029533565044403076171875" lon="116.63407693617045879364013671875">
        <ele>29.3999996185302734375</ele>
        <time>2021-03-22T13:31:38.000Z</time>
        <extensions>
          <ns3:TrackPointExtension/>
        </extensions>
      </trkpt>
      <trkpt lat="39.897493980824947357177734375" lon="116.63413695059716701507568359375">
        <ele>29.6000003814697265625</ele>
        <time>2021-03-22T13:31:43.000Z</time>
        <extensions>
          <ns3:TrackPointExtension/>
        </extensions>
      </trkpt>
      <trkpt lat="39.89755592308938503265380859375" lon="116.6342069394886493682861328125">
        <ele>29.799999237060546875</ele>
        <time>2021-03-22T13:31:48.000Z</time>
        <extensions>
          <ns3:TrackPointExtension/>
        </extensions>
      </trkpt>
      <trkpt lat="39.8975739441812038421630859375" lon="116.6342349350452423095703125">
        <ele>29.799999237060546875</ele>
        <time>2021-03-22T13:31:53.000Z</time>
        <extensions>
          <ns3:TrackPointExtension/>
        </extensions>
      </trkpt>
      <trkpt lat="39.89752692170441150665283203125" lon="116.63418992422521114349365234375">
        <ele>29.799999237060546875</ele>
        <time>2021-03-22T13:31:58.000Z</time>
        <extensions>
          <ns3:TrackPointExtension/>
        </extensions>
      </trkpt>
      <trkpt lat="39.897489957511425018310546875" lon="116.6341549716889858245849609375">
        <ele>29.6000003814697265625</ele>
        <time>2021-03-22T13:32:05.000Z</time>
        <extensions>
          <ns3:TrackPointExtension/>
        </extensions>
      </trkpt>
    </trkseg>
  </trk>
</gpx>
