<?xml version="1.0" encoding="UTF-8"?>
<gpx creator="Garmin Connect" version="1.1"
  xsi:schemaLocation="http://www.topografix.com/GPX/1/1 http://www.topografix.com/GPX/11.xsd"
  xmlns:ns3="http://www.garmin.com/xmlschemas/TrackPointExtension/v1"
  xmlns="http://www.topografix.com/GPX/1/1"
  xmlns:xsi="http://www.w3.org/2001/XMLSchema-instance" xmlns:ns2="http://www.garmin.com/xmlschemas/GpxExtensions/v3">
  <metadata>
    <link href="connect.garmin.com">
      <text>Garmin Connect</text>
    </link>
    <time>2022-05-07T12:27:28.000Z</time>
  </metadata>
  <trk>
    <name>通州区 跑步</name>
    <type>street_running</type>
    <trkseg>
      <trkpt lat="39.90644291974604129791259765625" lon="116.6202859394252300262451171875">
        <ele>27.200000762939453125</ele>
        <time>2022-05-07T12:27:28.000Z</time>
        <extensions>
          <ns3:TrackPointExtension/>
        </extensions>
      </trkpt>
      <trkpt lat="39.90644291974604129791259765625" lon="116.6202859394252300262451171875">
        <ele>27.200000762939453125</ele>
        <time>2022-05-07T12:27:33.000Z</time>
        <extensions>
          <ns3:TrackPointExtension/>
        </extensions>
      </trkpt>
      <trkpt lat="39.90644291974604129791259765625" lon="116.62032298743724822998046875">
        <ele>27.3999996185302734375</ele>
        <time>2022-05-07T12:27:38.000Z</time>
        <extensions>
          <ns3:TrackPointExtension/>
        </extensions>
      </trkpt>
      <trkpt lat="39.90644291974604129791259765625" lon="116.62035995163023471832275390625">
        <ele>27.3999996185302734375</ele>
        <time>2022-05-07T12:27:43.000Z</time>
        <extensions>
          <ns3:TrackPointExtension/>
        </extensions>
      </trkpt>
      <trkpt lat="39.90644291974604129791259765625" lon="116.62039699964225292205810546875">
        <ele>27.6000003814697265625</ele>
        <time>2022-05-07T12:27:48.000Z</time>
        <extensions>
          <ns3:TrackPointExtension/>
        </extensions>
      </trkpt>
      <trkpt lat="39.90644291974604129791259765625" lon="116.620433963835239410400390625">
        <ele>27.6000003814697265625</ele>
        <time>2022-05-07T12:27:53.000Z</time>
        <extensions>
          <ns3:TrackPointExtension/>
        </extensions>
      </trkpt>
      <trkpt lat="39.90644291974604129791259765625" lon="116.62047092802822589874267578125">
        <ele>27.799999237060546875</ele>
        <time>2022-05-07T12:27:58.000Z</time>
        <extensions>
          <ns3:TrackPointExtension/>
        </extensions>
      </trkpt>
      <trkpt lat="39.90644291974604129791259765625" lon="116.62050797604024410247802734375">
        <ele>27.799999237060546875</ele>
        <time>2022-05-07T12:28:03.000Z</time>
        <extensions>
          <ns3:TrackPointExtension/>
        </extensions>
      </trkpt>
      <trkpt lat="39.90644291974604129791259765625" lon="116.6205449402332305908203125">
        <ele>28</ele>
        <time>2022-05-07T12:28:08.000Z</time>
        <extensions>
          <ns3:TrackPointExtension/>
        </extensions>
      </trkpt>
      <trkpt lat="39.9064359627664089202880859375" lon="116.62059095688164234161376953125">
        <ele>28</ele>
        <time>2022-05-07T12:28:13.000Z</time>
        <extensions>
          <ns3:TrackPointExtension/>
        </extensions>
      </trkpt>
      <trkpt lat="39.9061439372599124908447265625" lon="116.6206929646432399749755859375">
        <ele>29.200000762939453125</ele>
        <time>2022-05-07T12:28:18.000Z</time>
        <extensions>
          <ns3:TrackPointExtension/>
        </extensions>
      </trkpt>
      <trkpt lat="39.906054921448230743408203125" lon="116.620724983513355255126953125">
        <ele>29.200000762939453125</ele>
        <time>2022-05-07T12:28:23.000Z</time>
        <extensions>
          <ns3:TrackPointExtension/>
        </extensions>
      </trkpt>
      <trkpt lat="39.9059739522635936737060546875" lon="116.62072892300784587860107421875">
        <ele>29.3999996185302734375</ele>
        <time>2022-05-07T12:28:28.000Z</time>
        <extensions>
          <ns3:TrackPointExtension/>
        </extensions>
      </trkpt>
      <trkpt lat="39.90587496198713779449462890625" lon="116.62061995826661586761474609375">
        <ele>29.200000762939453125</ele>
        <time>2022-05-07T12:28:33.000Z</time>
        <extensions>
          <ns3:TrackPointExtension/>
        </extensions>
      </trkpt>
      <trkpt lat="39.90583992563188076019287109375" lon="116.62042499519884586334228515625">
        <ele>28.799999237060546875</ele>
        <time>2022-05-07T12:28:38.000Z</time>
        <extensions>
          <ns3:TrackPointExtension/>
        </extensions>
      </trkpt>
      <trkpt lat="39.90581897087395191192626953125" lon="116.6202379949390888214111328125">
        <ele>28.3999996185302734375</ele>
        <time>2022-05-07T12:28:43.000Z</time>
        <extensions>
          <ns3:TrackPointExtension/>
        </extensions>
      </trkpt>
      <trkpt lat="39.90578695200383663177490234375" lon="116.62004093639552593231201171875">
        <ele>28</ele>
        <time>2022-05-07T12:28:48.000Z</time>
        <extensions>
          <ns3:TrackPointExtension/>
        </extensions>
      </trkpt>
      <trkpt lat="39.9057979322969913482666015625" lon="116.6198809258639812469482421875">
        <ele>27.6000003814697265625</ele>
        <time>2022-05-07T12:28:53.000Z</time>
        <extensions>
          <ns3:TrackPointExtension/>
        </extensions>
      </trkpt>
      <trkpt lat="39.90579097531735897064208984375" lon="116.6197109408676624298095703125">
        <ele>27.3999996185302734375</ele>
        <time>2022-05-07T12:28:58.000Z</time>
        <extensions>
          <ns3:TrackPointExtension/>
        </extensions>
      </trkpt>
      <trkpt lat="39.90576197393238544464111328125" lon="116.61952293477952480316162109375">
        <ele>27.200000762939453125</ele>
        <time>2022-05-07T12:29:03.000Z</time>
        <extensions>
          <ns3:TrackPointExtension/>
        </extensions>
      </trkpt>
      <trkpt lat="39.90575292147696018218994140625" lon="116.61944992840290069580078125">
        <ele>27</ele>
        <time>2022-05-07T12:29:08.000Z</time>
        <extensions>
          <ns3:TrackPointExtension/>
        </extensions>
      </trkpt>
      <trkpt lat="39.90571193397045135498046875" lon="116.619287990033626556396484375">
        <ele>27.200000762939453125</ele>
        <time>2022-05-07T12:29:13.000Z</time>
        <extensions>
          <ns3:TrackPointExtension/>
        </extensions>
      </trkpt>
      <trkpt lat="39.905659966170787811279296875" lon="116.61909596063196659088134765625">
        <ele>27.3999996185302734375</ele>
        <time>2022-05-07T12:29:18.000Z</time>
        <extensions>
          <ns3:TrackPointExtension/>
        </extensions>
      </trkpt>
      <trkpt lat="39.90562199614942073822021484375" lon="116.61889999173581600189208984375">
        <ele>27.3999996185302734375</ele>
        <time>2022-05-07T12:29:23.000Z</time>
        <extensions>
          <ns3:TrackPointExtension/>
        </extensions>
      </trkpt>
      <trkpt lat="39.90558796562254428863525390625" lon="116.6187299229204654693603515625">
        <ele>27.200000762939453125</ele>
        <time>2022-05-07T12:29:28.000Z</time>
        <extensions>
          <ns3:TrackPointExtension/>
        </extensions>
      </trkpt>
      <trkpt lat="39.9055779911577701568603515625" lon="116.618585921823978424072265625">
        <ele>27</ele>
        <time>2022-05-07T12:29:33.000Z</time>
        <extensions>
          <ns3:TrackPointExtension/>
        </extensions>
      </trkpt>
      <trkpt lat="39.9055689387023448944091796875" lon="116.61841199733316898345947265625">
        <ele>26.6000003814697265625</ele>
        <time>2022-05-07T12:29:38.000Z</time>
        <extensions>
          <ns3:TrackPointExtension/>
        </extensions>
      </trkpt>
      <trkpt lat="39.9055719561874866485595703125" lon="116.61822893656790256500244140625">
        <ele>26.3999996185302734375</ele>
        <time>2022-05-07T12:29:43.000Z</time>
        <extensions>
          <ns3:TrackPointExtension/>
        </extensions>
      </trkpt>
      <trkpt lat="39.90556399337947368621826171875" lon="116.61805995739996433258056640625">
        <ele>26.799999237060546875</ele>
        <time>2022-05-07T12:29:48.000Z</time>
        <extensions>
          <ns3:TrackPointExtension/>
        </extensions>
      </trkpt>
      <trkpt lat="39.90555896423757076263427734375" lon="116.61792199127376079559326171875">
        <ele>27.3999996185302734375</ele>
        <time>2022-05-07T12:29:53.000Z</time>
        <extensions>
          <ns3:TrackPointExtension/>
        </extensions>
      </trkpt>
      <trkpt lat="39.9055659212172031402587890625" lon="116.617781929671764373779296875">
        <ele>27.799999237060546875</ele>
        <time>2022-05-07T12:29:58.000Z</time>
        <extensions>
          <ns3:TrackPointExtension/>
        </extensions>
      </trkpt>
      <trkpt lat="39.9055749736726284027099609375" lon="116.61759694106876850128173828125">
        <ele>28.6000003814697265625</ele>
        <time>2022-05-07T12:30:03.000Z</time>
        <extensions>
          <ns3:TrackPointExtension/>
        </extensions>
      </trkpt>
      <trkpt lat="39.90558595396578311920166015625" lon="116.61739594303071498870849609375">
        <ele>28.6000003814697265625</ele>
        <time>2022-05-07T12:30:08.000Z</time>
        <extensions>
          <ns3:TrackPointExtension/>
        </extensions>
      </trkpt>
      <trkpt lat="39.90561093203723430633544921875" lon="116.61722394637763500213623046875">
        <ele>28.3999996185302734375</ele>
        <time>2022-05-07T12:30:13.000Z</time>
        <extensions>
          <ns3:TrackPointExtension/>
        </extensions>
      </trkpt>
      <trkpt lat="39.90562099032104015350341796875" lon="116.61713593639433383941650390625">
        <ele>28.3999996185302734375</ele>
        <time>2022-05-07T12:30:18.000Z</time>
        <extensions>
          <ns3:TrackPointExtension/>
        </extensions>
      </trkpt>
      <trkpt lat="39.9056309647858142852783203125" lon="116.61704599857330322265625">
        <ele>28.3999996185302734375</ele>
        <time>2022-05-07T12:30:23.000Z</time>
        <extensions>
          <ns3:TrackPointExtension/>
        </extensions>
      </trkpt>
      <trkpt lat="39.90564295090734958648681640625" lon="116.6168909333646297454833984375">
        <ele>28.3999996185302734375</ele>
        <time>2022-05-07T12:30:28.000Z</time>
        <extensions>
          <ns3:TrackPointExtension/>
        </extensions>
      </trkpt>
      <trkpt lat="39.905653931200504302978515625" lon="116.61671097390353679656982421875">
        <ele>28.6000003814697265625</ele>
        <time>2022-05-07T12:30:33.000Z</time>
        <extensions>
          <ns3:TrackPointExtension/>
        </extensions>
      </trkpt>
      <trkpt lat="39.90567094646394252777099609375" lon="116.616527996957302093505859375">
        <ele>29.200000762939453125</ele>
        <time>2022-05-07T12:30:38.000Z</time>
        <extensions>
          <ns3:TrackPointExtension/>
        </extensions>
      </trkpt>
      <trkpt lat="39.90565292537212371826171875" lon="116.61633596755564212799072265625">
        <ele>29.6000003814697265625</ele>
        <time>2022-05-07T12:30:43.000Z</time>
        <extensions>
          <ns3:TrackPointExtension/>
        </extensions>
      </trkpt>
      <trkpt lat="39.905651919543743133544921875" lon="116.6161449439823627471923828125">
        <ele>29.799999237060546875</ele>
        <time>2022-05-07T12:30:48.000Z</time>
        <extensions>
          <ns3:TrackPointExtension/>
        </extensions>
      </trkpt>
      <trkpt lat="39.90566499531269073486328125" lon="116.61592793650925159454345703125">
        <ele>29.799999237060546875</ele>
        <time>2022-05-07T12:30:53.000Z</time>
        <extensions>
          <ns3:TrackPointExtension/>
        </extensions>
      </trkpt>
      <trkpt lat="39.90569894202053546905517578125" lon="116.61572895012795925140380859375">
        <ele>28.799999237060546875</ele>
        <time>2022-05-07T12:30:58.000Z</time>
        <extensions>
          <ns3:TrackPointExtension/>
        </extensions>
      </trkpt>
      <trkpt lat="39.90571998059749603271484375" lon="116.61555494181811809539794921875">
        <ele>28.3999996185302734375</ele>
        <time>2022-05-07T12:31:03.000Z</time>
        <extensions>
          <ns3:TrackPointExtension/>
        </extensions>
      </trkpt>
      <trkpt lat="39.90572392009198665618896484375" lon="116.61539099179208278656005859375">
        <ele>28</ele>
        <time>2022-05-07T12:31:08.000Z</time>
        <extensions>
          <ns3:TrackPointExtension/>
        </extensions>
      </trkpt>
      <trkpt lat="39.905720986425876617431640625" lon="116.61523793824017047882080078125">
        <ele>28</ele>
        <time>2022-05-07T12:31:13.000Z</time>
        <extensions>
          <ns3:TrackPointExtension/>
        </extensions>
      </trkpt>
      <trkpt lat="39.90573096089065074920654296875" lon="116.61512897349894046783447265625">
        <ele>27.799999237060546875</ele>
        <time>2022-05-07T12:31:18.000Z</time>
        <extensions>
          <ns3:TrackPointExtension/>
        </extensions>
      </trkpt>
      <trkpt lat="39.90572794340550899505615234375" lon="116.6149919293820858001708984375">
        <ele>27.6000003814697265625</ele>
        <time>2022-05-07T12:31:23.000Z</time>
        <extensions>
          <ns3:TrackPointExtension/>
        </extensions>
      </trkpt>
      <trkpt lat="39.90571998059749603271484375" lon="116.614854969084262847900390625">
        <ele>27.3999996185302734375</ele>
        <time>2022-05-07T12:31:28.000Z</time>
        <extensions>
          <ns3:TrackPointExtension/>
        </extensions>
      </trkpt>
      <trkpt lat="39.905714951455593109130859375" lon="116.614730916917324066162109375">
        <ele>27.6000003814697265625</ele>
        <time>2022-05-07T12:31:33.000Z</time>
        <extensions>
          <ns3:TrackPointExtension/>
        </extensions>
      </trkpt>
      <trkpt lat="39.90572794340550899505615234375" lon="116.61460896022617816925048828125">
        <ele>27.799999237060546875</ele>
        <time>2022-05-07T12:31:38.000Z</time>
        <extensions>
          <ns3:TrackPointExtension/>
        </extensions>
      </trkpt>
      <trkpt lat="39.905826933681964874267578125" lon="116.61458197049796581268310546875">
        <ele>27.200000762939453125</ele>
        <time>2022-05-07T12:31:43.000Z</time>
        <extensions>
          <ns3:TrackPointExtension/>
        </extensions>
      </trkpt>
      <trkpt lat="39.90590798668563365936279296875" lon="116.6145319305360317230224609375">
        <ele>27</ele>
        <time>2022-05-07T12:31:48.000Z</time>
        <extensions>
          <ns3:TrackPointExtension/>
        </extensions>
      </trkpt>
      <trkpt lat="39.9059109203517436981201171875" lon="116.614443920552730560302734375">
        <ele>27.200000762939453125</ele>
        <time>2022-05-07T12:31:53.000Z</time>
        <extensions>
          <ns3:TrackPointExtension/>
        </extensions>
      </trkpt>
      <trkpt lat="39.9059159494936466217041015625" lon="116.6144189424812793731689453125">
        <ele>27.200000762939453125</ele>
        <time>2022-05-07T12:31:58.000Z</time>
        <extensions>
          <ns3:TrackPointExtension/>
        </extensions>
      </trkpt>
      <trkpt lat="39.9059199728071689605712890625" lon="116.61443595774471759796142578125">
        <ele>27.200000762939453125</ele>
        <time>2022-05-07T12:32:03.000Z</time>
        <extensions>
          <ns3:TrackPointExtension/>
        </extensions>
      </trkpt>
      <trkpt lat="39.90595492534339427947998046875" lon="116.6144849918782711029052734375">
        <ele>26.799999237060546875</ele>
        <time>2022-05-07T12:32:08.000Z</time>
        <extensions>
          <ns3:TrackPointExtension/>
        </extensions>
      </trkpt>
      <trkpt lat="39.90595995448529720306396484375" lon="116.61449094302952289581298828125">
        <ele>26.799999237060546875</ele>
        <time>2022-05-07T12:32:13.000Z</time>
        <extensions>
          <ns3:TrackPointExtension/>
        </extensions>
      </trkpt>
      <trkpt lat="39.9059239961206912994384765625" lon="116.61449396051466464996337890625">
        <ele>27</ele>
        <time>2022-05-07T12:32:18.000Z</time>
        <extensions>
          <ns3:TrackPointExtension/>
        </extensions>
      </trkpt>
      <trkpt lat="39.905942939221858978271484375" lon="116.61451592110097408294677734375">
        <ele>26.799999237060546875</ele>
        <time>2022-05-07T12:32:23.000Z</time>
        <extensions>
          <ns3:TrackPointExtension/>
        </extensions>
      </trkpt>
      <trkpt lat="39.90592491813004016876220703125" lon="116.6145319305360317230224609375">
        <ele>26.799999237060546875</ele>
        <time>2022-05-07T12:32:28.000Z</time>
        <extensions>
          <ns3:TrackPointExtension/>
        </extensions>
      </trkpt>
      <trkpt lat="39.9059169553220272064208984375" lon="116.61451592110097408294677734375">
        <ele>27</ele>
        <time>2022-05-07T12:32:33.000Z</time>
        <extensions>
          <ns3:TrackPointExtension/>
        </extensions>
      </trkpt>
      <trkpt lat="39.9059129320085048675537109375" lon="116.61445297300815582275390625">
        <ele>27.200000762939453125</ele>
        <time>2022-05-07T12:32:38.000Z</time>
        <extensions>
          <ns3:TrackPointExtension/>
        </extensions>
      </trkpt>
      <trkpt lat="39.9059129320085048675537109375" lon="116.61445297300815582275390625">
        <ele>27.200000762939453125</ele>
        <time>2022-05-07T12:32:43.000Z</time>
        <extensions>
          <ns3:TrackPointExtension/>
        </extensions>
      </trkpt>
      <trkpt lat="39.90589994005858898162841796875" lon="116.6144149191677570343017578125">
        <ele>27.200000762939453125</ele>
        <time>2022-05-07T12:32:48.000Z</time>
        <extensions>
          <ns3:TrackPointExtension/>
        </extensions>
      </trkpt>
      <trkpt lat="39.90587194450199604034423828125" lon="116.61443897522985935211181640625">
        <ele>27.200000762939453125</ele>
        <time>2022-05-07T12:32:53.000Z</time>
        <extensions>
          <ns3:TrackPointExtension/>
        </extensions>
      </trkpt>
      <trkpt lat="39.9058669991791248321533203125" lon="116.6144279949367046356201171875">
        <ele>27.3999996185302734375</ele>
        <time>2022-05-07T12:32:58.000Z</time>
        <extensions>
          <ns3:TrackPointExtension/>
        </extensions>
      </trkpt>
      <trkpt lat="39.9058049730956554412841796875" lon="116.61435297690331935882568359375">
        <ele>27.799999237060546875</ele>
        <time>2022-05-07T12:33:03.000Z</time>
        <extensions>
          <ns3:TrackPointExtension/>
        </extensions>
      </trkpt>
      <trkpt lat="39.905826933681964874267578125" lon="116.6142439283430576324462890625">
        <ele>28</ele>
        <time>2022-05-07T12:33:08.000Z</time>
        <extensions>
          <ns3:TrackPointExtension/>
        </extensions>
      </trkpt>
      <trkpt lat="39.9058569408953189849853515625" lon="116.61408492363989353179931640625">
        <ele>28.200000762939453125</ele>
        <time>2022-05-07T12:33:13.000Z</time>
        <extensions>
          <ns3:TrackPointExtension/>
        </extensions>
      </trkpt>
      <trkpt lat="39.90587999112904071807861328125" lon="116.6139039583504199981689453125">
        <ele>28.200000762939453125</ele>
        <time>2022-05-07T12:33:18.000Z</time>
        <extensions>
          <ns3:TrackPointExtension/>
        </extensions>
      </trkpt>
      <trkpt lat="39.90590396337211132049560546875" lon="116.613757945597171783447265625">
        <ele>28.200000762939453125</ele>
        <time>2022-05-07T12:33:23.000Z</time>
        <extensions>
          <ns3:TrackPointExtension/>
        </extensions>
      </trkpt>
      <trkpt lat="39.9059189669787883758544921875" lon="116.613588966429233551025390625">
        <ele>28.200000762939453125</ele>
        <time>2022-05-07T12:33:28.000Z</time>
        <extensions>
          <ns3:TrackPointExtension/>
        </extensions>
      </trkpt>
      <trkpt lat="39.90592692978680133819580078125" lon="116.61339593119919300079345703125">
        <ele>28.3999996185302734375</ele>
        <time>2022-05-07T12:33:33.000Z</time>
        <extensions>
          <ns3:TrackPointExtension/>
        </extensions>
      </trkpt>
      <trkpt lat="39.905940927565097808837890625" lon="116.61320599727332592010498046875">
        <ele>28.6000003814697265625</ele>
        <time>2022-05-07T12:33:38.000Z</time>
        <extensions>
          <ns3:TrackPointExtension/>
        </extensions>
      </trkpt>
      <trkpt lat="39.905945956707000732421875" lon="116.61303098313510417938232421875">
        <ele>28.3999996185302734375</ele>
        <time>2022-05-07T12:33:43.000Z</time>
        <extensions>
          <ns3:TrackPointExtension/>
        </extensions>
      </trkpt>
      <trkpt lat="39.90592692978680133819580078125" lon="116.6128619201481342315673828125">
        <ele>28</ele>
        <time>2022-05-07T12:33:48.000Z</time>
        <extensions>
          <ns3:TrackPointExtension/>
        </extensions>
      </trkpt>
      <trkpt lat="39.90592592395842075347900390625" lon="116.6127019934356212615966796875">
        <ele>28</ele>
        <time>2022-05-07T12:33:53.000Z</time>
        <extensions>
          <ns3:TrackPointExtension/>
        </extensions>
      </trkpt>
      <trkpt lat="39.9060369841754436492919921875" lon="116.61264692433178424835205078125">
        <ele>28</ele>
        <time>2022-05-07T12:33:58.000Z</time>
        <extensions>
          <ns3:TrackPointExtension/>
        </extensions>
      </trkpt>
      <trkpt lat="39.90613094530999660491943359375" lon="116.61262395791709423065185546875">
        <ele>28</ele>
        <time>2022-05-07T12:34:03.000Z</time>
        <extensions>
          <ns3:TrackPointExtension/>
        </extensions>
      </trkpt>
      <trkpt lat="39.90624192170798778533935546875" lon="116.61262194626033306121826171875">
        <ele>28</ele>
        <time>2022-05-07T12:34:08.000Z</time>
        <extensions>
          <ns3:TrackPointExtension/>
        </extensions>
      </trkpt>
      <trkpt lat="39.90633797831833362579345703125" lon="116.61258992739021778106689453125">
        <ele>27.799999237060546875</ele>
        <time>2022-05-07T12:34:13.000Z</time>
        <extensions>
          <ns3:TrackPointExtension/>
        </extensions>
      </trkpt>
      <trkpt lat="39.906459935009479522705078125" lon="116.61256092600524425506591796875">
        <ele>27.799999237060546875</ele>
        <time>2022-05-07T12:34:18.000Z</time>
        <extensions>
          <ns3:TrackPointExtension/>
        </extensions>
      </trkpt>
      <trkpt lat="39.90657694637775421142578125" lon="116.6125279851257801055908203125">
        <ele>27.6000003814697265625</ele>
        <time>2022-05-07T12:34:23.000Z</time>
        <extensions>
          <ns3:TrackPointExtension/>
        </extensions>
      </trkpt>
      <trkpt lat="39.906693957746028900146484375" lon="116.61249496042728424072265625">
        <ele>27.3999996185302734375</ele>
        <time>2022-05-07T12:34:28.000Z</time>
        <extensions>
          <ns3:TrackPointExtension/>
        </extensions>
      </trkpt>
      <trkpt lat="39.906803928315639495849609375" lon="116.6125849820673465728759765625">
        <ele>27.3999996185302734375</ele>
        <time>2022-05-07T12:34:33.000Z</time>
        <extensions>
          <ns3:TrackPointExtension/>
        </extensions>
      </trkpt>
      <trkpt lat="39.906862936913967132568359375" lon="116.61272697150707244873046875">
        <ele>27.200000762939453125</ele>
        <time>2022-05-07T12:34:38.000Z</time>
        <extensions>
          <ns3:TrackPointExtension/>
        </extensions>
      </trkpt>
      <trkpt lat="39.9069009907543659210205078125" lon="116.612890921533107757568359375">
        <ele>27.200000762939453125</ele>
        <time>2022-05-07T12:34:43.000Z</time>
        <extensions>
          <ns3:TrackPointExtension/>
        </extensions>
      </trkpt>
      <trkpt lat="39.90693896077573299407958984375" lon="116.6130429692566394805908203125">
        <ele>27.200000762939453125</ele>
        <time>2022-05-07T12:34:48.000Z</time>
        <extensions>
          <ns3:TrackPointExtension/>
        </extensions>
      </trkpt>
      <trkpt lat="39.90696695633232593536376953125" lon="116.613126955926418304443359375">
        <ele>27.200000762939453125</ele>
        <time>2022-05-07T12:34:53.000Z</time>
        <extensions>
          <ns3:TrackPointExtension/>
        </extensions>
      </trkpt>
      <trkpt lat="39.9070049263536930084228515625" lon="116.61325092427432537078857421875">
        <ele>26.799999237060546875</ele>
        <time>2022-05-07T12:34:58.000Z</time>
        <extensions>
          <ns3:TrackPointExtension/>
        </extensions>
      </trkpt>
      <trkpt lat="39.90705898962914943695068359375" lon="116.61337397061288356781005859375">
        <ele>26.200000762939453125</ele>
        <time>2022-05-07T12:35:03.000Z</time>
        <extensions>
          <ns3:TrackPointExtension/>
        </extensions>
      </trkpt>
      <trkpt lat="39.90710693411529064178466796875" lon="116.61350992508232593536376953125">
        <ele>25.3999996185302734375</ele>
        <time>2022-05-07T12:35:08.000Z</time>
        <extensions>
          <ns3:TrackPointExtension/>
        </extensions>
      </trkpt>
      <trkpt lat="39.9071489274501800537109375" lon="116.61364696919918060302734375">
        <ele>24.799999237060546875</ele>
        <time>2022-05-07T12:35:13.000Z</time>
        <extensions>
          <ns3:TrackPointExtension/>
        </extensions>
      </trkpt>
      <trkpt lat="39.907204918563365936279296875" lon="116.6137819178402423858642578125">
        <ele>24.3999996185302734375</ele>
        <time>2022-05-07T12:35:18.000Z</time>
        <extensions>
          <ns3:TrackPointExtension/>
        </extensions>
      </trkpt>
      <trkpt lat="39.90723098628222942352294921875" lon="116.61392197944223880767822265625">
        <ele>23.6000003814697265625</ele>
        <time>2022-05-07T12:35:23.000Z</time>
        <extensions>
          <ns3:TrackPointExtension/>
        </extensions>
      </trkpt>
      <trkpt lat="39.9072389490902423858642578125" lon="116.61406899802386760711669921875">
        <ele>23.3999996185302734375</ele>
        <time>2022-05-07T12:35:28.000Z</time>
        <extensions>
          <ns3:TrackPointExtension/>
        </extensions>
      </trkpt>
      <trkpt lat="39.90728898905217647552490234375" lon="116.61420897580683231353759765625">
        <ele>23.799999237060546875</ele>
        <time>2022-05-07T12:35:33.000Z</time>
        <extensions>
          <ns3:TrackPointExtension/>
        </extensions>
      </trkpt>
      <trkpt lat="39.9073519371449947357177734375" lon="116.61434493027627468109130859375">
        <ele>23.799999237060546875</ele>
        <time>2022-05-07T12:35:38.000Z</time>
        <extensions>
          <ns3:TrackPointExtension/>
        </extensions>
      </trkpt>
      <trkpt lat="39.90740499459207057952880859375" lon="116.61445699632167816162109375">
        <ele>23.799999237060546875</ele>
        <time>2022-05-07T12:35:43.000Z</time>
        <extensions>
          <ns3:TrackPointExtension/>
        </extensions>
      </trkpt>
      <trkpt lat="39.90748194046318531036376953125" lon="116.61460694856941699981689453125">
        <ele>23.6000003814697265625</ele>
        <time>2022-05-07T12:35:48.000Z</time>
        <extensions>
          <ns3:TrackPointExtension/>
        </extensions>
      </trkpt>
      <trkpt lat="39.90749099291861057281494140625" lon="116.6147739998996257781982421875">
        <ele>23</ele>
        <time>2022-05-07T12:35:53.000Z</time>
        <extensions>
          <ns3:TrackPointExtension/>
        </extensions>
      </trkpt>
      <trkpt lat="39.9074179865419864654541015625" lon="116.6149359382688999176025390625">
        <ele>22.200000762939453125</ele>
        <time>2022-05-07T12:35:58.000Z</time>
        <extensions>
          <ns3:TrackPointExtension/>
        </extensions>
      </trkpt>
      <trkpt lat="39.90734196268022060394287109375" lon="116.61507097072899341583251953125">
        <ele>21.799999237060546875</ele>
        <time>2022-05-07T12:36:03.000Z</time>
        <extensions>
          <ns3:TrackPointExtension/>
        </extensions>
      </trkpt>
      <trkpt lat="39.90727297961711883544921875" lon="116.61521094851195812225341796875">
        <ele>21</ele>
        <time>2022-05-07T12:36:08.000Z</time>
        <extensions>
          <ns3:TrackPointExtension/>
        </extensions>
      </trkpt>
      <trkpt lat="39.9072439782321453094482421875" lon="116.61535897292196750640869140625">
        <ele>20.6000003814697265625</ele>
        <time>2022-05-07T12:36:13.000Z</time>
        <extensions>
          <ns3:TrackPointExtension/>
        </extensions>
      </trkpt>
      <trkpt lat="39.907216988503932952880859375" lon="116.6155089251697063446044921875">
        <ele>20</ele>
        <time>2022-05-07T12:36:18.000Z</time>
        <extensions>
          <ns3:TrackPointExtension/>
        </extensions>
      </trkpt>
      <trkpt lat="39.9071879871189594268798828125" lon="116.61567698232829570770263671875">
        <ele>19.3999996185302734375</ele>
        <time>2022-05-07T12:36:23.000Z</time>
        <extensions>
          <ns3:TrackPointExtension/>
        </extensions>
      </trkpt>
      <trkpt lat="39.90714096464216709136962890625" lon="116.61581092514097690582275390625">
        <ele>19.3999996185302734375</ele>
        <time>2022-05-07T12:36:28.000Z</time>
        <extensions>
          <ns3:TrackPointExtension/>
        </extensions>
      </trkpt>
      <trkpt lat="39.90711799822747707366943359375" lon="116.6159699298441410064697265625">
        <ele>19.6000003814697265625</ele>
        <time>2022-05-07T12:36:33.000Z</time>
        <extensions>
          <ns3:TrackPointExtension/>
        </extensions>
      </trkpt>
      <trkpt lat="39.907100982964038848876953125" lon="116.616116948425769805908203125">
        <ele>20</ele>
        <time>2022-05-07T12:36:38.000Z</time>
        <extensions>
          <ns3:TrackPointExtension/>
        </extensions>
      </trkpt>
      <trkpt lat="39.9071189202368259429931640625" lon="116.61627494730055332183837890625">
        <ele>20.799999237060546875</ele>
        <time>2022-05-07T12:36:43.000Z</time>
        <extensions>
          <ns3:TrackPointExtension/>
        </extensions>
      </trkpt>
      <trkpt lat="39.90713492967188358306884765625" lon="116.61641995422542095184326171875">
        <ele>21.3999996185302734375</ele>
        <time>2022-05-07T12:36:48.000Z</time>
        <extensions>
          <ns3:TrackPointExtension/>
        </extensions>
      </trkpt>
      <trkpt lat="39.90713291801512241363525390625" lon="116.61655993200838565826416015625">
        <ele>21.799999237060546875</ele>
        <time>2022-05-07T12:36:53.000Z</time>
        <extensions>
          <ns3:TrackPointExtension/>
        </extensions>
      </trkpt>
      <trkpt lat="39.9071299843490123748779296875" lon="116.6167209483683109283447265625">
        <ele>23.200000762939453125</ele>
        <time>2022-05-07T12:36:58.000Z</time>
        <extensions>
          <ns3:TrackPointExtension/>
        </extensions>
      </trkpt>
      <trkpt lat="39.90716292522847652435302734375" lon="116.61688095889985561370849609375">
        <ele>24.799999237060546875</ele>
        <time>2022-05-07T12:37:03.000Z</time>
        <extensions>
          <ns3:TrackPointExtension/>
        </extensions>
      </trkpt>
      <trkpt lat="39.9071889929473400115966796875" lon="116.617036946117877960205078125">
        <ele>26.6000003814697265625</ele>
        <time>2022-05-07T12:37:08.000Z</time>
        <extensions>
          <ns3:TrackPointExtension/>
        </extensions>
      </trkpt>
      <trkpt lat="39.90722796879708766937255859375" lon="116.61719896830618381500244140625">
        <ele>28.3999996185302734375</ele>
        <time>2022-05-07T12:37:13.000Z</time>
        <extensions>
          <ns3:TrackPointExtension/>
        </extensions>
      </trkpt>
      <trkpt lat="39.90725294686853885650634765625" lon="116.61734296940267086029052734375">
        <ele>29.799999237060546875</ele>
        <time>2022-05-07T12:37:18.000Z</time>
        <extensions>
          <ns3:TrackPointExtension/>
        </extensions>
      </trkpt>
      <trkpt lat="39.90728094242513179779052734375" lon="116.61751094274222850799560546875">
        <ele>30.200000762939453125</ele>
        <time>2022-05-07T12:37:23.000Z</time>
        <extensions>
          <ns3:TrackPointExtension/>
        </extensions>
      </trkpt>
      <trkpt lat="39.90728295408189296722412109375" lon="116.61765896715223789215087890625">
        <ele>30.200000762939453125</ele>
        <time>2022-05-07T12:37:28.000Z</time>
        <extensions>
          <ns3:TrackPointExtension/>
        </extensions>
      </trkpt>
      <trkpt lat="39.90730592049658298492431640625" lon="116.61780397407710552215576171875">
        <ele>30</ele>
        <time>2022-05-07T12:37:33.000Z</time>
        <extensions>
          <ns3:TrackPointExtension/>
        </extensions>
      </trkpt>
      <trkpt lat="39.9073259532451629638671875" lon="116.617958955466747283935546875">
        <ele>29.799999237060546875</ele>
        <time>2022-05-07T12:37:38.000Z</time>
        <extensions>
          <ns3:TrackPointExtension/>
        </extensions>
      </trkpt>
      <trkpt lat="39.90733592770993709564208984375" lon="116.61811293102800846099853515625">
        <ele>29.799999237060546875</ele>
        <time>2022-05-07T12:37:43.000Z</time>
        <extensions>
          <ns3:TrackPointExtension/>
        </extensions>
      </trkpt>
      <trkpt lat="39.90733693353831768035888671875" lon="116.6182769648730754852294921875">
        <ele>29.6000003814697265625</ele>
        <time>2022-05-07T12:37:48.000Z</time>
        <extensions>
          <ns3:TrackPointExtension/>
        </extensions>
      </trkpt>
      <trkpt lat="39.9073559604585170745849609375" lon="116.6184459440410137176513671875">
        <ele>29.3999996185302734375</ele>
        <time>2022-05-07T12:37:53.000Z</time>
        <extensions>
          <ns3:TrackPointExtension/>
        </extensions>
      </trkpt>
      <trkpt lat="39.90737297572195529937744140625" lon="116.61860293708741664886474609375">
        <ele>29.3999996185302734375</ele>
        <time>2022-05-07T12:37:58.000Z</time>
        <extensions>
          <ns3:TrackPointExtension/>
        </extensions>
      </trkpt>
      <trkpt lat="39.9074119515717029571533203125" lon="116.61874593235552310943603515625">
        <ele>29.6000003814697265625</ele>
        <time>2022-05-07T12:38:03.000Z</time>
        <extensions>
          <ns3:TrackPointExtension/>
        </extensions>
      </trkpt>
      <trkpt lat="39.90742192603647708892822265625" lon="116.61888792179524898529052734375">
        <ele>29.799999237060546875</ele>
        <time>2022-05-07T12:38:08.000Z</time>
        <extensions>
          <ns3:TrackPointExtension/>
        </extensions>
      </trkpt>
      <trkpt lat="39.90745092742145061492919921875" lon="116.61901499144732952117919921875">
        <ele>30</ele>
        <time>2022-05-07T12:38:13.000Z</time>
        <extensions>
          <ns3:TrackPointExtension/>
        </extensions>
      </trkpt>
      <trkpt lat="39.9074679426848888397216796875" lon="116.619161926209926605224609375">
        <ele>29.3999996185302734375</ele>
        <time>2022-05-07T12:38:18.000Z</time>
        <extensions>
          <ns3:TrackPointExtension/>
        </extensions>
      </trkpt>
      <trkpt lat="39.90748696960508823394775390625" lon="116.6193109564483165740966796875">
        <ele>29</ele>
        <time>2022-05-07T12:38:23.000Z</time>
        <extensions>
          <ns3:TrackPointExtension/>
        </extensions>
      </trkpt>
      <trkpt lat="39.907493926584720611572265625" lon="116.61944397725164890289306640625">
        <ele>28.3999996185302734375</ele>
        <time>2022-05-07T12:38:28.000Z</time>
        <extensions>
          <ns3:TrackPointExtension/>
        </extensions>
      </trkpt>
      <trkpt lat="39.9075029790401458740234375" lon="116.6195919178426265716552734375">
        <ele>28</ele>
        <time>2022-05-07T12:38:33.000Z</time>
        <extensions>
          <ns3:TrackPointExtension/>
        </extensions>
      </trkpt>
      <trkpt lat="39.90751395933330059051513671875" lon="116.61973499692976474761962890625">
        <ele>27.3999996185302734375</ele>
        <time>2022-05-07T12:38:38.000Z</time>
        <extensions>
          <ns3:TrackPointExtension/>
        </extensions>
      </trkpt>
      <trkpt lat="39.9075229279696941375732421875" lon="116.6198889724910259246826171875">
        <ele>26.799999237060546875</ele>
        <time>2022-05-07T12:38:43.000Z</time>
        <extensions>
          <ns3:TrackPointExtension/>
        </extensions>
      </trkpt>
      <trkpt lat="39.907549917697906494140625" lon="116.62004194222390651702880859375">
        <ele>26</ele>
        <time>2022-05-07T12:38:48.000Z</time>
        <extensions>
          <ns3:TrackPointExtension/>
        </extensions>
      </trkpt>
      <trkpt lat="39.90757598541676998138427734375" lon="116.62021092139184474945068359375">
        <ele>25.200000762939453125</ele>
        <time>2022-05-07T12:38:53.000Z</time>
        <extensions>
          <ns3:TrackPointExtension/>
        </extensions>
      </trkpt>
      <trkpt lat="39.9075869657099246978759765625" lon="116.62039498798549175262451171875">
        <ele>24.3999996185302734375</ele>
        <time>2022-05-07T12:38:58.000Z</time>
        <extensions>
          <ns3:TrackPointExtension/>
        </extensions>
      </trkpt>
      <trkpt lat="39.90759593434631824493408203125" lon="116.6205739416182041168212890625">
        <ele>24.200000762939453125</ele>
        <time>2022-05-07T12:39:03.000Z</time>
        <extensions>
          <ns3:TrackPointExtension/>
        </extensions>
      </trkpt>
      <trkpt lat="39.90760599263012409210205078125" lon="116.62067896686494350433349609375">
        <ele>24</ele>
        <time>2022-05-07T12:39:08.000Z</time>
        <extensions>
          <ns3:TrackPointExtension/>
        </extensions>
      </trkpt>
      <trkpt lat="39.90762191824615001678466796875" lon="116.62084694020450115203857421875">
        <ele>24.3999996185302734375</ele>
        <time>2022-05-07T12:39:13.000Z</time>
        <extensions>
          <ns3:TrackPointExtension/>
        </extensions>
      </trkpt>
      <trkpt lat="39.907672964036464691162109375" lon="116.62102195434272289276123046875">
        <ele>24.6000003814697265625</ele>
        <time>2022-05-07T12:39:18.000Z</time>
        <extensions>
          <ns3:TrackPointExtension/>
        </extensions>
      </trkpt>
      <trkpt lat="39.9077229201793670654296875" lon="116.62113896571099758148193359375">
        <ele>24.799999237060546875</ele>
        <time>2022-05-07T12:39:23.000Z</time>
        <extensions>
          <ns3:TrackPointExtension/>
        </extensions>
      </trkpt>
      <trkpt lat="39.9077569507062435150146484375" lon="116.62131297402083873748779296875">
        <ele>25</ele>
        <time>2022-05-07T12:39:28.000Z</time>
        <extensions>
          <ns3:TrackPointExtension/>
        </extensions>
      </trkpt>
      <trkpt lat="39.90780699066817760467529296875" lon="116.621463932096958160400390625">
        <ele>25.200000762939453125</ele>
        <time>2022-05-07T12:39:33.000Z</time>
        <extensions>
          <ns3:TrackPointExtension/>
        </extensions>
      </trkpt>
      <trkpt lat="39.90782291628420352935791015625" lon="116.62162193097174167633056640625">
        <ele>25.3999996185302734375</ele>
        <time>2022-05-07T12:39:38.000Z</time>
        <extensions>
          <ns3:TrackPointExtension/>
        </extensions>
      </trkpt>
      <trkpt lat="39.9078489840030670166015625" lon="116.62175394594669342041015625">
        <ele>25.3999996185302734375</ele>
        <time>2022-05-07T12:39:43.000Z</time>
        <extensions>
          <ns3:TrackPointExtension/>
        </extensions>
      </trkpt>
      <trkpt lat="39.90785191766917705535888671875" lon="116.6218999586999416351318359375">
        <ele>25.6000003814697265625</ele>
        <time>2022-05-07T12:39:48.000Z</time>
        <extensions>
          <ns3:TrackPointExtension/>
        </extensions>
      </trkpt>
      <trkpt lat="39.9078739620745182037353515625" lon="116.6220089234411716461181640625">
        <ele>25.6000003814697265625</ele>
        <time>2022-05-07T12:39:53.000Z</time>
        <extensions>
          <ns3:TrackPointExtension/>
        </extensions>
      </trkpt>
      <trkpt lat="39.90788695402443408966064453125" lon="116.6221819259226322174072265625">
        <ele>25.799999237060546875</ele>
        <time>2022-05-07T12:39:58.000Z</time>
        <extensions>
          <ns3:TrackPointExtension/>
        </extensions>
      </trkpt>
      <trkpt lat="39.90791595540940761566162109375" lon="116.62233196198940277099609375">
        <ele>26</ele>
        <time>2022-05-07T12:40:03.000Z</time>
        <extensions>
          <ns3:TrackPointExtension/>
        </extensions>
      </trkpt>
      <trkpt lat="39.9079319648444652557373046875" lon="116.62248292006552219390869140625">
        <ele>26</ele>
        <time>2022-05-07T12:40:08.000Z</time>
        <extensions>
          <ns3:TrackPointExtension/>
        </extensions>
      </trkpt>
      <trkpt lat="39.9079339765012264251708984375" lon="116.62263094447553157806396484375">
        <ele>26</ele>
        <time>2022-05-07T12:40:13.000Z</time>
        <extensions>
          <ns3:TrackPointExtension/>
        </extensions>
      </trkpt>
      <trkpt lat="39.9079549312591552734375" lon="116.62277796305716037750244140625">
        <ele>26.200000762939453125</ele>
        <time>2022-05-07T12:40:18.000Z</time>
        <extensions>
          <ns3:TrackPointExtension/>
        </extensions>
      </trkpt>
      <trkpt lat="39.90796792320907115936279296875" lon="116.62292598746716976165771484375">
        <ele>26.200000762939453125</ele>
        <time>2022-05-07T12:40:23.000Z</time>
        <extensions>
          <ns3:TrackPointExtension/>
        </extensions>
      </trkpt>
      <trkpt lat="39.9079899676144123077392578125" lon="116.62304098717868328094482421875">
        <ele>26.200000762939453125</ele>
        <time>2022-05-07T12:40:28.000Z</time>
        <extensions>
          <ns3:TrackPointExtension/>
        </extensions>
      </trkpt>
      <trkpt lat="39.9079909734427928924560546875" lon="116.6231719963252544403076171875">
        <ele>26.200000762939453125</ele>
        <time>2022-05-07T12:40:33.000Z</time>
        <extensions>
          <ns3:TrackPointExtension/>
        </extensions>
      </trkpt>
      <trkpt lat="39.908014945685863494873046875" lon="116.62335094995796680450439453125">
        <ele>26.200000762939453125</ele>
        <time>2022-05-07T12:40:38.000Z</time>
        <extensions>
          <ns3:TrackPointExtension/>
        </extensions>
      </trkpt>
      <trkpt lat="39.9080409295856952667236328125" lon="116.6235089488327503204345703125">
        <ele>26.200000762939453125</ele>
        <time>2022-05-07T12:40:43.000Z</time>
        <extensions>
          <ns3:TrackPointExtension/>
        </extensions>
      </trkpt>
      <trkpt lat="39.908071942627429962158203125" lon="116.623657979071140289306640625">
        <ele>26.200000762939453125</ele>
        <time>2022-05-07T12:40:48.000Z</time>
        <extensions>
          <ns3:TrackPointExtension/>
        </extensions>
      </trkpt>
      <trkpt lat="39.9080999381840229034423828125" lon="116.62380692549049854278564453125">
        <ele>26.200000762939453125</ele>
        <time>2022-05-07T12:40:53.000Z</time>
        <extensions>
          <ns3:TrackPointExtension/>
        </extensions>
      </trkpt>
      <trkpt lat="39.90811393596231937408447265625" lon="116.62395897321403026580810546875">
        <ele>26.200000762939453125</ele>
        <time>2022-05-07T12:40:58.000Z</time>
        <extensions>
          <ns3:TrackPointExtension/>
        </extensions>
      </trkpt>
      <trkpt lat="39.90813991986215114593505859375" lon="116.62409995682537555694580078125">
        <ele>26</ele>
        <time>2022-05-07T12:41:03.000Z</time>
        <extensions>
          <ns3:TrackPointExtension/>
        </extensions>
      </trkpt>
      <trkpt lat="39.9081679992377758026123046875" lon="116.6242639906704425811767578125">
        <ele>25.799999237060546875</ele>
        <time>2022-05-07T12:41:08.000Z</time>
        <extensions>
          <ns3:TrackPointExtension/>
        </extensions>
      </trkpt>
      <trkpt lat="39.908189959824085235595703125" lon="116.62438795901834964752197265625">
        <ele>25.6000003814697265625</ele>
        <time>2022-05-07T12:41:13.000Z</time>
        <extensions>
          <ns3:TrackPointExtension/>
        </extensions>
      </trkpt>
      <trkpt lat="39.90819993428885936737060546875" lon="116.6245529986917972564697265625">
        <ele>25.6000003814697265625</ele>
        <time>2022-05-07T12:41:18.000Z</time>
        <extensions>
          <ns3:TrackPointExtension/>
        </extensions>
      </trkpt>
      <trkpt lat="39.90819892846047878265380859375" lon="116.62471099756658077239990234375">
        <ele>25.6000003814697265625</ele>
        <time>2022-05-07T12:41:23.000Z</time>
        <extensions>
          <ns3:TrackPointExtension/>
        </extensions>
      </trkpt>
      <trkpt lat="39.90819297730922698974609375" lon="116.62485097534954547882080078125">
        <ele>25.6000003814697265625</ele>
        <time>2022-05-07T12:41:28.000Z</time>
        <extensions>
          <ns3:TrackPointExtension/>
        </extensions>
      </trkpt>
      <trkpt lat="39.90821099840104579925537109375" lon="116.62502297200262546539306640625">
        <ele>25.799999237060546875</ele>
        <time>2022-05-07T12:41:33.000Z</time>
        <extensions>
          <ns3:TrackPointExtension/>
        </extensions>
      </trkpt>
      <trkpt lat="39.90826095454394817352294921875" lon="116.62519999779760837554931640625">
        <ele>26</ele>
        <time>2022-05-07T12:41:38.000Z</time>
        <extensions>
          <ns3:TrackPointExtension/>
        </extensions>
      </trkpt>
      <trkpt lat="39.908297918736934661865234375" lon="116.62535891868174076080322265625">
        <ele>26.200000762939453125</ele>
        <time>2022-05-07T12:41:43.000Z</time>
        <extensions>
          <ns3:TrackPointExtension/>
        </extensions>
      </trkpt>
      <trkpt lat="39.9083309434354305267333984375" lon="116.6255219466984272003173828125">
        <ele>26.200000762939453125</ele>
        <time>2022-05-07T12:41:48.000Z</time>
        <extensions>
          <ns3:TrackPointExtension/>
        </extensions>
      </trkpt>
      <trkpt lat="39.90835097618401050567626953125" lon="116.6256909258663654327392578125">
        <ele>26.3999996185302734375</ele>
        <time>2022-05-07T12:41:53.000Z</time>
        <extensions>
          <ns3:TrackPointExtension/>
        </extensions>
      </trkpt>
      <trkpt lat="39.90837595425546169281005859375" lon="116.6258709691464900970458984375">
        <ele>26.6000003814697265625</ele>
        <time>2022-05-07T12:41:58.000Z</time>
        <extensions>
          <ns3:TrackPointExtension/>
        </extensions>
      </trkpt>
      <trkpt lat="39.90837897174060344696044921875" lon="116.62600994110107421875">
        <ele>26.799999237060546875</ele>
        <time>2022-05-07T12:42:03.000Z</time>
        <extensions>
          <ns3:TrackPointExtension/>
        </extensions>
      </trkpt>
      <trkpt lat="39.9083949811756610870361328125" lon="116.6261549480259418487548828125">
        <ele>27</ele>
        <time>2022-05-07T12:42:08.000Z</time>
        <extensions>
          <ns3:TrackPointExtension/>
        </extensions>
      </trkpt>
      <trkpt lat="39.908413924276828765869140625" lon="116.62634395994246006011962890625">
        <ele>27.3999996185302734375</ele>
        <time>2022-05-07T12:42:13.000Z</time>
        <extensions>
          <ns3:TrackPointExtension/>
        </extensions>
      </trkpt>
      <trkpt lat="39.90843093954026699066162109375" lon="116.6265059821307659149169921875">
        <ele>27.6000003814697265625</ele>
        <time>2022-05-07T12:42:18.000Z</time>
        <extensions>
          <ns3:TrackPointExtension/>
        </extensions>
      </trkpt>
      <trkpt lat="39.9084539897739887237548828125" lon="116.62668191827833652496337890625">
        <ele>27.6000003814697265625</ele>
        <time>2022-05-07T12:42:23.000Z</time>
        <extensions>
          <ns3:TrackPointExtension/>
        </extensions>
      </trkpt>
      <trkpt lat="39.908477962017059326171875" lon="116.6268439404666423797607421875">
        <ele>27.6000003814697265625</ele>
        <time>2022-05-07T12:42:28.000Z</time>
        <extensions>
          <ns3:TrackPointExtension/>
        </extensions>
      </trkpt>
      <trkpt lat="39.90849397145211696624755859375" lon="116.6270249895751476287841796875">
        <ele>27.6000003814697265625</ele>
        <time>2022-05-07T12:42:33.000Z</time>
        <extensions>
          <ns3:TrackPointExtension/>
        </extensions>
      </trkpt>
      <trkpt lat="39.9085029400885105133056640625" lon="116.62718298844993114471435546875">
        <ele>27.6000003814697265625</ele>
        <time>2022-05-07T12:42:38.000Z</time>
        <extensions>
          <ns3:TrackPointExtension/>
        </extensions>
      </trkpt>
      <trkpt lat="39.90851392038166522979736328125" lon="116.62731994874775409698486328125">
        <ele>28</ele>
        <time>2022-05-07T12:42:43.000Z</time>
        <extensions>
          <ns3:TrackPointExtension/>
        </extensions>
      </trkpt>
      <trkpt lat="39.908533953130245208740234375" lon="116.62750594317913055419921875">
        <ele>28</ele>
        <time>2022-05-07T12:42:48.000Z</time>
        <extensions>
          <ns3:TrackPointExtension/>
        </extensions>
      </trkpt>
      <trkpt lat="39.9085569195449352264404296875" lon="116.627685986459255218505859375">
        <ele>27.799999237060546875</ele>
        <time>2022-05-07T12:42:53.000Z</time>
        <extensions>
          <ns3:TrackPointExtension/>
        </extensions>
      </trkpt>
      <trkpt lat="39.90858499892055988311767578125" lon="116.62784398533403873443603515625">
        <ele>27.799999237060546875</ele>
        <time>2022-05-07T12:42:58.000Z</time>
        <extensions>
          <ns3:TrackPointExtension/>
        </extensions>
      </trkpt>
      <trkpt lat="39.90860193036496639251708984375" lon="116.62794792093336582183837890625">
        <ele>27.6000003814697265625</ele>
        <time>2022-05-07T12:43:03.000Z</time>
        <extensions>
          <ns3:TrackPointExtension/>
        </extensions>
      </trkpt>
      <trkpt lat="39.90861299447715282440185546875" lon="116.6280609928071498870849609375">
        <ele>27.6000003814697265625</ele>
        <time>2022-05-07T12:43:08.000Z</time>
        <extensions>
          <ns3:TrackPointExtension/>
        </extensions>
      </trkpt>
      <trkpt lat="39.90863193757832050323486328125" lon="116.62818194366991519927978515625">
        <ele>27.3999996185302734375</ele>
        <time>2022-05-07T12:43:13.000Z</time>
        <extensions>
          <ns3:TrackPointExtension/>
        </extensions>
      </trkpt>
      <trkpt lat="39.90866697393357753753662109375" lon="116.628314964473247528076171875">
        <ele>27.3999996185302734375</ele>
        <time>2022-05-07T12:43:18.000Z</time>
        <extensions>
          <ns3:TrackPointExtension/>
        </extensions>
      </trkpt>
      <trkpt lat="39.9086789600551128387451171875" lon="116.628483943641185760498046875">
        <ele>27.6000003814697265625</ele>
        <time>2022-05-07T12:43:23.000Z</time>
        <extensions>
          <ns3:TrackPointExtension/>
        </extensions>
      </trkpt>
      <trkpt lat="39.90869195200502872467041015625" lon="116.6286299563944339752197265625">
        <ele>27.6000003814697265625</ele>
        <time>2022-05-07T12:43:28.000Z</time>
        <extensions>
          <ns3:TrackPointExtension/>
        </extensions>
      </trkpt>
      <trkpt lat="39.90871693007647991180419921875" lon="116.6287999413907527923583984375">
        <ele>27.799999237060546875</ele>
        <time>2022-05-07T12:43:33.000Z</time>
        <extensions>
          <ns3:TrackPointExtension/>
        </extensions>
      </trkpt>
      <trkpt lat="39.9087429977953433990478515625" lon="116.62896498106420040130615234375">
        <ele>28</ele>
        <time>2022-05-07T12:43:38.000Z</time>
        <extensions>
          <ns3:TrackPointExtension/>
        </extensions>
      </trkpt>
      <trkpt lat="39.90877099335193634033203125" lon="116.62910898216068744659423828125">
        <ele>28.200000762939453125</ele>
        <time>2022-05-07T12:43:43.000Z</time>
        <extensions>
          <ns3:TrackPointExtension/>
        </extensions>
      </trkpt>
      <trkpt lat="39.9087869189679622650146484375" lon="116.62929899990558624267578125">
        <ele>29</ele>
        <time>2022-05-07T12:43:48.000Z</time>
        <extensions>
          <ns3:TrackPointExtension/>
        </extensions>
      </trkpt>
      <trkpt lat="39.90880091674625873565673828125" lon="116.629413999617099761962890625">
        <ele>29.6000003814697265625</ele>
        <time>2022-05-07T12:43:53.000Z</time>
        <extensions>
          <ns3:TrackPointExtension/>
        </extensions>
      </trkpt>
      <trkpt lat="39.90881097503006458282470703125" lon="116.62952296435832977294921875">
        <ele>30</ele>
        <time>2022-05-07T12:43:58.000Z</time>
        <extensions>
          <ns3:TrackPointExtension/>
        </extensions>
      </trkpt>
      <trkpt lat="39.908824972808361053466796875" lon="116.629629917442798614501953125">
        <ele>30.3999996185302734375</ele>
        <time>2022-05-07T12:44:03.000Z</time>
        <extensions>
          <ns3:TrackPointExtension/>
        </extensions>
      </trkpt>
      <trkpt lat="39.90884399972856044769287109375" lon="116.62973192520439624786376953125">
        <ele>30.799999237060546875</ele>
        <time>2022-05-07T12:44:08.000Z</time>
        <extensions>
          <ns3:TrackPointExtension/>
        </extensions>
      </trkpt>
      <trkpt lat="39.90886093117296695709228515625" lon="116.6298349387943744659423828125">
        <ele>31.200000762939453125</ele>
        <time>2022-05-07T12:44:13.000Z</time>
        <extensions>
          <ns3:TrackPointExtension/>
        </extensions>
      </trkpt>
      <trkpt lat="39.908883981406688690185546875" lon="116.62997198291122913360595703125">
        <ele>31.799999237060546875</ele>
        <time>2022-05-07T12:44:18.000Z</time>
        <extensions>
          <ns3:TrackPointExtension/>
        </extensions>
      </trkpt>
      <trkpt lat="39.90888498723506927490234375" lon="116.6301189176738262176513671875">
        <ele>31.3999996185302734375</ele>
        <time>2022-05-07T12:44:23.000Z</time>
        <extensions>
          <ns3:TrackPointExtension/>
        </extensions>
      </trkpt>
      <trkpt lat="39.9089029245078563690185546875" lon="116.63028295151889324188232421875">
        <ele>30.799999237060546875</ele>
        <time>2022-05-07T12:44:28.000Z</time>
        <extensions>
          <ns3:TrackPointExtension/>
        </extensions>
      </trkpt>
      <trkpt lat="39.90892496891319751739501953125" lon="116.6304149664938449859619140625">
        <ele>30.3999996185302734375</ele>
        <time>2022-05-07T12:44:33.000Z</time>
        <extensions>
          <ns3:TrackPointExtension/>
        </extensions>
      </trkpt>
      <trkpt lat="39.90893997251987457275390625" lon="116.63054496981203556060791015625">
        <ele>30</ele>
        <time>2022-05-07T12:44:38.000Z</time>
        <extensions>
          <ns3:TrackPointExtension/>
        </extensions>
      </trkpt>
      <trkpt lat="39.90895598195493221282958984375" lon="116.63069299422204494476318359375">
        <ele>29.6000003814697265625</ele>
        <time>2022-05-07T12:44:43.000Z</time>
        <extensions>
          <ns3:TrackPointExtension/>
        </extensions>
      </trkpt>
      <trkpt lat="39.9089689739048480987548828125" lon="116.630837917327880859375">
        <ele>28.6000003814697265625</ele>
        <time>2022-05-07T12:44:48.000Z</time>
        <extensions>
          <ns3:TrackPointExtension/>
        </extensions>
      </trkpt>
      <trkpt lat="39.90898699499666690826416015625" lon="116.6309949941933155059814453125">
        <ele>27.799999237060546875</ele>
        <time>2022-05-07T12:44:53.000Z</time>
        <extensions>
          <ns3:TrackPointExtension/>
        </extensions>
      </trkpt>
      <trkpt lat="39.90900493226945400238037109375" lon="116.631129942834377288818359375">
        <ele>27</ele>
        <time>2022-05-07T12:44:58.000Z</time>
        <extensions>
          <ns3:TrackPointExtension/>
        </extensions>
      </trkpt>
      <trkpt lat="39.9090289883315563201904296875" lon="116.63126698695123195648193359375">
        <ele>26.200000762939453125</ele>
        <time>2022-05-07T12:45:03.000Z</time>
        <extensions>
          <ns3:TrackPointExtension/>
        </extensions>
      </trkpt>
      <trkpt lat="39.909048937261104583740234375" lon="116.63140897639095783233642578125">
        <ele>25.3999996185302734375</ele>
        <time>2022-05-07T12:45:08.000Z</time>
        <extensions>
          <ns3:TrackPointExtension/>
        </extensions>
      </trkpt>
      <trkpt lat="39.90906192921102046966552734375" lon="116.6315679810941219329833984375">
        <ele>24.6000003814697265625</ele>
        <time>2022-05-07T12:45:13.000Z</time>
        <extensions>
          <ns3:TrackPointExtension/>
        </extensions>
      </trkpt>
      <trkpt lat="39.9090769328176975250244140625" lon="116.631709970533847808837890625">
        <ele>23.6000003814697265625</ele>
        <time>2022-05-07T12:45:18.000Z</time>
        <extensions>
          <ns3:TrackPointExtension/>
        </extensions>
      </trkpt>
      <trkpt lat="39.9090879969298839569091796875" lon="116.63185891695320606231689453125">
        <ele>22.799999237060546875</ele>
        <time>2022-05-07T12:45:23.000Z</time>
        <extensions>
          <ns3:TrackPointExtension/>
        </extensions>
      </trkpt>
      <trkpt lat="39.909102916717529296875" lon="116.63199193775653839111328125">
        <ele>22.799999237060546875</ele>
        <time>2022-05-07T12:45:28.000Z</time>
        <extensions>
          <ns3:TrackPointExtension/>
        </extensions>
      </trkpt>
      <trkpt lat="39.90912294946610927581787109375" lon="116.63215496577322483062744140625">
        <ele>22.799999237060546875</ele>
        <time>2022-05-07T12:45:33.000Z</time>
        <extensions>
          <ns3:TrackPointExtension/>
        </extensions>
      </trkpt>
      <trkpt lat="39.9091429822146892547607421875" lon="116.6323089413344860076904296875">
        <ele>23</ele>
        <time>2022-05-07T12:45:38.000Z</time>
        <extensions>
          <ns3:TrackPointExtension/>
        </extensions>
      </trkpt>
      <trkpt lat="39.909166954457759857177734375" lon="116.63243693299591541290283203125">
        <ele>23.200000762939453125</ele>
        <time>2022-05-07T12:45:43.000Z</time>
        <extensions>
          <ns3:TrackPointExtension/>
        </extensions>
      </trkpt>
      <trkpt lat="39.90917692892253398895263671875" lon="116.632572971284389495849609375">
        <ele>23.3999996185302734375</ele>
        <time>2022-05-07T12:45:48.000Z</time>
        <extensions>
          <ns3:TrackPointExtension/>
        </extensions>
      </trkpt>
      <trkpt lat="39.9091949500143527984619140625" lon="116.63272996433079242706298828125">
        <ele>23.6000003814697265625</ele>
        <time>2022-05-07T12:45:53.000Z</time>
        <extensions>
          <ns3:TrackPointExtension/>
        </extensions>
      </trkpt>
      <trkpt lat="39.9092019908130168914794921875" lon="116.632862985134124755859375">
        <ele>23.799999237060546875</ele>
        <time>2022-05-07T12:45:58.000Z</time>
        <extensions>
          <ns3:TrackPointExtension/>
        </extensions>
      </trkpt>
      <trkpt lat="39.90921598859131336212158203125" lon="116.6329979337751865386962890625">
        <ele>23.799999237060546875</ele>
        <time>2022-05-07T12:46:03.000Z</time>
        <extensions>
          <ns3:TrackPointExtension/>
        </extensions>
      </trkpt>
      <trkpt lat="39.909227974712848663330078125" lon="116.6331709362566471099853515625">
        <ele>23.799999237060546875</ele>
        <time>2022-05-07T12:46:08.000Z</time>
        <extensions>
          <ns3:TrackPointExtension/>
        </extensions>
      </trkpt>
      <trkpt lat="39.90923493169248104095458984375" lon="116.63332792930305004119873046875">
        <ele>24.200000762939453125</ele>
        <time>2022-05-07T12:46:13.000Z</time>
        <extensions>
          <ns3:TrackPointExtension/>
        </extensions>
      </trkpt>
      <trkpt lat="39.90924197249114513397216796875" lon="116.63344996981322765350341796875">
        <ele>24.799999237060546875</ele>
        <time>2022-05-07T12:46:18.000Z</time>
        <extensions>
          <ns3:TrackPointExtension/>
        </extensions>
      </trkpt>
      <trkpt lat="39.9092519469559192657470703125" lon="116.63358994759619235992431640625">
        <ele>25.200000762939453125</ele>
        <time>2022-05-07T12:46:23.000Z</time>
        <extensions>
          <ns3:TrackPointExtension/>
        </extensions>
      </trkpt>
      <trkpt lat="39.9092489294707775115966796875" lon="116.63377694785594940185546875">
        <ele>25.799999237060546875</ele>
        <time>2022-05-07T12:46:28.000Z</time>
        <extensions>
          <ns3:TrackPointExtension/>
        </extensions>
      </trkpt>
      <trkpt lat="39.9092559702694416046142578125" lon="116.63396093063056468963623046875">
        <ele>26</ele>
        <time>2022-05-07T12:46:33.000Z</time>
        <extensions>
          <ns3:TrackPointExtension/>
        </extensions>
      </trkpt>
      <trkpt lat="39.9092569760978221893310546875" lon="116.63410493172705173492431640625">
        <ele>26</ele>
        <time>2022-05-07T12:46:38.000Z</time>
        <extensions>
          <ns3:TrackPointExtension/>
        </extensions>
      </trkpt>
      <trkpt lat="39.90926393307745456695556640625" lon="116.6342159919440746307373046875">
        <ele>25.799999237060546875</ele>
        <time>2022-05-07T12:46:43.000Z</time>
        <extensions>
          <ns3:TrackPointExtension/>
        </extensions>
      </trkpt>
      <trkpt lat="39.90928597748279571533203125" lon="116.63437499664723873138427734375">
        <ele>25.6000003814697265625</ele>
        <time>2022-05-07T12:46:48.000Z</time>
        <extensions>
          <ns3:TrackPointExtension/>
        </extensions>
      </trkpt>
      <trkpt lat="39.909278936684131622314453125" lon="116.63453693501651287078857421875">
        <ele>25.3999996185302734375</ele>
        <time>2022-05-07T12:46:53.000Z</time>
        <extensions>
          <ns3:TrackPointExtension/>
        </extensions>
      </trkpt>
      <trkpt lat="39.90929192863404750823974609375" lon="116.6347209177911281585693359375">
        <ele>25.6000003814697265625</ele>
        <time>2022-05-07T12:46:58.000Z</time>
        <extensions>
          <ns3:TrackPointExtension/>
        </extensions>
      </trkpt>
      <trkpt lat="39.90929192863404750823974609375" lon="116.63488193415105342864990234375">
        <ele>25.799999237060546875</ele>
        <time>2022-05-07T12:47:03.000Z</time>
        <extensions>
          <ns3:TrackPointExtension/>
        </extensions>
      </trkpt>
      <trkpt lat="39.90929494611918926239013671875" lon="116.63506298325955867767333984375">
        <ele>26.200000762939453125</ele>
        <time>2022-05-07T12:47:08.000Z</time>
        <extensions>
          <ns3:TrackPointExtension/>
        </extensions>
      </trkpt>
      <trkpt lat="39.90929394029080867767333984375" lon="116.635216958820819854736328125">
        <ele>26.6000003814697265625</ele>
        <time>2022-05-07T12:47:13.000Z</time>
        <extensions>
          <ns3:TrackPointExtension/>
        </extensions>
      </trkpt>
      <trkpt lat="39.90929092280566692352294921875" lon="116.63540395908057689666748046875">
        <ele>27</ele>
        <time>2022-05-07T12:47:18.000Z</time>
        <extensions>
          <ns3:TrackPointExtension/>
        </extensions>
      </trkpt>
      <trkpt lat="39.90929192863404750823974609375" lon="116.63557997904717922210693359375">
        <ele>27</ele>
        <time>2022-05-07T12:47:23.000Z</time>
        <extensions>
          <ns3:TrackPointExtension/>
        </extensions>
      </trkpt>
      <trkpt lat="39.9093119613826274871826171875" lon="116.63574594072997570037841796875">
        <ele>26.799999237060546875</ele>
        <time>2022-05-07T12:47:28.000Z</time>
        <extensions>
          <ns3:TrackPointExtension/>
        </extensions>
      </trkpt>
      <trkpt lat="39.90930399857461452484130859375" lon="116.63589991629123687744140625">
        <ele>26.3999996185302734375</ele>
        <time>2022-05-07T12:47:33.000Z</time>
        <extensions>
          <ns3:TrackPointExtension/>
        </extensions>
      </trkpt>
      <trkpt lat="39.9093119613826274871826171875" lon="116.63606193847954273223876953125">
        <ele>26.200000762939453125</ele>
        <time>2022-05-07T12:47:38.000Z</time>
        <extensions>
          <ns3:TrackPointExtension/>
        </extensions>
      </trkpt>
      <trkpt lat="39.90930098108947277069091796875" lon="116.63623594678938388824462890625">
        <ele>25.6000003814697265625</ele>
        <time>2022-05-07T12:47:43.000Z</time>
        <extensions>
          <ns3:TrackPointExtension/>
        </extensions>
      </trkpt>
      <trkpt lat="39.9093089438974857330322265625" lon="116.63640794344246387481689453125">
        <ele>25.6000003814697265625</ele>
        <time>2022-05-07T12:47:48.000Z</time>
        <extensions>
          <ns3:TrackPointExtension/>
        </extensions>
      </trkpt>
      <trkpt lat="39.9092839658260345458984375" lon="116.6365629248321056365966796875">
        <ele>25.6000003814697265625</ele>
        <time>2022-05-07T12:47:53.000Z</time>
        <extensions>
          <ns3:TrackPointExtension/>
        </extensions>
      </trkpt>
      <trkpt lat="39.909284971654415130615234375" lon="116.6367449797689914703369140625">
        <ele>25.3999996185302734375</ele>
        <time>2022-05-07T12:47:58.000Z</time>
        <extensions>
          <ns3:TrackPointExtension/>
        </extensions>
      </trkpt>
      <trkpt lat="39.90926292724907398223876953125" lon="116.6369109414517879486083984375">
        <ele>25.200000762939453125</ele>
        <time>2022-05-07T12:48:03.000Z</time>
        <extensions>
          <ns3:TrackPointExtension/>
        </extensions>
      </trkpt>
      <trkpt lat="39.9092499352991580963134765625" lon="116.63705997169017791748046875">
        <ele>25.200000762939453125</ele>
        <time>2022-05-07T12:48:08.000Z</time>
        <extensions>
          <ns3:TrackPointExtension/>
        </extensions>
      </trkpt>
      <trkpt lat="39.90926795639097690582275390625" lon="116.6373719461262226104736328125">
        <ele>24.799999237060546875</ele>
        <time>2022-05-07T12:48:13.000Z</time>
        <extensions>
          <ns3:TrackPointExtension/>
        </extensions>
      </trkpt>
      <trkpt lat="39.909286983311176300048828125" lon="116.63753296248614788055419921875">
        <ele>25.6000003814697265625</ele>
        <time>2022-05-07T12:48:18.000Z</time>
        <extensions>
          <ns3:TrackPointExtension/>
        </extensions>
      </trkpt>
      <trkpt lat="39.9092759191989898681640625" lon="116.6377229802310466766357421875">
        <ele>26.3999996185302734375</ele>
        <time>2022-05-07T12:48:23.000Z</time>
        <extensions>
          <ns3:TrackPointExtension/>
        </extensions>
      </trkpt>
      <trkpt lat="39.90923996083438396453857421875" lon="116.63788399659097194671630859375">
        <ele>27.200000762939453125</ele>
        <time>2022-05-07T12:48:28.000Z</time>
        <extensions>
          <ns3:TrackPointExtension/>
        </extensions>
      </trkpt>
      <trkpt lat="39.90923996083438396453857421875" lon="116.6380639560520648956298828125">
        <ele>27.3999996185302734375</ele>
        <time>2022-05-07T12:48:33.000Z</time>
        <extensions>
          <ns3:TrackPointExtension/>
        </extensions>
      </trkpt>
      <trkpt lat="39.90923694334924221038818359375" lon="116.6382359527051448822021484375">
        <ele>27.6000003814697265625</ele>
        <time>2022-05-07T12:48:38.000Z</time>
        <extensions>
          <ns3:TrackPointExtension/>
        </extensions>
      </trkpt>
      <trkpt lat="39.90923794917762279510498046875" lon="116.6384379565715789794921875">
        <ele>27.6000003814697265625</ele>
        <time>2022-05-07T12:48:43.000Z</time>
        <extensions>
          <ns3:TrackPointExtension/>
        </extensions>
      </trkpt>
      <trkpt lat="39.90922696888446807861328125" lon="116.63861297070980072021484375">
        <ele>27.6000003814697265625</ele>
        <time>2022-05-07T12:48:48.000Z</time>
        <extensions>
          <ns3:TrackPointExtension/>
        </extensions>
      </trkpt>
      <trkpt lat="39.90921095944941043853759765625" lon="116.6388099454343318939208984375">
        <ele>27.799999237060546875</ele>
        <time>2022-05-07T12:48:53.000Z</time>
        <extensions>
          <ns3:TrackPointExtension/>
        </extensions>
      </trkpt>
      <trkpt lat="39.90920492447912693023681640625" lon="116.63903298787772655487060546875">
        <ele>28</ele>
        <time>2022-05-07T12:48:58.000Z</time>
        <extensions>
          <ns3:TrackPointExtension/>
        </extensions>
      </trkpt>
      <trkpt lat="39.909217916429042816162109375" lon="116.63924194872379302978515625">
        <ele>27.3999996185302734375</ele>
        <time>2022-05-07T12:49:03.000Z</time>
        <extensions>
          <ns3:TrackPointExtension/>
        </extensions>
      </trkpt>
      <trkpt lat="39.9092209339141845703125" lon="116.6394419409334659576416015625">
        <ele>27</ele>
        <time>2022-05-07T12:49:08.000Z</time>
        <extensions>
          <ns3:TrackPointExtension/>
        </extensions>
      </trkpt>
      <trkpt lat="39.909231998026371002197265625" lon="116.6396689228713512420654296875">
        <ele>27</ele>
        <time>2022-05-07T12:49:13.000Z</time>
        <extensions>
          <ns3:TrackPointExtension/>
        </extensions>
      </trkpt>
      <trkpt lat="39.90923099219799041748046875" lon="116.63985491730272769927978515625">
        <ele>27.200000762939453125</ele>
        <time>2022-05-07T12:49:18.000Z</time>
        <extensions>
          <ns3:TrackPointExtension/>
        </extensions>
      </trkpt>
      <trkpt lat="39.90923794917762279510498046875" lon="116.640054993331432342529296875">
        <ele>27</ele>
        <time>2022-05-07T12:49:23.000Z</time>
        <extensions>
          <ns3:TrackPointExtension/>
        </extensions>
      </trkpt>
      <trkpt lat="39.9092249572277069091796875" lon="116.64023696444928646087646484375">
        <ele>26.799999237060546875</ele>
        <time>2022-05-07T12:49:28.000Z</time>
        <extensions>
          <ns3:TrackPointExtension/>
        </extensions>
      </trkpt>
      <trkpt lat="39.909219928085803985595703125" lon="116.6404749266803264617919921875">
        <ele>26.3999996185302734375</ele>
        <time>2022-05-07T12:49:33.000Z</time>
        <extensions>
          <ns3:TrackPointExtension/>
        </extensions>
      </trkpt>
      <trkpt lat="39.90922294557094573974609375" lon="116.64066595025360584259033203125">
        <ele>25.799999237060546875</ele>
        <time>2022-05-07T12:49:38.000Z</time>
        <extensions>
          <ns3:TrackPointExtension/>
        </extensions>
      </trkpt>
      <trkpt lat="39.9092499352991580963134765625" lon="116.64086191914975643157958984375">
        <ele>26</ele>
        <time>2022-05-07T12:49:43.000Z</time>
        <extensions>
          <ns3:TrackPointExtension/>
        </extensions>
      </trkpt>
      <trkpt lat="39.9092509411275386810302734375" lon="116.64103592745959758758544921875">
        <ele>26.200000762939453125</ele>
        <time>2022-05-07T12:49:48.000Z</time>
        <extensions>
          <ns3:TrackPointExtension/>
        </extensions>
      </trkpt>
      <trkpt lat="39.90926996804773807525634765625" lon="116.6412299685180187225341796875">
        <ele>26.3999996185302734375</ele>
        <time>2022-05-07T12:49:53.000Z</time>
        <extensions>
          <ns3:TrackPointExtension/>
        </extensions>
      </trkpt>
      <trkpt lat="39.909282959997653961181640625" lon="116.64141998626291751861572265625">
        <ele>26</ele>
        <time>2022-05-07T12:49:58.000Z</time>
        <extensions>
          <ns3:TrackPointExtension/>
        </extensions>
      </trkpt>
      <trkpt lat="39.9092839658260345458984375" lon="116.64159298874437808990478515625">
        <ele>25.799999237060546875</ele>
        <time>2022-05-07T12:50:03.000Z</time>
        <extensions>
          <ns3:TrackPointExtension/>
        </extensions>
      </trkpt>
      <trkpt lat="39.909280948340892791748046875" lon="116.641723997890949249267578125">
        <ele>26.200000762939453125</ele>
        <time>2022-05-07T12:50:08.000Z</time>
        <extensions>
          <ns3:TrackPointExtension/>
        </extensions>
      </trkpt>
      <trkpt lat="39.909282959997653961181640625" lon="116.641882918775081634521484375">
        <ele>26.6000003814697265625</ele>
        <time>2022-05-07T12:50:13.000Z</time>
        <extensions>
          <ns3:TrackPointExtension/>
        </extensions>
      </trkpt>
      <trkpt lat="39.90927793085575103759765625" lon="116.642062962055206298828125">
        <ele>27</ele>
        <time>2022-05-07T12:50:18.000Z</time>
        <extensions>
          <ns3:TrackPointExtension/>
        </extensions>
      </trkpt>
      <trkpt lat="39.90928195416927337646484375" lon="116.64222297258675098419189453125">
        <ele>27.6000003814697265625</ele>
        <time>2022-05-07T12:50:23.000Z</time>
        <extensions>
          <ns3:TrackPointExtension/>
        </extensions>
      </trkpt>
      <trkpt lat="39.909282959997653961181640625" lon="116.64236797951161861419677734375">
        <ele>28</ele>
        <time>2022-05-07T12:50:28.000Z</time>
        <extensions>
          <ns3:TrackPointExtension/>
        </extensions>
      </trkpt>
      <trkpt lat="39.90929192863404750823974609375" lon="116.64253695867955684661865234375">
        <ele>28</ele>
        <time>2022-05-07T12:50:33.000Z</time>
        <extensions>
          <ns3:TrackPointExtension/>
        </extensions>
      </trkpt>
      <trkpt lat="39.90929695777595043182373046875" lon="116.6426719911396503448486328125">
        <ele>28</ele>
        <time>2022-05-07T12:50:38.000Z</time>
        <extensions>
          <ns3:TrackPointExtension/>
        </extensions>
      </trkpt>
      <trkpt lat="39.9093049205839633941650390625" lon="116.64277098141610622406005859375">
        <ele>28</ele>
        <time>2022-05-07T12:50:43.000Z</time>
        <extensions>
          <ns3:TrackPointExtension/>
        </extensions>
      </trkpt>
      <trkpt lat="39.90931891836225986480712890625" lon="116.6428949497640132904052734375">
        <ele>28</ele>
        <time>2022-05-07T12:50:48.000Z</time>
        <extensions>
          <ns3:TrackPointExtension/>
        </extensions>
      </trkpt>
      <trkpt lat="39.90934498608112335205078125" lon="116.6430379450321197509765625">
        <ele>28.200000762939453125</ele>
        <time>2022-05-07T12:50:53.000Z</time>
        <extensions>
          <ns3:TrackPointExtension/>
        </extensions>
      </trkpt>
      <trkpt lat="39.909341968595981597900390625" lon="116.64319694973528385162353515625">
        <ele>28.6000003814697265625</ele>
        <time>2022-05-07T12:50:58.000Z</time>
        <extensions>
          <ns3:TrackPointExtension/>
        </extensions>
      </trkpt>
      <trkpt lat="39.909335933625698089599609375" lon="116.64333692751824855804443359375">
        <ele>28.200000762939453125</ele>
        <time>2022-05-07T12:51:03.000Z</time>
        <extensions>
          <ns3:TrackPointExtension/>
        </extensions>
      </trkpt>
      <trkpt lat="39.9093429744243621826171875" lon="116.643496938049793243408203125">
        <ele>27.799999237060546875</ele>
        <time>2022-05-07T12:51:08.000Z</time>
        <extensions>
          <ns3:TrackPointExtension/>
        </extensions>
      </trkpt>
      <trkpt lat="39.9093659408390522003173828125" lon="116.64363197050988674163818359375">
        <ele>27.3999996185302734375</ele>
        <time>2022-05-07T12:51:13.000Z</time>
        <extensions>
          <ns3:TrackPointExtension/>
        </extensions>
      </trkpt>
      <trkpt lat="39.9093729816377162933349609375" lon="116.64376792497932910919189453125">
        <ele>27</ele>
        <time>2022-05-07T12:51:18.000Z</time>
        <extensions>
          <ns3:TrackPointExtension/>
        </extensions>
      </trkpt>
      <trkpt lat="39.9093699641525745391845703125" lon="116.64394495077431201934814453125">
        <ele>26.6000003814697265625</ele>
        <time>2022-05-07T12:51:23.000Z</time>
        <extensions>
          <ns3:TrackPointExtension/>
        </extensions>
      </trkpt>
      <trkpt lat="39.90938396193087100982666015625" lon="116.64412398822605609893798828125">
        <ele>26.200000762939453125</ele>
        <time>2022-05-07T12:51:28.000Z</time>
        <extensions>
          <ns3:TrackPointExtension/>
        </extensions>
      </trkpt>
      <trkpt lat="39.90939594805240631103515625" lon="116.64428693242371082305908203125">
        <ele>25.799999237060546875</ele>
        <time>2022-05-07T12:51:33.000Z</time>
        <extensions>
          <ns3:TrackPointExtension/>
        </extensions>
      </trkpt>
      <trkpt lat="39.90941899828612804412841796875" lon="116.644475944340229034423828125">
        <ele>25.200000762939453125</ele>
        <time>2022-05-07T12:51:38.000Z</time>
        <extensions>
          <ns3:TrackPointExtension/>
        </extensions>
      </trkpt>
      <trkpt lat="39.9094219319522380828857421875" lon="116.6446279920637607574462890625">
        <ele>25</ele>
        <time>2022-05-07T12:51:43.000Z</time>
        <extensions>
          <ns3:TrackPointExtension/>
        </extensions>
      </trkpt>
      <trkpt lat="39.9094219319522380828857421875" lon="116.6447899304330348968505859375">
        <ele>24.6000003814697265625</ele>
        <time>2022-05-07T12:51:48.000Z</time>
        <extensions>
          <ns3:TrackPointExtension/>
        </extensions>
      </trkpt>
      <trkpt lat="39.909449927508831024169921875" lon="116.64494692347943782806396484375">
        <ele>24.6000003814697265625</ele>
        <time>2022-05-07T12:51:53.000Z</time>
        <extensions>
          <ns3:TrackPointExtension/>
        </extensions>
      </trkpt>
      <trkpt lat="39.909455962479114532470703125" lon="116.64509796537458896636962890625">
        <ele>25</ele>
        <time>2022-05-07T12:51:58.000Z</time>
        <extensions>
          <ns3:TrackPointExtension/>
        </extensions>
      </trkpt>
      <trkpt lat="39.90950097329914569854736328125" lon="116.64528496563434600830078125">
        <ele>25.200000762939453125</ele>
        <time>2022-05-07T12:52:03.000Z</time>
        <extensions>
          <ns3:TrackPointExtension/>
        </extensions>
      </trkpt>
      <trkpt lat="39.9095359258353710174560546875" lon="116.64543994702398777008056640625">
        <ele>25.6000003814697265625</ele>
        <time>2022-05-07T12:52:08.000Z</time>
        <extensions>
          <ns3:TrackPointExtension/>
        </extensions>
      </trkpt>
      <trkpt lat="39.909565933048725128173828125" lon="116.6455959342420101165771484375">
        <ele>25.799999237060546875</ele>
        <time>2022-05-07T12:52:13.000Z</time>
        <extensions>
          <ns3:TrackPointExtension/>
        </extensions>
      </trkpt>
      <trkpt lat="39.90961194969713687896728515625" lon="116.64575896225869655609130859375">
        <ele>26.200000762939453125</ele>
        <time>2022-05-07T12:52:18.000Z</time>
        <extensions>
          <ns3:TrackPointExtension/>
        </extensions>
      </trkpt>
      <trkpt lat="39.90963399410247802734375" lon="116.64590095169842243194580078125">
        <ele>26.6000003814697265625</ele>
        <time>2022-05-07T12:52:23.000Z</time>
        <extensions>
          <ns3:TrackPointExtension/>
        </extensions>
      </trkpt>
      <trkpt lat="39.90967196412384510040283203125" lon="116.64598393253982067108154296875">
        <ele>26.799999237060546875</ele>
        <time>2022-05-07T12:52:28.000Z</time>
        <extensions>
          <ns3:TrackPointExtension/>
        </extensions>
      </trkpt>
      <trkpt lat="39.9097199924290180206298828125" lon="116.646093986928462982177734375">
        <ele>27.200000762939453125</ele>
        <time>2022-05-07T12:52:33.000Z</time>
        <extensions>
          <ns3:TrackPointExtension/>
        </extensions>
      </trkpt>
      <trkpt lat="39.90975293330848217010498046875" lon="116.64622399024665355682373046875">
        <ele>27.3999996185302734375</ele>
        <time>2022-05-07T12:52:38.000Z</time>
        <extensions>
          <ns3:TrackPointExtension/>
        </extensions>
      </trkpt>
      <trkpt lat="39.909797944128513336181640625" lon="116.64635994471609592437744140625">
        <ele>27.799999237060546875</ele>
        <time>2022-05-07T12:52:43.000Z</time>
        <extensions>
          <ns3:TrackPointExtension/>
        </extensions>
      </trkpt>
      <trkpt lat="39.90983691997826099395751953125" lon="116.64651299826800823211669921875">
        <ele>28.200000762939453125</ele>
        <time>2022-05-07T12:52:48.000Z</time>
        <extensions>
          <ns3:TrackPointExtension/>
        </extensions>
      </trkpt>
      <trkpt lat="39.90986592136323451995849609375" lon="116.646657921373844146728515625">
        <ele>28.200000762939453125</ele>
        <time>2022-05-07T12:52:53.000Z</time>
        <extensions>
          <ns3:TrackPointExtension/>
        </extensions>
      </trkpt>
      <trkpt lat="39.90989592857658863067626953125" lon="116.64679295383393764495849609375">
        <ele>28</ele>
        <time>2022-05-07T12:52:58.000Z</time>
        <extensions>
          <ns3:TrackPointExtension/>
        </extensions>
      </trkpt>
      <trkpt lat="39.909911938011646270751953125" lon="116.6469239629805088043212890625">
        <ele>27.799999237060546875</ele>
        <time>2022-05-07T12:53:03.000Z</time>
        <extensions>
          <ns3:TrackPointExtension/>
        </extensions>
      </trkpt>
      <trkpt lat="39.90995996631681919097900390625" lon="116.647060923278331756591796875">
        <ele>27.3999996185302734375</ele>
        <time>2022-05-07T12:53:08.000Z</time>
        <extensions>
          <ns3:TrackPointExtension/>
        </extensions>
      </trkpt>
      <trkpt lat="39.9100019596517086029052734375" lon="116.6472039185464382171630859375">
        <ele>27.200000762939453125</ele>
        <time>2022-05-07T12:53:13.000Z</time>
        <extensions>
          <ns3:TrackPointExtension/>
        </extensions>
      </trkpt>
      <trkpt lat="39.91003992967307567596435546875" lon="116.6473259590566158294677734375">
        <ele>26.799999237060546875</ele>
        <time>2022-05-07T12:53:18.000Z</time>
        <extensions>
          <ns3:TrackPointExtension/>
        </extensions>
      </trkpt>
      <trkpt lat="39.910089969635009765625" lon="116.647464931011199951171875">
        <ele>26.6000003814697265625</ele>
        <time>2022-05-07T12:53:23.000Z</time>
        <extensions>
          <ns3:TrackPointExtension/>
        </extensions>
      </trkpt>
      <trkpt lat="39.91015995852649211883544921875" lon="116.6476169787347316741943359375">
        <ele>26.6000003814697265625</ele>
        <time>2022-05-07T12:53:28.000Z</time>
        <extensions>
          <ns3:TrackPointExtension/>
        </extensions>
      </trkpt>
      <trkpt lat="39.91021997295320034027099609375" lon="116.6477849520742893218994140625">
        <ele>26.3999996185302734375</ele>
        <time>2022-05-07T12:53:33.000Z</time>
        <extensions>
          <ns3:TrackPointExtension/>
        </extensions>
      </trkpt>
      <trkpt lat="39.91027696989476680755615234375" lon="116.6479329764842987060546875">
        <ele>26.200000762939453125</ele>
        <time>2022-05-07T12:53:38.000Z</time>
        <extensions>
          <ns3:TrackPointExtension/>
        </extensions>
      </trkpt>
      <trkpt lat="39.91032399237155914306640625" lon="116.64806599728763103485107421875">
        <ele>26</ele>
        <time>2022-05-07T12:53:43.000Z</time>
        <extensions>
          <ns3:TrackPointExtension/>
        </extensions>
      </trkpt>
      <trkpt lat="39.91036891937255859375" lon="116.64823497645556926727294921875">
        <ele>26</ele>
        <time>2022-05-07T12:53:48.000Z</time>
        <extensions>
          <ns3:TrackPointExtension/>
        </extensions>
      </trkpt>
      <trkpt lat="39.91042499430477619171142578125" lon="116.64843597449362277984619140625">
        <ele>26</ele>
        <time>2022-05-07T12:53:53.000Z</time>
        <extensions>
          <ns3:TrackPointExtension/>
        </extensions>
      </trkpt>
      <trkpt lat="39.91047495044767856597900390625" lon="116.64862699806690216064453125">
        <ele>26</ele>
        <time>2022-05-07T12:53:58.000Z</time>
        <extensions>
          <ns3:TrackPointExtension/>
        </extensions>
      </trkpt>
      <trkpt lat="39.91050898097455501556396484375" lon="116.64878793060779571533203125">
        <ele>26.200000762939453125</ele>
        <time>2022-05-07T12:54:03.000Z</time>
        <extensions>
          <ns3:TrackPointExtension/>
        </extensions>
      </trkpt>
      <trkpt lat="39.91053094156086444854736328125" lon="116.6489309258759021759033203125">
        <ele>26.200000762939453125</ele>
        <time>2022-05-07T12:54:08.000Z</time>
        <extensions>
          <ns3:TrackPointExtension/>
        </extensions>
      </trkpt>
      <trkpt lat="39.91055994294583797454833984375" lon="116.64911993779242038726806640625">
        <ele>26</ele>
        <time>2022-05-07T12:54:13.000Z</time>
        <extensions>
          <ns3:TrackPointExtension/>
        </extensions>
      </trkpt>
      <trkpt lat="39.91059497930109500885009765625" lon="116.64929696358740329742431640625">
        <ele>26</ele>
        <time>2022-05-07T12:54:18.000Z</time>
        <extensions>
          <ns3:TrackPointExtension/>
        </extensions>
      </trkpt>
      <trkpt lat="39.9106289260089397430419921875" lon="116.649486981332302093505859375">
        <ele>26</ele>
        <time>2022-05-07T12:54:23.000Z</time>
        <extensions>
          <ns3:TrackPointExtension/>
        </extensions>
      </trkpt>
      <trkpt lat="39.9106939695775508880615234375" lon="116.64966995827853679656982421875">
        <ele>26</ele>
        <time>2022-05-07T12:54:28.000Z</time>
        <extensions>
          <ns3:TrackPointExtension/>
        </extensions>
      </trkpt>
      <trkpt lat="39.91073998622596263885498046875" lon="116.64983591996133327484130859375">
        <ele>26</ele>
        <time>2022-05-07T12:54:33.000Z</time>
        <extensions>
          <ns3:TrackPointExtension/>
        </extensions>
      </trkpt>
      <trkpt lat="39.91076295264065265655517578125" lon="116.65000892244279384613037109375">
        <ele>25.799999237060546875</ele>
        <time>2022-05-07T12:54:38.000Z</time>
        <extensions>
          <ns3:TrackPointExtension/>
        </extensions>
      </trkpt>
      <trkpt lat="39.9108099751174449920654296875" lon="116.65021193213760852813720703125">
        <ele>25.6000003814697265625</ele>
        <time>2022-05-07T12:54:43.000Z</time>
        <extensions>
          <ns3:TrackPointExtension/>
        </extensions>
      </trkpt>
      <trkpt lat="39.9108639545738697052001953125" lon="116.65038191713392734527587890625">
        <ele>25.3999996185302734375</ele>
        <time>2022-05-07T12:54:48.000Z</time>
        <extensions>
          <ns3:TrackPointExtension/>
        </extensions>
      </trkpt>
      <trkpt lat="39.91090091876685619354248046875" lon="116.65053798817098140716552734375">
        <ele>25.200000762939453125</ele>
        <time>2022-05-07T12:54:53.000Z</time>
        <extensions>
          <ns3:TrackPointExtension/>
        </extensions>
      </trkpt>
      <trkpt lat="39.910945929586887359619140625" lon="116.65070596151053905487060546875">
        <ele>25</ele>
        <time>2022-05-07T12:54:58.000Z</time>
        <extensions>
          <ns3:TrackPointExtension/>
        </extensions>
      </trkpt>
      <trkpt lat="39.91101793013513088226318359375" lon="116.65079799480736255645751953125">
        <ele>24.799999237060546875</ele>
        <time>2022-05-07T12:55:03.000Z</time>
        <extensions>
          <ns3:TrackPointExtension/>
        </extensions>
      </trkpt>
      <trkpt lat="39.9109819717705249786376953125" lon="116.65085197426378726959228515625">
        <ele>24.799999237060546875</ele>
        <time>2022-05-07T12:55:08.000Z</time>
        <extensions>
          <ns3:TrackPointExtension/>
        </extensions>
      </trkpt>
      <trkpt lat="39.9108669720590114593505859375" lon="116.65088499896228313446044921875">
        <ele>24.799999237060546875</ele>
        <time>2022-05-07T12:55:13.000Z</time>
        <extensions>
          <ns3:TrackPointExtension/>
        </extensions>
      </trkpt>
      <trkpt lat="39.91073495708405971527099609375" lon="116.65090193040668964385986328125">
        <ele>24.799999237060546875</ele>
        <time>2022-05-07T12:55:18.000Z</time>
        <extensions>
          <ns3:TrackPointExtension/>
        </extensions>
      </trkpt>
      <trkpt lat="39.9106339551508426666259765625" lon="116.65091098286211490631103515625">
        <ele>24.799999237060546875</ele>
        <time>2022-05-07T12:55:23.000Z</time>
        <extensions>
          <ns3:TrackPointExtension/>
        </extensions>
      </trkpt>
      <trkpt lat="39.9105209670960903167724609375" lon="116.65091098286211490631103515625">
        <ele>25</ele>
        <time>2022-05-07T12:55:28.000Z</time>
        <extensions>
          <ns3:TrackPointExtension/>
        </extensions>
      </trkpt>
      <trkpt lat="39.9104109965264797210693359375" lon="116.65092296898365020751953125">
        <ele>25.200000762939453125</ele>
        <time>2022-05-07T12:55:33.000Z</time>
        <extensions>
          <ns3:TrackPointExtension/>
        </extensions>
      </trkpt>
      <trkpt lat="39.9102879501879215240478515625" lon="116.65096999146044254302978515625">
        <ele>26.200000762939453125</ele>
        <time>2022-05-07T12:55:38.000Z</time>
        <extensions>
          <ns3:TrackPointExtension/>
        </extensions>
      </trkpt>
      <trkpt lat="39.9101689271628856658935546875" lon="116.65099698118865489959716796875">
        <ele>27</ele>
        <time>2022-05-07T12:55:43.000Z</time>
        <extensions>
          <ns3:TrackPointExtension/>
        </extensions>
      </trkpt>
      <trkpt lat="39.9100549332797527313232421875" lon="116.65102296508848667144775390625">
        <ele>27.799999237060546875</ele>
        <time>2022-05-07T12:55:48.000Z</time>
        <extensions>
          <ns3:TrackPointExtension/>
        </extensions>
      </trkpt>
      <trkpt lat="39.91004998795688152313232421875" lon="116.65101994760334491729736328125">
        <ele>28</ele>
        <time>2022-05-07T12:55:53.000Z</time>
        <extensions>
          <ns3:TrackPointExtension/>
        </extensions>
      </trkpt>
      <trkpt lat="39.9100589565932750701904296875" lon="116.65097099728882312774658203125">
        <ele>27.799999237060546875</ele>
        <time>2022-05-07T12:55:58.000Z</time>
        <extensions>
          <ns3:TrackPointExtension/>
        </extensions>
      </trkpt>
      <trkpt lat="39.91007094271481037139892578125" lon="116.650862954556941986083984375">
        <ele>27.6000003814697265625</ele>
        <time>2022-05-07T12:56:03.000Z</time>
        <extensions>
          <ns3:TrackPointExtension/>
        </extensions>
      </trkpt>
      <trkpt lat="39.9100649915635585784912109375" lon="116.6507159359753131866455078125">
        <ele>27.3999996185302734375</ele>
        <time>2022-05-07T12:56:08.000Z</time>
        <extensions>
          <ns3:TrackPointExtension/>
        </extensions>
      </trkpt>
      <trkpt lat="39.9100629799067974090576171875" lon="116.6505829989910125732421875">
        <ele>27.200000762939453125</ele>
        <time>2022-05-07T12:56:13.000Z</time>
        <extensions>
          <ns3:TrackPointExtension/>
        </extensions>
      </trkpt>
      <trkpt lat="39.9100859463214874267578125" lon="116.65040798485279083251953125">
        <ele>26.6000003814697265625</ele>
        <time>2022-05-07T12:56:18.000Z</time>
        <extensions>
          <ns3:TrackPointExtension/>
        </extensions>
      </trkpt>
      <trkpt lat="39.910082928836345672607421875" lon="116.650233976542949676513671875">
        <ele>26.6000003814697265625</ele>
        <time>2022-05-07T12:56:23.000Z</time>
        <extensions>
          <ns3:TrackPointExtension/>
        </extensions>
      </trkpt>
      <trkpt lat="39.91005199961364269256591796875" lon="116.6500229202210903167724609375">
        <ele>27</ele>
        <time>2022-05-07T12:56:28.000Z</time>
        <extensions>
          <ns3:TrackPointExtension/>
        </extensions>
      </trkpt>
      <trkpt lat="39.91001696325838565826416015625" lon="116.64980691857635974884033203125">
        <ele>27.200000762939453125</ele>
        <time>2022-05-07T12:56:33.000Z</time>
        <extensions>
          <ns3:TrackPointExtension/>
        </extensions>
      </trkpt>
      <trkpt lat="39.90998192690312862396240234375" lon="116.6496309824287891387939453125">
        <ele>27</ele>
        <time>2022-05-07T12:56:38.000Z</time>
        <extensions>
          <ns3:TrackPointExtension/>
        </extensions>
      </trkpt>
      <trkpt lat="39.9099439568817615509033203125" lon="116.6494589857757091522216796875">
        <ele>26.6000003814697265625</ele>
        <time>2022-05-07T12:56:43.000Z</time>
        <extensions>
          <ns3:TrackPointExtension/>
        </extensions>
      </trkpt>
      <trkpt lat="39.90987195633351802825927734375" lon="116.64930199272930622100830078125">
        <ele>26.6000003814697265625</ele>
        <time>2022-05-07T12:56:48.000Z</time>
        <extensions>
          <ns3:TrackPointExtension/>
        </extensions>
      </trkpt>
      <trkpt lat="39.90981596522033214569091796875" lon="116.64912597276270389556884765625">
        <ele>26.799999237060546875</ele>
        <time>2022-05-07T12:56:53.000Z</time>
        <extensions>
          <ns3:TrackPointExtension/>
        </extensions>
      </trkpt>
      <trkpt lat="39.90972292609512805938720703125" lon="116.648845933377742767333984375">
        <ele>26.6000003814697265625</ele>
        <time>2022-05-07T12:56:58.000Z</time>
        <extensions>
          <ns3:TrackPointExtension/>
        </extensions>
      </trkpt>
      <trkpt lat="39.9097149632871150970458984375" lon="116.64881198666989803314208984375">
        <ele>26.6000003814697265625</ele>
        <time>2022-05-07T12:57:03.000Z</time>
        <extensions>
          <ns3:TrackPointExtension/>
        </extensions>
      </trkpt>
      <trkpt lat="39.909684956073760986328125" lon="116.6486459411680698394775390625">
        <ele>26.3999996185302734375</ele>
        <time>2022-05-07T12:57:08.000Z</time>
        <extensions>
          <ns3:TrackPointExtension/>
        </extensions>
      </trkpt>
      <trkpt lat="39.90964899770915508270263671875" lon="116.648501940071582794189453125">
        <ele>26.200000762939453125</ele>
        <time>2022-05-07T12:57:13.000Z</time>
        <extensions>
          <ns3:TrackPointExtension/>
        </extensions>
      </trkpt>
      <trkpt lat="39.90957993082702159881591796875" lon="116.64834695868194103240966796875">
        <ele>26.200000762939453125</ele>
        <time>2022-05-07T12:57:18.000Z</time>
        <extensions>
          <ns3:TrackPointExtension/>
        </extensions>
      </trkpt>
      <trkpt lat="39.9095479957759380340576171875" lon="116.6482399217784404754638671875">
        <ele>26</ele>
        <time>2022-05-07T12:57:23.000Z</time>
        <extensions>
          <ns3:TrackPointExtension/>
        </extensions>
      </trkpt>
      <trkpt lat="39.909516982734203338623046875" lon="116.64814495481550693511962890625">
        <ele>26.200000762939453125</ele>
        <time>2022-05-07T12:57:28.000Z</time>
        <extensions>
          <ns3:TrackPointExtension/>
        </extensions>
      </trkpt>
      <trkpt lat="39.90950499661266803741455078125" lon="116.6480169631540775299072265625">
        <ele>26</ele>
        <time>2022-05-07T12:57:33.000Z</time>
        <extensions>
          <ns3:TrackPointExtension/>
        </extensions>
      </trkpt>
      <trkpt lat="39.90945495665073394775390625" lon="116.64786097593605518341064453125">
        <ele>26</ele>
        <time>2022-05-07T12:57:38.000Z</time>
        <extensions>
          <ns3:TrackPointExtension/>
        </extensions>
      </trkpt>
      <trkpt lat="39.909396953880786895751953125" lon="116.64769493043422698974609375">
        <ele>26</ele>
        <time>2022-05-07T12:57:43.000Z</time>
        <extensions>
          <ns3:TrackPointExtension/>
        </extensions>
      </trkpt>
      <trkpt lat="39.9093429744243621826171875" lon="116.64753894321620464324951171875">
        <ele>26</ele>
        <time>2022-05-07T12:57:48.000Z</time>
        <extensions>
          <ns3:TrackPointExtension/>
        </extensions>
      </trkpt>
      <trkpt lat="39.90929394029080867767333984375" lon="116.6473839618265628814697265625">
        <ele>26</ele>
        <time>2022-05-07T12:57:53.000Z</time>
        <extensions>
          <ns3:TrackPointExtension/>
        </extensions>
      </trkpt>
      <trkpt lat="39.9092569760978221893310546875" lon="116.64722898043692111968994140625">
        <ele>26.200000762939453125</ele>
        <time>2022-05-07T12:57:58.000Z</time>
        <extensions>
          <ns3:TrackPointExtension/>
        </extensions>
      </trkpt>
      <trkpt lat="39.90920894779264926910400390625" lon="116.647070981562137603759765625">
        <ele>26.6000003814697265625</ele>
        <time>2022-05-07T12:58:03.000Z</time>
        <extensions>
          <ns3:TrackPointExtension/>
        </extensions>
      </trkpt>
      <trkpt lat="39.90916796028614044189453125" lon="116.6469209454953670501708984375">
        <ele>27</ele>
        <time>2022-05-07T12:58:08.000Z</time>
        <extensions>
          <ns3:TrackPointExtension/>
        </extensions>
      </trkpt>
      <trkpt lat="39.90912093780934810638427734375" lon="116.6467509604990482330322265625">
        <ele>27.799999237060546875</ele>
        <time>2022-05-07T12:58:13.000Z</time>
        <extensions>
          <ns3:TrackPointExtension/>
        </extensions>
      </trkpt>
      <trkpt lat="39.9090759269893169403076171875" lon="116.646604947745800018310546875">
        <ele>28.3999996185302734375</ele>
        <time>2022-05-07T12:58:18.000Z</time>
        <extensions>
          <ns3:TrackPointExtension/>
        </extensions>
      </trkpt>
      <trkpt lat="39.9090299941599369049072265625" lon="116.64644694887101650238037109375">
        <ele>28.6000003814697265625</ele>
        <time>2022-05-07T12:58:23.000Z</time>
        <extensions>
          <ns3:TrackPointExtension/>
        </extensions>
      </trkpt>
      <trkpt lat="39.90900392644107341766357421875" lon="116.64631895720958709716796875">
        <ele>28.6000003814697265625</ele>
        <time>2022-05-07T12:58:28.000Z</time>
        <extensions>
          <ns3:TrackPointExtension/>
        </extensions>
      </trkpt>
      <trkpt lat="39.9089709855616092681884765625" lon="116.64622399024665355682373046875">
        <ele>28.799999237060546875</ele>
        <time>2022-05-07T12:58:33.000Z</time>
        <extensions>
          <ns3:TrackPointExtension/>
        </extensions>
      </trkpt>
      <trkpt lat="39.908938966691493988037109375" lon="116.6461199708282947540283203125">
        <ele>28.799999237060546875</ele>
        <time>2022-05-07T12:58:38.000Z</time>
        <extensions>
          <ns3:TrackPointExtension/>
        </extensions>
      </trkpt>
      <trkpt lat="39.9089059419929981231689453125" lon="116.64598695002496242523193359375">
        <ele>28.799999237060546875</ele>
        <time>2022-05-07T12:58:43.000Z</time>
        <extensions>
          <ns3:TrackPointExtension/>
        </extensions>
      </trkpt>
      <trkpt lat="39.90888297557830810546875" lon="116.64583993144333362579345703125">
        <ele>28.799999237060546875</ele>
        <time>2022-05-07T12:58:48.000Z</time>
        <extensions>
          <ns3:TrackPointExtension/>
        </extensions>
      </trkpt>
      <trkpt lat="39.90885891951620578765869140625" lon="116.645743958652019500732421875">
        <ele>28.6000003814697265625</ele>
        <time>2022-05-07T12:58:53.000Z</time>
        <extensions>
          <ns3:TrackPointExtension/>
        </extensions>
      </trkpt>
      <trkpt lat="39.90883695892989635467529296875" lon="116.645624935626983642578125">
        <ele>28.3999996185302734375</ele>
        <time>2022-05-07T12:58:58.000Z</time>
        <extensions>
          <ns3:TrackPointExtension/>
        </extensions>
      </trkpt>
      <trkpt lat="39.90880494005978107452392578125" lon="116.64549694396555423736572265625">
        <ele>28.200000762939453125</ele>
        <time>2022-05-07T12:59:03.000Z</time>
        <extensions>
          <ns3:TrackPointExtension/>
        </extensions>
      </trkpt>
      <trkpt lat="39.90875598974525928497314453125" lon="116.64535093121230602264404296875">
        <ele>28.200000762939453125</ele>
        <time>2022-05-07T12:59:08.000Z</time>
        <extensions>
          <ns3:TrackPointExtension/>
        </extensions>
      </trkpt>
      <trkpt lat="39.90871994756162166595458984375" lon="116.64521397091448307037353515625">
        <ele>27.799999237060546875</ele>
        <time>2022-05-07T12:59:13.000Z</time>
        <extensions>
          <ns3:TrackPointExtension/>
        </extensions>
      </trkpt>
      <trkpt lat="39.90869195200502872467041015625" lon="116.64507198147475719451904296875">
        <ele>27.6000003814697265625</ele>
        <time>2022-05-07T12:59:18.000Z</time>
        <extensions>
          <ns3:TrackPointExtension/>
        </extensions>
      </trkpt>
      <trkpt lat="39.9086839891970157623291015625" lon="116.64494692347943782806396484375">
        <ele>27.3999996185302734375</ele>
        <time>2022-05-07T12:59:23.000Z</time>
        <extensions>
          <ns3:TrackPointExtension/>
        </extensions>
      </trkpt>
      <trkpt lat="39.90866596810519695281982421875" lon="116.64480996318161487579345703125">
        <ele>27.200000762939453125</ele>
        <time>2022-05-07T12:59:28.000Z</time>
        <extensions>
          <ns3:TrackPointExtension/>
        </extensions>
      </trkpt>
      <trkpt lat="39.90863998420536518096923828125" lon="116.64464391767978668212890625">
        <ele>27.3999996185302734375</ele>
        <time>2022-05-07T12:59:33.000Z</time>
        <extensions>
          <ns3:TrackPointExtension/>
        </extensions>
      </trkpt>
      <trkpt lat="39.90866797976195812225341796875" lon="116.64452397264540195465087890625">
        <ele>27.6000003814697265625</ele>
        <time>2022-05-07T12:59:38.000Z</time>
        <extensions>
          <ns3:TrackPointExtension/>
        </extensions>
      </trkpt>
      <trkpt lat="39.908655993640422821044921875" lon="116.6443279199302196502685546875">
        <ele>27.799999237060546875</ele>
        <time>2022-05-07T12:59:43.000Z</time>
        <extensions>
          <ns3:TrackPointExtension/>
        </extensions>
      </trkpt>
      <trkpt lat="39.90863596089184284210205078125" lon="116.644137986004352569580078125">
        <ele>28.200000762939453125</ele>
        <time>2022-05-07T12:59:48.000Z</time>
        <extensions>
          <ns3:TrackPointExtension/>
        </extensions>
      </trkpt>
      <trkpt lat="39.9086239747703075408935546875" lon="116.64394796825945377349853515625">
        <ele>28.3999996185302734375</ele>
        <time>2022-05-07T12:59:53.000Z</time>
        <extensions>
          <ns3:TrackPointExtension/>
        </extensions>
      </trkpt>
      <trkpt lat="39.9086239747703075408935546875" lon="116.64377295412123203277587890625">
        <ele>28.799999237060546875</ele>
        <time>2022-05-07T12:59:58.000Z</time>
        <extensions>
          <ns3:TrackPointExtension/>
        </extensions>
      </trkpt>
      <trkpt lat="39.9086269922554492950439453125" lon="116.643608920276165008544921875">
        <ele>29.200000762939453125</ele>
        <time>2022-05-07T13:00:03.000Z</time>
        <extensions>
          <ns3:TrackPointExtension/>
        </extensions>
      </trkpt>
      <trkpt lat="39.90864492952823638916015625" lon="116.643443964421749114990234375">
        <ele>29.6000003814697265625</ele>
        <time>2022-05-07T13:00:08.000Z</time>
        <extensions>
          <ns3:TrackPointExtension/>
        </extensions>
      </trkpt>
      <trkpt lat="39.90863093174993991851806640625" lon="116.64322595112025737762451171875">
        <ele>30</ele>
        <time>2022-05-07T13:00:13.000Z</time>
        <extensions>
          <ns3:TrackPointExtension/>
        </extensions>
      </trkpt>
      <trkpt lat="39.9086179398000240325927734375" lon="116.64308597333729267120361328125">
        <ele>30.200000762939453125</ele>
        <time>2022-05-07T13:00:18.000Z</time>
        <extensions>
          <ns3:TrackPointExtension/>
        </extensions>
      </trkpt>
      <trkpt lat="39.90863897837698459625244140625" lon="116.642918922007083892822265625">
        <ele>29.6000003814697265625</ele>
        <time>2022-05-07T13:00:23.000Z</time>
        <extensions>
          <ns3:TrackPointExtension/>
        </extensions>
      </trkpt>
      <trkpt lat="39.90863193757832050323486328125" lon="116.64271297864615917205810546875">
        <ele>29.200000762939453125</ele>
        <time>2022-05-07T13:00:28.000Z</time>
        <extensions>
          <ns3:TrackPointExtension/>
        </extensions>
      </trkpt>
      <trkpt lat="39.90863696672022342681884765625" lon="116.6425489448010921478271484375">
        <ele>28.799999237060546875</ele>
        <time>2022-05-07T13:00:33.000Z</time>
        <extensions>
          <ns3:TrackPointExtension/>
        </extensions>
      </trkpt>
      <trkpt lat="39.90864099003374576568603515625" lon="116.64236697368323802947998046875">
        <ele>28.3999996185302734375</ele>
        <time>2022-05-07T13:00:38.000Z</time>
        <extensions>
          <ns3:TrackPointExtension/>
        </extensions>
      </trkpt>
      <trkpt lat="39.9086509644985198974609375" lon="116.64219397120177745819091796875">
        <ele>28</ele>
        <time>2022-05-07T13:00:43.000Z</time>
        <extensions>
          <ns3:TrackPointExtension/>
        </extensions>
      </trkpt>
      <trkpt lat="39.908649958670139312744140625" lon="116.64201996289193630218505859375">
        <ele>27.3999996185302734375</ele>
        <time>2022-05-07T13:00:48.000Z</time>
        <extensions>
          <ns3:TrackPointExtension/>
        </extensions>
      </trkpt>
      <trkpt lat="39.90863696672022342681884765625" lon="116.64181695319712162017822265625">
        <ele>26.799999237060546875</ele>
        <time>2022-05-07T13:00:53.000Z</time>
        <extensions>
          <ns3:TrackPointExtension/>
        </extensions>
      </trkpt>
      <trkpt lat="39.9086249805986881256103515625" lon="116.6416329704225063323974609375">
        <ele>26.200000762939453125</ele>
        <time>2022-05-07T13:00:58.000Z</time>
        <extensions>
          <ns3:TrackPointExtension/>
        </extensions>
      </trkpt>
      <trkpt lat="39.90863596089184284210205078125" lon="116.64149592630565166473388671875">
        <ele>25.799999237060546875</ele>
        <time>2022-05-07T13:01:03.000Z</time>
        <extensions>
          <ns3:TrackPointExtension/>
        </extensions>
      </trkpt>
      <trkpt lat="39.90860695950686931610107421875" lon="116.64131395518779754638671875">
        <ele>26.200000762939453125</ele>
        <time>2022-05-07T13:01:08.000Z</time>
        <extensions>
          <ns3:TrackPointExtension/>
        </extensions>
      </trkpt>
      <trkpt lat="39.9085919559001922607421875" lon="116.6411069221794605255126953125">
        <ele>26.6000003814697265625</ele>
        <time>2022-05-07T13:01:13.000Z</time>
        <extensions>
          <ns3:TrackPointExtension/>
        </extensions>
      </trkpt>
      <trkpt lat="39.9085589312016963958740234375" lon="116.64094992913305759429931640625">
        <ele>27.200000762939453125</ele>
        <time>2022-05-07T13:01:18.000Z</time>
        <extensions>
          <ns3:TrackPointExtension/>
        </extensions>
      </trkpt>
      <trkpt lat="39.90854694508016109466552734375" lon="116.6408519446849822998046875">
        <ele>27.6000003814697265625</ele>
        <time>2022-05-07T13:01:23.000Z</time>
        <extensions>
          <ns3:TrackPointExtension/>
        </extensions>
      </trkpt>
      <trkpt lat="39.90854292176663875579833984375" lon="116.64075697772204875946044921875">
        <ele>27.799999237060546875</ele>
        <time>2022-05-07T13:01:28.000Z</time>
        <extensions>
          <ns3:TrackPointExtension/>
        </extensions>
      </trkpt>
      <trkpt lat="39.9085629545152187347412109375" lon="116.64066192694008350372314453125">
        <ele>27.799999237060546875</ele>
        <time>2022-05-07T13:01:33.000Z</time>
        <extensions>
          <ns3:TrackPointExtension/>
        </extensions>
      </trkpt>
      <trkpt lat="39.9085629545152187347412109375" lon="116.64051692001521587371826171875">
        <ele>28.200000762939453125</ele>
        <time>2022-05-07T13:01:38.000Z</time>
        <extensions>
          <ns3:TrackPointExtension/>
        </extensions>
      </trkpt>
      <trkpt lat="39.9085639603435993194580078125" lon="116.64034794084727764129638671875">
        <ele>28.6000003814697265625</ele>
        <time>2022-05-07T13:01:43.000Z</time>
        <extensions>
          <ns3:TrackPointExtension/>
        </extensions>
      </trkpt>
      <trkpt lat="39.9085699953138828277587890625" lon="116.640225984156131744384765625">
        <ele>29</ele>
        <time>2022-05-07T13:01:48.000Z</time>
        <extensions>
          <ns3:TrackPointExtension/>
        </extensions>
      </trkpt>
      <trkpt lat="39.90857494063675403594970703125" lon="116.6400729306042194366455078125">
        <ele>29.200000762939453125</ele>
        <time>2022-05-07T13:01:53.000Z</time>
        <extensions>
          <ns3:TrackPointExtension/>
        </extensions>
      </trkpt>
      <trkpt lat="39.90857192315161228179931640625" lon="116.6400159336626529693603515625">
        <ele>29.3999996185302734375</ele>
        <time>2022-05-07T13:01:58.000Z</time>
        <extensions>
          <ns3:TrackPointExtension/>
        </extensions>
      </trkpt>
      <trkpt lat="39.9085589312016963958740234375" lon="116.6398489661514759063720703125">
        <ele>29.799999237060546875</ele>
        <time>2022-05-07T13:02:03.000Z</time>
        <extensions>
          <ns3:TrackPointExtension/>
        </extensions>
      </trkpt>
      <trkpt lat="39.90857896395027637481689453125" lon="116.63965995423495769500732421875">
        <ele>29.3999996185302734375</ele>
        <time>2022-05-07T13:02:08.000Z</time>
        <extensions>
          <ns3:TrackPointExtension/>
        </extensions>
      </trkpt>
      <trkpt lat="39.9085639603435993194580078125" lon="116.63945493288338184356689453125">
        <ele>29.200000762939453125</ele>
        <time>2022-05-07T13:02:13.000Z</time>
        <extensions>
          <ns3:TrackPointExtension/>
        </extensions>
      </trkpt>
      <trkpt lat="39.908537976443767547607421875" lon="116.63924597203731536865234375">
        <ele>29</ele>
        <time>2022-05-07T13:02:18.000Z</time>
        <extensions>
          <ns3:TrackPointExtension/>
        </extensions>
      </trkpt>
      <trkpt lat="39.908535964787006378173828125" lon="116.63908596150577068328857421875">
        <ele>28.799999237060546875</ele>
        <time>2022-05-07T13:02:23.000Z</time>
        <extensions>
          <ns3:TrackPointExtension/>
        </extensions>
      </trkpt>
      <trkpt lat="39.9085089750587940216064453125" lon="116.638898961246013641357421875">
        <ele>28.200000762939453125</ele>
        <time>2022-05-07T13:02:28.000Z</time>
        <extensions>
          <ns3:TrackPointExtension/>
        </extensions>
      </trkpt>
      <trkpt lat="39.90848592482507228851318359375" lon="116.63874599151313304901123046875">
        <ele>27.6000003814697265625</ele>
        <time>2022-05-07T13:02:33.000Z</time>
        <extensions>
          <ns3:TrackPointExtension/>
        </extensions>
      </trkpt>
      <trkpt lat="39.90847192704677581787109375" lon="116.6385559737682342529296875">
        <ele>27.3999996185302734375</ele>
        <time>2022-05-07T13:02:38.000Z</time>
        <extensions>
          <ns3:TrackPointExtension/>
        </extensions>
      </trkpt>
      <trkpt lat="39.90845591761171817779541015625" lon="116.63839294575154781341552734375">
        <ele>27.200000762939453125</ele>
        <time>2022-05-07T13:02:43.000Z</time>
        <extensions>
          <ns3:TrackPointExtension/>
        </extensions>
      </trkpt>
      <trkpt lat="39.90845994092524051666259765625" lon="116.638200916349887847900390625">
        <ele>27</ele>
        <time>2022-05-07T13:02:48.000Z</time>
        <extensions>
          <ns3:TrackPointExtension/>
        </extensions>
      </trkpt>
      <trkpt lat="39.90842691622674465179443359375" lon="116.63799396716058254241943359375">
        <ele>27.3999996185302734375</ele>
        <time>2022-05-07T13:02:53.000Z</time>
        <extensions>
          <ns3:TrackPointExtension/>
        </extensions>
      </trkpt>
      <trkpt lat="39.90840998478233814239501953125" lon="116.63784393109381198883056640625">
        <ele>27.799999237060546875</ele>
        <time>2022-05-07T13:02:58.000Z</time>
        <extensions>
          <ns3:TrackPointExtension/>
        </extensions>
      </trkpt>
      <trkpt lat="39.90834997035562992095947265625" lon="116.63768492639064788818359375">
        <ele>27.799999237060546875</ele>
        <time>2022-05-07T13:03:03.000Z</time>
        <extensions>
          <ns3:TrackPointExtension/>
        </extensions>
      </trkpt>
      <trkpt lat="39.90825994871556758880615234375" lon="116.63758895359933376312255859375">
        <ele>28</ele>
        <time>2022-05-07T13:03:08.000Z</time>
        <extensions>
          <ns3:TrackPointExtension/>
        </extensions>
      </trkpt>
      <trkpt lat="39.9082169495522975921630859375" lon="116.6374289430677890777587890625">
        <ele>28</ele>
        <time>2022-05-07T13:03:13.000Z</time>
        <extensions>
          <ns3:TrackPointExtension/>
        </extensions>
      </trkpt>
      <trkpt lat="39.90819691680371761322021484375" lon="116.63727899082005023956298828125">
        <ele>28.200000762939453125</ele>
        <time>2022-05-07T13:03:18.000Z</time>
        <extensions>
          <ns3:TrackPointExtension/>
        </extensions>
      </trkpt>
      <trkpt lat="39.90822692401707172393798828125" lon="116.63712493143975734710693359375">
        <ele>28.3999996185302734375</ele>
        <time>2022-05-07T13:03:23.000Z</time>
        <extensions>
          <ns3:TrackPointExtension/>
        </extensions>
      </trkpt>
      <trkpt lat="39.90826196037232875823974609375" lon="116.63698093034327030181884765625">
        <ele>28.6000003814697265625</ele>
        <time>2022-05-07T13:03:28.000Z</time>
        <extensions>
          <ns3:TrackPointExtension/>
        </extensions>
      </trkpt>
      <trkpt lat="39.90829397924244403839111328125" lon="116.63677699863910675048828125">
        <ele>28.799999237060546875</ele>
        <time>2022-05-07T13:03:33.000Z</time>
        <extensions>
          <ns3:TrackPointExtension/>
        </extensions>
      </trkpt>
      <trkpt lat="39.9083379842340946197509765625" lon="116.63658496923744678497314453125">
        <ele>28.799999237060546875</ele>
        <time>2022-05-07T13:03:38.000Z</time>
        <extensions>
          <ns3:TrackPointExtension/>
        </extensions>
      </trkpt>
      <trkpt lat="39.90836597979068756103515625" lon="116.6364019922912120819091796875">
        <ele>28.3999996185302734375</ele>
        <time>2022-05-07T13:03:43.000Z</time>
        <extensions>
          <ns3:TrackPointExtension/>
        </extensions>
      </trkpt>
      <trkpt lat="39.90837092511355876922607421875" lon="116.6362169198691844940185546875">
        <ele>27.6000003814697265625</ele>
        <time>2022-05-07T13:03:48.000Z</time>
        <extensions>
          <ns3:TrackPointExtension/>
        </extensions>
      </trkpt>
      <trkpt lat="39.908425994217395782470703125" lon="116.63603293709456920623779296875">
        <ele>27.3999996185302734375</ele>
        <time>2022-05-07T13:03:53.000Z</time>
        <extensions>
          <ns3:TrackPointExtension/>
        </extensions>
      </trkpt>
      <trkpt lat="39.9084739387035369873046875" lon="116.63585993461310863494873046875">
        <ele>27.3999996185302734375</ele>
        <time>2022-05-07T13:03:58.000Z</time>
        <extensions>
          <ns3:TrackPointExtension/>
        </extensions>
      </trkpt>
      <trkpt lat="39.9085049517452716827392578125" lon="116.635678969323635101318359375">
        <ele>27.200000762939453125</ele>
        <time>2022-05-07T13:04:03.000Z</time>
        <extensions>
          <ns3:TrackPointExtension/>
        </extensions>
      </trkpt>
      <trkpt lat="39.9085069634020328521728515625" lon="116.63552298210561275482177734375">
        <ele>27.200000762939453125</ele>
        <time>2022-05-07T13:04:08.000Z</time>
        <extensions>
          <ns3:TrackPointExtension/>
        </extensions>
      </trkpt>
      <trkpt lat="39.90852599032223224639892578125" lon="116.63537194021046161651611328125">
        <ele>27.200000762939453125</ele>
        <time>2022-05-07T13:04:13.000Z</time>
        <extensions>
          <ns3:TrackPointExtension/>
        </extensions>
      </trkpt>
      <trkpt lat="39.9085109867155551910400390625" lon="116.63520094938576221466064453125">
        <ele>27.200000762939453125</ele>
        <time>2022-05-07T13:04:18.000Z</time>
        <extensions>
          <ns3:TrackPointExtension/>
        </extensions>
      </trkpt>
      <trkpt lat="39.90849497728049755096435546875" lon="116.63503096438944339752197265625">
        <ele>27.200000762939453125</ele>
        <time>2022-05-07T13:04:23.000Z</time>
        <extensions>
          <ns3:TrackPointExtension/>
        </extensions>
      </trkpt>
      <trkpt lat="39.908477962017059326171875" lon="116.63485293276607990264892578125">
        <ele>27.3999996185302734375</ele>
        <time>2022-05-07T13:04:28.000Z</time>
        <extensions>
          <ns3:TrackPointExtension/>
        </extensions>
      </trkpt>
      <trkpt lat="39.90846094675362110137939453125" lon="116.6346719674766063690185546875">
        <ele>28</ele>
        <time>2022-05-07T13:04:33.000Z</time>
        <extensions>
          <ns3:TrackPointExtension/>
        </extensions>
      </trkpt>
      <trkpt lat="39.90843697451055049896240234375" lon="116.63456291891634464263916015625">
        <ele>28.3999996185302734375</ele>
        <time>2022-05-07T13:04:38.000Z</time>
        <extensions>
          <ns3:TrackPointExtension/>
        </extensions>
      </trkpt>
      <trkpt lat="39.90840998478233814239501953125" lon="116.63445294834673404693603515625">
        <ele>28.3999996185302734375</ele>
        <time>2022-05-07T13:04:43.000Z</time>
        <extensions>
          <ns3:TrackPointExtension/>
        </extensions>
      </trkpt>
      <trkpt lat="39.9083979986608028411865234375" lon="116.6343199275434017181396484375">
        <ele>28.3999996185302734375</ele>
        <time>2022-05-07T13:04:48.000Z</time>
        <extensions>
          <ns3:TrackPointExtension/>
        </extensions>
      </trkpt>
      <trkpt lat="39.9083899520337581634521484375" lon="116.634233929216861724853515625">
        <ele>28.3999996185302734375</ele>
        <time>2022-05-07T13:04:53.000Z</time>
        <extensions>
          <ns3:TrackPointExtension/>
        </extensions>
      </trkpt>
      <trkpt lat="39.90837394259870052337646484375" lon="116.63408397696912288665771484375">
        <ele>28.200000762939453125</ele>
        <time>2022-05-07T13:04:58.000Z</time>
        <extensions>
          <ns3:TrackPointExtension/>
        </extensions>
      </trkpt>
      <trkpt lat="39.90834393538534641265869140625" lon="116.633956991136074066162109375">
        <ele>28.3999996185302734375</ele>
        <time>2022-05-07T13:05:03.000Z</time>
        <extensions>
          <ns3:TrackPointExtension/>
        </extensions>
      </trkpt>
      <trkpt lat="39.90832398645579814910888671875" lon="116.63382799364626407623291015625">
        <ele>28.3999996185302734375</ele>
        <time>2022-05-07T13:05:08.000Z</time>
        <extensions>
          <ns3:TrackPointExtension/>
        </extensions>
      </trkpt>
      <trkpt lat="39.908299930393695831298828125" lon="116.63367192260921001434326171875">
        <ele>28.6000003814697265625</ele>
        <time>2022-05-07T13:05:13.000Z</time>
        <extensions>
          <ns3:TrackPointExtension/>
        </extensions>
      </trkpt>
      <trkpt lat="39.90830898284912109375" lon="116.63341292180120944976806640625">
        <ele>28.3999996185302734375</ele>
        <time>2022-05-07T13:05:18.000Z</time>
        <extensions>
          <ns3:TrackPointExtension/>
        </extensions>
      </trkpt>
      <trkpt lat="39.90831493400037288665771484375" lon="116.63337193429470062255859375">
        <ele>28.200000762939453125</ele>
        <time>2022-05-07T13:05:23.000Z</time>
        <extensions>
          <ns3:TrackPointExtension/>
        </extensions>
      </trkpt>
      <trkpt lat="39.9083309434354305267333984375" lon="116.63318795152008533477783203125">
        <ele>28</ele>
        <time>2022-05-07T13:05:28.000Z</time>
        <extensions>
          <ns3:TrackPointExtension/>
        </extensions>
      </trkpt>
      <trkpt lat="39.90834997035562992095947265625" lon="116.63301696069538593292236328125">
        <ele>27.799999237060546875</ele>
        <time>2022-05-07T13:05:33.000Z</time>
        <extensions>
          <ns3:TrackPointExtension/>
        </extensions>
      </trkpt>
      <trkpt lat="39.90837193094193935394287109375" lon="116.632908917963504791259765625">
        <ele>27.6000003814697265625</ele>
        <time>2022-05-07T13:05:38.000Z</time>
        <extensions>
          <ns3:TrackPointExtension/>
        </extensions>
      </trkpt>
      <trkpt lat="39.90837997756898403167724609375" lon="116.6327749751508235931396484375">
        <ele>27.6000003814697265625</ele>
        <time>2022-05-07T13:05:43.000Z</time>
        <extensions>
          <ns3:TrackPointExtension/>
        </extensions>
      </trkpt>
      <trkpt lat="39.908366985619068145751953125" lon="116.63257791660726070404052734375">
        <ele>27.6000003814697265625</ele>
        <time>2022-05-07T13:05:48.000Z</time>
        <extensions>
          <ns3:TrackPointExtension/>
        </extensions>
      </trkpt>
      <trkpt lat="39.9083559215068817138671875" lon="116.63238496519625186920166015625">
        <ele>27.799999237060546875</ele>
        <time>2022-05-07T13:05:53.000Z</time>
        <extensions>
          <ns3:TrackPointExtension/>
        </extensions>
      </trkpt>
      <trkpt lat="39.9083389900624752044677734375" lon="116.6322259604930877685546875">
        <ele>27.799999237060546875</ele>
        <time>2022-05-07T13:05:58.000Z</time>
        <extensions>
          <ns3:TrackPointExtension/>
        </extensions>
      </trkpt>
      <trkpt lat="39.9083309434354305267333984375" lon="116.63205496966838836669921875">
        <ele>28</ele>
        <time>2022-05-07T13:06:03.000Z</time>
        <extensions>
          <ns3:TrackPointExtension/>
        </extensions>
      </trkpt>
      <trkpt lat="39.90830294787883758544921875" lon="116.63186897523701190948486328125">
        <ele>28</ele>
        <time>2022-05-07T13:06:08.000Z</time>
        <extensions>
          <ns3:TrackPointExtension/>
        </extensions>
      </trkpt>
      <trkpt lat="39.908303953707218170166015625" lon="116.6316739283502101898193359375">
        <ele>27.799999237060546875</ele>
        <time>2022-05-07T13:06:13.000Z</time>
        <extensions>
          <ns3:TrackPointExtension/>
        </extensions>
      </trkpt>
      <trkpt lat="39.90826497785747051239013671875" lon="116.6315049491822719573974609375">
        <ele>28</ele>
        <time>2022-05-07T13:06:18.000Z</time>
        <extensions>
          <ns3:TrackPointExtension/>
        </extensions>
      </trkpt>
      <trkpt lat="39.90820094011723995208740234375" lon="116.6313879378139972686767578125">
        <ele>28.6000003814697265625</ele>
        <time>2022-05-07T13:06:23.000Z</time>
        <extensions>
          <ns3:TrackPointExtension/>
        </extensions>
      </trkpt>
      <trkpt lat="39.90817395038902759552001953125" lon="116.63125491701066493988037109375">
        <ele>29</ele>
        <time>2022-05-07T13:06:28.000Z</time>
        <extensions>
          <ns3:TrackPointExtension/>
        </extensions>
      </trkpt>
      <trkpt lat="39.90813396871089935302734375" lon="116.63105794228613376617431640625">
        <ele>29.6000003814697265625</ele>
        <time>2022-05-07T13:06:33.000Z</time>
        <extensions>
          <ns3:TrackPointExtension/>
        </extensions>
      </trkpt>
      <trkpt lat="39.9080989323556423187255859375" lon="116.6308719478547573089599609375">
        <ele>30.200000762939453125</ele>
        <time>2022-05-07T13:06:38.000Z</time>
        <extensions>
          <ns3:TrackPointExtension/>
        </extensions>
      </trkpt>
      <trkpt lat="39.90805593319237232208251953125" lon="116.6307009570300579071044921875">
        <ele>31.3999996185302734375</ele>
        <time>2022-05-07T13:06:43.000Z</time>
        <extensions>
          <ns3:TrackPointExtension/>
        </extensions>
      </trkpt>
      <trkpt lat="39.9080519936978816986083984375" lon="116.6305329836905002593994140625">
        <ele>31.200000762939453125</ele>
        <time>2022-05-07T13:06:48.000Z</time>
        <extensions>
          <ns3:TrackPointExtension/>
        </extensions>
      </trkpt>
      <trkpt lat="39.90803598426282405853271484375" lon="116.63033491931855678558349609375">
        <ele>31</ele>
        <time>2022-05-07T13:06:53.000Z</time>
        <extensions>
          <ns3:TrackPointExtension/>
        </extensions>
      </trkpt>
      <trkpt lat="39.90800195373594760894775390625" lon="116.63016795180737972259521484375">
        <ele>31</ele>
        <time>2022-05-07T13:06:58.000Z</time>
        <extensions>
          <ns3:TrackPointExtension/>
        </extensions>
      </trkpt>
      <trkpt lat="39.90799893625080585479736328125" lon="116.62999494932591915130615234375">
        <ele>30.799999237060546875</ele>
        <time>2022-05-07T13:07:03.000Z</time>
        <extensions>
          <ns3:TrackPointExtension/>
        </extensions>
      </trkpt>
      <trkpt lat="39.9080179631710052490234375" lon="116.62984793074429035186767578125">
        <ele>31.200000762939453125</ele>
        <time>2022-05-07T13:07:08.000Z</time>
        <extensions>
          <ns3:TrackPointExtension/>
        </extensions>
      </trkpt>
      <trkpt lat="39.908022992312908172607421875" lon="116.62968196906149387359619140625">
        <ele>31.3999996185302734375</ele>
        <time>2022-05-07T13:07:13.000Z</time>
        <extensions>
          <ns3:TrackPointExtension/>
        </extensions>
      </trkpt>
      <trkpt lat="39.9079929850995540618896484375" lon="116.62951298989355564117431640625">
        <ele>31.6000003814697265625</ele>
        <time>2022-05-07T13:07:18.000Z</time>
        <extensions>
          <ns3:TrackPointExtension/>
        </extensions>
      </trkpt>
      <trkpt lat="39.90797898732125759124755859375" lon="116.62942196242511272430419921875">
        <ele>31.6000003814697265625</ele>
        <time>2022-05-07T13:07:23.000Z</time>
        <extensions>
          <ns3:TrackPointExtension/>
        </extensions>
      </trkpt>
      <trkpt lat="39.90796691738069057464599609375" lon="116.62933395244181156158447265625">
        <ele>31.799999237060546875</ele>
        <time>2022-05-07T13:07:28.000Z</time>
        <extensions>
          <ns3:TrackPointExtension/>
        </extensions>
      </trkpt>
      <trkpt lat="39.9079249240458011627197265625" lon="116.629230938851833343505859375">
        <ele>31.799999237060546875</ele>
        <time>2022-05-07T13:07:33.000Z</time>
        <extensions>
          <ns3:TrackPointExtension/>
        </extensions>
      </trkpt>
      <trkpt lat="39.90794898010790348052978515625" lon="116.629116944968700408935546875">
        <ele>32</ele>
        <time>2022-05-07T13:07:38.000Z</time>
        <extensions>
          <ns3:TrackPointExtension/>
        </extensions>
      </trkpt>
      <trkpt lat="39.90795291960239410400390625" lon="116.6289819963276386260986328125">
        <ele>31.6000003814697265625</ele>
        <time>2022-05-07T13:07:43.000Z</time>
        <extensions>
          <ns3:TrackPointExtension/>
        </extensions>
      </trkpt>
      <trkpt lat="39.90791796706616878509521484375" lon="116.6288249194622039794921875">
        <ele>31.3999996185302734375</ele>
        <time>2022-05-07T13:07:48.000Z</time>
        <extensions>
          <ns3:TrackPointExtension/>
        </extensions>
      </trkpt>
      <trkpt lat="39.9079249240458011627197265625" lon="116.62867194972932338714599609375">
        <ele>31</ele>
        <time>2022-05-07T13:07:53.000Z</time>
        <extensions>
          <ns3:TrackPointExtension/>
        </extensions>
      </trkpt>
      <trkpt lat="39.90788896568119525909423828125" lon="116.62850196473300457000732421875">
        <ele>30.799999237060546875</ele>
        <time>2022-05-07T13:07:58.000Z</time>
        <extensions>
          <ns3:TrackPointExtension/>
        </extensions>
      </trkpt>
      <trkpt lat="39.90785694681107997894287109375" lon="116.628314964473247528076171875">
        <ele>30.3999996185302734375</ele>
        <time>2022-05-07T13:08:03.000Z</time>
        <extensions>
          <ns3:TrackPointExtension/>
        </extensions>
      </trkpt>
      <trkpt lat="39.90782995708286762237548828125" lon="116.62820197641849517822265625">
        <ele>30</ele>
        <time>2022-05-07T13:08:08.000Z</time>
        <extensions>
          <ns3:TrackPointExtension/>
        </extensions>
      </trkpt>
      <trkpt lat="39.90782693959772586822509765625" lon="116.6281099431216716766357421875">
        <ele>30.200000762939453125</ele>
        <time>2022-05-07T13:08:13.000Z</time>
        <extensions>
          <ns3:TrackPointExtension/>
        </extensions>
      </trkpt>
      <trkpt lat="39.9078179709613323211669921875" lon="116.62801397033035755157470703125">
        <ele>30.3999996185302734375</ele>
        <time>2022-05-07T13:08:18.000Z</time>
        <extensions>
          <ns3:TrackPointExtension/>
        </extensions>
      </trkpt>
      <trkpt lat="39.90782794542610645294189453125" lon="116.62790693342685699462890625">
        <ele>30.6000003814697265625</ele>
        <time>2022-05-07T13:08:23.000Z</time>
        <extensions>
          <ns3:TrackPointExtension/>
        </extensions>
      </trkpt>
      <trkpt lat="39.9078109301626682281494140625" lon="116.627801991999149322509765625">
        <ele>30.6000003814697265625</ele>
        <time>2022-05-07T13:08:28.000Z</time>
        <extensions>
          <ns3:TrackPointExtension/>
        </extensions>
      </trkpt>
      <trkpt lat="39.907792992889881134033203125" lon="116.62766394205391407012939453125">
        <ele>30.799999237060546875</ele>
        <time>2022-05-07T13:08:33.000Z</time>
        <extensions>
          <ns3:TrackPointExtension/>
        </extensions>
      </trkpt>
      <trkpt lat="39.9077609740197658538818359375" lon="116.62752497009932994842529296875">
        <ele>31.200000762939453125</ele>
        <time>2022-05-07T13:08:38.000Z</time>
        <extensions>
          <ns3:TrackPointExtension/>
        </extensions>
      </trkpt>
      <trkpt lat="39.90774094127118587493896484375" lon="116.62735196761786937713623046875">
        <ele>31.3999996185302734375</ele>
        <time>2022-05-07T13:08:43.000Z</time>
        <extensions>
          <ns3:TrackPointExtension/>
        </extensions>
      </trkpt>
      <trkpt lat="39.90770992822945117950439453125" lon="116.62718097679316997528076171875">
        <ele>31.200000762939453125</ele>
        <time>2022-05-07T13:08:48.000Z</time>
        <extensions>
          <ns3:TrackPointExtension/>
        </extensions>
      </trkpt>
      <trkpt lat="39.9076959304511547088623046875" lon="116.62702792324125766754150390625">
        <ele>31</ele>
        <time>2022-05-07T13:08:53.000Z</time>
        <extensions>
          <ns3:TrackPointExtension/>
        </extensions>
      </trkpt>
      <trkpt lat="39.90767992101609706878662109375" lon="116.62677596323192119598388671875">
        <ele>30.3999996185302734375</ele>
        <time>2022-05-07T13:08:58.000Z</time>
        <extensions>
          <ns3:TrackPointExtension/>
        </extensions>
      </trkpt>
      <trkpt lat="39.907672964036464691162109375" lon="116.626709997653961181640625">
        <ele>30.200000762939453125</ele>
        <time>2022-05-07T13:09:03.000Z</time>
        <extensions>
          <ns3:TrackPointExtension/>
        </extensions>
      </trkpt>
      <trkpt lat="39.9076459743082523345947265625" lon="116.6265289485454559326171875">
        <ele>30</ele>
        <time>2022-05-07T13:09:08.000Z</time>
        <extensions>
          <ns3:TrackPointExtension/>
        </extensions>
      </trkpt>
      <trkpt lat="39.9076429568231105804443359375" lon="116.62636994384229183197021484375">
        <ele>29.3999996185302734375</ele>
        <time>2022-05-07T13:09:13.000Z</time>
        <extensions>
          <ns3:TrackPointExtension/>
        </extensions>
      </trkpt>
      <trkpt lat="39.90759895183145999908447265625" lon="116.6262089274823665618896484375">
        <ele>29</ele>
        <time>2022-05-07T13:09:18.000Z</time>
        <extensions>
          <ns3:TrackPointExtension/>
        </extensions>
      </trkpt>
      <trkpt lat="39.9075839482247829437255859375" lon="116.6260649263858795166015625">
        <ele>28.6000003814697265625</ele>
        <time>2022-05-07T13:09:23.000Z</time>
        <extensions>
          <ns3:TrackPointExtension/>
        </extensions>
      </trkpt>
      <trkpt lat="39.907562993466854095458984375" lon="116.62594598717987537384033203125">
        <ele>28.3999996185302734375</ele>
        <time>2022-05-07T13:09:28.000Z</time>
        <extensions>
          <ns3:TrackPointExtension/>
        </extensions>
      </trkpt>
      <trkpt lat="39.90756894461810588836669921875" lon="116.62582696415483951568603515625">
        <ele>28.200000762939453125</ele>
        <time>2022-05-07T13:09:33.000Z</time>
        <extensions>
          <ns3:TrackPointExtension/>
        </extensions>
      </trkpt>
      <trkpt lat="39.90759492851793766021728515625" lon="116.6259299777448177337646484375">
        <ele>28.3999996185302734375</ele>
        <time>2022-05-07T13:09:38.000Z</time>
        <extensions>
          <ns3:TrackPointExtension/>
        </extensions>
      </trkpt>
      <trkpt lat="39.90761093795299530029296875" lon="116.6261049918830394744873046875">
        <ele>28.6000003814697265625</ele>
        <time>2022-05-07T13:09:43.000Z</time>
        <extensions>
          <ns3:TrackPointExtension/>
        </extensions>
      </trkpt>
      <trkpt lat="39.9076389335095882415771484375" lon="116.62625192664563655853271484375">
        <ele>29</ele>
        <time>2022-05-07T13:09:48.000Z</time>
        <extensions>
          <ns3:TrackPointExtension/>
        </extensions>
      </trkpt>
      <trkpt lat="39.90765896625816822052001953125" lon="116.62639492191374301910400390625">
        <ele>29.3999996185302734375</ele>
        <time>2022-05-07T13:09:53.000Z</time>
        <extensions>
          <ns3:TrackPointExtension/>
        </extensions>
      </trkpt>
      <trkpt lat="39.9076409451663494110107421875" lon="116.6265369951725006103515625">
        <ele>30</ele>
        <time>2022-05-07T13:09:58.000Z</time>
        <extensions>
          <ns3:TrackPointExtension/>
        </extensions>
      </trkpt>
      <trkpt lat="39.90765393711626529693603515625" lon="116.62668694742023944854736328125">
        <ele>30.200000762939453125</ele>
        <time>2022-05-07T13:10:03.000Z</time>
        <extensions>
          <ns3:TrackPointExtension/>
        </extensions>
      </trkpt>
      <trkpt lat="39.90765896625816822052001953125" lon="116.6268489696085453033447265625">
        <ele>30.6000003814697265625</ele>
        <time>2022-05-07T13:10:08.000Z</time>
        <extensions>
          <ns3:TrackPointExtension/>
        </extensions>
      </trkpt>
      <trkpt lat="39.907664917409420013427734375" lon="116.626997999846935272216796875">
        <ele>31</ele>
        <time>2022-05-07T13:10:13.000Z</time>
        <extensions>
          <ns3:TrackPointExtension/>
        </extensions>
      </trkpt>
      <trkpt lat="39.90768696181476116180419921875" lon="116.627166979014873504638671875">
        <ele>31.200000762939453125</ele>
        <time>2022-05-07T13:10:18.000Z</time>
        <extensions>
          <ns3:TrackPointExtension/>
        </extensions>
      </trkpt>
      <trkpt lat="39.90768796764314174652099609375" lon="116.62734794430434703826904296875">
        <ele>31.6000003814697265625</ele>
        <time>2022-05-07T13:10:23.000Z</time>
        <extensions>
          <ns3:TrackPointExtension/>
        </extensions>
      </trkpt>
      <trkpt lat="39.90773993544280529022216796875" lon="116.62756092846393585205078125">
        <ele>31.200000762939453125</ele>
        <time>2022-05-07T13:10:28.000Z</time>
        <extensions>
          <ns3:TrackPointExtension/>
        </extensions>
      </trkpt>
      <trkpt lat="39.9077569507062435150146484375" lon="116.6276509501039981842041015625">
        <ele>31</ele>
        <time>2022-05-07T13:10:33.000Z</time>
        <extensions>
          <ns3:TrackPointExtension/>
        </extensions>
      </trkpt>
      <trkpt lat="39.907788969576358795166015625" lon="116.6278199292719364166259765625">
        <ele>30.799999237060546875</ele>
        <time>2022-05-07T13:10:38.000Z</time>
        <extensions>
          <ns3:TrackPointExtension/>
        </extensions>
      </trkpt>
      <trkpt lat="39.9078089185059070587158203125" lon="116.6280039958655834197998046875">
        <ele>30.3999996185302734375</ele>
        <time>2022-05-07T13:10:43.000Z</time>
        <extensions>
          <ns3:TrackPointExtension/>
        </extensions>
      </trkpt>
      <trkpt lat="39.90783599205315113067626953125" lon="116.62818395532667636871337890625">
        <ele>30</ele>
        <time>2022-05-07T13:10:48.000Z</time>
        <extensions>
          <ns3:TrackPointExtension/>
        </extensions>
      </trkpt>
      <trkpt lat="39.90788896568119525909423828125" lon="116.62835192866623401641845703125">
        <ele>30.3999996185302734375</ele>
        <time>2022-05-07T13:10:53.000Z</time>
        <extensions>
          <ns3:TrackPointExtension/>
        </extensions>
      </trkpt>
      <trkpt lat="39.907898940145969390869140625" lon="116.628481931984424591064453125">
        <ele>30.799999237060546875</ele>
        <time>2022-05-07T13:10:58.000Z</time>
        <extensions>
          <ns3:TrackPointExtension/>
        </extensions>
      </trkpt>
      <trkpt lat="39.90789298899471759796142578125" lon="116.62861696444451808929443359375">
        <ele>31</ele>
        <time>2022-05-07T13:11:03.000Z</time>
        <extensions>
          <ns3:TrackPointExtension/>
        </extensions>
      </trkpt>
      <trkpt lat="39.90791193209588527679443359375" lon="116.62870899774134159088134765625">
        <ele>31.200000762939453125</ele>
        <time>2022-05-07T13:11:08.000Z</time>
        <extensions>
          <ns3:TrackPointExtension/>
        </extensions>
      </trkpt>
      <trkpt lat="39.90790598094463348388671875" lon="116.62883497774600982666015625">
        <ele>31.6000003814697265625</ele>
        <time>2022-05-07T13:11:13.000Z</time>
        <extensions>
          <ns3:TrackPointExtension/>
        </extensions>
      </trkpt>
      <trkpt lat="39.9079249240458011627197265625" lon="116.628947965800762176513671875">
        <ele>31.799999237060546875</ele>
        <time>2022-05-07T13:11:18.000Z</time>
        <extensions>
          <ns3:TrackPointExtension/>
        </extensions>
      </trkpt>
      <trkpt lat="39.9079359881579875946044921875" lon="116.6290949843823909759521484375">
        <ele>32</ele>
        <time>2022-05-07T13:11:23.000Z</time>
        <extensions>
          <ns3:TrackPointExtension/>
        </extensions>
      </trkpt>
      <trkpt lat="39.9079819209873676300048828125" lon="116.62923194468021392822265625">
        <ele>31.799999237060546875</ele>
        <time>2022-05-07T13:11:28.000Z</time>
        <extensions>
          <ns3:TrackPointExtension/>
        </extensions>
      </trkpt>
      <trkpt lat="39.90800899453461170196533203125" lon="116.62939799018204212188720703125">
        <ele>31.6000003814697265625</ele>
        <time>2022-05-07T13:11:33.000Z</time>
        <extensions>
          <ns3:TrackPointExtension/>
        </extensions>
      </trkpt>
      <trkpt lat="39.9080429412424564361572265625" lon="116.6295249760150909423828125">
        <ele>31.6000003814697265625</ele>
        <time>2022-05-07T13:11:38.000Z</time>
        <extensions>
          <ns3:TrackPointExtension/>
        </extensions>
      </trkpt>
      <trkpt lat="39.9080439470708370208740234375" lon="116.62967693991959095001220703125">
        <ele>31.3999996185302734375</ele>
        <time>2022-05-07T13:11:43.000Z</time>
        <extensions>
          <ns3:TrackPointExtension/>
        </extensions>
      </trkpt>
      <trkpt lat="39.90808292292058467864990234375" lon="116.62982094101607799530029296875">
        <ele>31.200000762939453125</ele>
        <time>2022-05-07T13:11:48.000Z</time>
        <extensions>
          <ns3:TrackPointExtension/>
        </extensions>
      </trkpt>
      <trkpt lat="39.90811594761908054351806640625" lon="116.629977934062480926513671875">
        <ele>30.799999237060546875</ele>
        <time>2022-05-07T13:11:53.000Z</time>
        <extensions>
          <ns3:TrackPointExtension/>
        </extensions>
      </trkpt>
      <trkpt lat="39.90815198980271816253662109375" lon="116.63014297373592853546142578125">
        <ele>30.3999996185302734375</ele>
        <time>2022-05-07T13:11:58.000Z</time>
        <extensions>
          <ns3:TrackPointExtension/>
        </extensions>
      </trkpt>
      <trkpt lat="39.90816992707550525665283203125" lon="116.630323939025402069091796875">
        <ele>30.6000003814697265625</ele>
        <time>2022-05-07T13:12:03.000Z</time>
        <extensions>
          <ns3:TrackPointExtension/>
        </extensions>
      </trkpt>
      <trkpt lat="39.90816992707550525665283203125" lon="116.630323939025402069091796875">
        <ele>30.6000003814697265625</ele>
        <time>2022-05-07T13:12:08.000Z</time>
        <extensions>
          <ns3:TrackPointExtension/>
        </extensions>
      </trkpt>
      <trkpt lat="39.90814494900405406951904296875" lon="116.63042997010052204132080078125">
        <ele>30.799999237060546875</ele>
        <time>2022-05-07T13:12:13.000Z</time>
        <extensions>
          <ns3:TrackPointExtension/>
        </extensions>
      </trkpt>
      <trkpt lat="39.9081869423389434814453125" lon="116.630609929561614990234375">
        <ele>30.799999237060546875</ele>
        <time>2022-05-07T13:12:18.000Z</time>
        <extensions>
          <ns3:TrackPointExtension/>
        </extensions>
      </trkpt>
      <trkpt lat="39.90822994150221347808837890625" lon="116.6307519190013408660888671875">
        <ele>30.3999996185302734375</ele>
        <time>2022-05-07T13:12:23.000Z</time>
        <extensions>
          <ns3:TrackPointExtension/>
        </extensions>
      </trkpt>
      <trkpt lat="39.90823698230087757110595703125" lon="116.630897931754589080810546875">
        <ele>29.6000003814697265625</ele>
        <time>2022-05-07T13:12:28.000Z</time>
        <extensions>
          <ns3:TrackPointExtension/>
        </extensions>
      </trkpt>
      <trkpt lat="39.908252991735935211181640625" lon="116.6310699284076690673828125">
        <ele>28.6000003814697265625</ele>
        <time>2022-05-07T13:12:33.000Z</time>
        <extensions>
          <ns3:TrackPointExtension/>
        </extensions>
      </trkpt>
      <trkpt lat="39.9082829989492893218994140625" lon="116.6312249936163425445556640625">
        <ele>28.200000762939453125</ele>
        <time>2022-05-07T13:12:38.000Z</time>
        <extensions>
          <ns3:TrackPointExtension/>
        </extensions>
      </trkpt>
      <trkpt lat="39.908299930393695831298828125" lon="116.63136899471282958984375">
        <ele>27.799999237060546875</ele>
        <time>2022-05-07T13:12:43.000Z</time>
        <extensions>
          <ns3:TrackPointExtension/>
        </extensions>
      </trkpt>
      <trkpt lat="39.9083049595355987548828125" lon="116.6315059550106525421142578125">
        <ele>27.6000003814697265625</ele>
        <time>2022-05-07T13:12:48.000Z</time>
        <extensions>
          <ns3:TrackPointExtension/>
        </extensions>
      </trkpt>
      <trkpt lat="39.90832398645579814910888671875" lon="116.63158399052917957305908203125">
        <ele>27.6000003814697265625</ele>
        <time>2022-05-07T13:12:53.000Z</time>
        <extensions>
          <ns3:TrackPointExtension/>
        </extensions>
      </trkpt>
      <trkpt lat="39.90832398645579814910888671875" lon="116.63169396109879016876220703125">
        <ele>27.6000003814697265625</ele>
        <time>2022-05-07T13:12:58.000Z</time>
        <extensions>
          <ns3:TrackPointExtension/>
        </extensions>
      </trkpt>
      <trkpt lat="39.90834494121372699737548828125" lon="116.63189294748008251190185546875">
        <ele>27.799999237060546875</ele>
        <time>2022-05-07T13:13:03.000Z</time>
        <extensions>
          <ns3:TrackPointExtension/>
        </extensions>
      </trkpt>
      <trkpt lat="39.9083919636905193328857421875" lon="116.63205496966838836669921875">
        <ele>27.3999996185302734375</ele>
        <time>2022-05-07T13:13:08.000Z</time>
        <extensions>
          <ns3:TrackPointExtension/>
        </extensions>
      </trkpt>
      <trkpt lat="39.90841694176197052001953125" lon="116.63218296132981777191162109375">
        <ele>27.200000762939453125</ele>
        <time>2022-05-07T13:13:13.000Z</time>
        <extensions>
          <ns3:TrackPointExtension/>
        </extensions>
      </trkpt>
      <trkpt lat="39.90843697451055049896240234375" lon="116.6323149763047695159912109375">
        <ele>27.200000762939453125</ele>
        <time>2022-05-07T13:13:18.000Z</time>
        <extensions>
          <ns3:TrackPointExtension/>
        </extensions>
      </trkpt>
      <trkpt lat="39.90846396423876285552978515625" lon="116.63246794603765010833740234375">
        <ele>27</ele>
        <time>2022-05-07T13:13:23.000Z</time>
        <extensions>
          <ns3:TrackPointExtension/>
        </extensions>
      </trkpt>
      <trkpt lat="39.90847997367382049560546875" lon="116.63264396600425243377685546875">
        <ele>26.799999237060546875</ele>
        <time>2022-05-07T13:13:28.000Z</time>
        <extensions>
          <ns3:TrackPointExtension/>
        </extensions>
      </trkpt>
      <trkpt lat="39.90849296562373638153076171875" lon="116.6328319720923900604248046875">
        <ele>26.799999237060546875</ele>
        <time>2022-05-07T13:13:33.000Z</time>
        <extensions>
          <ns3:TrackPointExtension/>
        </extensions>
      </trkpt>
      <trkpt lat="39.90849397145211696624755859375" lon="116.63300991989672183990478515625">
        <ele>26.799999237060546875</ele>
        <time>2022-05-07T13:13:38.000Z</time>
        <extensions>
          <ns3:TrackPointExtension/>
        </extensions>
      </trkpt>
      <trkpt lat="39.90849799476563930511474609375" lon="116.6331749595701694488525390625">
        <ele>26.799999237060546875</ele>
        <time>2022-05-07T13:13:43.000Z</time>
        <extensions>
          <ns3:TrackPointExtension/>
        </extensions>
      </trkpt>
      <trkpt lat="39.90848491899669170379638671875" lon="116.633318960666656494140625">
        <ele>27</ele>
        <time>2022-05-07T13:13:48.000Z</time>
        <extensions>
          <ns3:TrackPointExtension/>
        </extensions>
      </trkpt>
      <trkpt lat="39.90849598310887813568115234375" lon="116.63347293622791767120361328125">
        <ele>27</ele>
        <time>2022-05-07T13:13:53.000Z</time>
        <extensions>
          <ns3:TrackPointExtension/>
        </extensions>
      </trkpt>
      <trkpt lat="39.9085089750587940216064453125" lon="116.63361492566764354705810546875">
        <ele>27.200000762939453125</ele>
        <time>2022-05-07T13:13:58.000Z</time>
        <extensions>
          <ns3:TrackPointExtension/>
        </extensions>
      </trkpt>
      <trkpt lat="39.9085039459168910980224609375" lon="116.633714921772480010986328125">
        <ele>27.200000762939453125</ele>
        <time>2022-05-07T13:14:03.000Z</time>
        <extensions>
          <ns3:TrackPointExtension/>
        </extensions>
      </trkpt>
      <trkpt lat="39.9084989167749881744384765625" lon="116.6338639520108699798583984375">
        <ele>27.3999996185302734375</ele>
        <time>2022-05-07T13:14:08.000Z</time>
        <extensions>
          <ns3:TrackPointExtension/>
        </extensions>
      </trkpt>
      <trkpt lat="39.9085039459168910980224609375" lon="116.63402999751269817352294921875">
        <ele>27.3999996185302734375</ele>
        <time>2022-05-07T13:14:13.000Z</time>
        <extensions>
          <ns3:TrackPointExtension/>
        </extensions>
      </trkpt>
      <trkpt lat="39.90849698893725872039794921875" lon="116.63419998250901699066162109375">
        <ele>27.6000003814697265625</ele>
        <time>2022-05-07T13:14:18.000Z</time>
        <extensions>
          <ns3:TrackPointExtension/>
        </extensions>
      </trkpt>
      <trkpt lat="39.90851693786680698394775390625" lon="116.6343889944255352020263671875">
        <ele>27.799999237060546875</ele>
        <time>2022-05-07T13:14:23.000Z</time>
        <extensions>
          <ns3:TrackPointExtension/>
        </extensions>
      </trkpt>
      <trkpt lat="39.90851995535194873809814453125" lon="116.63456895388662815093994140625">
        <ele>28</ele>
        <time>2022-05-07T13:14:28.000Z</time>
        <extensions>
          <ns3:TrackPointExtension/>
        </extensions>
      </trkpt>
      <trkpt lat="39.90851392038166522979736328125" lon="116.63471094332635402679443359375">
        <ele>27.799999237060546875</ele>
        <time>2022-05-07T13:14:33.000Z</time>
        <extensions>
          <ns3:TrackPointExtension/>
        </extensions>
      </trkpt>
      <trkpt lat="39.90852297283709049224853515625" lon="116.634923927485942840576171875">
        <ele>27.200000762939453125</ele>
        <time>2022-05-07T13:14:38.000Z</time>
        <extensions>
          <ns3:TrackPointExtension/>
        </extensions>
      </trkpt>
      <trkpt lat="39.908531941473484039306640625" lon="116.6350159607827663421630859375">
        <ele>27.200000762939453125</ele>
        <time>2022-05-07T13:14:43.000Z</time>
        <extensions>
          <ns3:TrackPointExtension/>
        </extensions>
      </trkpt>
      <trkpt lat="39.90852892398834228515625" lon="116.6351859457790851593017578125">
        <ele>27.200000762939453125</ele>
        <time>2022-05-07T13:14:48.000Z</time>
        <extensions>
          <ns3:TrackPointExtension/>
        </extensions>
      </trkpt>
      <trkpt lat="39.90854392759501934051513671875" lon="116.63534696213901042938232421875">
        <ele>27.200000762939453125</ele>
        <time>2022-05-07T13:14:53.000Z</time>
        <extensions>
          <ns3:TrackPointExtension/>
        </extensions>
      </trkpt>
      <trkpt lat="39.90853495895862579345703125" lon="116.63552197627723217010498046875">
        <ele>27.200000762939453125</ele>
        <time>2022-05-07T13:14:58.000Z</time>
        <extensions>
          <ns3:TrackPointExtension/>
        </extensions>
      </trkpt>
      <trkpt lat="39.90854895673692226409912109375" lon="116.63569497875869274139404296875">
        <ele>27.200000762939453125</ele>
        <time>2022-05-07T13:15:03.000Z</time>
        <extensions>
          <ns3:TrackPointExtension/>
        </extensions>
      </trkpt>
      <trkpt lat="39.90853093564510345458984375" lon="116.63585691712796688079833984375">
        <ele>27.200000762939453125</ele>
        <time>2022-05-07T13:15:08.000Z</time>
        <extensions>
          <ns3:TrackPointExtension/>
        </extensions>
      </trkpt>
      <trkpt lat="39.90852196700870990753173828125" lon="116.6360539756715297698974609375">
        <ele>27.200000762939453125</ele>
        <time>2022-05-07T13:15:13.000Z</time>
        <extensions>
          <ns3:TrackPointExtension/>
        </extensions>
      </trkpt>
      <trkpt lat="39.908477962017059326171875" lon="116.636248938739299774169921875">
        <ele>27.3999996185302734375</ele>
        <time>2022-05-07T13:15:18.000Z</time>
        <extensions>
          <ns3:TrackPointExtension/>
        </extensions>
      </trkpt>
      <trkpt lat="39.9084419198334217071533203125" lon="116.6363939456641674041748046875">
        <ele>28</ele>
        <time>2022-05-07T13:15:23.000Z</time>
        <extensions>
          <ns3:TrackPointExtension/>
        </extensions>
      </trkpt>
      <trkpt lat="39.90841291844844818115234375" lon="116.636543981730937957763671875">
        <ele>28.6000003814697265625</ele>
        <time>2022-05-07T13:15:28.000Z</time>
        <extensions>
          <ns3:TrackPointExtension/>
        </extensions>
      </trkpt>
      <trkpt lat="39.908368997275829315185546875" lon="116.6366779245436191558837890625">
        <ele>28.6000003814697265625</ele>
        <time>2022-05-07T13:15:33.000Z</time>
        <extensions>
          <ns3:TrackPointExtension/>
        </extensions>
      </trkpt>
      <trkpt lat="39.9083389900624752044677734375" lon="116.63681094534695148468017578125">
        <ele>28.6000003814697265625</ele>
        <time>2022-05-07T13:15:38.000Z</time>
        <extensions>
          <ns3:TrackPointExtension/>
        </extensions>
      </trkpt>
      <trkpt lat="39.90832599811255931854248046875" lon="116.63692393340170383453369140625">
        <ele>28.3999996185302734375</ele>
        <time>2022-05-07T13:15:43.000Z</time>
        <extensions>
          <ns3:TrackPointExtension/>
        </extensions>
      </trkpt>
      <trkpt lat="39.90829196758568286895751953125" lon="116.63704899139702320098876953125">
        <ele>28.3999996185302734375</ele>
        <time>2022-05-07T13:15:48.000Z</time>
        <extensions>
          <ns3:TrackPointExtension/>
        </extensions>
      </trkpt>
      <trkpt lat="39.90828995592892169952392578125" lon="116.637119986116886138916015625">
        <ele>28.200000762939453125</ele>
        <time>2022-05-07T13:15:53.000Z</time>
        <extensions>
          <ns3:TrackPointExtension/>
        </extensions>
      </trkpt>
      <trkpt lat="39.908359944820404052734375" lon="116.63701496087014675140380859375">
        <ele>28.200000762939453125</ele>
        <time>2022-05-07T13:15:58.000Z</time>
        <extensions>
          <ns3:TrackPointExtension/>
        </extensions>
      </trkpt>
      <trkpt lat="39.90837997756898403167724609375" lon="116.6368039883673191070556640625">
        <ele>28.3999996185302734375</ele>
        <time>2022-05-07T13:16:03.000Z</time>
        <extensions>
          <ns3:TrackPointExtension/>
        </extensions>
      </trkpt>
      <trkpt lat="39.90840596146881580352783203125" lon="116.63664397783577442169189453125">
        <ele>28.3999996185302734375</ele>
        <time>2022-05-07T13:16:08.000Z</time>
        <extensions>
          <ns3:TrackPointExtension/>
        </extensions>
      </trkpt>
      <trkpt lat="39.908417947590351104736328125" lon="116.6364879906177520751953125">
        <ele>28.3999996185302734375</ele>
        <time>2022-05-07T13:16:13.000Z</time>
        <extensions>
          <ns3:TrackPointExtension/>
        </extensions>
      </trkpt>
      <trkpt lat="39.9084489606320858001708984375" lon="116.63635496981441974639892578125">
        <ele>27.799999237060546875</ele>
        <time>2022-05-07T13:16:18.000Z</time>
        <extensions>
          <ns3:TrackPointExtension/>
        </extensions>
      </trkpt>
      <trkpt lat="39.9084509722888469696044921875" lon="116.63623997010290622711181640625">
        <ele>27.3999996185302734375</ele>
        <time>2022-05-07T13:16:23.000Z</time>
        <extensions>
          <ns3:TrackPointExtension/>
        </extensions>
      </trkpt>
      <trkpt lat="39.908472932875156402587890625" lon="116.6361629404127597808837890625">
        <ele>27.3999996185302734375</ele>
        <time>2022-05-07T13:16:28.000Z</time>
        <extensions>
          <ns3:TrackPointExtension/>
        </extensions>
      </trkpt>
      <trkpt lat="39.9085049517452716827392578125" lon="116.6360509581863880157470703125">
        <ele>27.200000762939453125</ele>
        <time>2022-05-07T13:16:33.000Z</time>
        <extensions>
          <ns3:TrackPointExtension/>
        </extensions>
      </trkpt>
      <trkpt lat="39.90852397866547107696533203125" lon="116.6358749382197856903076171875">
        <ele>27.200000762939453125</ele>
        <time>2022-05-07T13:16:38.000Z</time>
        <extensions>
          <ns3:TrackPointExtension/>
        </extensions>
      </trkpt>
      <trkpt lat="39.90852498449385166168212890625" lon="116.6356439329683780670166015625">
        <ele>27.200000762939453125</ele>
        <time>2022-05-07T13:16:43.000Z</time>
        <extensions>
          <ns3:TrackPointExtension/>
        </extensions>
      </trkpt>
      <trkpt lat="39.9085079692304134368896484375" lon="116.63540999405086040496826171875">
        <ele>27.200000762939453125</ele>
        <time>2022-05-07T13:16:48.000Z</time>
        <extensions>
          <ns3:TrackPointExtension/>
        </extensions>
      </trkpt>
      <trkpt lat="39.9085129983723163604736328125" lon="116.63523095659911632537841796875">
        <ele>27.200000762939453125</ele>
        <time>2022-05-07T13:16:53.000Z</time>
        <extensions>
          <ns3:TrackPointExtension/>
        </extensions>
      </trkpt>
      <trkpt lat="39.908480979502201080322265625" lon="116.63505191914737224578857421875">
        <ele>27.3999996185302734375</ele>
        <time>2022-05-07T13:16:58.000Z</time>
        <extensions>
          <ns3:TrackPointExtension/>
        </extensions>
      </trkpt>
      <trkpt lat="39.90849095396697521209716796875" lon="116.6348979435861110687255859375">
        <ele>27.200000762939453125</ele>
        <time>2022-05-07T13:17:03.000Z</time>
        <extensions>
          <ns3:TrackPointExtension/>
        </extensions>
      </trkpt>
      <trkpt lat="39.908477962017059326171875" lon="116.63468093611299991607666015625">
        <ele>28</ele>
        <time>2022-05-07T13:17:08.000Z</time>
        <extensions>
          <ns3:TrackPointExtension/>
        </extensions>
      </trkpt>
      <trkpt lat="39.908472932875156402587890625" lon="116.63450893945991992950439453125">
        <ele>28.200000762939453125</ele>
        <time>2022-05-07T13:17:13.000Z</time>
        <extensions>
          <ns3:TrackPointExtension/>
        </extensions>
      </trkpt>
      <trkpt lat="39.90845692344009876251220703125" lon="116.63434197194874286651611328125">
        <ele>28</ele>
        <time>2022-05-07T13:17:18.000Z</time>
        <extensions>
          <ns3:TrackPointExtension/>
        </extensions>
      </trkpt>
      <trkpt lat="39.90842993371188640594482421875" lon="116.63422697223722934722900390625">
        <ele>28</ele>
        <time>2022-05-07T13:17:23.000Z</time>
        <extensions>
          <ns3:TrackPointExtension/>
        </extensions>
      </trkpt>
      <trkpt lat="39.90843798033893108367919921875" lon="116.6341169178485870361328125">
        <ele>27.799999237060546875</ele>
        <time>2022-05-07T13:17:28.000Z</time>
        <extensions>
          <ns3:TrackPointExtension/>
        </extensions>
      </trkpt>
      <trkpt lat="39.90842691622674465179443359375" lon="116.6339759342372417449951171875">
        <ele>27.799999237060546875</ele>
        <time>2022-05-07T13:17:33.000Z</time>
        <extensions>
          <ns3:TrackPointExtension/>
        </extensions>
      </trkpt>
      <trkpt lat="39.90840193815529346466064453125" lon="116.63384894840419292449951171875">
        <ele>28</ele>
        <time>2022-05-07T13:17:38.000Z</time>
        <extensions>
          <ns3:TrackPointExtension/>
        </extensions>
      </trkpt>
      <trkpt lat="39.90837394259870052337646484375" lon="116.6336859203875064849853515625">
        <ele>28.200000762939453125</ele>
        <time>2022-05-07T13:17:43.000Z</time>
        <extensions>
          <ns3:TrackPointExtension/>
        </extensions>
      </trkpt>
      <trkpt lat="39.90836991928517818450927734375" lon="116.6334609501063823699951171875">
        <ele>28</ele>
        <time>2022-05-07T13:17:48.000Z</time>
        <extensions>
          <ns3:TrackPointExtension/>
        </extensions>
      </trkpt>
      <trkpt lat="39.9083639681339263916015625" lon="116.6333429329097270965576171875">
        <ele>27.799999237060546875</ele>
        <time>2022-05-07T13:17:53.000Z</time>
        <extensions>
          <ns3:TrackPointExtension/>
        </extensions>
      </trkpt>
      <trkpt lat="39.9083969928324222564697265625" lon="116.63315392099320888519287109375">
        <ele>27.3999996185302734375</ele>
        <time>2022-05-07T13:17:58.000Z</time>
        <extensions>
          <ns3:TrackPointExtension/>
        </extensions>
      </trkpt>
      <trkpt lat="39.90840596146881580352783203125" lon="116.63292995654046535491943359375">
        <ele>27.3999996185302734375</ele>
        <time>2022-05-07T13:18:03.000Z</time>
        <extensions>
          <ns3:TrackPointExtension/>
        </extensions>
      </trkpt>
      <trkpt lat="39.9083929695188999176025390625" lon="116.63275795988738536834716796875">
        <ele>27.3999996185302734375</ele>
        <time>2022-05-07T13:18:08.000Z</time>
        <extensions>
          <ns3:TrackPointExtension/>
        </extensions>
      </trkpt>
      <trkpt lat="39.90840193815529346466064453125" lon="116.6326029784977436065673828125">
        <ele>27.3999996185302734375</ele>
        <time>2022-05-07T13:18:13.000Z</time>
        <extensions>
          <ns3:TrackPointExtension/>
        </extensions>
      </trkpt>
      <trkpt lat="39.9083849228918552398681640625" lon="116.63246392272412776947021484375">
        <ele>27.6000003814697265625</ele>
        <time>2022-05-07T13:18:18.000Z</time>
        <extensions>
          <ns3:TrackPointExtension/>
        </extensions>
      </trkpt>
      <trkpt lat="39.9083339609205722808837890625" lon="116.632281951606273651123046875">
        <ele>27.799999237060546875</ele>
        <time>2022-05-07T13:18:23.000Z</time>
        <extensions>
          <ns3:TrackPointExtension/>
        </extensions>
      </trkpt>
      <trkpt lat="39.90831795148551464080810546875" lon="116.6321419738233089447021484375">
        <ele>28</ele>
        <time>2022-05-07T13:18:28.000Z</time>
        <extensions>
          <ns3:TrackPointExtension/>
        </extensions>
      </trkpt>
      <trkpt lat="39.90830697119235992431640625" lon="116.63198699243366718292236328125">
        <ele>28</ele>
        <time>2022-05-07T13:18:33.000Z</time>
        <extensions>
          <ns3:TrackPointExtension/>
        </extensions>
      </trkpt>
      <trkpt lat="39.90830294787883758544921875" lon="116.6318209469318389892578125">
        <ele>28</ele>
        <time>2022-05-07T13:18:38.000Z</time>
        <extensions>
          <ns3:TrackPointExtension/>
        </extensions>
      </trkpt>
      <trkpt lat="39.9082739464938640594482421875" lon="116.6316239722073078155517578125">
        <ele>28</ele>
        <time>2022-05-07T13:18:43.000Z</time>
        <extensions>
          <ns3:TrackPointExtension/>
        </extensions>
      </trkpt>
      <trkpt lat="39.9082689173519611358642578125" lon="116.6314489580690860748291015625">
        <ele>28</ele>
        <time>2022-05-07T13:18:48.000Z</time>
        <extensions>
          <ns3:TrackPointExtension/>
        </extensions>
      </trkpt>
      <trkpt lat="39.908241927623748779296875" lon="116.63128995336592197418212890625">
        <ele>28.3999996185302734375</ele>
        <time>2022-05-07T13:18:53.000Z</time>
        <extensions>
          <ns3:TrackPointExtension/>
        </extensions>
      </trkpt>
      <trkpt lat="39.9082179553806781768798828125" lon="116.63117193616926670074462890625">
        <ele>28.799999237060546875</ele>
        <time>2022-05-07T13:18:58.000Z</time>
        <extensions>
          <ns3:TrackPointExtension/>
        </extensions>
      </trkpt>
      <trkpt lat="39.90820999257266521453857421875" lon="116.6310419328510761260986328125">
        <ele>29</ele>
        <time>2022-05-07T13:19:03.000Z</time>
        <extensions>
          <ns3:TrackPointExtension/>
        </extensions>
      </trkpt>
      <trkpt lat="39.90816892124712467193603515625" lon="116.63086197338998317718505859375">
        <ele>30</ele>
        <time>2022-05-07T13:19:08.000Z</time>
        <extensions>
          <ns3:TrackPointExtension/>
        </extensions>
      </trkpt>
      <trkpt lat="39.90814595483243465423583984375" lon="116.63071797229349613189697265625">
        <ele>31</ele>
        <time>2022-05-07T13:19:13.000Z</time>
        <extensions>
          <ns3:TrackPointExtension/>
        </extensions>
      </trkpt>
      <trkpt lat="39.90815098397433757781982421875" lon="116.63056793622672557830810546875">
        <ele>31</ele>
        <time>2022-05-07T13:19:18.000Z</time>
        <extensions>
          <ns3:TrackPointExtension/>
        </extensions>
      </trkpt>
      <trkpt lat="39.9081589467823505401611328125" lon="116.630386970937252044677734375">
        <ele>30.799999237060546875</ele>
        <time>2022-05-07T13:19:23.000Z</time>
        <extensions>
          <ns3:TrackPointExtension/>
        </extensions>
      </trkpt>
      <trkpt lat="39.9081559292972087860107421875" lon="116.6302339173853397369384765625">
        <ele>30.6000003814697265625</ele>
        <time>2022-05-07T13:19:28.000Z</time>
        <extensions>
          <ns3:TrackPointExtension/>
        </extensions>
      </trkpt>
      <trkpt lat="39.9081069789826869964599609375" lon="116.6300399601459503173828125">
        <ele>30.6000003814697265625</ele>
        <time>2022-05-07T13:19:33.000Z</time>
        <extensions>
          <ns3:TrackPointExtension/>
        </extensions>
      </trkpt>
      <trkpt lat="39.90805392153561115264892578125" lon="116.62985899485647678375244140625">
        <ele>31.200000762939453125</ele>
        <time>2022-05-07T13:19:38.000Z</time>
        <extensions>
          <ns3:TrackPointExtension/>
        </extensions>
      </trkpt>
      <trkpt lat="39.908022992312908172607421875" lon="116.6296899318695068359375">
        <ele>31.3999996185302734375</ele>
        <time>2022-05-07T13:19:43.000Z</time>
        <extensions>
          <ns3:TrackPointExtension/>
        </extensions>
      </trkpt>
      <trkpt lat="39.90797999314963817596435546875" lon="116.6294999979436397552490234375">
        <ele>31.6000003814697265625</ele>
        <time>2022-05-07T13:19:48.000Z</time>
        <extensions>
          <ns3:TrackPointExtension/>
        </extensions>
      </trkpt>
      <trkpt lat="39.907961972057819366455078125" lon="116.62936697714030742645263671875">
        <ele>31.6000003814697265625</ele>
        <time>2022-05-07T13:19:53.000Z</time>
        <extensions>
          <ns3:TrackPointExtension/>
        </extensions>
      </trkpt>
      <trkpt lat="39.90795291960239410400390625" lon="116.6292059607803821563720703125">
        <ele>31.799999237060546875</ele>
        <time>2022-05-07T13:19:58.000Z</time>
        <extensions>
          <ns3:TrackPointExtension/>
        </extensions>
      </trkpt>
      <trkpt lat="39.9079339765012264251708984375" lon="116.629063971340656280517578125">
        <ele>32</ele>
        <time>2022-05-07T13:20:03.000Z</time>
        <extensions>
          <ns3:TrackPointExtension/>
        </extensions>
      </trkpt>
      <trkpt lat="39.90791394375264644622802734375" lon="116.62890094332396984100341796875">
        <ele>31.6000003814697265625</ele>
        <time>2022-05-07T13:20:08.000Z</time>
        <extensions>
          <ns3:TrackPointExtension/>
        </extensions>
      </trkpt>
      <trkpt lat="39.90789097733795642852783203125" lon="116.62872492335736751556396484375">
        <ele>31.200000762939453125</ele>
        <time>2022-05-07T13:20:13.000Z</time>
        <extensions>
          <ns3:TrackPointExtension/>
        </extensions>
      </trkpt>
      <trkpt lat="39.9078719504177570343017578125" lon="116.62849693559110164642333984375">
        <ele>30.799999237060546875</ele>
        <time>2022-05-07T13:20:18.000Z</time>
        <extensions>
          <ns3:TrackPointExtension/>
        </extensions>
      </trkpt>
      <trkpt lat="39.9078669212758541107177734375" lon="116.62832996807992458343505859375">
        <ele>30.3999996185302734375</ele>
        <time>2022-05-07T13:20:23.000Z</time>
        <extensions>
          <ns3:TrackPointExtension/>
        </extensions>
      </trkpt>
      <trkpt lat="39.9078739620745182037353515625" lon="116.628143973648548126220703125">
        <ele>30.200000762939453125</ele>
        <time>2022-05-07T13:20:28.000Z</time>
        <extensions>
          <ns3:TrackPointExtension/>
        </extensions>
      </trkpt>
      <trkpt lat="39.90785493515431880950927734375" lon="116.62798496894538402557373046875">
        <ele>30.3999996185302734375</ele>
        <time>2022-05-07T13:20:33.000Z</time>
        <extensions>
          <ns3:TrackPointExtension/>
        </extensions>
      </trkpt>
      <trkpt lat="39.90782794542610645294189453125" lon="116.6277649439871311187744140625">
        <ele>30.6000003814697265625</ele>
        <time>2022-05-07T13:20:38.000Z</time>
        <extensions>
          <ns3:TrackPointExtension/>
        </extensions>
      </trkpt>
      <trkpt lat="39.9077899754047393798828125" lon="116.62754793651401996612548828125">
        <ele>31</ele>
        <time>2022-05-07T13:20:43.000Z</time>
        <extensions>
          <ns3:TrackPointExtension/>
        </extensions>
      </trkpt>
      <trkpt lat="39.9077619798481464385986328125" lon="116.62737996317446231842041015625">
        <ele>31.3999996185302734375</ele>
        <time>2022-05-07T13:20:48.000Z</time>
        <extensions>
          <ns3:TrackPointExtension/>
        </extensions>
      </trkpt>
      <trkpt lat="39.90774295292794704437255859375" lon="116.6272549889981746673583984375">
        <ele>31.200000762939453125</ele>
        <time>2022-05-07T13:20:53.000Z</time>
        <extensions>
          <ns3:TrackPointExtension/>
        </extensions>
      </trkpt>
      <trkpt lat="39.90772895514965057373046875" lon="116.62711492739617824554443359375">
        <ele>31</ele>
        <time>2022-05-07T13:20:58.000Z</time>
        <extensions>
          <ns3:TrackPointExtension/>
        </extensions>
      </trkpt>
      <trkpt lat="39.90768092684447765350341796875" lon="116.62679993547499179840087890625">
        <ele>30.3999996185302734375</ele>
        <time>2022-05-07T13:21:03.000Z</time>
        <extensions>
          <ns3:TrackPointExtension/>
        </extensions>
      </trkpt>
      <trkpt lat="39.90766994655132293701171875" lon="116.62676297128200531005859375">
        <ele>30.3999996185302734375</ele>
        <time>2022-05-07T13:21:08.000Z</time>
        <extensions>
          <ns3:TrackPointExtension/>
        </extensions>
      </trkpt>
      <trkpt lat="39.90765293128788471221923828125" lon="116.62657597102224826812744140625">
        <ele>30</ele>
        <time>2022-05-07T13:21:13.000Z</time>
        <extensions>
          <ns3:TrackPointExtension/>
        </extensions>
      </trkpt>
      <trkpt lat="39.90763097070157527923583984375" lon="116.6264109313488006591796875">
        <ele>29.6000003814697265625</ele>
        <time>2022-05-07T13:21:18.000Z</time>
        <extensions>
          <ns3:TrackPointExtension/>
        </extensions>
      </trkpt>
      <trkpt lat="39.907609932124614715576171875" lon="116.6262729652225971221923828125">
        <ele>29.200000762939453125</ele>
        <time>2022-05-07T13:21:23.000Z</time>
        <extensions>
          <ns3:TrackPointExtension/>
        </extensions>
      </trkpt>
      <trkpt lat="39.90759392268955707550048828125" lon="116.6261019743978977203369140625">
        <ele>28.799999237060546875</ele>
        <time>2022-05-07T13:21:28.000Z</time>
        <extensions>
          <ns3:TrackPointExtension/>
        </extensions>
      </trkpt>
      <trkpt lat="39.9075829423964023590087890625" lon="116.62593995220959186553955078125">
        <ele>28.3999996185302734375</ele>
        <time>2022-05-07T13:21:33.000Z</time>
        <extensions>
          <ns3:TrackPointExtension/>
        </extensions>
      </trkpt>
      <trkpt lat="39.9075819365680217742919921875" lon="116.6258099488914012908935546875">
        <ele>28</ele>
        <time>2022-05-07T13:21:38.000Z</time>
        <extensions>
          <ns3:TrackPointExtension/>
        </extensions>
      </trkpt>
      <trkpt lat="39.90756399929523468017578125" lon="116.62558891810476779937744140625">
        <ele>27.799999237060546875</ele>
        <time>2022-05-07T13:21:43.000Z</time>
        <extensions>
          <ns3:TrackPointExtension/>
        </extensions>
      </trkpt>
      <trkpt lat="39.90751697681844234466552734375" lon="116.62534198723733425140380859375">
        <ele>28</ele>
        <time>2022-05-07T13:21:48.000Z</time>
        <extensions>
          <ns3:TrackPointExtension/>
        </extensions>
      </trkpt>
      <trkpt lat="39.90748093463480472564697265625" lon="116.62515096366405487060546875">
        <ele>27.799999237060546875</ele>
        <time>2022-05-07T13:21:53.000Z</time>
        <extensions>
          <ns3:TrackPointExtension/>
        </extensions>
      </trkpt>
      <trkpt lat="39.90748495794832706451416015625" lon="116.6250039450824260711669921875">
        <ele>27.6000003814697265625</ele>
        <time>2022-05-07T13:21:58.000Z</time>
        <extensions>
          <ns3:TrackPointExtension/>
        </extensions>
      </trkpt>
      <trkpt lat="39.9074749834835529327392578125" lon="116.6248889453709125518798828125">
        <ele>27.6000003814697265625</ele>
        <time>2022-05-07T13:22:03.000Z</time>
        <extensions>
          <ns3:TrackPointExtension/>
        </extensions>
      </trkpt>
      <trkpt lat="39.90745495073497295379638671875" lon="116.62472893483936786651611328125">
        <ele>27.3999996185302734375</ele>
        <time>2022-05-07T13:22:08.000Z</time>
        <extensions>
          <ns3:TrackPointExtension/>
        </extensions>
      </trkpt>
      <trkpt lat="39.9074679426848888397216796875" lon="116.62452693097293376922607421875">
        <ele>26.799999237060546875</ele>
        <time>2022-05-07T13:22:13.000Z</time>
        <extensions>
          <ns3:TrackPointExtension/>
        </extensions>
      </trkpt>
      <trkpt lat="39.90745696239173412322998046875" lon="116.62436398677527904510498046875">
        <ele>26.6000003814697265625</ele>
        <time>2022-05-07T13:22:18.000Z</time>
        <extensions>
          <ns3:TrackPointExtension/>
        </extensions>
      </trkpt>
      <trkpt lat="39.90745293907821178436279296875" lon="116.624178998172283172607421875">
        <ele>26.6000003814697265625</ele>
        <time>2022-05-07T13:22:23.000Z</time>
        <extensions>
          <ns3:TrackPointExtension/>
        </extensions>
      </trkpt>
      <trkpt lat="39.90744195878505706787109375" lon="116.62401194684207439422607421875">
        <ele>26.6000003814697265625</ele>
        <time>2022-05-07T13:22:28.000Z</time>
        <extensions>
          <ns3:TrackPointExtension/>
        </extensions>
      </trkpt>
      <trkpt lat="39.90744992159307003021240234375" lon="116.62390499375760555267333984375">
        <ele>27</ele>
        <time>2022-05-07T13:22:33.000Z</time>
        <extensions>
          <ns3:TrackPointExtension/>
        </extensions>
      </trkpt>
      <trkpt lat="39.9074399471282958984375" lon="116.62380893714725971221923828125">
        <ele>27.3999996185302734375</ele>
        <time>2022-05-07T13:22:38.000Z</time>
        <extensions>
          <ns3:TrackPointExtension/>
        </extensions>
      </trkpt>
      <trkpt lat="39.907387979328632354736328125" lon="116.623705923557281494140625">
        <ele>27.799999237060546875</ele>
        <time>2022-05-07T13:22:43.000Z</time>
        <extensions>
          <ns3:TrackPointExtension/>
        </extensions>
      </trkpt>
      <trkpt lat="39.90737599320709705352783203125" lon="116.6235719807446002960205078125">
        <ele>28.200000762939453125</ele>
        <time>2022-05-07T13:22:48.000Z</time>
        <extensions>
          <ns3:TrackPointExtension/>
        </extensions>
      </trkpt>
      <trkpt lat="39.9073589779436588287353515625" lon="116.6234479285776615142822265625">
        <ele>28.6000003814697265625</ele>
        <time>2022-05-07T13:22:53.000Z</time>
        <extensions>
          <ns3:TrackPointExtension/>
        </extensions>
      </trkpt>
      <trkpt lat="39.9073609896004199981689453125" lon="116.62335698492825031280517578125">
        <ele>28.6000003814697265625</ele>
        <time>2022-05-07T13:22:58.000Z</time>
        <extensions>
          <ns3:TrackPointExtension/>
        </extensions>
      </trkpt>
      <trkpt lat="39.907329976558685302734375" lon="116.6232209466397762298583984375">
        <ele>28.799999237060546875</ele>
        <time>2022-05-07T13:23:03.000Z</time>
        <extensions>
          <ns3:TrackPointExtension/>
        </extensions>
      </trkpt>
      <trkpt lat="39.90728597156703472137451171875" lon="116.62302799522876739501953125">
        <ele>29</ele>
        <time>2022-05-07T13:23:08.000Z</time>
        <extensions>
          <ns3:TrackPointExtension/>
        </extensions>
      </trkpt>
      <trkpt lat="39.90723098628222942352294921875" lon="116.62281299941241741180419921875">
        <ele>29.200000762939453125</ele>
        <time>2022-05-07T13:23:13.000Z</time>
        <extensions>
          <ns3:TrackPointExtension/>
        </extensions>
      </trkpt>
      <trkpt lat="39.90720592439174652099609375" lon="116.6226499713957309722900390625">
        <ele>29.3999996185302734375</ele>
        <time>2022-05-07T13:23:18.000Z</time>
        <extensions>
          <ns3:TrackPointExtension/>
        </extensions>
      </trkpt>
      <trkpt lat="39.90713492967188358306884765625" lon="116.62252399139106273651123046875">
        <ele>29.6000003814697265625</ele>
        <time>2022-05-07T13:23:23.000Z</time>
        <extensions>
          <ns3:TrackPointExtension/>
        </extensions>
      </trkpt>
      <trkpt lat="39.90709595382213592529296875" lon="116.62240496836602687835693359375">
        <ele>29.799999237060546875</ele>
        <time>2022-05-07T13:23:28.000Z</time>
        <extensions>
          <ns3:TrackPointExtension/>
        </extensions>
      </trkpt>
      <trkpt lat="39.90705295465886592864990234375" lon="116.62220799364149570465087890625">
        <ele>29.6000003814697265625</ele>
        <time>2022-05-07T13:23:33.000Z</time>
        <extensions>
          <ns3:TrackPointExtension/>
        </extensions>
      </trkpt>
      <trkpt lat="39.9070659466087818145751953125" lon="116.6219579614698886871337890625">
        <ele>28.6000003814697265625</ele>
        <time>2022-05-07T13:23:38.000Z</time>
        <extensions>
          <ns3:TrackPointExtension/>
        </extensions>
      </trkpt>
      <trkpt lat="39.90705295465886592864990234375" lon="116.621699966490268707275390625">
        <ele>27.6000003814697265625</ele>
        <time>2022-05-07T13:23:43.000Z</time>
        <extensions>
          <ns3:TrackPointExtension/>
        </extensions>
      </trkpt>
      <trkpt lat="39.90702898241579532623291015625" lon="116.6215029917657375335693359375">
        <ele>27</ele>
        <time>2022-05-07T13:23:48.000Z</time>
        <extensions>
          <ns3:TrackPointExtension/>
        </extensions>
      </trkpt>
      <trkpt lat="39.90702294744551181793212890625" lon="116.62137298844754695892333984375">
        <ele>27</ele>
        <time>2022-05-07T13:23:53.000Z</time>
        <extensions>
          <ns3:TrackPointExtension/>
        </extensions>
      </trkpt>
      <trkpt lat="39.9070139788091182708740234375" lon="116.62116595543920993804931640625">
        <ele>26.799999237060546875</ele>
        <time>2022-05-07T13:23:58.000Z</time>
        <extensions>
          <ns3:TrackPointExtension/>
        </extensions>
      </trkpt>
      <trkpt lat="39.906978942453861236572265625" lon="116.620956994593143463134765625">
        <ele>26.6000003814697265625</ele>
        <time>2022-05-07T13:24:03.000Z</time>
        <extensions>
          <ns3:TrackPointExtension/>
        </extensions>
      </trkpt>
      <trkpt lat="39.9069879949092864990234375" lon="116.6207429207861423492431640625">
        <ele>26.3999996185302734375</ele>
        <time>2022-05-07T13:24:08.000Z</time>
        <extensions>
          <ns3:TrackPointExtension/>
        </extensions>
      </trkpt>
      <trkpt lat="39.90694499574601650238037109375" lon="116.62050596438348293304443359375">
        <ele>26.200000762939453125</ele>
        <time>2022-05-07T13:24:13.000Z</time>
        <extensions>
          <ns3:TrackPointExtension/>
        </extensions>
      </trkpt>
      <trkpt lat="39.90688699297606945037841796875" lon="116.62035793997347354888916015625">
        <ele>26.3999996185302734375</ele>
        <time>2022-05-07T13:24:18.000Z</time>
        <extensions>
          <ns3:TrackPointExtension/>
        </extensions>
      </trkpt>
      <trkpt lat="39.90685597993433475494384765625" lon="116.6202339716255664825439453125">
        <ele>26.6000003814697265625</ele>
        <time>2022-05-07T13:24:23.000Z</time>
        <extensions>
          <ns3:TrackPointExtension/>
        </extensions>
      </trkpt>
      <trkpt lat="39.9068699777126312255859375" lon="116.620081923902034759521484375">
        <ele>26.799999237060546875</ele>
        <time>2022-05-07T13:24:28.000Z</time>
        <extensions>
          <ns3:TrackPointExtension/>
        </extensions>
      </trkpt>
      <trkpt lat="39.90687995217740535736083984375" lon="116.61987698636949062347412109375">
        <ele>27</ele>
        <time>2022-05-07T13:24:33.000Z</time>
        <extensions>
          <ns3:TrackPointExtension/>
        </extensions>
      </trkpt>
      <trkpt lat="39.906866960227489471435546875" lon="116.61969593726098537445068359375">
        <ele>27.3999996185302734375</ele>
        <time>2022-05-07T13:24:38.000Z</time>
        <extensions>
          <ns3:TrackPointExtension/>
        </extensions>
      </trkpt>
      <trkpt lat="39.9068439938127994537353515625" lon="116.6194889880716800689697265625">
        <ele>28</ele>
        <time>2022-05-07T13:24:43.000Z</time>
        <extensions>
          <ns3:TrackPointExtension/>
        </extensions>
      </trkpt>
      <trkpt lat="39.90681993775069713592529296875" lon="116.6193659417331218719482421875">
        <ele>28.3999996185302734375</ele>
        <time>2022-05-07T13:24:48.000Z</time>
        <extensions>
          <ns3:TrackPointExtension/>
        </extensions>
      </trkpt>
      <trkpt lat="39.9067839793860912322998046875" lon="116.619165949523448944091796875">
        <ele>29.200000762939453125</ele>
        <time>2022-05-07T13:24:53.000Z</time>
        <extensions>
          <ns3:TrackPointExtension/>
        </extensions>
      </trkpt>
      <trkpt lat="39.906755983829498291015625" lon="116.6189729981124401092529296875">
        <ele>29.6000003814697265625</ele>
        <time>2022-05-07T13:24:58.000Z</time>
        <extensions>
          <ns3:TrackPointExtension/>
        </extensions>
      </trkpt>
      <trkpt lat="39.90671499632298946380615234375" lon="116.61880091764032840728759765625">
        <ele>29.3999996185302734375</ele>
        <time>2022-05-07T13:25:03.000Z</time>
        <extensions>
          <ns3:TrackPointExtension/>
        </extensions>
      </trkpt>
      <trkpt lat="39.9066659621894359588623046875" lon="116.61851995624601840972900390625">
        <ele>29</ele>
        <time>2022-05-07T13:25:08.000Z</time>
        <extensions>
          <ns3:TrackPointExtension/>
        </extensions>
      </trkpt>
      <trkpt lat="39.9066629447042942047119140625" lon="116.61849196068942546844482421875">
        <ele>28.799999237060546875</ele>
        <time>2022-05-07T13:25:13.000Z</time>
        <extensions>
          <ns3:TrackPointExtension/>
        </extensions>
      </trkpt>
      <trkpt lat="39.90665598772466182708740234375" lon="116.6183359734714031219482421875">
        <ele>28.6000003814697265625</ele>
        <time>2022-05-07T13:25:18.000Z</time>
        <extensions>
          <ns3:TrackPointExtension/>
        </extensions>
      </trkpt>
      <trkpt lat="39.90663997828960418701171875" lon="116.61820697598159313201904296875">
        <ele>28.6000003814697265625</ele>
        <time>2022-05-07T13:25:23.000Z</time>
        <extensions>
          <ns3:TrackPointExtension/>
        </extensions>
      </trkpt>
      <trkpt lat="39.90662992000579833984375" lon="116.61799692548811435699462890625">
        <ele>28.200000762939453125</ele>
        <time>2022-05-07T13:25:28.000Z</time>
        <extensions>
          <ns3:TrackPointExtension/>
        </extensions>
      </trkpt>
      <trkpt lat="39.9066059477627277374267578125" lon="116.61779894493520259857177734375">
        <ele>28</ele>
        <time>2022-05-07T13:25:33.000Z</time>
        <extensions>
          <ns3:TrackPointExtension/>
        </extensions>
      </trkpt>
      <trkpt lat="39.90658893249928951263427734375" lon="116.61763499490916728973388671875">
        <ele>28</ele>
        <time>2022-05-07T13:25:38.000Z</time>
        <extensions>
          <ns3:TrackPointExtension/>
        </extensions>
      </trkpt>
      <trkpt lat="39.906575940549373626708984375" lon="116.6175289638340473175048828125">
        <ele>28</ele>
        <time>2022-05-07T13:25:43.000Z</time>
        <extensions>
          <ns3:TrackPointExtension/>
        </extensions>
      </trkpt>
      <trkpt lat="39.906571917235851287841796875" lon="116.6174129582941532135009765625">
        <ele>28.200000762939453125</ele>
        <time>2022-05-07T13:25:48.000Z</time>
        <extensions>
          <ns3:TrackPointExtension/>
        </extensions>
      </trkpt>
      <trkpt lat="39.90656797774136066436767578125" lon="116.61728295497596263885498046875">
        <ele>28.3999996185302734375</ele>
        <time>2022-05-07T13:25:53.000Z</time>
        <extensions>
          <ns3:TrackPointExtension/>
        </extensions>
      </trkpt>
      <trkpt lat="39.9065519683063030242919921875" lon="116.61713593639433383941650390625">
        <ele>29</ele>
        <time>2022-05-07T13:25:58.000Z</time>
        <extensions>
          <ns3:TrackPointExtension/>
        </extensions>
      </trkpt>
      <trkpt lat="39.90652891807258129119873046875" lon="116.6169749200344085693359375">
        <ele>29.3999996185302734375</ele>
        <time>2022-05-07T13:26:03.000Z</time>
        <extensions>
          <ns3:TrackPointExtension/>
        </extensions>
      </trkpt>
      <trkpt lat="39.90650595165789127349853515625" lon="116.616806946694850921630859375">
        <ele>30</ele>
        <time>2022-05-07T13:26:08.000Z</time>
        <extensions>
          <ns3:TrackPointExtension/>
        </extensions>
      </trkpt>
      <trkpt lat="39.90646697580814361572265625" lon="116.61661994643509387969970703125">
        <ele>28.6000003814697265625</ele>
        <time>2022-05-07T13:26:13.000Z</time>
        <extensions>
          <ns3:TrackPointExtension/>
        </extensions>
      </trkpt>
      <trkpt lat="39.9064409919083118438720703125" lon="116.61644493229687213897705078125">
        <ele>27.3999996185302734375</ele>
        <time>2022-05-07T13:26:18.000Z</time>
        <extensions>
          <ns3:TrackPointExtension/>
        </extensions>
      </trkpt>
      <trkpt lat="39.90638894028961658477783203125" lon="116.616293974220752716064453125">
        <ele>27.200000762939453125</ele>
        <time>2022-05-07T13:26:23.000Z</time>
        <extensions>
          <ns3:TrackPointExtension/>
        </extensions>
      </trkpt>
      <trkpt lat="39.9063259921967983245849609375" lon="116.6161469556391239166259765625">
        <ele>27.200000762939453125</ele>
        <time>2022-05-07T13:26:28.000Z</time>
        <extensions>
          <ns3:TrackPointExtension/>
        </extensions>
      </trkpt>
      <trkpt lat="39.90625197999179363250732421875" lon="116.616000942885875701904296875">
        <ele>27.3999996185302734375</ele>
        <time>2022-05-07T13:26:33.000Z</time>
        <extensions>
          <ns3:TrackPointExtension/>
        </extensions>
      </trkpt>
      <trkpt lat="39.90616899915039539337158203125" lon="116.61583892069756984710693359375">
        <ele>27</ele>
        <time>2022-05-07T13:26:38.000Z</time>
        <extensions>
          <ns3:TrackPointExtension/>
        </extensions>
      </trkpt>
      <trkpt lat="39.90611694753170013427734375" lon="116.61569994874298572540283203125">
        <ele>26.6000003814697265625</ele>
        <time>2022-05-07T13:26:43.000Z</time>
        <extensions>
          <ns3:TrackPointExtension/>
        </extensions>
      </trkpt>
      <trkpt lat="39.90607596002519130706787109375" lon="116.61555997096002101898193359375">
        <ele>26.6000003814697265625</ele>
        <time>2022-05-07T13:26:48.000Z</time>
        <extensions>
          <ns3:TrackPointExtension/>
        </extensions>
      </trkpt>
      <trkpt lat="39.90602399222552776336669921875" lon="116.61544094793498516082763671875">
        <ele>26.799999237060546875</ele>
        <time>2022-05-07T13:26:53.000Z</time>
        <extensions>
          <ns3:TrackPointExtension/>
        </extensions>
      </trkpt>
      <trkpt lat="39.905952997505664825439453125" lon="116.61527096293866634368896484375">
        <ele>26.799999237060546875</ele>
        <time>2022-05-07T13:26:58.000Z</time>
        <extensions>
          <ns3:TrackPointExtension/>
        </extensions>
      </trkpt>
      <trkpt lat="39.905881918966770172119140625" lon="116.6151159815490245819091796875">
        <ele>27</ele>
        <time>2022-05-07T13:27:03.000Z</time>
        <extensions>
          <ns3:TrackPointExtension/>
        </extensions>
      </trkpt>
      <trkpt lat="39.90584998391568660736083984375" lon="116.61494993604719638824462890625">
        <ele>27</ele>
        <time>2022-05-07T13:27:08.000Z</time>
        <extensions>
          <ns3:TrackPointExtension/>
        </extensions>
      </trkpt>
      <trkpt lat="39.905881918966770172119140625" lon="116.61480895243585109710693359375">
        <ele>26.799999237060546875</ele>
        <time>2022-05-07T13:27:13.000Z</time>
        <extensions>
          <ns3:TrackPointExtension/>
        </extensions>
      </trkpt>
      <trkpt lat="39.9058599583804607391357421875" lon="116.6146459244191646575927734375">
        <ele>27</ele>
        <time>2022-05-07T13:27:18.000Z</time>
        <extensions>
          <ns3:TrackPointExtension/>
        </extensions>
      </trkpt>
      <trkpt lat="39.90586892701685428619384765625" lon="116.61448893137276172637939453125">
        <ele>27.200000762939453125</ele>
        <time>2022-05-07T13:27:23.000Z</time>
        <extensions>
          <ns3:TrackPointExtension/>
        </extensions>
      </trkpt>
      <trkpt lat="39.9058569408953189849853515625" lon="116.61432498134672641754150390625">
        <ele>27.6000003814697265625</ele>
        <time>2022-05-07T13:27:28.000Z</time>
        <extensions>
          <ns3:TrackPointExtension/>
        </extensions>
      </trkpt>
      <trkpt lat="39.90584093146026134490966796875" lon="116.6141269169747829437255859375">
        <ele>28.200000762939453125</ele>
        <time>2022-05-07T13:27:33.000Z</time>
        <extensions>
          <ns3:TrackPointExtension/>
        </extensions>
      </trkpt>
      <trkpt lat="39.90584193728864192962646484375" lon="116.6138999350368976593017578125">
        <ele>28.3999996185302734375</ele>
        <time>2022-05-07T13:27:38.000Z</time>
        <extensions>
          <ns3:TrackPointExtension/>
        </extensions>
      </trkpt>
      <trkpt lat="39.9058539234101772308349609375" lon="116.61368795670568943023681640625">
        <ele>28.3999996185302734375</ele>
        <time>2022-05-07T13:27:43.000Z</time>
        <extensions>
          <ns3:TrackPointExtension/>
        </extensions>
      </trkpt>
      <trkpt lat="39.90587596781551837921142578125" lon="116.6135009564459323883056640625">
        <ele>28.3999996185302734375</ele>
        <time>2022-05-07T13:27:48.000Z</time>
        <extensions>
          <ns3:TrackPointExtension/>
        </extensions>
      </trkpt>
      <trkpt lat="39.905889965593814849853515625" lon="116.6133329831063747406005859375">
        <ele>28.6000003814697265625</ele>
        <time>2022-05-07T13:27:53.000Z</time>
        <extensions>
          <ns3:TrackPointExtension/>
        </extensions>
      </trkpt>
      <trkpt lat="39.90590396337211132049560546875" lon="116.6131889820098876953125">
        <ele>28.799999237060546875</ele>
        <time>2022-05-07T13:27:58.000Z</time>
        <extensions>
          <ns3:TrackPointExtension/>
        </extensions>
      </trkpt>
      <trkpt lat="39.90590798668563365936279296875" lon="116.6130919195711612701416015625">
        <ele>28.6000003814697265625</ele>
        <time>2022-05-07T13:28:03.000Z</time>
        <extensions>
          <ns3:TrackPointExtension/>
        </extensions>
      </trkpt>
      <trkpt lat="39.9059239961206912994384765625" lon="116.61299594677984714508056640625">
        <ele>28.200000762939453125</ele>
        <time>2022-05-07T13:28:08.000Z</time>
        <extensions>
          <ns3:TrackPointExtension/>
        </extensions>
      </trkpt>
      <trkpt lat="39.9059189669787883758544921875" lon="116.6128639318048954010009765625">
        <ele>28</ele>
        <time>2022-05-07T13:28:13.000Z</time>
        <extensions>
          <ns3:TrackPointExtension/>
        </extensions>
      </trkpt>
      <trkpt lat="39.9059129320085048675537109375" lon="116.61273594014346599578857421875">
        <ele>28</ele>
        <time>2022-05-07T13:28:18.000Z</time>
        <extensions>
          <ns3:TrackPointExtension/>
        </extensions>
      </trkpt>
      <trkpt lat="39.90590195171535015106201171875" lon="116.61259495653212070465087890625">
        <ele>28</ele>
        <time>2022-05-07T13:28:23.000Z</time>
        <extensions>
          <ns3:TrackPointExtension/>
        </extensions>
      </trkpt>
      <trkpt lat="39.9058559350669384002685546875" lon="116.61242094822227954864501953125">
        <ele>28</ele>
        <time>2022-05-07T13:28:28.000Z</time>
        <extensions>
          <ns3:TrackPointExtension/>
        </extensions>
      </trkpt>
      <trkpt lat="39.90581997670233249664306640625" lon="116.612268984317779541015625">
        <ele>27.799999237060546875</ele>
        <time>2022-05-07T13:28:33.000Z</time>
        <extensions>
          <ns3:TrackPointExtension/>
        </extensions>
      </trkpt>
      <trkpt lat="39.90579399280250072479248046875" lon="116.61208198405802249908447265625">
        <ele>27.6000003814697265625</ele>
        <time>2022-05-07T13:28:38.000Z</time>
        <extensions>
          <ns3:TrackPointExtension/>
        </extensions>
      </trkpt>
      <trkpt lat="39.90578695200383663177490234375" lon="116.61190294660627841949462890625">
        <ele>27.3999996185302734375</ele>
        <time>2022-05-07T13:28:43.000Z</time>
        <extensions>
          <ns3:TrackPointExtension/>
        </extensions>
      </trkpt>
      <trkpt lat="39.905773960053920745849609375" lon="116.61173296160995960235595703125">
        <ele>26.799999237060546875</ele>
        <time>2022-05-07T13:28:48.000Z</time>
        <extensions>
          <ns3:TrackPointExtension/>
        </extensions>
      </trkpt>
      <trkpt lat="39.90576096810400485992431640625" lon="116.61158191971480846405029296875">
        <ele>26.3999996185302734375</ele>
        <time>2022-05-07T13:28:53.000Z</time>
        <extensions>
          <ns3:TrackPointExtension/>
        </extensions>
      </trkpt>
      <trkpt lat="39.90573599003255367279052734375" lon="116.6114939935505390167236328125">
        <ele>26.200000762939453125</ele>
        <time>2022-05-07T13:28:58.000Z</time>
        <extensions>
          <ns3:TrackPointExtension/>
        </extensions>
      </trkpt>
      <trkpt lat="39.90567798726260662078857421875" lon="116.6115729510784149169921875">
        <ele>26.6000003814697265625</ele>
        <time>2022-05-07T13:29:03.000Z</time>
        <extensions>
          <ns3:TrackPointExtension/>
        </extensions>
      </trkpt>
      <trkpt lat="39.905709922313690185546875" lon="116.61173597909510135650634765625">
        <ele>27</ele>
        <time>2022-05-07T13:29:08.000Z</time>
        <extensions>
          <ns3:TrackPointExtension/>
        </extensions>
      </trkpt>
      <trkpt lat="39.90573196671903133392333984375" lon="116.611868999898433685302734375">
        <ele>27.3999996185302734375</ele>
        <time>2022-05-07T13:29:13.000Z</time>
        <extensions>
          <ns3:TrackPointExtension/>
        </extensions>
      </trkpt>
      <trkpt lat="39.9057499878108501434326171875" lon="116.612091958522796630859375">
        <ele>27.6000003814697265625</ele>
        <time>2022-05-07T13:29:18.000Z</time>
        <extensions>
          <ns3:TrackPointExtension/>
        </extensions>
      </trkpt>
      <trkpt lat="39.90576197393238544464111328125" lon="116.6122869215905666351318359375">
        <ele>28</ele>
        <time>2022-05-07T13:29:23.000Z</time>
        <extensions>
          <ns3:TrackPointExtension/>
        </extensions>
      </trkpt>
      <trkpt lat="39.90576297976076602935791015625" lon="116.6124729998409748077392578125">
        <ele>28</ele>
        <time>2022-05-07T13:29:28.000Z</time>
        <extensions>
          <ns3:TrackPointExtension/>
        </extensions>
      </trkpt>
      <trkpt lat="39.90578192286193370819091796875" lon="116.61265094764530658721923828125">
        <ele>28</ele>
        <time>2022-05-07T13:29:33.000Z</time>
        <extensions>
          <ns3:TrackPointExtension/>
        </extensions>
      </trkpt>
      <trkpt lat="39.90582098253071308135986328125" lon="116.612842977046966552734375">
        <ele>28.200000762939453125</ele>
        <time>2022-05-07T13:29:38.000Z</time>
        <extensions>
          <ns3:TrackPointExtension/>
        </extensions>
      </trkpt>
      <trkpt lat="39.90584495477378368377685546875" lon="116.612959988415241241455078125">
        <ele>28.3999996185302734375</ele>
        <time>2022-05-07T13:29:43.000Z</time>
        <extensions>
          <ns3:TrackPointExtension/>
        </extensions>
      </trkpt>
      <trkpt lat="39.90586892701685428619384765625" lon="116.61311195231974124908447265625">
        <ele>28.6000003814697265625</ele>
        <time>2022-05-07T13:29:48.000Z</time>
        <extensions>
          <ns3:TrackPointExtension/>
        </extensions>
      </trkpt>
      <trkpt lat="39.905883930623531341552734375" lon="116.61325494758784770965576171875">
        <ele>28.799999237060546875</ele>
        <time>2022-05-07T13:29:53.000Z</time>
        <extensions>
          <ns3:TrackPointExtension/>
        </extensions>
      </trkpt>
      <trkpt lat="39.90586993284523487091064453125" lon="116.6134369187057018280029296875">
        <ele>28.6000003814697265625</ele>
        <time>2022-05-07T13:29:58.000Z</time>
        <extensions>
          <ns3:TrackPointExtension/>
        </extensions>
      </trkpt>
      <trkpt lat="39.905832968652248382568359375" lon="116.6135639883577823638916015625">
        <ele>28.6000003814697265625</ele>
        <time>2022-05-07T13:30:03.000Z</time>
        <extensions>
          <ns3:TrackPointExtension/>
        </extensions>
      </trkpt>
      <trkpt lat="39.90581595338881015777587890625" lon="116.613696925342082977294921875">
        <ele>28.6000003814697265625</ele>
        <time>2022-05-07T13:30:08.000Z</time>
        <extensions>
          <ns3:TrackPointExtension/>
        </extensions>
      </trkpt>
      <trkpt lat="39.90580991841852664947509765625" lon="116.61388493143022060394287109375">
        <ele>28.6000003814697265625</ele>
        <time>2022-05-07T13:30:13.000Z</time>
        <extensions>
          <ns3:TrackPointExtension/>
        </extensions>
      </trkpt>
      <trkpt lat="39.9058009497821331024169921875" lon="116.61406899802386760711669921875">
        <ele>28.3999996185302734375</ele>
        <time>2022-05-07T13:30:18.000Z</time>
        <extensions>
          <ns3:TrackPointExtension/>
        </extensions>
      </trkpt>
      <trkpt lat="39.905769936740398406982421875" lon="116.61422993056476116180419921875">
        <ele>28.200000762939453125</ele>
        <time>2022-05-07T13:30:23.000Z</time>
        <extensions>
          <ns3:TrackPointExtension/>
        </extensions>
      </trkpt>
      <trkpt lat="39.90576499141752719879150390625" lon="116.61438097245991230010986328125">
        <ele>27.799999237060546875</ele>
        <time>2022-05-07T13:30:28.000Z</time>
        <extensions>
          <ns3:TrackPointExtension/>
        </extensions>
      </trkpt>
      <trkpt lat="39.90578795783221721649169921875" lon="116.61449798382818698883056640625">
        <ele>27.6000003814697265625</ele>
        <time>2022-05-07T13:30:33.000Z</time>
        <extensions>
          <ns3:TrackPointExtension/>
        </extensions>
      </trkpt>
      <trkpt lat="39.90581997670233249664306640625" lon="116.61467199213802814483642578125">
        <ele>27.200000762939453125</ele>
        <time>2022-05-07T13:30:38.000Z</time>
        <extensions>
          <ns3:TrackPointExtension/>
        </extensions>
      </trkpt>
      <trkpt lat="39.9057399295270442962646484375" lon="116.614793948829174041748046875">
        <ele>27.3999996185302734375</ele>
        <time>2022-05-07T13:30:43.000Z</time>
        <extensions>
          <ns3:TrackPointExtension/>
        </extensions>
      </trkpt>
      <trkpt lat="39.9056879617273807525634765625" lon="116.61495194770395755767822265625">
        <ele>27.799999237060546875</ele>
        <time>2022-05-07T13:30:48.000Z</time>
        <extensions>
          <ns3:TrackPointExtension/>
        </extensions>
      </trkpt>
      <trkpt lat="39.90570497699081897735595703125" lon="116.61512595601379871368408203125">
        <ele>27.799999237060546875</ele>
        <time>2022-05-07T13:30:53.000Z</time>
        <extensions>
          <ns3:TrackPointExtension/>
        </extensions>
      </trkpt>
      <trkpt lat="39.9056849442422389984130859375" lon="116.61529292352497577667236328125">
        <ele>28.200000762939453125</ele>
        <time>2022-05-07T13:30:58.000Z</time>
        <extensions>
          <ns3:TrackPointExtension/>
        </extensions>
      </trkpt>
      <trkpt lat="39.90570799447596073150634765625" lon="116.61543692462146282196044921875">
        <ele>28.200000762939453125</ele>
        <time>2022-05-07T13:31:03.000Z</time>
        <extensions>
          <ns3:TrackPointExtension/>
        </extensions>
      </trkpt>
      <trkpt lat="39.90569894202053546905517578125" lon="116.6156319715082645416259765625">
        <ele>28.6000003814697265625</ele>
        <time>2022-05-07T13:31:08.000Z</time>
        <extensions>
          <ns3:TrackPointExtension/>
        </extensions>
      </trkpt>
      <trkpt lat="39.90567597560584545135498046875" lon="116.61586993373930454254150390625">
        <ele>29.6000003814697265625</ele>
        <time>2022-05-07T13:31:13.000Z</time>
        <extensions>
          <ns3:TrackPointExtension/>
        </extensions>
      </trkpt>
      <trkpt lat="39.90566893480718135833740234375" lon="116.61604394204914569854736328125">
        <ele>29.799999237060546875</ele>
        <time>2022-05-07T13:31:18.000Z</time>
        <extensions>
          <ns3:TrackPointExtension/>
        </extensions>
      </trkpt>
      <trkpt lat="39.9056809209287166595458984375" lon="116.61621593870222568511962890625">
        <ele>29.799999237060546875</ele>
        <time>2022-05-07T13:31:23.000Z</time>
        <extensions>
          <ns3:TrackPointExtension/>
        </extensions>
      </trkpt>
      <trkpt lat="39.9056549370288848876953125" lon="116.6164289228618144989013671875">
        <ele>29.3999996185302734375</ele>
        <time>2022-05-07T13:31:28.000Z</time>
        <extensions>
          <ns3:TrackPointExtension/>
        </extensions>
      </trkpt>
      <trkpt lat="39.9056349880993366241455078125" lon="116.61663495004177093505859375">
        <ele>28.799999237060546875</ele>
        <time>2022-05-07T13:31:33.000Z</time>
        <extensions>
          <ns3:TrackPointExtension/>
        </extensions>
      </trkpt>
      <trkpt lat="39.90562199614942073822021484375" lon="116.61678791977465152740478515625">
        <ele>28.3999996185302734375</ele>
        <time>2022-05-07T13:31:38.000Z</time>
        <extensions>
          <ns3:TrackPointExtension/>
        </extensions>
      </trkpt>
      <trkpt lat="39.9056259356439113616943359375" lon="116.61698497831821441650390625">
        <ele>28.3999996185302734375</ele>
        <time>2022-05-07T13:31:43.000Z</time>
        <extensions>
          <ns3:TrackPointExtension/>
        </extensions>
      </trkpt>
      <trkpt lat="39.9055759795010089874267578125" lon="116.617096960544586181640625">
        <ele>28.6000003814697265625</ele>
        <time>2022-05-07T13:31:48.000Z</time>
        <extensions>
          <ns3:TrackPointExtension/>
        </extensions>
      </trkpt>
      <trkpt lat="39.90555695258080959320068359375" lon="116.6173039935529232025146484375">
        <ele>28.6000003814697265625</ele>
        <time>2022-05-07T13:31:53.000Z</time>
        <extensions>
          <ns3:TrackPointExtension/>
        </extensions>
      </trkpt>
      <trkpt lat="39.90553197450935840606689453125" lon="116.617553941905498504638671875">
        <ele>28.6000003814697265625</ele>
        <time>2022-05-07T13:31:58.000Z</time>
        <extensions>
          <ns3:TrackPointExtension/>
        </extensions>
      </trkpt>
      <trkpt lat="39.905537925660610198974609375" lon="116.61774295382201671600341796875">
        <ele>28</ele>
        <time>2022-05-07T13:32:03.000Z</time>
        <extensions>
          <ns3:TrackPointExtension/>
        </extensions>
      </trkpt>
      <trkpt lat="39.905540943145751953125" lon="116.6179029643535614013671875">
        <ele>27.3999996185302734375</ele>
        <time>2022-05-07T13:32:08.000Z</time>
        <extensions>
          <ns3:TrackPointExtension/>
        </extensions>
      </trkpt>
      <trkpt lat="39.90555795840919017791748046875" lon="116.61806196905672550201416015625">
        <ele>26.799999237060546875</ele>
        <time>2022-05-07T13:32:13.000Z</time>
        <extensions>
          <ns3:TrackPointExtension/>
        </extensions>
      </trkpt>
      <trkpt lat="39.9055779911577701568603515625" lon="116.61825894378125667572021484375">
        <ele>26.6000003814697265625</ele>
        <time>2022-05-07T13:32:18.000Z</time>
        <extensions>
          <ns3:TrackPointExtension/>
        </extensions>
      </trkpt>
      <trkpt lat="39.90561394952237606048583984375" lon="116.618424989283084869384765625">
        <ele>26.799999237060546875</ele>
        <time>2022-05-07T13:32:23.000Z</time>
        <extensions>
          <ns3:TrackPointExtension/>
        </extensions>
      </trkpt>
      <trkpt lat="39.90563892759382724761962890625" lon="116.61860193125903606414794921875">
        <ele>27</ele>
        <time>2022-05-07T13:32:28.000Z</time>
        <extensions>
          <ns3:TrackPointExtension/>
        </extensions>
      </trkpt>
      <trkpt lat="39.9056549370288848876953125" lon="116.6187959723174571990966796875">
        <ele>27.3999996185302734375</ele>
        <time>2022-05-07T13:32:33.000Z</time>
        <extensions>
          <ns3:TrackPointExtension/>
        </extensions>
      </trkpt>
      <trkpt lat="39.90567094646394252777099609375" lon="116.6189689747989177703857421875">
        <ele>27.6000003814697265625</ele>
        <time>2022-05-07T13:32:38.000Z</time>
        <extensions>
          <ns3:TrackPointExtension/>
        </extensions>
      </trkpt>
      <trkpt lat="39.9056889675557613372802734375" lon="116.61915798671543598175048828125">
        <ele>27.3999996185302734375</ele>
        <time>2022-05-07T13:32:43.000Z</time>
        <extensions>
          <ns3:TrackPointExtension/>
        </extensions>
      </trkpt>
      <trkpt lat="39.90572794340550899505615234375" lon="116.61930399946868419647216796875">
        <ele>27.200000762939453125</ele>
        <time>2022-05-07T13:32:48.000Z</time>
        <extensions>
          <ns3:TrackPointExtension/>
        </extensions>
      </trkpt>
      <trkpt lat="39.90575795061886310577392578125" lon="116.61943995393812656402587890625">
        <ele>27</ele>
        <time>2022-05-07T13:32:53.000Z</time>
        <extensions>
          <ns3:TrackPointExtension/>
        </extensions>
      </trkpt>
      <trkpt lat="39.90576297976076602935791015625" lon="116.61957196891307830810546875">
        <ele>27.200000762939453125</ele>
        <time>2022-05-07T13:32:58.000Z</time>
        <extensions>
          <ns3:TrackPointExtension/>
        </extensions>
      </trkpt>
      <trkpt lat="39.9057519994676113128662109375" lon="116.61975595168769359588623046875">
        <ele>27.3999996185302734375</ele>
        <time>2022-05-07T13:33:03.000Z</time>
        <extensions>
          <ns3:TrackPointExtension/>
        </extensions>
      </trkpt>
      <trkpt lat="39.90576398558914661407470703125" lon="116.61990699358284473419189453125">
        <ele>27.6000003814697265625</ele>
        <time>2022-05-07T13:33:08.000Z</time>
        <extensions>
          <ns3:TrackPointExtension/>
        </extensions>
      </trkpt>
      <trkpt lat="39.905771948397159576416015625" lon="116.62009097635746002197265625">
        <ele>28.200000762939453125</ele>
        <time>2022-05-07T13:33:13.000Z</time>
        <extensions>
          <ns3:TrackPointExtension/>
        </extensions>
      </trkpt>
      <trkpt lat="39.90578192286193370819091796875" lon="116.6202579438686370849609375">
        <ele>28.6000003814697265625</ele>
        <time>2022-05-07T13:33:18.000Z</time>
        <extensions>
          <ns3:TrackPointExtension/>
        </extensions>
      </trkpt>
      <trkpt lat="39.90579198114573955535888671875" lon="116.6204109974205493927001953125">
        <ele>28.799999237060546875</ele>
        <time>2022-05-07T13:33:23.000Z</time>
        <extensions>
          <ns3:TrackPointExtension/>
        </extensions>
      </trkpt>
      <trkpt lat="39.905824922025203704833984375" lon="116.6205769591033458709716796875">
        <ele>29.200000762939453125</ele>
        <time>2022-05-07T13:33:28.000Z</time>
        <extensions>
          <ns3:TrackPointExtension/>
        </extensions>
      </trkpt>
      <trkpt lat="39.90587395615875720977783203125" lon="116.62072791717946529388427734375">
        <ele>29.3999996185302734375</ele>
        <time>2022-05-07T13:33:33.000Z</time>
        <extensions>
          <ns3:TrackPointExtension/>
        </extensions>
      </trkpt>
      <trkpt lat="39.905893988907337188720703125" lon="116.62082992494106292724609375">
        <ele>29.3999996185302734375</ele>
        <time>2022-05-07T13:33:38.000Z</time>
        <extensions>
          <ns3:TrackPointExtension/>
        </extensions>
      </trkpt>
      <trkpt lat="39.90593296475708484649658203125" lon="116.62082196213304996490478515625">
        <ele>29.3999996185302734375</ele>
        <time>2022-05-07T13:33:43.000Z</time>
        <extensions>
          <ns3:TrackPointExtension/>
        </extensions>
      </trkpt>
      <trkpt lat="39.9059789814054965972900390625" lon="116.6208019293844699859619140625">
        <ele>29.3999996185302734375</ele>
        <time>2022-05-07T13:33:48.000Z</time>
        <extensions>
          <ns3:TrackPointExtension/>
        </extensions>
      </trkpt>
      <trkpt lat="39.906005971133708953857421875" lon="116.62085096351802349090576171875">
        <ele>29.200000762939453125</ele>
        <time>2022-05-07T13:33:53.000Z</time>
        <extensions>
          <ns3:TrackPointExtension/>
        </extensions>
      </trkpt>
      <trkpt lat="39.90604494698345661163330078125" lon="116.62093696184456348419189453125">
        <ele>29.200000762939453125</ele>
        <time>2022-05-07T13:33:58.000Z</time>
        <extensions>
          <ns3:TrackPointExtension/>
        </extensions>
      </trkpt>
      <trkpt lat="39.90610596723854541778564453125" lon="116.62107492797076702117919921875">
        <ele>29.200000762939453125</ele>
        <time>2022-05-07T13:34:03.000Z</time>
        <extensions>
          <ns3:TrackPointExtension/>
        </extensions>
      </trkpt>
      <trkpt lat="39.9061449430882930755615234375" lon="116.6212649457156658172607421875">
        <ele>29.200000762939453125</ele>
        <time>2022-05-07T13:34:08.000Z</time>
        <extensions>
          <ns3:TrackPointExtension/>
        </extensions>
      </trkpt>
      <trkpt lat="39.90621694363653659820556640625" lon="116.62148396484553813934326171875">
        <ele>29</ele>
        <time>2022-05-07T13:34:13.000Z</time>
        <extensions>
          <ns3:TrackPointExtension/>
        </extensions>
      </trkpt>
      <trkpt lat="39.90628299303352832794189453125" lon="116.6216659359633922576904296875">
        <ele>29.200000762939453125</ele>
        <time>2022-05-07T13:34:18.000Z</time>
        <extensions>
          <ns3:TrackPointExtension/>
        </extensions>
      </trkpt>
      <trkpt lat="39.9063189513981342315673828125" lon="116.62179493345320224761962890625">
        <ele>29.3999996185302734375</ele>
        <time>2022-05-07T13:34:23.000Z</time>
        <extensions>
          <ns3:TrackPointExtension/>
        </extensions>
      </trkpt>
      <trkpt lat="39.906351976096630096435546875" lon="116.6218379326164722442626953125">
        <ele>29.3999996185302734375</ele>
        <time>2022-05-07T13:34:28.000Z</time>
        <extensions>
          <ns3:TrackPointExtension/>
        </extensions>
      </trkpt>
      <trkpt lat="39.906351976096630096435546875" lon="116.6218359209597110748291015625">
        <ele>29.3999996185302734375</ele>
        <time>2022-05-07T13:34:33.000Z</time>
        <extensions>
          <ns3:TrackPointExtension/>
        </extensions>
      </trkpt>
      <trkpt lat="39.9064289219677448272705078125" lon="116.62183399312198162078857421875">
        <ele>29.3999996185302734375</ele>
        <time>2022-05-07T13:34:38.000Z</time>
        <extensions>
          <ns3:TrackPointExtension/>
        </extensions>
      </trkpt>
      <trkpt lat="39.906526990234851837158203125" lon="116.62170893512666225433349609375">
        <ele>29</ele>
        <time>2022-05-07T13:34:43.000Z</time>
        <extensions>
          <ns3:TrackPointExtension/>
        </extensions>
      </trkpt>
      <trkpt lat="39.90650092251598834991455078125" lon="116.62157197482883930206298828125">
        <ele>28.6000003814697265625</ele>
        <time>2022-05-07T13:34:48.000Z</time>
        <extensions>
          <ns3:TrackPointExtension/>
        </extensions>
      </trkpt>
      <trkpt lat="39.9064899422228336334228515625" lon="116.62144691683351993560791015625">
        <ele>28.3999996185302734375</ele>
        <time>2022-05-07T13:34:53.000Z</time>
        <extensions>
          <ns3:TrackPointExtension/>
        </extensions>
      </trkpt>
      <trkpt lat="39.90651299245655536651611328125" lon="116.62131699733436107635498046875">
        <ele>28.3999996185302734375</ele>
        <time>2022-05-07T13:34:58.000Z</time>
        <extensions>
          <ns3:TrackPointExtension/>
        </extensions>
      </trkpt>
      <trkpt lat="39.90648399107158184051513671875" lon="116.62122999317944049835205078125">
        <ele>28.3999996185302734375</ele>
        <time>2022-05-07T13:35:03.000Z</time>
        <extensions>
          <ns3:TrackPointExtension/>
        </extensions>
      </trkpt>
      <trkpt lat="39.90645096637308597564697265625" lon="116.62113192491233348846435546875">
        <ele>28.3999996185302734375</ele>
        <time>2022-05-07T13:35:08.000Z</time>
        <extensions>
          <ns3:TrackPointExtension/>
        </extensions>
      </trkpt>
      <trkpt lat="39.90647292695939540863037109375" lon="116.62099496461451053619384765625">
        <ele>28.3999996185302734375</ele>
        <time>2022-05-07T13:35:13.000Z</time>
        <extensions>
          <ns3:TrackPointExtension/>
        </extensions>
      </trkpt>
      <trkpt lat="39.9064899422228336334228515625" lon="116.6208129934966564178466796875">
        <ele>28.200000762939453125</ele>
        <time>2022-05-07T13:35:18.000Z</time>
        <extensions>
          <ns3:TrackPointExtension/>
        </extensions>
      </trkpt>
      <trkpt lat="39.90650896914303302764892578125" lon="116.62067092023789882659912109375">
        <ele>28</ele>
        <time>2022-05-07T13:35:23.000Z</time>
        <extensions>
          <ns3:TrackPointExtension/>
        </extensions>
      </trkpt>
      <trkpt lat="39.9065449275076389312744140625" lon="116.62053798325359821319580078125">
        <ele>27.6000003814697265625</ele>
        <time>2022-05-07T13:35:28.000Z</time>
        <extensions>
          <ns3:TrackPointExtension/>
        </extensions>
      </trkpt>
      <trkpt lat="39.90659999661147594451904296875" lon="116.62009793333709239959716796875">
        <ele>26.799999237060546875</ele>
        <time>2022-05-07T13:35:33.000Z</time>
        <extensions>
          <ns3:TrackPointExtension/>
        </extensions>
      </trkpt>
      <trkpt lat="39.90656998939812183380126953125" lon="116.6200569458305835723876953125">
        <ele>26.799999237060546875</ele>
        <time>2022-05-07T13:35:38.000Z</time>
        <extensions>
          <ns3:TrackPointExtension/>
        </extensions>
      </trkpt>
      <trkpt lat="39.90647795610129833221435546875" lon="116.61996399052441120147705078125">
        <ele>26.799999237060546875</ele>
        <time>2022-05-07T13:35:43.000Z</time>
        <extensions>
          <ns3:TrackPointExtension/>
        </extensions>
      </trkpt>
      <trkpt lat="39.90641492418944835662841796875" lon="116.61996893584728240966796875">
        <ele>26.799999237060546875</ele>
        <time>2022-05-07T13:35:48.000Z</time>
        <extensions>
          <ns3:TrackPointExtension/>
        </extensions>
      </trkpt>
      <trkpt lat="39.90634493529796600341796875" lon="116.62006692029535770416259765625">
        <ele>27.200000762939453125</ele>
        <time>2022-05-07T13:35:53.000Z</time>
        <extensions>
          <ns3:TrackPointExtension/>
        </extensions>
      </trkpt>
      <trkpt lat="39.9063779599964618682861328125" lon="116.62014596164226531982421875">
        <ele>27.200000762939453125</ele>
        <time>2022-05-07T13:35:58.000Z</time>
        <extensions>
          <ns3:TrackPointExtension/>
        </extensions>
      </trkpt>
      <trkpt lat="39.90645096637308597564697265625" lon="116.6202889569103717803955078125">
        <ele>27.200000762939453125</ele>
        <time>2022-05-07T13:36:03.000Z</time>
        <extensions>
          <ns3:TrackPointExtension/>
        </extensions>
      </trkpt>
      <trkpt lat="39.906465969979763031005859375" lon="116.62038492970168590545654296875">
        <ele>27.3999996185302734375</ele>
        <time>2022-05-07T13:36:08.000Z</time>
        <extensions>
          <ns3:TrackPointExtension/>
        </extensions>
      </trkpt>
      <trkpt lat="39.90646295249462127685546875" lon="116.62053094245493412017822265625">
        <ele>27.799999237060546875</ele>
        <time>2022-05-07T13:36:13.000Z</time>
        <extensions>
          <ns3:TrackPointExtension/>
        </extensions>
      </trkpt>
      <trkpt lat="39.9064399860799312591552734375" lon="116.6206869296729564666748046875">
        <ele>28.200000762939453125</ele>
        <time>2022-05-07T13:36:18.000Z</time>
        <extensions>
          <ns3:TrackPointExtension/>
        </extensions>
      </trkpt>
      <trkpt lat="39.90645398385822772979736328125" lon="116.62090393714606761932373046875">
        <ele>28.3999996185302734375</ele>
        <time>2022-05-07T13:36:23.000Z</time>
        <extensions>
          <ns3:TrackPointExtension/>
        </extensions>
      </trkpt>
      <trkpt lat="39.9064389802515506744384765625" lon="116.621062941849231719970703125">
        <ele>28.6000003814697265625</ele>
        <time>2022-05-07T13:36:28.000Z</time>
        <extensions>
          <ns3:TrackPointExtension/>
        </extensions>
      </trkpt>
      <trkpt lat="39.906460940837860107421875" lon="116.6212689690291881561279296875">
        <ele>28.3999996185302734375</ele>
        <time>2022-05-07T13:36:33.000Z</time>
        <extensions>
          <ns3:TrackPointExtension/>
        </extensions>
      </trkpt>
      <trkpt lat="39.90648499689996242523193359375" lon="116.621473990380764007568359375">
        <ele>28.3999996185302734375</ele>
        <time>2022-05-07T13:36:38.000Z</time>
        <extensions>
          <ns3:TrackPointExtension/>
        </extensions>
      </trkpt>
      <trkpt lat="39.9064869247376918792724609375" lon="116.621589995920658111572265625">
        <ele>28.6000003814697265625</ele>
        <time>2022-05-07T13:36:43.000Z</time>
        <extensions>
          <ns3:TrackPointExtension/>
        </extensions>
      </trkpt>
      <trkpt lat="39.90650695748627185821533203125" lon="116.6217259503901004791259765625">
        <ele>29</ele>
        <time>2022-05-07T13:36:48.000Z</time>
        <extensions>
          <ns3:TrackPointExtension/>
        </extensions>
      </trkpt>
      <trkpt lat="39.9064859189093112945556640625" lon="116.62188294343650341033935546875">
        <ele>29.3999996185302734375</ele>
        <time>2022-05-07T13:36:53.000Z</time>
        <extensions>
          <ns3:TrackPointExtension/>
        </extensions>
      </trkpt>
      <trkpt lat="39.9064939655363559722900390625" lon="116.62208897061645984649658203125">
        <ele>29.6000003814697265625</ele>
        <time>2022-05-07T13:36:58.000Z</time>
        <extensions>
          <ns3:TrackPointExtension/>
        </extensions>
      </trkpt>
      <trkpt lat="39.90648499689996242523193359375" lon="116.6222439520061016082763671875">
        <ele>29.799999237060546875</ele>
        <time>2022-05-07T13:37:03.000Z</time>
        <extensions>
          <ns3:TrackPointExtension/>
        </extensions>
      </trkpt>
      <trkpt lat="39.90644895471632480621337890625" lon="116.62231192924082279205322265625">
        <ele>30</ele>
        <time>2022-05-07T13:37:08.000Z</time>
        <extensions>
          <ns3:TrackPointExtension/>
        </extensions>
      </trkpt>
      <trkpt lat="39.90646898746490478515625" lon="116.6222969256341457366943359375">
        <ele>30</ele>
        <time>2022-05-07T13:37:13.000Z</time>
        <extensions>
          <ns3:TrackPointExtension/>
        </extensions>
      </trkpt>
      <trkpt lat="39.90650796331465244293212890625" lon="116.62226197309792041778564453125">
        <ele>29.799999237060546875</ele>
        <time>2022-05-07T13:37:18.000Z</time>
        <extensions>
          <ns3:TrackPointExtension/>
        </extensions>
      </trkpt>
      <trkpt lat="39.90649991668760776519775390625" lon="116.62223397754132747650146484375">
        <ele>29.799999237060546875</ele>
        <time>2022-05-07T13:37:23.000Z</time>
        <extensions>
          <ns3:TrackPointExtension/>
        </extensions>
      </trkpt>
      <trkpt lat="39.90647099912166595458984375" lon="116.622163988649845123291015625">
        <ele>29.799999237060546875</ele>
        <time>2022-05-07T13:37:28.000Z</time>
        <extensions>
          <ns3:TrackPointExtension/>
        </extensions>
      </trkpt>
      <trkpt lat="39.90645398385822772979736328125" lon="116.62206499837338924407958984375">
        <ele>29.6000003814697265625</ele>
        <time>2022-05-07T13:37:33.000Z</time>
        <extensions>
          <ns3:TrackPointExtension/>
        </extensions>
      </trkpt>
      <trkpt lat="39.90645398385822772979736328125" lon="116.62203197367489337921142578125">
        <ele>29.6000003814697265625</ele>
        <time>2022-05-07T13:37:38.000Z</time>
        <extensions>
          <ns3:TrackPointExtension/>
        </extensions>
      </trkpt>
      <trkpt lat="39.90640796720981597900390625" lon="116.62197497673332691192626953125">
        <ele>29.6000003814697265625</ele>
        <time>2022-05-07T13:37:43.000Z</time>
        <extensions>
          <ns3:TrackPointExtension/>
        </extensions>
      </trkpt>
      <trkpt lat="39.906404949724674224853515625" lon="116.6218959353864192962646484375">
        <ele>29.3999996185302734375</ele>
        <time>2022-05-07T13:37:48.000Z</time>
        <extensions>
          <ns3:TrackPointExtension/>
        </extensions>
      </trkpt>
      <trkpt lat="39.9064349569380283355712890625" lon="116.6219049878418445587158203125">
        <ele>29.3999996185302734375</ele>
        <time>2022-05-07T13:37:53.000Z</time>
        <extensions>
          <ns3:TrackPointExtension/>
        </extensions>
      </trkpt>
      <trkpt lat="39.90645096637308597564697265625" lon="116.621865928173065185546875">
        <ele>29.3999996185302734375</ele>
        <time>2022-05-07T13:37:58.000Z</time>
        <extensions>
          <ns3:TrackPointExtension/>
        </extensions>
      </trkpt>
      <trkpt lat="39.9064339511096477508544921875" lon="116.6217519342899322509765625">
        <ele>29.200000762939453125</ele>
        <time>2022-05-07T13:38:03.000Z</time>
        <extensions>
          <ns3:TrackPointExtension/>
        </extensions>
      </trkpt>
      <trkpt lat="39.90641391836106777191162109375" lon="116.62166199646890163421630859375">
        <ele>29</ele>
        <time>2022-05-07T13:38:08.000Z</time>
        <extensions>
          <ns3:TrackPointExtension/>
        </extensions>
      </trkpt>
      <trkpt lat="39.906400926411151885986328125" lon="116.6215529479086399078369140625">
        <ele>28.799999237060546875</ele>
        <time>2022-05-07T13:38:13.000Z</time>
        <extensions>
          <ns3:TrackPointExtension/>
        </extensions>
      </trkpt>
      <trkpt lat="39.90639396943151950836181640625" lon="116.62145898677408695220947265625">
        <ele>28.6000003814697265625</ele>
        <time>2022-05-07T13:38:18.000Z</time>
        <extensions>
          <ns3:TrackPointExtension/>
        </extensions>
      </trkpt>
      <trkpt lat="39.90635692141950130462646484375" lon="116.62134893238544464111328125">
        <ele>28.799999237060546875</ele>
        <time>2022-05-07T13:38:23.000Z</time>
        <extensions>
          <ns3:TrackPointExtension/>
        </extensions>
      </trkpt>
      <trkpt lat="39.90639598108828067779541015625" lon="116.62119797430932521820068359375">
        <ele>28.6000003814697265625</ele>
        <time>2022-05-07T13:38:28.000Z</time>
        <extensions>
          <ns3:TrackPointExtension/>
        </extensions>
      </trkpt>
      <trkpt lat="39.9064389802515506744384765625" lon="116.6210879199206829071044921875">
        <ele>28.6000003814697265625</ele>
        <time>2022-05-07T13:38:33.000Z</time>
        <extensions>
          <ns3:TrackPointExtension/>
        </extensions>
      </trkpt>
      <trkpt lat="39.90638894028961658477783203125" lon="116.62095598876476287841796875">
        <ele>28.6000003814697265625</ele>
        <time>2022-05-07T13:38:38.000Z</time>
        <extensions>
          <ns3:TrackPointExtension/>
        </extensions>
      </trkpt>
      <trkpt lat="39.9063219688832759857177734375" lon="116.6208129934966564178466796875">
        <ele>28.799999237060546875</ele>
        <time>2022-05-07T13:38:43.000Z</time>
        <extensions>
          <ns3:TrackPointExtension/>
        </extensions>
      </trkpt>
      <trkpt lat="39.9063219688832759857177734375" lon="116.6208129934966564178466796875">
        <ele>28.799999237060546875</ele>
        <time>2022-05-07T13:42:10.000Z</time>
        <extensions>
          <ns3:TrackPointExtension/>
        </extensions>
      </trkpt>
    </trkseg>
  </trk>
</gpx>
