<?xml version="1.0" encoding="UTF-8"?>
<gpx xmlns="http://www.topografix.com/GPX/1/1" xmlns:gpxtpx="http://www.garmin.com/xmlschemas/TrackPointExtension/v1" xmlns:xsi="http://www.w3.org/2001/XMLSchema-instance" xsi:schemaLocation="http://www.topografix.com/GPX/1/1 http://www.topografix.com/GPX/1/1/gpx.xsd" version="1.1" creator="gpx.py -- https://github.com/tkrajina/gpxpy">
  <trk>
    <name>gpx from keep</name>
    <trkseg>
      <trkpt lat="39.89754" lon="116.63549">
        <time>2020-09-17T12:30:06Z</time>
      </trkpt>
      <trkpt lat="39.897448" lon="116.635486">
        <time>2020-09-17T12:30:11Z</time>
      </trkpt>
      <trkpt lat="39.897315" lon="116.635469">
        <time>2020-09-17T12:30:16Z</time>
      </trkpt>
      <trkpt lat="39.897213" lon="116.635506">
        <time>2020-09-17T12:30:21Z</time>
      </trkpt>
      <trkpt lat="39.897137" lon="116.635573">
        <time>2020-09-17T12:30:26Z</time>
      </trkpt>
      <trkpt lat="39.897045" lon="116.635651">
        <time>2020-09-17T12:30:31Z</time>
      </trkpt>
      <trkpt lat="39.896934" lon="116.635706">
        <time>2020-09-17T12:30:36Z</time>
      </trkpt>
      <trkpt lat="39.896815" lon="116.635794">
        <time>2020-09-17T12:30:41Z</time>
      </trkpt>
      <trkpt lat="39.89667" lon="116.635861">
        <time>2020-09-17T12:30:46Z</time>
      </trkpt>
      <trkpt lat="39.896566" lon="116.635912">
        <time>2020-09-17T12:30:51Z</time>
      </trkpt>
      <trkpt lat="39.896456" lon="116.635971">
        <time>2020-09-17T12:30:56Z</time>
      </trkpt>
      <trkpt lat="39.896235" lon="116.636053">
        <time>2020-09-17T12:31:01Z</time>
      </trkpt>
      <trkpt lat="39.896235" lon="116.636053">
        <time>2020-09-17T12:31:06Z</time>
      </trkpt>
      <trkpt lat="39.89625" lon="116.636102">
        <time>2020-09-17T12:31:11Z</time>
      </trkpt>
      <trkpt lat="39.896219" lon="116.636165">
        <time>2020-09-17T12:31:16Z</time>
      </trkpt>
      <trkpt lat="39.896173" lon="116.636234">
        <time>2020-09-17T12:31:21Z</time>
      </trkpt>
      <trkpt lat="39.896154" lon="116.636239">
        <time>2020-09-17T12:31:26Z</time>
      </trkpt>
      <trkpt lat="39.896161" lon="116.636167">
        <time>2020-09-17T12:31:31Z</time>
      </trkpt>
      <trkpt lat="39.896143" lon="116.636202">
        <time>2020-09-17T12:31:36Z</time>
      </trkpt>
      <trkpt lat="39.896119" lon="116.636241">
        <time>2020-09-17T12:31:41Z</time>
      </trkpt>
      <trkpt lat="39.896097" lon="116.636293">
        <time>2020-09-17T12:31:46Z</time>
      </trkpt>
      <trkpt lat="39.896046" lon="116.636361">
        <time>2020-09-17T12:31:51Z</time>
      </trkpt>
      <trkpt lat="39.896042" lon="116.636483">
        <time>2020-09-17T12:31:56Z</time>
      </trkpt>
      <trkpt lat="39.896115" lon="116.636661">
        <time>2020-09-17T12:32:01Z</time>
      </trkpt>
      <trkpt lat="39.896203" lon="116.636904">
        <time>2020-09-17T12:32:06Z</time>
      </trkpt>
      <trkpt lat="39.896223" lon="116.637081">
        <time>2020-09-17T12:32:11Z</time>
      </trkpt>
      <trkpt lat="39.896223" lon="116.637249">
        <time>2020-09-17T12:32:16Z</time>
      </trkpt>
      <trkpt lat="39.896212" lon="116.637401">
        <time>2020-09-17T12:32:21Z</time>
      </trkpt>
      <trkpt lat="39.896219" lon="116.637561">
        <time>2020-09-17T12:32:26Z</time>
      </trkpt>
      <trkpt lat="39.896207" lon="116.637731">
        <time>2020-09-17T12:32:31Z</time>
      </trkpt>
      <trkpt lat="39.896179" lon="116.637914">
        <time>2020-09-17T12:32:36Z</time>
      </trkpt>
      <trkpt lat="39.896186" lon="116.638072">
        <time>2020-09-17T12:32:41Z</time>
      </trkpt>
      <trkpt lat="39.896239" lon="116.638283">
        <time>2020-09-17T12:32:46Z</time>
      </trkpt>
      <trkpt lat="39.896435" lon="116.639044">
        <time>2020-09-17T12:32:51Z</time>
      </trkpt>
      <trkpt lat="39.896435" lon="116.639044">
        <time>2020-09-17T12:32:56Z</time>
      </trkpt>
      <trkpt lat="39.896435" lon="116.639044">
        <time>2020-09-17T12:33:01Z</time>
      </trkpt>
      <trkpt lat="39.89641" lon="116.639056">
        <time>2020-09-17T12:33:06Z</time>
      </trkpt>
      <trkpt lat="39.896392" lon="116.63912">
        <time>2020-09-17T12:33:11Z</time>
      </trkpt>
      <trkpt lat="39.896363" lon="116.639201">
        <time>2020-09-17T12:33:16Z</time>
      </trkpt>
      <trkpt lat="39.896353" lon="116.63935">
        <time>2020-09-17T12:33:21Z</time>
      </trkpt>
      <trkpt lat="39.896357" lon="116.639492">
        <time>2020-09-17T12:33:26Z</time>
      </trkpt>
      <trkpt lat="39.896372" lon="116.639654">
        <time>2020-09-17T12:33:31Z</time>
      </trkpt>
      <trkpt lat="39.896379" lon="116.639805">
        <time>2020-09-17T12:33:36Z</time>
      </trkpt>
      <trkpt lat="39.896374" lon="116.639938">
        <time>2020-09-17T12:33:41Z</time>
      </trkpt>
      <trkpt lat="39.896363" lon="116.640081">
        <time>2020-09-17T12:33:46Z</time>
      </trkpt>
      <trkpt lat="39.896344" lon="116.640243">
        <time>2020-09-17T12:33:51Z</time>
      </trkpt>
      <trkpt lat="39.896308" lon="116.640407">
        <time>2020-09-17T12:33:56Z</time>
      </trkpt>
      <trkpt lat="39.896282" lon="116.640562">
        <time>2020-09-17T12:34:01Z</time>
      </trkpt>
      <trkpt lat="39.896289" lon="116.640693">
        <time>2020-09-17T12:34:06Z</time>
      </trkpt>
      <trkpt lat="39.896296" lon="116.640821">
        <time>2020-09-17T12:34:11Z</time>
      </trkpt>
      <trkpt lat="39.896319" lon="116.640996">
        <time>2020-09-17T12:34:16Z</time>
      </trkpt>
      <trkpt lat="39.896322" lon="116.641128">
        <time>2020-09-17T12:34:21Z</time>
      </trkpt>
      <trkpt lat="39.896311" lon="116.641296">
        <time>2020-09-17T12:34:26Z</time>
      </trkpt>
      <trkpt lat="39.89632" lon="116.641467">
        <time>2020-09-17T12:34:31Z</time>
      </trkpt>
      <trkpt lat="39.89631" lon="116.641619">
        <time>2020-09-17T12:34:36Z</time>
      </trkpt>
      <trkpt lat="39.896295" lon="116.641742">
        <time>2020-09-17T12:34:41Z</time>
      </trkpt>
      <trkpt lat="39.896266" lon="116.64187">
        <time>2020-09-17T12:34:46Z</time>
      </trkpt>
      <trkpt lat="39.896272" lon="116.642013">
        <time>2020-09-17T12:34:51Z</time>
      </trkpt>
      <trkpt lat="39.896276" lon="116.642167">
        <time>2020-09-17T12:34:56Z</time>
      </trkpt>
      <trkpt lat="39.896283" lon="116.642334">
        <time>2020-09-17T12:35:01Z</time>
      </trkpt>
      <trkpt lat="39.896298" lon="116.642494">
        <time>2020-09-17T12:35:06Z</time>
      </trkpt>
      <trkpt lat="39.896321" lon="116.642656">
        <time>2020-09-17T12:35:11Z</time>
      </trkpt>
      <trkpt lat="39.896311" lon="116.642828">
        <time>2020-09-17T12:35:16Z</time>
      </trkpt>
      <trkpt lat="39.896259" lon="116.642988">
        <time>2020-09-17T12:35:21Z</time>
      </trkpt>
      <trkpt lat="39.896245" lon="116.643148">
        <time>2020-09-17T12:35:26Z</time>
      </trkpt>
      <trkpt lat="39.896234" lon="116.643299">
        <time>2020-09-17T12:35:31Z</time>
      </trkpt>
      <trkpt lat="39.896243" lon="116.643451">
        <time>2020-09-17T12:35:36Z</time>
      </trkpt>
      <trkpt lat="39.896251" lon="116.643605">
        <time>2020-09-17T12:35:41Z</time>
      </trkpt>
      <trkpt lat="39.89627" lon="116.643746">
        <time>2020-09-17T12:35:46Z</time>
      </trkpt>
      <trkpt lat="39.896298" lon="116.643898">
        <time>2020-09-17T12:35:51Z</time>
      </trkpt>
      <trkpt lat="39.89631" lon="116.64405">
        <time>2020-09-17T12:35:56Z</time>
      </trkpt>
      <trkpt lat="39.896296" lon="116.6442">
        <time>2020-09-17T12:36:01Z</time>
      </trkpt>
      <trkpt lat="39.896293" lon="116.644347">
        <time>2020-09-17T12:36:06Z</time>
      </trkpt>
      <trkpt lat="39.8963" lon="116.644473">
        <time>2020-09-17T12:36:11Z</time>
      </trkpt>
      <trkpt lat="39.896299" lon="116.64458">
        <time>2020-09-17T12:36:16Z</time>
      </trkpt>
      <trkpt lat="39.896278" lon="116.644712">
        <time>2020-09-17T12:36:21Z</time>
      </trkpt>
      <trkpt lat="39.896253" lon="116.644866">
        <time>2020-09-17T12:36:26Z</time>
      </trkpt>
      <trkpt lat="39.896234" lon="116.645013">
        <time>2020-09-17T12:36:31Z</time>
      </trkpt>
      <trkpt lat="39.896233" lon="116.645182">
        <time>2020-09-17T12:36:36Z</time>
      </trkpt>
      <trkpt lat="39.896258" lon="116.645355">
        <time>2020-09-17T12:36:41Z</time>
      </trkpt>
      <trkpt lat="39.896284" lon="116.645484">
        <time>2020-09-17T12:36:46Z</time>
      </trkpt>
      <trkpt lat="39.896273" lon="116.645601">
        <time>2020-09-17T12:36:51Z</time>
      </trkpt>
      <trkpt lat="39.896242" lon="116.64573">
        <time>2020-09-17T12:36:56Z</time>
      </trkpt>
      <trkpt lat="39.896213" lon="116.64588">
        <time>2020-09-17T12:37:01Z</time>
      </trkpt>
      <trkpt lat="39.896189" lon="116.646023">
        <time>2020-09-17T12:37:06Z</time>
      </trkpt>
      <trkpt lat="39.896156" lon="116.646167">
        <time>2020-09-17T12:37:11Z</time>
      </trkpt>
      <trkpt lat="39.896122" lon="116.646327">
        <time>2020-09-17T12:37:16Z</time>
      </trkpt>
      <trkpt lat="39.896115" lon="116.646482">
        <time>2020-09-17T12:37:21Z</time>
      </trkpt>
      <trkpt lat="39.896107" lon="116.646633">
        <time>2020-09-17T12:37:26Z</time>
      </trkpt>
      <trkpt lat="39.896039" lon="116.646659">
        <time>2020-09-17T12:37:31Z</time>
      </trkpt>
      <trkpt lat="39.895901" lon="116.646613">
        <time>2020-09-17T12:37:36Z</time>
      </trkpt>
      <trkpt lat="39.895778" lon="116.646571">
        <time>2020-09-17T12:37:41Z</time>
      </trkpt>
      <trkpt lat="39.895668" lon="116.646489">
        <time>2020-09-17T12:37:46Z</time>
      </trkpt>
      <trkpt lat="39.89555" lon="116.646447">
        <time>2020-09-17T12:37:51Z</time>
      </trkpt>
      <trkpt lat="39.895417" lon="116.64643">
        <time>2020-09-17T12:37:56Z</time>
      </trkpt>
      <trkpt lat="39.895292" lon="116.646406">
        <time>2020-09-17T12:38:01Z</time>
      </trkpt>
      <trkpt lat="39.895172" lon="116.646378">
        <time>2020-09-17T12:38:06Z</time>
      </trkpt>
      <trkpt lat="39.895058" lon="116.646318">
        <time>2020-09-17T12:38:11Z</time>
      </trkpt>
      <trkpt lat="39.894956" lon="116.646247">
        <time>2020-09-17T12:38:16Z</time>
      </trkpt>
      <trkpt lat="39.894838" lon="116.646203">
        <time>2020-09-17T12:38:21Z</time>
      </trkpt>
      <trkpt lat="39.894719" lon="116.646148">
        <time>2020-09-17T12:38:26Z</time>
      </trkpt>
      <trkpt lat="39.894586" lon="116.646113">
        <time>2020-09-17T12:38:31Z</time>
      </trkpt>
      <trkpt lat="39.894479" lon="116.646063">
        <time>2020-09-17T12:38:36Z</time>
      </trkpt>
      <trkpt lat="39.894386" lon="116.646006">
        <time>2020-09-17T12:38:41Z</time>
      </trkpt>
      <trkpt lat="39.894279" lon="116.645972">
        <time>2020-09-17T12:38:46Z</time>
      </trkpt>
      <trkpt lat="39.894168" lon="116.645919">
        <time>2020-09-17T12:38:51Z</time>
      </trkpt>
      <trkpt lat="39.894053" lon="116.645874">
        <time>2020-09-17T12:38:56Z</time>
      </trkpt>
      <trkpt lat="39.893966" lon="116.645811">
        <time>2020-09-17T12:39:01Z</time>
      </trkpt>
      <trkpt lat="39.893916" lon="116.645867">
        <time>2020-09-17T12:39:06Z</time>
      </trkpt>
      <trkpt lat="39.893883" lon="116.64596">
        <time>2020-09-17T12:39:11Z</time>
      </trkpt>
      <trkpt lat="39.893859" lon="116.646079">
        <time>2020-09-17T12:39:16Z</time>
      </trkpt>
      <trkpt lat="39.893822" lon="116.646195">
        <time>2020-09-17T12:39:21Z</time>
      </trkpt>
      <trkpt lat="39.893704" lon="116.646265">
        <time>2020-09-17T12:39:26Z</time>
      </trkpt>
      <trkpt lat="39.893599" lon="116.646189">
        <time>2020-09-17T12:39:31Z</time>
      </trkpt>
      <trkpt lat="39.893472" lon="116.646095">
        <time>2020-09-17T12:39:36Z</time>
      </trkpt>
      <trkpt lat="39.893324" lon="116.646033">
        <time>2020-09-17T12:39:41Z</time>
      </trkpt>
      <trkpt lat="39.893165" lon="116.646002">
        <time>2020-09-17T12:39:46Z</time>
      </trkpt>
      <trkpt lat="39.893023" lon="116.645974">
        <time>2020-09-17T12:39:51Z</time>
      </trkpt>
      <trkpt lat="39.892896" lon="116.645941">
        <time>2020-09-17T12:39:56Z</time>
      </trkpt>
      <trkpt lat="39.892769" lon="116.645918">
        <time>2020-09-17T12:40:01Z</time>
      </trkpt>
      <trkpt lat="39.892639" lon="116.645919">
        <time>2020-09-17T12:40:06Z</time>
      </trkpt>
      <trkpt lat="39.892537" lon="116.645862">
        <time>2020-09-17T12:40:11Z</time>
      </trkpt>
      <trkpt lat="39.892424" lon="116.645812">
        <time>2020-09-17T12:40:16Z</time>
      </trkpt>
      <trkpt lat="39.892306" lon="116.645769">
        <time>2020-09-17T12:40:21Z</time>
      </trkpt>
      <trkpt lat="39.892208" lon="116.645682">
        <time>2020-09-17T12:40:26Z</time>
      </trkpt>
      <trkpt lat="39.892118" lon="116.645583">
        <time>2020-09-17T12:40:31Z</time>
      </trkpt>
      <trkpt lat="39.892016" lon="116.645519">
        <time>2020-09-17T12:40:36Z</time>
      </trkpt>
      <trkpt lat="39.891905" lon="116.645494">
        <time>2020-09-17T12:40:41Z</time>
      </trkpt>
      <trkpt lat="39.891779" lon="116.645493">
        <time>2020-09-17T12:40:46Z</time>
      </trkpt>
      <trkpt lat="39.891665" lon="116.645473">
        <time>2020-09-17T12:40:51Z</time>
      </trkpt>
      <trkpt lat="39.891581" lon="116.645411">
        <time>2020-09-17T12:40:56Z</time>
      </trkpt>
      <trkpt lat="39.891557" lon="116.645382">
        <time>2020-09-17T12:41:01Z</time>
      </trkpt>
      <trkpt lat="39.891618" lon="116.645384">
        <time>2020-09-17T12:41:06Z</time>
      </trkpt>
      <trkpt lat="39.891708" lon="116.645385">
        <time>2020-09-17T12:41:11Z</time>
      </trkpt>
      <trkpt lat="39.891808" lon="116.645406">
        <time>2020-09-17T12:41:16Z</time>
      </trkpt>
      <trkpt lat="39.891921" lon="116.645474">
        <time>2020-09-17T12:41:21Z</time>
      </trkpt>
      <trkpt lat="39.892027" lon="116.645521">
        <time>2020-09-17T12:41:26Z</time>
      </trkpt>
      <trkpt lat="39.892124" lon="116.645591">
        <time>2020-09-17T12:41:31Z</time>
      </trkpt>
      <trkpt lat="39.892242" lon="116.645642">
        <time>2020-09-17T12:41:36Z</time>
      </trkpt>
      <trkpt lat="39.892363" lon="116.645701">
        <time>2020-09-17T12:41:41Z</time>
      </trkpt>
      <trkpt lat="39.892445" lon="116.645767">
        <time>2020-09-17T12:41:46Z</time>
      </trkpt>
      <trkpt lat="39.892546" lon="116.645793">
        <time>2020-09-17T12:41:51Z</time>
      </trkpt>
      <trkpt lat="39.892623" lon="116.645816">
        <time>2020-09-17T12:41:56Z</time>
      </trkpt>
      <trkpt lat="39.892713" lon="116.645876">
        <time>2020-09-17T12:42:01Z</time>
      </trkpt>
      <trkpt lat="39.892843" lon="116.645905">
        <time>2020-09-17T12:42:06Z</time>
      </trkpt>
      <trkpt lat="39.892965" lon="116.645937">
        <time>2020-09-17T12:42:11Z</time>
      </trkpt>
      <trkpt lat="39.893094" lon="116.645975">
        <time>2020-09-17T12:42:16Z</time>
      </trkpt>
      <trkpt lat="39.893198" lon="116.646014">
        <time>2020-09-17T12:42:21Z</time>
      </trkpt>
      <trkpt lat="39.893301" lon="116.646048">
        <time>2020-09-17T12:42:26Z</time>
      </trkpt>
      <trkpt lat="39.893425" lon="116.646124">
        <time>2020-09-17T12:42:31Z</time>
      </trkpt>
      <trkpt lat="39.893544" lon="116.646176">
        <time>2020-09-17T12:42:36Z</time>
      </trkpt>
      <trkpt lat="39.89366" lon="116.646201">
        <time>2020-09-17T12:42:41Z</time>
      </trkpt>
      <trkpt lat="39.893758" lon="116.646111">
        <time>2020-09-17T12:42:46Z</time>
      </trkpt>
      <trkpt lat="39.893823" lon="116.645996">
        <time>2020-09-17T12:42:51Z</time>
      </trkpt>
      <trkpt lat="39.893888" lon="116.645845">
        <time>2020-09-17T12:42:56Z</time>
      </trkpt>
      <trkpt lat="39.893961" lon="116.645752">
        <time>2020-09-17T12:43:01Z</time>
      </trkpt>
      <trkpt lat="39.894047" lon="116.645792">
        <time>2020-09-17T12:43:06Z</time>
      </trkpt>
      <trkpt lat="39.894147" lon="116.645884">
        <time>2020-09-17T12:43:11Z</time>
      </trkpt>
      <trkpt lat="39.894233" lon="116.645931">
        <time>2020-09-17T12:43:16Z</time>
      </trkpt>
      <trkpt lat="39.894348" lon="116.645992">
        <time>2020-09-17T12:43:21Z</time>
      </trkpt>
      <trkpt lat="39.894452" lon="116.646044">
        <time>2020-09-17T12:43:26Z</time>
      </trkpt>
      <trkpt lat="39.894532" lon="116.646116">
        <time>2020-09-17T12:43:31Z</time>
      </trkpt>
      <trkpt lat="39.894612" lon="116.64621">
        <time>2020-09-17T12:43:36Z</time>
      </trkpt>
      <trkpt lat="39.894704" lon="116.646286">
        <time>2020-09-17T12:43:41Z</time>
      </trkpt>
      <trkpt lat="39.894832" lon="116.646316">
        <time>2020-09-17T12:43:46Z</time>
      </trkpt>
      <trkpt lat="39.894947" lon="116.646349">
        <time>2020-09-17T12:43:51Z</time>
      </trkpt>
      <trkpt lat="39.89508" lon="116.646407">
        <time>2020-09-17T12:43:56Z</time>
      </trkpt>
      <trkpt lat="39.895209" lon="116.646428">
        <time>2020-09-17T12:44:01Z</time>
      </trkpt>
      <trkpt lat="39.89533" lon="116.646428">
        <time>2020-09-17T12:44:06Z</time>
      </trkpt>
      <trkpt lat="39.895439" lon="116.646465">
        <time>2020-09-17T12:44:11Z</time>
      </trkpt>
      <trkpt lat="39.895542" lon="116.646503">
        <time>2020-09-17T12:44:16Z</time>
      </trkpt>
      <trkpt lat="39.895656" lon="116.64656">
        <time>2020-09-17T12:44:21Z</time>
      </trkpt>
      <trkpt lat="39.895789" lon="116.646634">
        <time>2020-09-17T12:44:26Z</time>
      </trkpt>
      <trkpt lat="39.895913" lon="116.646684">
        <time>2020-09-17T12:44:31Z</time>
      </trkpt>
      <trkpt lat="39.896025" lon="116.646658">
        <time>2020-09-17T12:44:36Z</time>
      </trkpt>
      <trkpt lat="39.896067" lon="116.646579">
        <time>2020-09-17T12:44:41Z</time>
      </trkpt>
      <trkpt lat="39.896064" lon="116.646455">
        <time>2020-09-17T12:44:46Z</time>
      </trkpt>
      <trkpt lat="39.896061" lon="116.646301">
        <time>2020-09-17T12:44:51Z</time>
      </trkpt>
      <trkpt lat="39.89607" lon="116.646149">
        <time>2020-09-17T12:44:56Z</time>
      </trkpt>
      <trkpt lat="39.896093" lon="116.646048">
        <time>2020-09-17T12:45:01Z</time>
      </trkpt>
      <trkpt lat="39.896107" lon="116.645959">
        <time>2020-09-17T12:45:06Z</time>
      </trkpt>
      <trkpt lat="39.896122" lon="116.6458">
        <time>2020-09-17T12:45:11Z</time>
      </trkpt>
      <trkpt lat="39.89612" lon="116.645626">
        <time>2020-09-17T12:45:16Z</time>
      </trkpt>
      <trkpt lat="39.896139" lon="116.64549">
        <time>2020-09-17T12:45:21Z</time>
      </trkpt>
      <trkpt lat="39.896173" lon="116.645355">
        <time>2020-09-17T12:45:26Z</time>
      </trkpt>
      <trkpt lat="39.896198" lon="116.645215">
        <time>2020-09-17T12:45:31Z</time>
      </trkpt>
      <trkpt lat="39.896196" lon="116.645077">
        <time>2020-09-17T12:45:36Z</time>
      </trkpt>
      <trkpt lat="39.896195" lon="116.64495">
        <time>2020-09-17T12:45:41Z</time>
      </trkpt>
      <trkpt lat="39.896218" lon="116.644798">
        <time>2020-09-17T12:45:46Z</time>
      </trkpt>
      <trkpt lat="39.896232" lon="116.644655">
        <time>2020-09-17T12:45:51Z</time>
      </trkpt>
      <trkpt lat="39.896233" lon="116.644531">
        <time>2020-09-17T12:45:56Z</time>
      </trkpt>
      <trkpt lat="39.896229" lon="116.644394">
        <time>2020-09-17T12:46:01Z</time>
      </trkpt>
      <trkpt lat="39.896234" lon="116.644235">
        <time>2020-09-17T12:46:06Z</time>
      </trkpt>
      <trkpt lat="39.896238" lon="116.644087">
        <time>2020-09-17T12:46:11Z</time>
      </trkpt>
      <trkpt lat="39.896233" lon="116.643933">
        <time>2020-09-17T12:46:16Z</time>
      </trkpt>
      <trkpt lat="39.896238" lon="116.643794">
        <time>2020-09-17T12:46:21Z</time>
      </trkpt>
      <trkpt lat="39.896229" lon="116.643671">
        <time>2020-09-17T12:46:26Z</time>
      </trkpt>
      <trkpt lat="39.896232" lon="116.643537">
        <time>2020-09-17T12:46:31Z</time>
      </trkpt>
      <trkpt lat="39.896238" lon="116.643409">
        <time>2020-09-17T12:46:36Z</time>
      </trkpt>
      <trkpt lat="39.896216" lon="116.643262">
        <time>2020-09-17T12:46:41Z</time>
      </trkpt>
      <trkpt lat="39.896203" lon="116.643146">
        <time>2020-09-17T12:46:46Z</time>
      </trkpt>
      <trkpt lat="39.896205" lon="116.64302">
        <time>2020-09-17T12:46:51Z</time>
      </trkpt>
      <trkpt lat="39.896215" lon="116.642887">
        <time>2020-09-17T12:46:56Z</time>
      </trkpt>
      <trkpt lat="39.896239" lon="116.642767">
        <time>2020-09-17T12:47:01Z</time>
      </trkpt>
      <trkpt lat="39.896254" lon="116.642657">
        <time>2020-09-17T12:47:06Z</time>
      </trkpt>
      <trkpt lat="39.896269" lon="116.642534">
        <time>2020-09-17T12:47:11Z</time>
      </trkpt>
      <trkpt lat="39.896256" lon="116.642401">
        <time>2020-09-17T12:47:16Z</time>
      </trkpt>
      <trkpt lat="39.896244" lon="116.642252">
        <time>2020-09-17T12:47:21Z</time>
      </trkpt>
      <trkpt lat="39.896252" lon="116.642118">
        <time>2020-09-17T12:47:26Z</time>
      </trkpt>
      <trkpt lat="39.896262" lon="116.641978">
        <time>2020-09-17T12:47:31Z</time>
      </trkpt>
      <trkpt lat="39.896276" lon="116.641824">
        <time>2020-09-17T12:47:36Z</time>
      </trkpt>
      <trkpt lat="39.896298" lon="116.641682">
        <time>2020-09-17T12:47:41Z</time>
      </trkpt>
      <trkpt lat="39.896294" lon="116.641554">
        <time>2020-09-17T12:47:46Z</time>
      </trkpt>
      <trkpt lat="39.896286" lon="116.641426">
        <time>2020-09-17T12:47:51Z</time>
      </trkpt>
      <trkpt lat="39.896269" lon="116.64128">
        <time>2020-09-17T12:47:56Z</time>
      </trkpt>
      <trkpt lat="39.896254" lon="116.641145">
        <time>2020-09-17T12:48:01Z</time>
      </trkpt>
      <trkpt lat="39.896244" lon="116.641003">
        <time>2020-09-17T12:48:06Z</time>
      </trkpt>
      <trkpt lat="39.896239" lon="116.640854">
        <time>2020-09-17T12:48:11Z</time>
      </trkpt>
      <trkpt lat="39.896244" lon="116.640712">
        <time>2020-09-17T12:48:16Z</time>
      </trkpt>
      <trkpt lat="39.896259" lon="116.640569">
        <time>2020-09-17T12:48:21Z</time>
      </trkpt>
      <trkpt lat="39.896278" lon="116.64043">
        <time>2020-09-17T12:48:26Z</time>
      </trkpt>
      <trkpt lat="39.896284" lon="116.640319">
        <time>2020-09-17T12:48:31Z</time>
      </trkpt>
      <trkpt lat="39.896282" lon="116.640184">
        <time>2020-09-17T12:48:36Z</time>
      </trkpt>
      <trkpt lat="39.896256" lon="116.640025">
        <time>2020-09-17T12:48:41Z</time>
      </trkpt>
      <trkpt lat="39.896248" lon="116.639879">
        <time>2020-09-17T12:48:46Z</time>
      </trkpt>
      <trkpt lat="39.896259" lon="116.639768">
        <time>2020-09-17T12:48:51Z</time>
      </trkpt>
      <trkpt lat="39.896259" lon="116.639651">
        <time>2020-09-17T12:48:56Z</time>
      </trkpt>
      <trkpt lat="39.896262" lon="116.639521">
        <time>2020-09-17T12:49:01Z</time>
      </trkpt>
      <trkpt lat="39.896269" lon="116.639378">
        <time>2020-09-17T12:49:06Z</time>
      </trkpt>
      <trkpt lat="39.896298" lon="116.639266">
        <time>2020-09-17T12:49:11Z</time>
      </trkpt>
      <trkpt lat="39.896298" lon="116.639104">
        <time>2020-09-17T12:49:16Z</time>
      </trkpt>
      <trkpt lat="39.89632" lon="116.638959">
        <time>2020-09-17T12:49:21Z</time>
      </trkpt>
      <trkpt lat="39.896318" lon="116.638823">
        <time>2020-09-17T12:49:26Z</time>
      </trkpt>
      <trkpt lat="39.896325" lon="116.638696">
        <time>2020-09-17T12:49:31Z</time>
      </trkpt>
      <trkpt lat="39.896382" lon="116.638602">
        <time>2020-09-17T12:49:36Z</time>
      </trkpt>
      <trkpt lat="39.896445" lon="116.638488">
        <time>2020-09-17T12:49:41Z</time>
      </trkpt>
      <trkpt lat="39.896482" lon="116.638322">
        <time>2020-09-17T12:49:46Z</time>
      </trkpt>
      <trkpt lat="39.896463" lon="116.638134">
        <time>2020-09-17T12:49:51Z</time>
      </trkpt>
      <trkpt lat="39.896427" lon="116.637972">
        <time>2020-09-17T12:49:56Z</time>
      </trkpt>
      <trkpt lat="39.896433" lon="116.637841">
        <time>2020-09-17T12:50:01Z</time>
      </trkpt>
      <trkpt lat="39.896447" lon="116.637716">
        <time>2020-09-17T12:50:06Z</time>
      </trkpt>
      <trkpt lat="39.896433" lon="116.637587">
        <time>2020-09-17T12:50:11Z</time>
      </trkpt>
      <trkpt lat="39.896392" lon="116.637469">
        <time>2020-09-17T12:50:16Z</time>
      </trkpt>
      <trkpt lat="39.896374" lon="116.637327">
        <time>2020-09-17T12:50:21Z</time>
      </trkpt>
      <trkpt lat="39.896315" lon="116.637153">
        <time>2020-09-17T12:50:26Z</time>
      </trkpt>
      <trkpt lat="39.896267" lon="116.636987">
        <time>2020-09-17T12:50:31Z</time>
      </trkpt>
      <trkpt lat="39.89624" lon="116.6368">
        <time>2020-09-17T12:50:36Z</time>
      </trkpt>
      <trkpt lat="39.896189" lon="116.63668">
        <time>2020-09-17T12:50:41Z</time>
      </trkpt>
      <trkpt lat="39.896148" lon="116.636716">
        <time>2020-09-17T12:50:46Z</time>
      </trkpt>
      <trkpt lat="39.89615" lon="116.636839">
        <time>2020-09-17T12:50:51Z</time>
      </trkpt>
      <trkpt lat="39.896176" lon="116.636982">
        <time>2020-09-17T12:50:56Z</time>
      </trkpt>
      <trkpt lat="39.896208" lon="116.63713">
        <time>2020-09-17T12:51:01Z</time>
      </trkpt>
      <trkpt lat="39.896213" lon="116.637275">
        <time>2020-09-17T12:51:06Z</time>
      </trkpt>
      <trkpt lat="39.896198" lon="116.637401">
        <time>2020-09-17T12:51:11Z</time>
      </trkpt>
      <trkpt lat="39.89617" lon="116.637538">
        <time>2020-09-17T12:51:16Z</time>
      </trkpt>
      <trkpt lat="39.896152" lon="116.637672">
        <time>2020-09-17T12:51:21Z</time>
      </trkpt>
      <trkpt lat="39.896146" lon="116.637818">
        <time>2020-09-17T12:51:26Z</time>
      </trkpt>
      <trkpt lat="39.896155" lon="116.637964">
        <time>2020-09-17T12:51:31Z</time>
      </trkpt>
      <trkpt lat="39.896174" lon="116.638093">
        <time>2020-09-17T12:51:36Z</time>
      </trkpt>
      <trkpt lat="39.896193" lon="116.638223">
        <time>2020-09-17T12:51:41Z</time>
      </trkpt>
      <trkpt lat="39.896214" lon="116.638353">
        <time>2020-09-17T12:51:46Z</time>
      </trkpt>
      <trkpt lat="39.896237" lon="116.638491">
        <time>2020-09-17T12:51:51Z</time>
      </trkpt>
      <trkpt lat="39.896261" lon="116.638634">
        <time>2020-09-17T12:51:56Z</time>
      </trkpt>
      <trkpt lat="39.896257" lon="116.638771">
        <time>2020-09-17T12:52:01Z</time>
      </trkpt>
      <trkpt lat="39.896254" lon="116.638905">
        <time>2020-09-17T12:52:06Z</time>
      </trkpt>
      <trkpt lat="39.896267" lon="116.63904">
        <time>2020-09-17T12:52:11Z</time>
      </trkpt>
      <trkpt lat="39.896266" lon="116.639158">
        <time>2020-09-17T12:52:16Z</time>
      </trkpt>
      <trkpt lat="39.896277" lon="116.639275">
        <time>2020-09-17T12:52:21Z</time>
      </trkpt>
      <trkpt lat="39.896294" lon="116.639399">
        <time>2020-09-17T12:52:26Z</time>
      </trkpt>
      <trkpt lat="39.8963" lon="116.639525">
        <time>2020-09-17T12:52:31Z</time>
      </trkpt>
      <trkpt lat="39.896312" lon="116.639656">
        <time>2020-09-17T12:52:36Z</time>
      </trkpt>
      <trkpt lat="39.896331" lon="116.639792">
        <time>2020-09-17T12:52:41Z</time>
      </trkpt>
      <trkpt lat="39.896347" lon="116.639929">
        <time>2020-09-17T12:52:46Z</time>
      </trkpt>
      <trkpt lat="39.89636" lon="116.640074">
        <time>2020-09-17T12:52:51Z</time>
      </trkpt>
      <trkpt lat="39.896367" lon="116.640226">
        <time>2020-09-17T12:52:56Z</time>
      </trkpt>
      <trkpt lat="39.896367" lon="116.640374">
        <time>2020-09-17T12:53:01Z</time>
      </trkpt>
      <trkpt lat="39.896361" lon="116.640521">
        <time>2020-09-17T12:53:06Z</time>
      </trkpt>
      <trkpt lat="39.896358" lon="116.640667">
        <time>2020-09-17T12:53:11Z</time>
      </trkpt>
      <trkpt lat="39.896354" lon="116.640822">
        <time>2020-09-17T12:53:16Z</time>
      </trkpt>
      <trkpt lat="39.896337" lon="116.64097">
        <time>2020-09-17T12:53:21Z</time>
      </trkpt>
      <trkpt lat="39.896314" lon="116.64112">
        <time>2020-09-17T12:53:26Z</time>
      </trkpt>
      <trkpt lat="39.896309" lon="116.641263">
        <time>2020-09-17T12:53:31Z</time>
      </trkpt>
      <trkpt lat="39.896313" lon="116.641393">
        <time>2020-09-17T12:53:36Z</time>
      </trkpt>
      <trkpt lat="39.896319" lon="116.641525">
        <time>2020-09-17T12:53:41Z</time>
      </trkpt>
      <trkpt lat="39.896305" lon="116.641667">
        <time>2020-09-17T12:53:46Z</time>
      </trkpt>
      <trkpt lat="39.896291" lon="116.641811">
        <time>2020-09-17T12:53:51Z</time>
      </trkpt>
      <trkpt lat="39.896273" lon="116.641951">
        <time>2020-09-17T12:53:56Z</time>
      </trkpt>
      <trkpt lat="39.896283" lon="116.642084">
        <time>2020-09-17T12:54:01Z</time>
      </trkpt>
      <trkpt lat="39.896286" lon="116.6422">
        <time>2020-09-17T12:54:06Z</time>
      </trkpt>
      <trkpt lat="39.896296" lon="116.642322">
        <time>2020-09-17T12:54:11Z</time>
      </trkpt>
      <trkpt lat="39.89629" lon="116.642458">
        <time>2020-09-17T12:54:16Z</time>
      </trkpt>
      <trkpt lat="39.896305" lon="116.642602">
        <time>2020-09-17T12:54:21Z</time>
      </trkpt>
      <trkpt lat="39.896292" lon="116.64274">
        <time>2020-09-17T12:54:26Z</time>
      </trkpt>
      <trkpt lat="39.89627" lon="116.642862">
        <time>2020-09-17T12:54:31Z</time>
      </trkpt>
      <trkpt lat="39.896265" lon="116.642994">
        <time>2020-09-17T12:54:36Z</time>
      </trkpt>
      <trkpt lat="39.896257" lon="116.643134">
        <time>2020-09-17T12:54:41Z</time>
      </trkpt>
      <trkpt lat="39.896251" lon="116.643262">
        <time>2020-09-17T12:54:46Z</time>
      </trkpt>
      <trkpt lat="39.896251" lon="116.643392">
        <time>2020-09-17T12:54:51Z</time>
      </trkpt>
      <trkpt lat="39.896264" lon="116.643513">
        <time>2020-09-17T12:54:56Z</time>
      </trkpt>
      <trkpt lat="39.896273" lon="116.643657">
        <time>2020-09-17T12:55:01Z</time>
      </trkpt>
      <trkpt lat="39.896283" lon="116.643805">
        <time>2020-09-17T12:55:06Z</time>
      </trkpt>
      <trkpt lat="39.896287" lon="116.643954">
        <time>2020-09-17T12:55:11Z</time>
      </trkpt>
      <trkpt lat="39.896286" lon="116.644111">
        <time>2020-09-17T12:55:16Z</time>
      </trkpt>
      <trkpt lat="39.896295" lon="116.644268">
        <time>2020-09-17T12:55:21Z</time>
      </trkpt>
      <trkpt lat="39.896294" lon="116.644405">
        <time>2020-09-17T12:55:26Z</time>
      </trkpt>
      <trkpt lat="39.896297" lon="116.644573">
        <time>2020-09-17T12:55:31Z</time>
      </trkpt>
      <trkpt lat="39.896295" lon="116.644733">
        <time>2020-09-17T12:55:36Z</time>
      </trkpt>
      <trkpt lat="39.896274" lon="116.644888">
        <time>2020-09-17T12:55:41Z</time>
      </trkpt>
      <trkpt lat="39.896255" lon="116.645033">
        <time>2020-09-17T12:55:46Z</time>
      </trkpt>
      <trkpt lat="39.89625" lon="116.645172">
        <time>2020-09-17T12:55:51Z</time>
      </trkpt>
      <trkpt lat="39.896244" lon="116.645324">
        <time>2020-09-17T12:55:56Z</time>
      </trkpt>
      <trkpt lat="39.89626" lon="116.645459">
        <time>2020-09-17T12:56:01Z</time>
      </trkpt>
      <trkpt lat="39.89624" lon="116.645593">
        <time>2020-09-17T12:56:06Z</time>
      </trkpt>
      <trkpt lat="39.896215" lon="116.645724">
        <time>2020-09-17T12:56:11Z</time>
      </trkpt>
      <trkpt lat="39.896211" lon="116.645842">
        <time>2020-09-17T12:56:16Z</time>
      </trkpt>
      <trkpt lat="39.896184" lon="116.645965">
        <time>2020-09-17T12:56:21Z</time>
      </trkpt>
      <trkpt lat="39.896153" lon="116.646095">
        <time>2020-09-17T12:56:26Z</time>
      </trkpt>
      <trkpt lat="39.896132" lon="116.646226">
        <time>2020-09-17T12:56:31Z</time>
      </trkpt>
      <trkpt lat="39.896116" lon="116.646366">
        <time>2020-09-17T12:56:36Z</time>
      </trkpt>
      <trkpt lat="39.896076" lon="116.646491">
        <time>2020-09-17T12:56:41Z</time>
      </trkpt>
      <trkpt lat="39.896019" lon="116.6466">
        <time>2020-09-17T12:56:46Z</time>
      </trkpt>
      <trkpt lat="39.895919" lon="116.646627">
        <time>2020-09-17T12:56:51Z</time>
      </trkpt>
      <trkpt lat="39.8958" lon="116.646591">
        <time>2020-09-17T12:56:56Z</time>
      </trkpt>
      <trkpt lat="39.895695" lon="116.646528">
        <time>2020-09-17T12:57:01Z</time>
      </trkpt>
      <trkpt lat="39.895595" lon="116.64647">
        <time>2020-09-17T12:57:06Z</time>
      </trkpt>
      <trkpt lat="39.895473" lon="116.646408">
        <time>2020-09-17T12:57:11Z</time>
      </trkpt>
      <trkpt lat="39.895354" lon="116.646353">
        <time>2020-09-17T12:57:16Z</time>
      </trkpt>
      <trkpt lat="39.895228" lon="116.646319">
        <time>2020-09-17T12:57:21Z</time>
      </trkpt>
      <trkpt lat="39.895138" lon="116.646261">
        <time>2020-09-17T12:57:26Z</time>
      </trkpt>
      <trkpt lat="39.89505" lon="116.646194">
        <time>2020-09-17T12:57:31Z</time>
      </trkpt>
      <trkpt lat="39.894942" lon="116.646143">
        <time>2020-09-17T12:57:36Z</time>
      </trkpt>
      <trkpt lat="39.894814" lon="116.646127">
        <time>2020-09-17T12:57:41Z</time>
      </trkpt>
      <trkpt lat="39.894712" lon="116.64606">
        <time>2020-09-17T12:57:46Z</time>
      </trkpt>
      <trkpt lat="39.894601" lon="116.646023">
        <time>2020-09-17T12:57:51Z</time>
      </trkpt>
      <trkpt lat="39.894489" lon="116.645977">
        <time>2020-09-17T12:57:56Z</time>
      </trkpt>
      <trkpt lat="39.894372" lon="116.645951">
        <time>2020-09-17T12:58:01Z</time>
      </trkpt>
      <trkpt lat="39.894269" lon="116.645906">
        <time>2020-09-17T12:58:06Z</time>
      </trkpt>
      <trkpt lat="39.894163" lon="116.645869">
        <time>2020-09-17T12:58:11Z</time>
      </trkpt>
      <trkpt lat="39.894044" lon="116.645822">
        <time>2020-09-17T12:58:16Z</time>
      </trkpt>
      <trkpt lat="39.893947" lon="116.645827">
        <time>2020-09-17T12:58:21Z</time>
      </trkpt>
      <trkpt lat="39.893907" lon="116.645919">
        <time>2020-09-17T12:58:26Z</time>
      </trkpt>
      <trkpt lat="39.893847" lon="116.646038">
        <time>2020-09-17T12:58:31Z</time>
      </trkpt>
      <trkpt lat="39.893786" lon="116.646161">
        <time>2020-09-17T12:58:36Z</time>
      </trkpt>
      <trkpt lat="39.893707" lon="116.646232">
        <time>2020-09-17T12:58:41Z</time>
      </trkpt>
      <trkpt lat="39.893604" lon="116.646196">
        <time>2020-09-17T12:58:46Z</time>
      </trkpt>
      <trkpt lat="39.893481" lon="116.646143">
        <time>2020-09-17T12:58:51Z</time>
      </trkpt>
      <trkpt lat="39.893374" lon="116.646061">
        <time>2020-09-17T12:58:56Z</time>
      </trkpt>
      <trkpt lat="39.893263" lon="116.645994">
        <time>2020-09-17T12:59:01Z</time>
      </trkpt>
      <trkpt lat="39.893146" lon="116.645962">
        <time>2020-09-17T12:59:06Z</time>
      </trkpt>
      <trkpt lat="39.893026" lon="116.645917">
        <time>2020-09-17T12:59:11Z</time>
      </trkpt>
      <trkpt lat="39.892904" lon="116.645835">
        <time>2020-09-17T12:59:16Z</time>
      </trkpt>
      <trkpt lat="39.892798" lon="116.64577">
        <time>2020-09-17T12:59:21Z</time>
      </trkpt>
      <trkpt lat="39.892683" lon="116.645706">
        <time>2020-09-17T12:59:26Z</time>
      </trkpt>
      <trkpt lat="39.892579" lon="116.645627">
        <time>2020-09-17T12:59:31Z</time>
      </trkpt>
      <trkpt lat="39.89245" lon="116.645596">
        <time>2020-09-17T12:59:36Z</time>
      </trkpt>
      <trkpt lat="39.8923" lon="116.645608">
        <time>2020-09-17T12:59:41Z</time>
      </trkpt>
      <trkpt lat="39.892142" lon="116.645583">
        <time>2020-09-17T12:59:46Z</time>
      </trkpt>
      <trkpt lat="39.89202" lon="116.64553">
        <time>2020-09-17T12:59:51Z</time>
      </trkpt>
      <trkpt lat="39.891938" lon="116.645447">
        <time>2020-09-17T12:59:56Z</time>
      </trkpt>
      <trkpt lat="39.89182" lon="116.645419">
        <time>2020-09-17T13:00:01Z</time>
      </trkpt>
      <trkpt lat="39.89169" lon="116.64539">
        <time>2020-09-17T13:00:06Z</time>
      </trkpt>
      <trkpt lat="39.891591" lon="116.645305">
        <time>2020-09-17T13:00:11Z</time>
      </trkpt>
      <trkpt lat="39.891527" lon="116.645268">
        <time>2020-09-17T13:00:16Z</time>
      </trkpt>
      <trkpt lat="39.89155" lon="116.645257">
        <time>2020-09-17T13:00:21Z</time>
      </trkpt>
      <trkpt lat="39.891632" lon="116.645282">
        <time>2020-09-17T13:00:26Z</time>
      </trkpt>
      <trkpt lat="39.89172" lon="116.645336">
        <time>2020-09-17T13:00:31Z</time>
      </trkpt>
      <trkpt lat="39.891786" lon="116.645367">
        <time>2020-09-17T13:00:36Z</time>
      </trkpt>
      <trkpt lat="39.891869" lon="116.645396">
        <time>2020-09-17T13:00:41Z</time>
      </trkpt>
      <trkpt lat="39.891936" lon="116.645407">
        <time>2020-09-17T13:00:46Z</time>
      </trkpt>
      <trkpt lat="39.892011" lon="116.645422">
        <time>2020-09-17T13:00:51Z</time>
      </trkpt>
      <trkpt lat="39.892096" lon="116.64546">
        <time>2020-09-17T13:00:56Z</time>
      </trkpt>
      <trkpt lat="39.892189" lon="116.64551">
        <time>2020-09-17T13:01:01Z</time>
      </trkpt>
      <trkpt lat="39.892302" lon="116.645561">
        <time>2020-09-17T13:01:06Z</time>
      </trkpt>
      <trkpt lat="39.892405" lon="116.645613">
        <time>2020-09-17T13:01:11Z</time>
      </trkpt>
      <trkpt lat="39.892522" lon="116.645669">
        <time>2020-09-17T13:01:16Z</time>
      </trkpt>
      <trkpt lat="39.892615" lon="116.645705">
        <time>2020-09-17T13:01:21Z</time>
      </trkpt>
      <trkpt lat="39.892734" lon="116.645766">
        <time>2020-09-17T13:01:26Z</time>
      </trkpt>
      <trkpt lat="39.892863" lon="116.645803">
        <time>2020-09-17T13:01:31Z</time>
      </trkpt>
      <trkpt lat="39.892991" lon="116.64582">
        <time>2020-09-17T13:01:36Z</time>
      </trkpt>
      <trkpt lat="39.893119" lon="116.64589">
        <time>2020-09-17T13:01:41Z</time>
      </trkpt>
      <trkpt lat="39.893241" lon="116.645944">
        <time>2020-09-17T13:01:46Z</time>
      </trkpt>
      <trkpt lat="39.893351" lon="116.645994">
        <time>2020-09-17T13:01:51Z</time>
      </trkpt>
      <trkpt lat="39.89346" lon="116.646069">
        <time>2020-09-17T13:01:56Z</time>
      </trkpt>
      <trkpt lat="39.893547" lon="116.646123">
        <time>2020-09-17T13:02:01Z</time>
      </trkpt>
      <trkpt lat="39.893658" lon="116.646175">
        <time>2020-09-17T13:02:06Z</time>
      </trkpt>
      <trkpt lat="39.893738" lon="116.646119">
        <time>2020-09-17T13:02:11Z</time>
      </trkpt>
      <trkpt lat="39.893795" lon="116.646003">
        <time>2020-09-17T13:02:16Z</time>
      </trkpt>
      <trkpt lat="39.893854" lon="116.645873">
        <time>2020-09-17T13:02:21Z</time>
      </trkpt>
      <trkpt lat="39.893926" lon="116.645763">
        <time>2020-09-17T13:02:26Z</time>
      </trkpt>
      <trkpt lat="39.894044" lon="116.645743">
        <time>2020-09-17T13:02:31Z</time>
      </trkpt>
      <trkpt lat="39.894134" lon="116.64579">
        <time>2020-09-17T13:02:36Z</time>
      </trkpt>
      <trkpt lat="39.894202" lon="116.645825">
        <time>2020-09-17T13:02:41Z</time>
      </trkpt>
      <trkpt lat="39.89429" lon="116.645872">
        <time>2020-09-17T13:02:46Z</time>
      </trkpt>
      <trkpt lat="39.894402" lon="116.645913">
        <time>2020-09-17T13:02:51Z</time>
      </trkpt>
      <trkpt lat="39.894487" lon="116.645966">
        <time>2020-09-17T13:02:56Z</time>
      </trkpt>
      <trkpt lat="39.89458" lon="116.646021">
        <time>2020-09-17T13:03:01Z</time>
      </trkpt>
      <trkpt lat="39.894682" lon="116.646086">
        <time>2020-09-17T13:03:06Z</time>
      </trkpt>
      <trkpt lat="39.894794" lon="116.646149">
        <time>2020-09-17T13:03:11Z</time>
      </trkpt>
      <trkpt lat="39.894902" lon="116.64622">
        <time>2020-09-17T13:03:16Z</time>
      </trkpt>
      <trkpt lat="39.895017" lon="116.646258">
        <time>2020-09-17T13:03:21Z</time>
      </trkpt>
      <trkpt lat="39.895137" lon="116.646318">
        <time>2020-09-17T13:03:26Z</time>
      </trkpt>
      <trkpt lat="39.89525" lon="116.646356">
        <time>2020-09-17T13:03:31Z</time>
      </trkpt>
      <trkpt lat="39.895354" lon="116.646387">
        <time>2020-09-17T13:03:36Z</time>
      </trkpt>
      <trkpt lat="39.895462" lon="116.646439">
        <time>2020-09-17T13:03:41Z</time>
      </trkpt>
      <trkpt lat="39.895564" lon="116.646479">
        <time>2020-09-17T13:03:46Z</time>
      </trkpt>
      <trkpt lat="39.895654" lon="116.646519">
        <time>2020-09-17T13:03:51Z</time>
      </trkpt>
      <trkpt lat="39.895767" lon="116.646578">
        <time>2020-09-17T13:03:56Z</time>
      </trkpt>
      <trkpt lat="39.895898" lon="116.646642">
        <time>2020-09-17T13:04:01Z</time>
      </trkpt>
      <trkpt lat="39.89589" lon="116.646635">
        <time>2020-09-17T13:04:06Z</time>
      </trkpt>
      <trkpt lat="39.895821" lon="116.646616">
        <time>2020-09-17T13:04:11Z</time>
      </trkpt>
      <trkpt lat="39.895755" lon="116.646608">
        <time>2020-09-17T13:04:16Z</time>
      </trkpt>
      <trkpt lat="39.895672" lon="116.646592">
        <time>2020-09-17T13:04:21Z</time>
      </trkpt>
      <trkpt lat="39.895593" lon="116.646581">
        <time>2020-09-17T13:04:26Z</time>
      </trkpt>
      <trkpt lat="39.895535" lon="116.646567">
        <time>2020-09-17T13:04:31Z</time>
      </trkpt>
      <trkpt lat="39.895489" lon="116.646534">
        <time>2020-09-17T13:04:36Z</time>
      </trkpt>
      <trkpt lat="39.895427" lon="116.646501">
        <time>2020-09-17T13:04:41Z</time>
      </trkpt>
      <trkpt lat="39.895327" lon="116.646458">
        <time>2020-09-17T13:04:46Z</time>
      </trkpt>
      <trkpt lat="39.895233" lon="116.646422">
        <time>2020-09-17T13:04:51Z</time>
      </trkpt>
      <trkpt lat="39.895163" lon="116.646373">
        <time>2020-09-17T13:04:56Z</time>
      </trkpt>
      <trkpt lat="39.895097" lon="116.646283">
        <time>2020-09-17T13:05:01Z</time>
      </trkpt>
      <trkpt lat="39.895013" lon="116.64623">
        <time>2020-09-17T13:05:06Z</time>
      </trkpt>
      <trkpt lat="39.894912" lon="116.646177">
        <time>2020-09-17T13:05:11Z</time>
      </trkpt>
      <trkpt lat="39.894818" lon="116.646131">
        <time>2020-09-17T13:05:16Z</time>
      </trkpt>
      <trkpt lat="39.894761" lon="116.646108">
        <time>2020-09-17T13:05:21Z</time>
      </trkpt>
      <trkpt lat="39.894701" lon="116.646088">
        <time>2020-09-17T13:05:26Z</time>
      </trkpt>
      <trkpt lat="39.89464" lon="116.646072">
        <time>2020-09-17T13:05:31Z</time>
      </trkpt>
      <trkpt lat="39.89457" lon="116.646063">
        <time>2020-09-17T13:05:36Z</time>
      </trkpt>
      <trkpt lat="39.894501" lon="116.646023">
        <time>2020-09-17T13:05:41Z</time>
      </trkpt>
      <trkpt lat="39.894392" lon="116.645991">
        <time>2020-09-17T13:05:46Z</time>
      </trkpt>
      <trkpt lat="39.894282" lon="116.645978">
        <time>2020-09-17T13:05:51Z</time>
      </trkpt>
      <trkpt lat="39.894164" lon="116.645948">
        <time>2020-09-17T13:05:56Z</time>
      </trkpt>
      <trkpt lat="39.894055" lon="116.645905">
        <time>2020-09-17T13:06:01Z</time>
      </trkpt>
      <trkpt lat="39.893959" lon="116.645859">
        <time>2020-09-17T13:06:06Z</time>
      </trkpt>
      <trkpt lat="39.893918" lon="116.645882">
        <time>2020-09-17T13:06:11Z</time>
      </trkpt>
      <trkpt lat="39.893896" lon="116.645973">
        <time>2020-09-17T13:06:16Z</time>
      </trkpt>
      <trkpt lat="39.893856" lon="116.646071">
        <time>2020-09-17T13:06:21Z</time>
      </trkpt>
      <trkpt lat="39.893808" lon="116.646148">
        <time>2020-09-17T13:06:26Z</time>
      </trkpt>
      <trkpt lat="39.893762" lon="116.646226">
        <time>2020-09-17T13:06:31Z</time>
      </trkpt>
      <trkpt lat="39.893703" lon="116.646279">
        <time>2020-09-17T13:06:36Z</time>
      </trkpt>
      <trkpt lat="39.89364" lon="116.646281">
        <time>2020-09-17T13:06:41Z</time>
      </trkpt>
      <trkpt lat="39.893572" lon="116.646228">
        <time>2020-09-17T13:06:46Z</time>
      </trkpt>
      <trkpt lat="39.893513" lon="116.646179">
        <time>2020-09-17T13:06:51Z</time>
      </trkpt>
      <trkpt lat="39.89344" lon="116.646149">
        <time>2020-09-17T13:06:56Z</time>
      </trkpt>
      <trkpt lat="39.893366" lon="116.646108">
        <time>2020-09-17T13:07:01Z</time>
      </trkpt>
      <trkpt lat="39.8933" lon="116.646082">
        <time>2020-09-17T13:07:06Z</time>
      </trkpt>
      <trkpt lat="39.893229" lon="116.646066">
        <time>2020-09-17T13:07:11Z</time>
      </trkpt>
      <trkpt lat="39.893163" lon="116.646032">
        <time>2020-09-17T13:07:16Z</time>
      </trkpt>
      <trkpt lat="39.893085" lon="116.646">
        <time>2020-09-17T13:07:21Z</time>
      </trkpt>
      <trkpt lat="39.893003" lon="116.645958">
        <time>2020-09-17T13:07:26Z</time>
      </trkpt>
      <trkpt lat="39.892944" lon="116.645918">
        <time>2020-09-17T13:07:31Z</time>
      </trkpt>
      <trkpt lat="39.892886" lon="116.645872">
        <time>2020-09-17T13:07:36Z</time>
      </trkpt>
      <trkpt lat="39.892832" lon="116.645819">
        <time>2020-09-17T13:07:41Z</time>
      </trkpt>
      <trkpt lat="39.892774" lon="116.645787">
        <time>2020-09-17T13:07:46Z</time>
      </trkpt>
      <trkpt lat="39.89272" lon="116.64576">
        <time>2020-09-17T13:07:51Z</time>
      </trkpt>
      <trkpt lat="39.892641" lon="116.645729">
        <time>2020-09-17T13:07:56Z</time>
      </trkpt>
      <trkpt lat="39.89257" lon="116.645706">
        <time>2020-09-17T13:08:01Z</time>
      </trkpt>
      <trkpt lat="39.892507" lon="116.645676">
        <time>2020-09-17T13:08:06Z</time>
      </trkpt>
      <trkpt lat="39.892442" lon="116.645652">
        <time>2020-09-17T13:08:11Z</time>
      </trkpt>
      <trkpt lat="39.892375" lon="116.645622">
        <time>2020-09-17T13:08:16Z</time>
      </trkpt>
      <trkpt lat="39.892308" lon="116.645579">
        <time>2020-09-17T13:08:21Z</time>
      </trkpt>
      <trkpt lat="39.892236" lon="116.645539">
        <time>2020-09-17T13:08:26Z</time>
      </trkpt>
      <trkpt lat="39.892173" lon="116.64551">
        <time>2020-09-17T13:08:31Z</time>
      </trkpt>
      <trkpt lat="39.892103" lon="116.645473">
        <time>2020-09-17T13:08:36Z</time>
      </trkpt>
      <trkpt lat="39.892029" lon="116.645461">
        <time>2020-09-17T13:08:41Z</time>
      </trkpt>
      <trkpt lat="39.891952" lon="116.645458">
        <time>2020-09-17T13:08:46Z</time>
      </trkpt>
      <trkpt lat="39.89189" lon="116.645427">
        <time>2020-09-17T13:08:51Z</time>
      </trkpt>
      <trkpt lat="39.89183" lon="116.645377">
        <time>2020-09-17T13:08:56Z</time>
      </trkpt>
      <trkpt lat="39.891774" lon="116.645338">
        <time>2020-09-17T13:09:01Z</time>
      </trkpt>
      <trkpt lat="39.891719" lon="116.645277">
        <time>2020-09-17T13:09:06Z</time>
      </trkpt>
      <trkpt lat="39.891668" lon="116.645279">
        <time>2020-09-17T13:09:11Z</time>
      </trkpt>
      <trkpt lat="39.891677" lon="116.645303">
        <time>2020-09-17T13:09:16Z</time>
      </trkpt>
      <trkpt lat="39.891752" lon="116.645315">
        <time>2020-09-17T13:09:21Z</time>
      </trkpt>
      <trkpt lat="39.891805" lon="116.645336">
        <time>2020-09-17T13:09:26Z</time>
      </trkpt>
      <trkpt lat="39.891849" lon="116.645367">
        <time>2020-09-17T13:09:31Z</time>
      </trkpt>
      <trkpt lat="39.891898" lon="116.645397">
        <time>2020-09-17T13:09:36Z</time>
      </trkpt>
      <trkpt lat="39.891965" lon="116.645412">
        <time>2020-09-17T13:09:41Z</time>
      </trkpt>
      <trkpt lat="39.892045" lon="116.645414">
        <time>2020-09-17T13:09:46Z</time>
      </trkpt>
      <trkpt lat="39.892111" lon="116.645437">
        <time>2020-09-17T13:09:51Z</time>
      </trkpt>
      <trkpt lat="39.892182" lon="116.645476">
        <time>2020-09-17T13:09:56Z</time>
      </trkpt>
      <trkpt lat="39.892235" lon="116.645521">
        <time>2020-09-17T13:10:01Z</time>
      </trkpt>
      <trkpt lat="39.892301" lon="116.645564">
        <time>2020-09-17T13:10:06Z</time>
      </trkpt>
      <trkpt lat="39.892381" lon="116.645597">
        <time>2020-09-17T13:10:11Z</time>
      </trkpt>
      <trkpt lat="39.892475" lon="116.645645">
        <time>2020-09-17T13:10:16Z</time>
      </trkpt>
      <trkpt lat="39.89256" lon="116.645696">
        <time>2020-09-17T13:10:21Z</time>
      </trkpt>
      <trkpt lat="39.892654" lon="116.64574">
        <time>2020-09-17T13:10:26Z</time>
      </trkpt>
      <trkpt lat="39.892725" lon="116.645778">
        <time>2020-09-17T13:10:31Z</time>
      </trkpt>
      <trkpt lat="39.892791" lon="116.645812">
        <time>2020-09-17T13:10:36Z</time>
      </trkpt>
      <trkpt lat="39.892863" lon="116.645849">
        <time>2020-09-17T13:10:41Z</time>
      </trkpt>
      <trkpt lat="39.892931" lon="116.645879">
        <time>2020-09-17T13:10:46Z</time>
      </trkpt>
      <trkpt lat="39.893" lon="116.645905">
        <time>2020-09-17T13:10:51Z</time>
      </trkpt>
      <trkpt lat="39.893062" lon="116.645922">
        <time>2020-09-17T13:10:56Z</time>
      </trkpt>
      <trkpt lat="39.893127" lon="116.645945">
        <time>2020-09-17T13:11:01Z</time>
      </trkpt>
      <trkpt lat="39.893173" lon="116.645968">
        <time>2020-09-17T13:11:06Z</time>
      </trkpt>
      <trkpt lat="39.893228" lon="116.645997">
        <time>2020-09-17T13:11:11Z</time>
      </trkpt>
      <trkpt lat="39.893312" lon="116.646039">
        <time>2020-09-17T13:11:16Z</time>
      </trkpt>
      <trkpt lat="39.893388" lon="116.646079">
        <time>2020-09-17T13:11:21Z</time>
      </trkpt>
      <trkpt lat="39.893455" lon="116.646117">
        <time>2020-09-17T13:11:26Z</time>
      </trkpt>
      <trkpt lat="39.893516" lon="116.646177">
        <time>2020-09-17T13:11:31Z</time>
      </trkpt>
      <trkpt lat="39.893572" lon="116.646208">
        <time>2020-09-17T13:11:36Z</time>
      </trkpt>
      <trkpt lat="39.893648" lon="116.646239">
        <time>2020-09-17T13:11:41Z</time>
      </trkpt>
      <trkpt lat="39.893722" lon="116.64625">
        <time>2020-09-17T13:11:46Z</time>
      </trkpt>
      <trkpt lat="39.89378" lon="116.646187">
        <time>2020-09-17T13:11:51Z</time>
      </trkpt>
      <trkpt lat="39.893827" lon="116.646099">
        <time>2020-09-17T13:11:56Z</time>
      </trkpt>
      <trkpt lat="39.89387" lon="116.64602">
        <time>2020-09-17T13:12:01Z</time>
      </trkpt>
      <trkpt lat="39.893893" lon="116.645951">
        <time>2020-09-17T13:12:06Z</time>
      </trkpt>
      <trkpt lat="39.893916" lon="116.645879">
        <time>2020-09-17T13:12:11Z</time>
      </trkpt>
      <trkpt lat="39.893981" lon="116.645847">
        <time>2020-09-17T13:12:16Z</time>
      </trkpt>
      <trkpt lat="39.894038" lon="116.64582">
        <time>2020-09-17T13:12:21Z</time>
      </trkpt>
      <trkpt lat="39.894089" lon="116.645821">
        <time>2020-09-17T13:12:26Z</time>
      </trkpt>
      <trkpt lat="39.894146" lon="116.645833">
        <time>2020-09-17T13:12:31Z</time>
      </trkpt>
      <trkpt lat="39.894195" lon="116.645865">
        <time>2020-09-17T13:12:36Z</time>
      </trkpt>
      <trkpt lat="39.894271" lon="116.645894">
        <time>2020-09-17T13:12:41Z</time>
      </trkpt>
      <trkpt lat="39.894354" lon="116.645923">
        <time>2020-09-17T13:12:46Z</time>
      </trkpt>
      <trkpt lat="39.894439" lon="116.645961">
        <time>2020-09-17T13:12:51Z</time>
      </trkpt>
      <trkpt lat="39.894497" lon="116.645986">
        <time>2020-09-17T13:12:56Z</time>
      </trkpt>
      <trkpt lat="39.894552" lon="116.646028">
        <time>2020-09-17T13:13:01Z</time>
      </trkpt>
      <trkpt lat="39.894619" lon="116.646098">
        <time>2020-09-17T13:13:06Z</time>
      </trkpt>
      <trkpt lat="39.894686" lon="116.64615">
        <time>2020-09-17T13:13:11Z</time>
      </trkpt>
      <trkpt lat="39.89475" lon="116.646177">
        <time>2020-09-17T13:13:16Z</time>
      </trkpt>
      <trkpt lat="39.894805" lon="116.646201">
        <time>2020-09-17T13:13:21Z</time>
      </trkpt>
      <trkpt lat="39.894872" lon="116.646249">
        <time>2020-09-17T13:13:26Z</time>
      </trkpt>
      <trkpt lat="39.894946" lon="116.646289">
        <time>2020-09-17T13:13:31Z</time>
      </trkpt>
      <trkpt lat="39.895021" lon="116.64631">
        <time>2020-09-17T13:13:36Z</time>
      </trkpt>
      <trkpt lat="39.895085" lon="116.646315">
        <time>2020-09-17T13:13:41Z</time>
      </trkpt>
      <trkpt lat="39.895158" lon="116.646348">
        <time>2020-09-17T13:13:46Z</time>
      </trkpt>
      <trkpt lat="39.895242" lon="116.64639">
        <time>2020-09-17T13:13:51Z</time>
      </trkpt>
      <trkpt lat="39.895315" lon="116.646425">
        <time>2020-09-17T13:13:56Z</time>
      </trkpt>
      <trkpt lat="39.895376" lon="116.646445">
        <time>2020-09-17T13:14:01Z</time>
      </trkpt>
      <trkpt lat="39.895449" lon="116.64649">
        <time>2020-09-17T13:14:06Z</time>
      </trkpt>
      <trkpt lat="39.89553" lon="116.64654">
        <time>2020-09-17T13:14:11Z</time>
      </trkpt>
      <trkpt lat="39.895598" lon="116.646556">
        <time>2020-09-17T13:14:16Z</time>
      </trkpt>
      <trkpt lat="39.895667" lon="116.646589">
        <time>2020-09-17T13:14:21Z</time>
      </trkpt>
      <trkpt lat="39.895744" lon="116.646624">
        <time>2020-09-17T13:14:26Z</time>
      </trkpt>
      <trkpt lat="39.895813" lon="116.646658">
        <time>2020-09-17T13:14:31Z</time>
      </trkpt>
      <trkpt lat="39.895883" lon="116.646695">
        <time>2020-09-17T13:14:36Z</time>
      </trkpt>
      <trkpt lat="39.895955" lon="116.64674">
        <time>2020-09-17T13:14:41Z</time>
      </trkpt>
      <trkpt lat="39.89602" lon="116.646759">
        <time>2020-09-17T13:14:46Z</time>
      </trkpt>
      <trkpt lat="39.896076" lon="116.646719">
        <time>2020-09-17T13:14:51Z</time>
      </trkpt>
      <trkpt lat="39.896113" lon="116.64664">
        <time>2020-09-17T13:14:56Z</time>
      </trkpt>
      <trkpt lat="39.896116" lon="116.646551">
        <time>2020-09-17T13:15:01Z</time>
      </trkpt>
      <trkpt lat="39.89611" lon="116.646471">
        <time>2020-09-17T13:15:06Z</time>
      </trkpt>
      <trkpt lat="39.896127" lon="116.646396">
        <time>2020-09-17T13:15:11Z</time>
      </trkpt>
      <trkpt lat="39.896124" lon="116.646313">
        <time>2020-09-17T13:15:16Z</time>
      </trkpt>
      <trkpt lat="39.89612" lon="116.646234">
        <time>2020-09-17T13:15:21Z</time>
      </trkpt>
      <trkpt lat="39.896123" lon="116.646147">
        <time>2020-09-17T13:15:26Z</time>
      </trkpt>
      <trkpt lat="39.896121" lon="116.646059">
        <time>2020-09-17T13:15:31Z</time>
      </trkpt>
      <trkpt lat="39.896122" lon="116.645956">
        <time>2020-09-17T13:15:36Z</time>
      </trkpt>
      <trkpt lat="39.896112" lon="116.645858">
        <time>2020-09-17T13:15:41Z</time>
      </trkpt>
      <trkpt lat="39.896112" lon="116.645771">
        <time>2020-09-17T13:15:46Z</time>
      </trkpt>
      <trkpt lat="39.89612" lon="116.645698">
        <time>2020-09-17T13:15:51Z</time>
      </trkpt>
      <trkpt lat="39.896142" lon="116.645611">
        <time>2020-09-17T13:15:56Z</time>
      </trkpt>
      <trkpt lat="39.896176" lon="116.645515">
        <time>2020-09-17T13:16:01Z</time>
      </trkpt>
      <trkpt lat="39.896191" lon="116.64542">
        <time>2020-09-17T13:16:06Z</time>
      </trkpt>
      <trkpt lat="39.896211" lon="116.645334">
        <time>2020-09-17T13:16:11Z</time>
      </trkpt>
      <trkpt lat="39.896228" lon="116.645235">
        <time>2020-09-17T13:16:16Z</time>
      </trkpt>
      <trkpt lat="39.896249" lon="116.645139">
        <time>2020-09-17T13:16:21Z</time>
      </trkpt>
      <trkpt lat="39.89628" lon="116.645068">
        <time>2020-09-17T13:16:26Z</time>
      </trkpt>
      <trkpt lat="39.896295" lon="116.644981">
        <time>2020-09-17T13:16:31Z</time>
      </trkpt>
      <trkpt lat="39.89629" lon="116.644893">
        <time>2020-09-17T13:16:36Z</time>
      </trkpt>
      <trkpt lat="39.896288" lon="116.644791">
        <time>2020-09-17T13:16:41Z</time>
      </trkpt>
      <trkpt lat="39.89628" lon="116.644666">
        <time>2020-09-17T13:16:46Z</time>
      </trkpt>
      <trkpt lat="39.896273" lon="116.644579">
        <time>2020-09-17T13:16:51Z</time>
      </trkpt>
      <trkpt lat="39.896255" lon="116.644494">
        <time>2020-09-17T13:16:56Z</time>
      </trkpt>
      <trkpt lat="39.896248" lon="116.64441">
        <time>2020-09-17T13:17:01Z</time>
      </trkpt>
      <trkpt lat="39.896235" lon="116.644326">
        <time>2020-09-17T13:17:06Z</time>
      </trkpt>
      <trkpt lat="39.896225" lon="116.644233">
        <time>2020-09-17T13:17:11Z</time>
      </trkpt>
      <trkpt lat="39.896218" lon="116.644148">
        <time>2020-09-17T13:17:16Z</time>
      </trkpt>
      <trkpt lat="39.896212" lon="116.644065">
        <time>2020-09-17T13:17:21Z</time>
      </trkpt>
      <trkpt lat="39.896213" lon="116.643985">
        <time>2020-09-17T13:17:26Z</time>
      </trkpt>
      <trkpt lat="39.896222" lon="116.643889">
        <time>2020-09-17T13:17:31Z</time>
      </trkpt>
      <trkpt lat="39.896217" lon="116.643797">
        <time>2020-09-17T13:17:36Z</time>
      </trkpt>
      <trkpt lat="39.89621" lon="116.643716">
        <time>2020-09-17T13:17:41Z</time>
      </trkpt>
      <trkpt lat="39.896223" lon="116.643619">
        <time>2020-09-17T13:17:46Z</time>
      </trkpt>
      <trkpt lat="39.896215" lon="116.643527">
        <time>2020-09-17T13:17:51Z</time>
      </trkpt>
      <trkpt lat="39.896208" lon="116.643424">
        <time>2020-09-17T13:17:56Z</time>
      </trkpt>
      <trkpt lat="39.896203" lon="116.64332">
        <time>2020-09-17T13:18:01Z</time>
      </trkpt>
      <trkpt lat="39.896197" lon="116.643222">
        <time>2020-09-17T13:18:06Z</time>
      </trkpt>
      <trkpt lat="39.896204" lon="116.643118">
        <time>2020-09-17T13:18:11Z</time>
      </trkpt>
      <trkpt lat="39.896225" lon="116.643043">
        <time>2020-09-17T13:18:16Z</time>
      </trkpt>
      <trkpt lat="39.896241" lon="116.642964">
        <time>2020-09-17T13:18:21Z</time>
      </trkpt>
      <trkpt lat="39.896253" lon="116.642873">
        <time>2020-09-17T13:18:26Z</time>
      </trkpt>
      <trkpt lat="39.896257" lon="116.642794">
        <time>2020-09-17T13:18:31Z</time>
      </trkpt>
      <trkpt lat="39.896251" lon="116.642719">
        <time>2020-09-17T13:18:36Z</time>
      </trkpt>
      <trkpt lat="39.896257" lon="116.642629">
        <time>2020-09-17T13:18:41Z</time>
      </trkpt>
      <trkpt lat="39.896262" lon="116.642553">
        <time>2020-09-17T13:18:46Z</time>
      </trkpt>
      <trkpt lat="39.896271" lon="116.642464">
        <time>2020-09-17T13:18:51Z</time>
      </trkpt>
      <trkpt lat="39.896289" lon="116.642368">
        <time>2020-09-17T13:18:56Z</time>
      </trkpt>
      <trkpt lat="39.89629" lon="116.642282">
        <time>2020-09-17T13:19:01Z</time>
      </trkpt>
      <trkpt lat="39.896293" lon="116.642198">
        <time>2020-09-17T13:19:06Z</time>
      </trkpt>
      <trkpt lat="39.896298" lon="116.642115">
        <time>2020-09-17T13:19:11Z</time>
      </trkpt>
      <trkpt lat="39.896302" lon="116.642017">
        <time>2020-09-17T13:19:16Z</time>
      </trkpt>
      <trkpt lat="39.8963" lon="116.641931">
        <time>2020-09-17T13:19:21Z</time>
      </trkpt>
      <trkpt lat="39.896296" lon="116.641852">
        <time>2020-09-17T13:19:26Z</time>
      </trkpt>
      <trkpt lat="39.896312" lon="116.641751">
        <time>2020-09-17T13:19:31Z</time>
      </trkpt>
      <trkpt lat="39.896319" lon="116.641643">
        <time>2020-09-17T13:19:36Z</time>
      </trkpt>
      <trkpt lat="39.896328" lon="116.641564">
        <time>2020-09-17T13:19:41Z</time>
      </trkpt>
      <trkpt lat="39.896334" lon="116.641481">
        <time>2020-09-17T13:19:46Z</time>
      </trkpt>
      <trkpt lat="39.896337" lon="116.64139">
        <time>2020-09-17T13:19:51Z</time>
      </trkpt>
      <trkpt lat="39.89634" lon="116.641309">
        <time>2020-09-17T13:19:56Z</time>
      </trkpt>
      <trkpt lat="39.896339" lon="116.641194">
        <time>2020-09-17T13:20:01Z</time>
      </trkpt>
      <trkpt lat="39.896337" lon="116.641086">
        <time>2020-09-17T13:20:06Z</time>
      </trkpt>
      <trkpt lat="39.896346" lon="116.64099">
        <time>2020-09-17T13:20:11Z</time>
      </trkpt>
      <trkpt lat="39.896356" lon="116.640897">
        <time>2020-09-17T13:20:16Z</time>
      </trkpt>
      <trkpt lat="39.896387" lon="116.640791">
        <time>2020-09-17T13:20:21Z</time>
      </trkpt>
      <trkpt lat="39.89639" lon="116.64069">
        <time>2020-09-17T13:20:26Z</time>
      </trkpt>
      <trkpt lat="39.896375" lon="116.640593">
        <time>2020-09-17T13:20:31Z</time>
      </trkpt>
      <trkpt lat="39.896359" lon="116.640507">
        <time>2020-09-17T13:20:36Z</time>
      </trkpt>
      <trkpt lat="39.89636" lon="116.640424">
        <time>2020-09-17T13:20:41Z</time>
      </trkpt>
      <trkpt lat="39.896402" lon="116.640369">
        <time>2020-09-17T13:20:46Z</time>
      </trkpt>
      <trkpt lat="39.896616" lon="116.640406">
        <time>2020-09-17T13:20:51Z</time>
      </trkpt>
      <trkpt lat="39.896616" lon="116.640406">
        <time>2020-09-17T13:20:56Z</time>
      </trkpt>
      <trkpt lat="39.896647" lon="116.640372">
        <time>2020-09-17T13:21:01Z</time>
      </trkpt>
      <trkpt lat="39.896714" lon="116.640401">
        <time>2020-09-17T13:21:06Z</time>
      </trkpt>
      <trkpt lat="39.896777" lon="116.640443">
        <time>2020-09-17T13:21:11Z</time>
      </trkpt>
      <trkpt lat="39.896838" lon="116.640485">
        <time>2020-09-17T13:21:16Z</time>
      </trkpt>
      <trkpt lat="39.896899" lon="116.640512">
        <time>2020-09-17T13:21:21Z</time>
      </trkpt>
      <trkpt lat="39.896965" lon="116.64055">
        <time>2020-09-17T13:21:26Z</time>
      </trkpt>
      <trkpt lat="39.897034" lon="116.640592">
        <time>2020-09-17T13:21:31Z</time>
      </trkpt>
      <trkpt lat="39.897114" lon="116.640641">
        <time>2020-09-17T13:21:36Z</time>
      </trkpt>
      <trkpt lat="39.897182" lon="116.640698">
        <time>2020-09-17T13:21:41Z</time>
      </trkpt>
      <trkpt lat="39.897246" lon="116.640752">
        <time>2020-09-17T13:21:46Z</time>
      </trkpt>
      <trkpt lat="39.897309" lon="116.640787">
        <time>2020-09-17T13:21:51Z</time>
      </trkpt>
      <trkpt lat="39.897347" lon="116.640821">
        <time>2020-09-17T13:21:56Z</time>
      </trkpt>
      <trkpt lat="39.897399" lon="116.640835">
        <time>2020-09-17T13:22:01Z</time>
      </trkpt>
      <trkpt lat="39.897459" lon="116.640854">
        <time>2020-09-17T13:22:06Z</time>
      </trkpt>
      <trkpt lat="39.897514" lon="116.640873">
        <time>2020-09-17T13:22:11Z</time>
      </trkpt>
      <trkpt lat="39.897578" lon="116.640927">
        <time>2020-09-17T13:22:16Z</time>
      </trkpt>
      <trkpt lat="39.897653" lon="116.640973">
        <time>2020-09-17T13:22:21Z</time>
      </trkpt>
      <trkpt lat="39.897715" lon="116.641002">
        <time>2020-09-17T13:22:26Z</time>
      </trkpt>
      <trkpt lat="39.897779" lon="116.641032">
        <time>2020-09-17T13:22:31Z</time>
      </trkpt>
      <trkpt lat="39.89783" lon="116.641075">
        <time>2020-09-17T13:22:36Z</time>
      </trkpt>
      <trkpt lat="39.897885" lon="116.641121">
        <time>2020-09-17T13:22:41Z</time>
      </trkpt>
      <trkpt lat="39.897944" lon="116.641145">
        <time>2020-09-17T13:22:46Z</time>
      </trkpt>
      <trkpt lat="39.898019" lon="116.641174">
        <time>2020-09-17T13:22:51Z</time>
      </trkpt>
      <trkpt lat="39.8981" lon="116.641214">
        <time>2020-09-17T13:22:56Z</time>
      </trkpt>
      <trkpt lat="39.898166" lon="116.641258">
        <time>2020-09-17T13:23:01Z</time>
      </trkpt>
      <trkpt lat="39.898237" lon="116.641305">
        <time>2020-09-17T13:23:06Z</time>
      </trkpt>
      <trkpt lat="39.898323" lon="116.641324">
        <time>2020-09-17T13:23:11Z</time>
      </trkpt>
      <trkpt lat="39.898375" lon="116.641345">
        <time>2020-09-17T13:23:16Z</time>
      </trkpt>
      <trkpt lat="39.898436" lon="116.641371">
        <time>2020-09-17T13:23:21Z</time>
      </trkpt>
      <trkpt lat="39.898455" lon="116.641442">
        <time>2020-09-17T13:23:26Z</time>
      </trkpt>
      <trkpt lat="39.898446" lon="116.641526">
        <time>2020-09-17T13:23:31Z</time>
      </trkpt>
      <trkpt lat="39.898433" lon="116.641633">
        <time>2020-09-17T13:23:36Z</time>
      </trkpt>
      <trkpt lat="39.898401" lon="116.64172">
        <time>2020-09-17T13:23:41Z</time>
      </trkpt>
      <trkpt lat="39.898386" lon="116.641806">
        <time>2020-09-17T13:23:46Z</time>
      </trkpt>
      <trkpt lat="39.898375" lon="116.64189">
        <time>2020-09-17T13:23:51Z</time>
      </trkpt>
      <trkpt lat="39.898373" lon="116.641978">
        <time>2020-09-17T13:23:56Z</time>
      </trkpt>
      <trkpt lat="39.898374" lon="116.642072">
        <time>2020-09-17T13:24:01Z</time>
      </trkpt>
      <trkpt lat="39.898383" lon="116.642174">
        <time>2020-09-17T13:24:06Z</time>
      </trkpt>
      <trkpt lat="39.898387" lon="116.642263">
        <time>2020-09-17T13:24:11Z</time>
      </trkpt>
      <trkpt lat="39.898389" lon="116.642354">
        <time>2020-09-17T13:24:16Z</time>
      </trkpt>
      <trkpt lat="39.898373" lon="116.642455">
        <time>2020-09-17T13:24:21Z</time>
      </trkpt>
      <trkpt lat="39.89837" lon="116.642523">
        <time>2020-09-17T13:24:26Z</time>
      </trkpt>
      <trkpt lat="39.898366" lon="116.642607">
        <time>2020-09-17T13:24:31Z</time>
      </trkpt>
      <trkpt lat="39.898383" lon="116.642704">
        <time>2020-09-17T13:24:36Z</time>
      </trkpt>
      <trkpt lat="39.898407" lon="116.642799">
        <time>2020-09-17T13:24:41Z</time>
      </trkpt>
      <trkpt lat="39.898411" lon="116.642892">
        <time>2020-09-17T13:24:46Z</time>
      </trkpt>
      <trkpt lat="39.898409" lon="116.642989">
        <time>2020-09-17T13:24:51Z</time>
      </trkpt>
      <trkpt lat="39.898405" lon="116.643072">
        <time>2020-09-17T13:24:56Z</time>
      </trkpt>
      <trkpt lat="39.898397" lon="116.643156">
        <time>2020-09-17T13:25:01Z</time>
      </trkpt>
      <trkpt lat="39.898406" lon="116.643243">
        <time>2020-09-17T13:25:06Z</time>
      </trkpt>
      <trkpt lat="39.898406" lon="116.64333">
        <time>2020-09-17T13:25:11Z</time>
      </trkpt>
      <trkpt lat="39.898389" lon="116.643458">
        <time>2020-09-17T13:25:16Z</time>
      </trkpt>
      <trkpt lat="39.898366" lon="116.643557">
        <time>2020-09-17T13:25:21Z</time>
      </trkpt>
      <trkpt lat="39.898353" lon="116.643649">
        <time>2020-09-17T13:25:26Z</time>
      </trkpt>
      <trkpt lat="39.898358" lon="116.643751">
        <time>2020-09-17T13:25:31Z</time>
      </trkpt>
      <trkpt lat="39.898368" lon="116.643856">
        <time>2020-09-17T13:25:36Z</time>
      </trkpt>
      <trkpt lat="39.898368" lon="116.643953">
        <time>2020-09-17T13:25:41Z</time>
      </trkpt>
      <trkpt lat="39.898367" lon="116.644054">
        <time>2020-09-17T13:25:46Z</time>
      </trkpt>
      <trkpt lat="39.89837" lon="116.644152">
        <time>2020-09-17T13:25:51Z</time>
      </trkpt>
      <trkpt lat="39.89839" lon="116.644233">
        <time>2020-09-17T13:25:56Z</time>
      </trkpt>
      <trkpt lat="39.898403" lon="116.644318">
        <time>2020-09-17T13:26:01Z</time>
      </trkpt>
      <trkpt lat="39.898418" lon="116.644403">
        <time>2020-09-17T13:26:06Z</time>
      </trkpt>
      <trkpt lat="39.898409" lon="116.644495">
        <time>2020-09-17T13:26:11Z</time>
      </trkpt>
      <trkpt lat="39.898413" lon="116.644576">
        <time>2020-09-17T13:26:16Z</time>
      </trkpt>
      <trkpt lat="39.898451" lon="116.644667">
        <time>2020-09-17T13:26:21Z</time>
      </trkpt>
      <trkpt lat="39.89848" lon="116.644767">
        <time>2020-09-17T13:26:26Z</time>
      </trkpt>
      <trkpt lat="39.898493" lon="116.644858">
        <time>2020-09-17T13:26:31Z</time>
      </trkpt>
      <trkpt lat="39.898487" lon="116.644956">
        <time>2020-09-17T13:26:36Z</time>
      </trkpt>
      <trkpt lat="39.898488" lon="116.645045">
        <time>2020-09-17T13:26:41Z</time>
      </trkpt>
      <trkpt lat="39.898496" lon="116.645134">
        <time>2020-09-17T13:26:46Z</time>
      </trkpt>
      <trkpt lat="39.898508" lon="116.645227">
        <time>2020-09-17T13:26:51Z</time>
      </trkpt>
      <trkpt lat="39.898533" lon="116.645322">
        <time>2020-09-17T13:26:56Z</time>
      </trkpt>
      <trkpt lat="39.898542" lon="116.645408">
        <time>2020-09-17T13:27:01Z</time>
      </trkpt>
      <trkpt lat="39.898536" lon="116.645512">
        <time>2020-09-17T13:27:06Z</time>
      </trkpt>
      <trkpt lat="39.898556" lon="116.645605">
        <time>2020-09-17T13:27:11Z</time>
      </trkpt>
      <trkpt lat="39.898568" lon="116.645688">
        <time>2020-09-17T13:27:16Z</time>
      </trkpt>
      <trkpt lat="39.898574" lon="116.645756">
        <time>2020-09-17T13:27:21Z</time>
      </trkpt>
      <trkpt lat="39.898594" lon="116.645827">
        <time>2020-09-17T13:27:26Z</time>
      </trkpt>
      <trkpt lat="39.898608" lon="116.645908">
        <time>2020-09-17T13:27:31Z</time>
      </trkpt>
      <trkpt lat="39.89862" lon="116.645986">
        <time>2020-09-17T13:27:36Z</time>
      </trkpt>
      <trkpt lat="39.898637" lon="116.646065">
        <time>2020-09-17T13:27:41Z</time>
      </trkpt>
      <trkpt lat="39.898661" lon="116.646151">
        <time>2020-09-17T13:27:46Z</time>
      </trkpt>
      <trkpt lat="39.898684" lon="116.646239">
        <time>2020-09-17T13:27:51Z</time>
      </trkpt>
      <trkpt lat="39.898703" lon="116.646324">
        <time>2020-09-17T13:27:56Z</time>
      </trkpt>
      <trkpt lat="39.898745" lon="116.646403">
        <time>2020-09-17T13:28:01Z</time>
      </trkpt>
      <trkpt lat="39.898788" lon="116.646473">
        <time>2020-09-17T13:28:06Z</time>
      </trkpt>
      <trkpt lat="39.898816" lon="116.646535">
        <time>2020-09-17T13:28:11Z</time>
      </trkpt>
      <trkpt lat="39.898838" lon="116.646598">
        <time>2020-09-17T13:28:16Z</time>
      </trkpt>
      <trkpt lat="39.89885" lon="116.646687">
        <time>2020-09-17T13:28:21Z</time>
      </trkpt>
      <trkpt lat="39.898871" lon="116.646757">
        <time>2020-09-17T13:28:26Z</time>
      </trkpt>
      <trkpt lat="39.898909" lon="116.646836">
        <time>2020-09-17T13:28:31Z</time>
      </trkpt>
      <trkpt lat="39.898976" lon="116.646924">
        <time>2020-09-17T13:28:36Z</time>
      </trkpt>
      <trkpt lat="39.899006" lon="116.647023">
        <time>2020-09-17T13:28:41Z</time>
      </trkpt>
      <trkpt lat="39.899042" lon="116.647142">
        <time>2020-09-17T13:28:46Z</time>
      </trkpt>
      <trkpt lat="39.899065" lon="116.647248">
        <time>2020-09-17T13:28:51Z</time>
      </trkpt>
      <trkpt lat="39.899067" lon="116.647353">
        <time>2020-09-17T13:28:56Z</time>
      </trkpt>
      <trkpt lat="39.899077" lon="116.647449">
        <time>2020-09-17T13:29:01Z</time>
      </trkpt>
      <trkpt lat="39.899063" lon="116.647545">
        <time>2020-09-17T13:29:06Z</time>
      </trkpt>
      <trkpt lat="39.899053" lon="116.647635">
        <time>2020-09-17T13:29:11Z</time>
      </trkpt>
      <trkpt lat="39.899042" lon="116.64771">
        <time>2020-09-17T13:29:16Z</time>
      </trkpt>
      <trkpt lat="39.899033" lon="116.647789">
        <time>2020-09-17T13:29:21Z</time>
      </trkpt>
      <trkpt lat="39.899003" lon="116.647887">
        <time>2020-09-17T13:29:26Z</time>
      </trkpt>
      <trkpt lat="39.899008" lon="116.648005">
        <time>2020-09-17T13:29:31Z</time>
      </trkpt>
      <trkpt lat="39.899012" lon="116.648101">
        <time>2020-09-17T13:29:36Z</time>
      </trkpt>
      <trkpt lat="39.899005" lon="116.648181">
        <time>2020-09-17T13:29:41Z</time>
      </trkpt>
      <trkpt lat="39.89902" lon="116.648253">
        <time>2020-09-17T13:29:46Z</time>
      </trkpt>
      <trkpt lat="39.899038" lon="116.648335">
        <time>2020-09-17T13:29:51Z</time>
      </trkpt>
      <trkpt lat="39.899048" lon="116.648422">
        <time>2020-09-17T13:29:56Z</time>
      </trkpt>
      <trkpt lat="39.899058" lon="116.648524">
        <time>2020-09-17T13:30:01Z</time>
      </trkpt>
      <trkpt lat="39.899068" lon="116.648613">
        <time>2020-09-17T13:30:06Z</time>
      </trkpt>
      <trkpt lat="39.89906" lon="116.648694">
        <time>2020-09-17T13:30:11Z</time>
      </trkpt>
      <trkpt lat="39.899038" lon="116.648776">
        <time>2020-09-17T13:30:16Z</time>
      </trkpt>
      <trkpt lat="39.899033" lon="116.648844">
        <time>2020-09-17T13:30:21Z</time>
      </trkpt>
      <trkpt lat="39.899016" lon="116.648904">
        <time>2020-09-17T13:30:26Z</time>
      </trkpt>
      <trkpt lat="39.899" lon="116.648971">
        <time>2020-09-17T13:30:31Z</time>
      </trkpt>
      <trkpt lat="39.899017" lon="116.649045">
        <time>2020-09-17T13:30:36Z</time>
      </trkpt>
      <trkpt lat="39.899017" lon="116.649097">
        <time>2020-09-17T13:30:41Z</time>
      </trkpt>
      <trkpt lat="39.899011" lon="116.649168">
        <time>2020-09-17T13:30:46Z</time>
      </trkpt>
      <trkpt lat="39.899011" lon="116.649256">
        <time>2020-09-17T13:30:51Z</time>
      </trkpt>
      <trkpt lat="39.899012" lon="116.649339">
        <time>2020-09-17T13:30:56Z</time>
      </trkpt>
      <trkpt lat="39.899008" lon="116.649427">
        <time>2020-09-17T13:31:01Z</time>
      </trkpt>
      <trkpt lat="39.899005" lon="116.649519">
        <time>2020-09-17T13:31:06Z</time>
      </trkpt>
      <trkpt lat="39.899007" lon="116.649595">
        <time>2020-09-17T13:31:11Z</time>
      </trkpt>
      <trkpt lat="39.899013" lon="116.649681">
        <time>2020-09-17T13:31:16Z</time>
      </trkpt>
      <trkpt lat="39.89901" lon="116.64976">
        <time>2020-09-17T13:31:21Z</time>
      </trkpt>
      <trkpt lat="39.899042" lon="116.64983">
        <time>2020-09-17T13:31:26Z</time>
      </trkpt>
      <trkpt lat="39.899062" lon="116.649894">
        <time>2020-09-17T13:31:31Z</time>
      </trkpt>
      <trkpt lat="39.899085" lon="116.649966">
        <time>2020-09-17T13:31:36Z</time>
      </trkpt>
      <trkpt lat="39.899095" lon="116.650054">
        <time>2020-09-17T13:31:41Z</time>
      </trkpt>
      <trkpt lat="39.899106" lon="116.650154">
        <time>2020-09-17T13:31:46Z</time>
      </trkpt>
      <trkpt lat="39.899109" lon="116.650249">
        <time>2020-09-17T13:31:51Z</time>
      </trkpt>
      <trkpt lat="39.899103" lon="116.65033">
        <time>2020-09-17T13:31:56Z</time>
      </trkpt>
      <trkpt lat="39.899111" lon="116.65041">
        <time>2020-09-17T13:32:01Z</time>
      </trkpt>
      <trkpt lat="39.899118" lon="116.650497">
        <time>2020-09-17T13:32:06Z</time>
      </trkpt>
      <trkpt lat="39.899122" lon="116.650574">
        <time>2020-09-17T13:32:11Z</time>
      </trkpt>
      <trkpt lat="39.899111" lon="116.650661">
        <time>2020-09-17T13:32:16Z</time>
      </trkpt>
      <trkpt lat="39.899117" lon="116.65075">
        <time>2020-09-17T13:32:21Z</time>
      </trkpt>
      <trkpt lat="39.899135" lon="116.650846">
        <time>2020-09-17T13:32:26Z</time>
      </trkpt>
      <trkpt lat="39.899126" lon="116.65093">
        <time>2020-09-17T13:32:31Z</time>
      </trkpt>
      <trkpt lat="39.899109" lon="116.651022">
        <time>2020-09-17T13:32:36Z</time>
      </trkpt>
      <trkpt lat="39.899076" lon="116.651085">
        <time>2020-09-17T13:32:41Z</time>
      </trkpt>
      <trkpt lat="39.89904" lon="116.651165">
        <time>2020-09-17T13:32:46Z</time>
      </trkpt>
      <trkpt lat="39.899012" lon="116.651244">
        <time>2020-09-17T13:32:51Z</time>
      </trkpt>
      <trkpt lat="39.89901" lon="116.651299">
        <time>2020-09-17T13:32:56Z</time>
      </trkpt>
      <trkpt lat="39.899035" lon="116.651271">
        <time>2020-09-17T13:33:01Z</time>
      </trkpt>
      <trkpt lat="39.899029" lon="116.651206">
        <time>2020-09-17T13:33:06Z</time>
      </trkpt>
      <trkpt lat="39.898996" lon="116.651141">
        <time>2020-09-17T13:33:11Z</time>
      </trkpt>
      <trkpt lat="39.898976" lon="116.651061">
        <time>2020-09-17T13:33:16Z</time>
      </trkpt>
      <trkpt lat="39.89898" lon="116.650974">
        <time>2020-09-17T13:33:21Z</time>
      </trkpt>
      <trkpt lat="39.89899" lon="116.650894">
        <time>2020-09-17T13:33:26Z</time>
      </trkpt>
      <trkpt lat="39.898997" lon="116.65082">
        <time>2020-09-17T13:33:31Z</time>
      </trkpt>
      <trkpt lat="39.898985" lon="116.65073">
        <time>2020-09-17T13:33:36Z</time>
      </trkpt>
      <trkpt lat="39.898982" lon="116.650644">
        <time>2020-09-17T13:33:41Z</time>
      </trkpt>
      <trkpt lat="39.898966" lon="116.650544">
        <time>2020-09-17T13:33:46Z</time>
      </trkpt>
      <trkpt lat="39.898955" lon="116.650472">
        <time>2020-09-17T13:33:51Z</time>
      </trkpt>
      <trkpt lat="39.898962" lon="116.650404">
        <time>2020-09-17T13:33:56Z</time>
      </trkpt>
      <trkpt lat="39.898969" lon="116.650332">
        <time>2020-09-17T13:34:01Z</time>
      </trkpt>
      <trkpt lat="39.898979" lon="116.650269">
        <time>2020-09-17T13:34:06Z</time>
      </trkpt>
      <trkpt lat="39.899007" lon="116.650213">
        <time>2020-09-17T13:34:11Z</time>
      </trkpt>
      <trkpt lat="39.899027" lon="116.650137">
        <time>2020-09-17T13:34:16Z</time>
      </trkpt>
      <trkpt lat="39.899034" lon="116.650051">
        <time>2020-09-17T13:34:21Z</time>
      </trkpt>
      <trkpt lat="39.899037" lon="116.649968">
        <time>2020-09-17T13:34:26Z</time>
      </trkpt>
      <trkpt lat="39.899019" lon="116.649866">
        <time>2020-09-17T13:34:31Z</time>
      </trkpt>
      <trkpt lat="39.899005" lon="116.649765">
        <time>2020-09-17T13:34:36Z</time>
      </trkpt>
      <trkpt lat="39.899009" lon="116.649677">
        <time>2020-09-17T13:34:41Z</time>
      </trkpt>
      <trkpt lat="39.898999" lon="116.649596">
        <time>2020-09-17T13:34:46Z</time>
      </trkpt>
      <trkpt lat="39.899009" lon="116.64953">
        <time>2020-09-17T13:34:51Z</time>
      </trkpt>
      <trkpt lat="39.899029" lon="116.649479">
        <time>2020-09-17T13:34:56Z</time>
      </trkpt>
      <trkpt lat="39.899029" lon="116.649399">
        <time>2020-09-17T13:35:01Z</time>
      </trkpt>
      <trkpt lat="39.899012" lon="116.649306">
        <time>2020-09-17T13:35:06Z</time>
      </trkpt>
      <trkpt lat="39.899014" lon="116.649205">
        <time>2020-09-17T13:35:11Z</time>
      </trkpt>
      <trkpt lat="39.899007" lon="116.649116">
        <time>2020-09-17T13:35:16Z</time>
      </trkpt>
      <trkpt lat="39.89901" lon="116.649021">
        <time>2020-09-17T13:35:21Z</time>
      </trkpt>
      <trkpt lat="39.899002" lon="116.648919">
        <time>2020-09-17T13:35:26Z</time>
      </trkpt>
      <trkpt lat="39.898995" lon="116.648836">
        <time>2020-09-17T13:35:31Z</time>
      </trkpt>
      <trkpt lat="39.898987" lon="116.648742">
        <time>2020-09-17T13:35:36Z</time>
      </trkpt>
      <trkpt lat="39.898995" lon="116.648651">
        <time>2020-09-17T13:35:41Z</time>
      </trkpt>
      <trkpt lat="39.899003" lon="116.648562">
        <time>2020-09-17T13:35:46Z</time>
      </trkpt>
      <trkpt lat="39.899014" lon="116.648467">
        <time>2020-09-17T13:35:51Z</time>
      </trkpt>
      <trkpt lat="39.899017" lon="116.648383">
        <time>2020-09-17T13:35:56Z</time>
      </trkpt>
      <trkpt lat="39.899026" lon="116.648296">
        <time>2020-09-17T13:36:01Z</time>
      </trkpt>
      <trkpt lat="39.899025" lon="116.648209">
        <time>2020-09-17T13:36:06Z</time>
      </trkpt>
      <trkpt lat="39.899" lon="116.64811">
        <time>2020-09-17T13:36:11Z</time>
      </trkpt>
      <trkpt lat="39.898987" lon="116.648017">
        <time>2020-09-17T13:36:16Z</time>
      </trkpt>
      <trkpt lat="39.898993" lon="116.647932">
        <time>2020-09-17T13:36:21Z</time>
      </trkpt>
      <trkpt lat="39.898991" lon="116.647845">
        <time>2020-09-17T13:36:26Z</time>
      </trkpt>
      <trkpt lat="39.898991" lon="116.647771">
        <time>2020-09-17T13:36:31Z</time>
      </trkpt>
      <trkpt lat="39.898979" lon="116.647693">
        <time>2020-09-17T13:36:36Z</time>
      </trkpt>
      <trkpt lat="39.898967" lon="116.647613">
        <time>2020-09-17T13:36:41Z</time>
      </trkpt>
      <trkpt lat="39.898969" lon="116.647546">
        <time>2020-09-17T13:36:46Z</time>
      </trkpt>
      <trkpt lat="39.898964" lon="116.647467">
        <time>2020-09-17T13:36:51Z</time>
      </trkpt>
      <trkpt lat="39.89895" lon="116.647379">
        <time>2020-09-17T13:36:56Z</time>
      </trkpt>
      <trkpt lat="39.898941" lon="116.647295">
        <time>2020-09-17T13:37:01Z</time>
      </trkpt>
      <trkpt lat="39.898927" lon="116.647212">
        <time>2020-09-17T13:37:06Z</time>
      </trkpt>
      <trkpt lat="39.898907" lon="116.647127">
        <time>2020-09-17T13:37:11Z</time>
      </trkpt>
      <trkpt lat="39.898881" lon="116.647042">
        <time>2020-09-17T13:37:16Z</time>
      </trkpt>
      <trkpt lat="39.898863" lon="116.646981">
        <time>2020-09-17T13:37:21Z</time>
      </trkpt>
      <trkpt lat="39.898848" lon="116.646914">
        <time>2020-09-17T13:37:26Z</time>
      </trkpt>
      <trkpt lat="39.898819" lon="116.646828">
        <time>2020-09-17T13:37:31Z</time>
      </trkpt>
      <trkpt lat="39.898795" lon="116.646748">
        <time>2020-09-17T13:37:36Z</time>
      </trkpt>
      <trkpt lat="39.898792" lon="116.646669">
        <time>2020-09-17T13:37:41Z</time>
      </trkpt>
      <trkpt lat="39.89878" lon="116.646577">
        <time>2020-09-17T13:37:46Z</time>
      </trkpt>
      <trkpt lat="39.898782" lon="116.646479">
        <time>2020-09-17T13:37:51Z</time>
      </trkpt>
      <trkpt lat="39.898757" lon="116.646383">
        <time>2020-09-17T13:37:56Z</time>
      </trkpt>
      <trkpt lat="39.898722" lon="116.6463">
        <time>2020-09-17T13:38:01Z</time>
      </trkpt>
      <trkpt lat="39.898699" lon="116.646236">
        <time>2020-09-17T13:38:06Z</time>
      </trkpt>
      <trkpt lat="39.898676" lon="116.646176">
        <time>2020-09-17T13:38:11Z</time>
      </trkpt>
      <trkpt lat="39.898651" lon="116.646117">
        <time>2020-09-17T13:38:16Z</time>
      </trkpt>
      <trkpt lat="39.898628" lon="116.64604">
        <time>2020-09-17T13:38:21Z</time>
      </trkpt>
      <trkpt lat="39.898614" lon="116.645965">
        <time>2020-09-17T13:38:26Z</time>
      </trkpt>
      <trkpt lat="39.898602" lon="116.645893">
        <time>2020-09-17T13:38:31Z</time>
      </trkpt>
      <trkpt lat="39.898587" lon="116.645815">
        <time>2020-09-17T13:38:36Z</time>
      </trkpt>
      <trkpt lat="39.898569" lon="116.645734">
        <time>2020-09-17T13:38:41Z</time>
      </trkpt>
      <trkpt lat="39.89855" lon="116.645653">
        <time>2020-09-17T13:38:46Z</time>
      </trkpt>
      <trkpt lat="39.898526" lon="116.645571">
        <time>2020-09-17T13:38:51Z</time>
      </trkpt>
      <trkpt lat="39.898498" lon="116.645488">
        <time>2020-09-17T13:38:56Z</time>
      </trkpt>
      <trkpt lat="39.898482" lon="116.645409">
        <time>2020-09-17T13:39:01Z</time>
      </trkpt>
      <trkpt lat="39.898463" lon="116.64533">
        <time>2020-09-17T13:39:06Z</time>
      </trkpt>
      <trkpt lat="39.89845" lon="116.645262">
        <time>2020-09-17T13:39:11Z</time>
      </trkpt>
      <trkpt lat="39.898446" lon="116.645195">
        <time>2020-09-17T13:39:16Z</time>
      </trkpt>
      <trkpt lat="39.89843" lon="116.645132">
        <time>2020-09-17T13:39:21Z</time>
      </trkpt>
      <trkpt lat="39.898415" lon="116.645069">
        <time>2020-09-17T13:39:26Z</time>
      </trkpt>
      <trkpt lat="39.898407" lon="116.644998">
        <time>2020-09-17T13:39:31Z</time>
      </trkpt>
      <trkpt lat="39.898384" lon="116.644907">
        <time>2020-09-17T13:39:36Z</time>
      </trkpt>
      <trkpt lat="39.898363" lon="116.644819">
        <time>2020-09-17T13:39:41Z</time>
      </trkpt>
      <trkpt lat="39.898357" lon="116.644745">
        <time>2020-09-17T13:39:46Z</time>
      </trkpt>
      <trkpt lat="39.89835" lon="116.644681">
        <time>2020-09-17T13:39:51Z</time>
      </trkpt>
      <trkpt lat="39.898343" lon="116.644626">
        <time>2020-09-17T13:39:56Z</time>
      </trkpt>
      <trkpt lat="39.89834" lon="116.644546">
        <time>2020-09-17T13:40:01Z</time>
      </trkpt>
      <trkpt lat="39.89833" lon="116.644465">
        <time>2020-09-17T13:40:06Z</time>
      </trkpt>
      <trkpt lat="39.898327" lon="116.644384">
        <time>2020-09-17T13:40:11Z</time>
      </trkpt>
      <trkpt lat="39.898332" lon="116.644316">
        <time>2020-09-17T13:40:16Z</time>
      </trkpt>
      <trkpt lat="39.898338" lon="116.644239">
        <time>2020-09-17T13:40:21Z</time>
      </trkpt>
      <trkpt lat="39.898321" lon="116.644158">
        <time>2020-09-17T13:40:26Z</time>
      </trkpt>
      <trkpt lat="39.898307" lon="116.644091">
        <time>2020-09-17T13:40:31Z</time>
      </trkpt>
      <trkpt lat="39.898302" lon="116.644021">
        <time>2020-09-17T13:40:36Z</time>
      </trkpt>
      <trkpt lat="39.89829" lon="116.64393">
        <time>2020-09-17T13:40:41Z</time>
      </trkpt>
      <trkpt lat="39.898291" lon="116.643864">
        <time>2020-09-17T13:40:46Z</time>
      </trkpt>
      <trkpt lat="39.898285" lon="116.643812">
        <time>2020-09-17T13:40:51Z</time>
      </trkpt>
      <trkpt lat="39.898278" lon="116.643752">
        <time>2020-09-17T13:40:56Z</time>
      </trkpt>
      <trkpt lat="39.898279" lon="116.643691">
        <time>2020-09-17T13:41:01Z</time>
      </trkpt>
      <trkpt lat="39.89829" lon="116.643622">
        <time>2020-09-17T13:41:06Z</time>
      </trkpt>
      <trkpt lat="39.898299" lon="116.643555">
        <time>2020-09-17T13:41:11Z</time>
      </trkpt>
      <trkpt lat="39.898306" lon="116.643469">
        <time>2020-09-17T13:41:16Z</time>
      </trkpt>
      <trkpt lat="39.898315" lon="116.643382">
        <time>2020-09-17T13:41:21Z</time>
      </trkpt>
      <trkpt lat="39.898305" lon="116.643301">
        <time>2020-09-17T13:41:26Z</time>
      </trkpt>
      <trkpt lat="39.89829" lon="116.64323">
        <time>2020-09-17T13:41:31Z</time>
      </trkpt>
      <trkpt lat="39.898287" lon="116.643163">
        <time>2020-09-17T13:41:36Z</time>
      </trkpt>
      <trkpt lat="39.898286" lon="116.64309">
        <time>2020-09-17T13:41:41Z</time>
      </trkpt>
      <trkpt lat="39.898299" lon="116.643008">
        <time>2020-09-17T13:41:46Z</time>
      </trkpt>
      <trkpt lat="39.898305" lon="116.642928">
        <time>2020-09-17T13:41:51Z</time>
      </trkpt>
      <trkpt lat="39.898313" lon="116.642844">
        <time>2020-09-17T13:41:56Z</time>
      </trkpt>
      <trkpt lat="39.898305" lon="116.642774">
        <time>2020-09-17T13:42:01Z</time>
      </trkpt>
      <trkpt lat="39.898306" lon="116.642708">
        <time>2020-09-17T13:42:06Z</time>
      </trkpt>
      <trkpt lat="39.898305" lon="116.642647">
        <time>2020-09-17T13:42:11Z</time>
      </trkpt>
      <trkpt lat="39.898306" lon="116.642556">
        <time>2020-09-17T13:42:16Z</time>
      </trkpt>
      <trkpt lat="39.898299" lon="116.642471">
        <time>2020-09-17T13:42:21Z</time>
      </trkpt>
      <trkpt lat="39.898308" lon="116.642386">
        <time>2020-09-17T13:42:26Z</time>
      </trkpt>
      <trkpt lat="39.898321" lon="116.642327">
        <time>2020-09-17T13:42:31Z</time>
      </trkpt>
      <trkpt lat="39.898328" lon="116.642255">
        <time>2020-09-17T13:42:36Z</time>
      </trkpt>
      <trkpt lat="39.898319" lon="116.642172">
        <time>2020-09-17T13:42:41Z</time>
      </trkpt>
      <trkpt lat="39.898332" lon="116.642081">
        <time>2020-09-17T13:42:46Z</time>
      </trkpt>
      <trkpt lat="39.898329" lon="116.641997">
        <time>2020-09-17T13:42:51Z</time>
      </trkpt>
      <trkpt lat="39.898346" lon="116.641925">
        <time>2020-09-17T13:42:56Z</time>
      </trkpt>
      <trkpt lat="39.898363" lon="116.641851">
        <time>2020-09-17T13:43:01Z</time>
      </trkpt>
      <trkpt lat="39.898368" lon="116.641775">
        <time>2020-09-17T13:43:06Z</time>
      </trkpt>
      <trkpt lat="39.89838" lon="116.641702">
        <time>2020-09-17T13:43:11Z</time>
      </trkpt>
      <trkpt lat="39.898406" lon="116.641634">
        <time>2020-09-17T13:43:16Z</time>
      </trkpt>
      <trkpt lat="39.898412" lon="116.641565">
        <time>2020-09-17T13:43:21Z</time>
      </trkpt>
      <trkpt lat="39.898397" lon="116.641473">
        <time>2020-09-17T13:43:26Z</time>
      </trkpt>
      <trkpt lat="39.898386" lon="116.641402">
        <time>2020-09-17T13:43:31Z</time>
      </trkpt>
      <trkpt lat="39.898355" lon="116.641359">
        <time>2020-09-17T13:43:36Z</time>
      </trkpt>
      <trkpt lat="39.898308" lon="116.641346">
        <time>2020-09-17T13:43:41Z</time>
      </trkpt>
      <trkpt lat="39.898253" lon="116.641335">
        <time>2020-09-17T13:43:46Z</time>
      </trkpt>
      <trkpt lat="39.8982" lon="116.641327">
        <time>2020-09-17T13:43:51Z</time>
      </trkpt>
      <trkpt lat="39.898144" lon="116.64129">
        <time>2020-09-17T13:43:56Z</time>
      </trkpt>
      <trkpt lat="39.898091" lon="116.641252">
        <time>2020-09-17T13:44:01Z</time>
      </trkpt>
      <trkpt lat="39.898049" lon="116.641211">
        <time>2020-09-17T13:44:06Z</time>
      </trkpt>
      <trkpt lat="39.898018" lon="116.641171">
        <time>2020-09-17T13:44:11Z</time>
      </trkpt>
      <trkpt lat="39.897971" lon="116.641155">
        <time>2020-09-17T13:44:16Z</time>
      </trkpt>
      <trkpt lat="39.897928" lon="116.641131">
        <time>2020-09-17T13:44:21Z</time>
      </trkpt>
      <trkpt lat="39.897891" lon="116.641102">
        <time>2020-09-17T13:44:26Z</time>
      </trkpt>
      <trkpt lat="39.897832" lon="116.641077">
        <time>2020-09-17T13:44:31Z</time>
      </trkpt>
      <trkpt lat="39.897756" lon="116.641054">
        <time>2020-09-17T13:44:36Z</time>
      </trkpt>
      <trkpt lat="39.897693" lon="116.641016">
        <time>2020-09-17T13:44:41Z</time>
      </trkpt>
      <trkpt lat="39.897649" lon="116.640985">
        <time>2020-09-17T13:44:46Z</time>
      </trkpt>
      <trkpt lat="39.897621" lon="116.640966">
        <time>2020-09-17T13:44:51Z</time>
      </trkpt>
      <trkpt lat="39.897565" lon="116.640935">
        <time>2020-09-17T13:44:56Z</time>
      </trkpt>
      <trkpt lat="39.897497" lon="116.640905">
        <time>2020-09-17T13:45:01Z</time>
      </trkpt>
      <trkpt lat="39.897431" lon="116.640897">
        <time>2020-09-17T13:45:06Z</time>
      </trkpt>
      <trkpt lat="39.897369" lon="116.640874">
        <time>2020-09-17T13:45:11Z</time>
      </trkpt>
      <trkpt lat="39.897308" lon="116.640862">
        <time>2020-09-17T13:45:16Z</time>
      </trkpt>
      <trkpt lat="39.89724" lon="116.640818">
        <time>2020-09-17T13:45:21Z</time>
      </trkpt>
      <trkpt lat="39.897161" lon="116.640787">
        <time>2020-09-17T13:45:26Z</time>
      </trkpt>
      <trkpt lat="39.897094" lon="116.64075">
        <time>2020-09-17T13:45:31Z</time>
      </trkpt>
      <trkpt lat="39.897037" lon="116.640725">
        <time>2020-09-17T13:45:36Z</time>
      </trkpt>
      <trkpt lat="39.896982" lon="116.640692">
        <time>2020-09-17T13:45:41Z</time>
      </trkpt>
      <trkpt lat="39.896937" lon="116.640661">
        <time>2020-09-17T13:45:46Z</time>
      </trkpt>
      <trkpt lat="39.896886" lon="116.640633">
        <time>2020-09-17T13:45:51Z</time>
      </trkpt>
      <trkpt lat="39.896838" lon="116.640602">
        <time>2020-09-17T13:45:56Z</time>
      </trkpt>
      <trkpt lat="39.896776" lon="116.640577">
        <time>2020-09-17T13:46:01Z</time>
      </trkpt>
      <trkpt lat="39.896732" lon="116.640565">
        <time>2020-09-17T13:46:06Z</time>
      </trkpt>
      <trkpt lat="39.896671" lon="116.640546">
        <time>2020-09-17T13:46:11Z</time>
      </trkpt>
      <trkpt lat="39.896617" lon="116.640516">
        <time>2020-09-17T13:46:16Z</time>
      </trkpt>
      <trkpt lat="39.896565" lon="116.640483">
        <time>2020-09-17T13:46:21Z</time>
      </trkpt>
      <trkpt lat="39.896524" lon="116.640456">
        <time>2020-09-17T13:46:26Z</time>
      </trkpt>
      <trkpt lat="39.89646" lon="116.640472">
        <time>2020-09-17T13:46:31Z</time>
      </trkpt>
      <trkpt lat="39.896094" lon="116.640322">
        <time>2020-09-17T13:46:36Z</time>
      </trkpt>
      <trkpt lat="39.896094" lon="116.640322">
        <time>2020-09-17T13:46:41Z</time>
      </trkpt>
      <trkpt lat="39.896208" lon="116.640306">
        <time>2020-09-17T13:46:46Z</time>
      </trkpt>
      <trkpt lat="39.896214" lon="116.640248">
        <time>2020-09-17T13:46:51Z</time>
      </trkpt>
      <trkpt lat="39.896217" lon="116.640186">
        <time>2020-09-17T13:46:56Z</time>
      </trkpt>
      <trkpt lat="39.896232" lon="116.640102">
        <time>2020-09-17T13:47:01Z</time>
      </trkpt>
      <trkpt lat="39.89625" lon="116.640037">
        <time>2020-09-17T13:47:06Z</time>
      </trkpt>
      <trkpt lat="39.896262" lon="116.639959">
        <time>2020-09-17T13:47:11Z</time>
      </trkpt>
      <trkpt lat="39.896251" lon="116.639869">
        <time>2020-09-17T13:47:16Z</time>
      </trkpt>
      <trkpt lat="39.896251" lon="116.63978">
        <time>2020-09-17T13:47:21Z</time>
      </trkpt>
      <trkpt lat="39.896263" lon="116.639707">
        <time>2020-09-17T13:47:26Z</time>
      </trkpt>
      <trkpt lat="39.896261" lon="116.639648">
        <time>2020-09-17T13:47:31Z</time>
      </trkpt>
      <trkpt lat="39.896255" lon="116.639581">
        <time>2020-09-17T13:47:36Z</time>
      </trkpt>
      <trkpt lat="39.896247" lon="116.639501">
        <time>2020-09-17T13:47:41Z</time>
      </trkpt>
      <trkpt lat="39.896263" lon="116.639425">
        <time>2020-09-17T13:47:46Z</time>
      </trkpt>
      <trkpt lat="39.896268" lon="116.639353">
        <time>2020-09-17T13:47:51Z</time>
      </trkpt>
      <trkpt lat="39.89627" lon="116.639274">
        <time>2020-09-17T13:47:56Z</time>
      </trkpt>
      <trkpt lat="39.896271" lon="116.639205">
        <time>2020-09-17T13:48:01Z</time>
      </trkpt>
      <trkpt lat="39.896274" lon="116.639138">
        <time>2020-09-17T13:48:06Z</time>
      </trkpt>
      <trkpt lat="39.896272" lon="116.639061">
        <time>2020-09-17T13:48:11Z</time>
      </trkpt>
      <trkpt lat="39.89627" lon="116.638978">
        <time>2020-09-17T13:48:16Z</time>
      </trkpt>
      <trkpt lat="39.896266" lon="116.638896">
        <time>2020-09-17T13:48:21Z</time>
      </trkpt>
      <trkpt lat="39.896254" lon="116.638833">
        <time>2020-09-17T13:48:26Z</time>
      </trkpt>
      <trkpt lat="39.896228" lon="116.63877">
        <time>2020-09-17T13:48:31Z</time>
      </trkpt>
      <trkpt lat="39.896222" lon="116.638711">
        <time>2020-09-17T13:48:36Z</time>
      </trkpt>
      <trkpt lat="39.896222" lon="116.638655">
        <time>2020-09-17T13:48:41Z</time>
      </trkpt>
      <trkpt lat="39.896226" lon="116.638595">
        <time>2020-09-17T13:48:46Z</time>
      </trkpt>
      <trkpt lat="39.896228" lon="116.63854">
        <time>2020-09-17T13:48:51Z</time>
      </trkpt>
      <trkpt lat="39.896237" lon="116.63848">
        <time>2020-09-17T13:48:56Z</time>
      </trkpt>
      <trkpt lat="39.896234" lon="116.63841">
        <time>2020-09-17T13:49:01Z</time>
      </trkpt>
      <trkpt lat="39.896247" lon="116.638348">
        <time>2020-09-17T13:49:06Z</time>
      </trkpt>
      <trkpt lat="39.896249" lon="116.638276">
        <time>2020-09-17T13:49:11Z</time>
      </trkpt>
      <trkpt lat="39.896242" lon="116.638195">
        <time>2020-09-17T13:49:16Z</time>
      </trkpt>
      <trkpt lat="39.896229" lon="116.638115">
        <time>2020-09-17T13:49:21Z</time>
      </trkpt>
      <trkpt lat="39.896225" lon="116.638036">
        <time>2020-09-17T13:49:26Z</time>
      </trkpt>
      <trkpt lat="39.896218" lon="116.637973">
        <time>2020-09-17T13:49:31Z</time>
      </trkpt>
      <trkpt lat="39.896209" lon="116.637916">
        <time>2020-09-17T13:49:36Z</time>
      </trkpt>
      <trkpt lat="39.89621" lon="116.637861">
        <time>2020-09-17T13:49:41Z</time>
      </trkpt>
      <trkpt lat="39.896215" lon="116.637808">
        <time>2020-09-17T13:49:46Z</time>
      </trkpt>
      <trkpt lat="39.896199" lon="116.63775">
        <time>2020-09-17T13:49:51Z</time>
      </trkpt>
      <trkpt lat="39.896189" lon="116.637684">
        <time>2020-09-17T13:49:56Z</time>
      </trkpt>
      <trkpt lat="39.896179" lon="116.637625">
        <time>2020-09-17T13:50:01Z</time>
      </trkpt>
      <trkpt lat="39.896188" lon="116.637585">
        <time>2020-09-17T13:50:06Z</time>
      </trkpt>
      <trkpt lat="39.896182" lon="116.637514">
        <time>2020-09-17T13:50:11Z</time>
      </trkpt>
      <trkpt lat="39.896174" lon="116.637446">
        <time>2020-09-17T13:50:16Z</time>
      </trkpt>
      <trkpt lat="39.896166" lon="116.637376">
        <time>2020-09-17T13:50:21Z</time>
      </trkpt>
      <trkpt lat="39.896154" lon="116.637303">
        <time>2020-09-17T13:50:26Z</time>
      </trkpt>
      <trkpt lat="39.896149" lon="116.637233">
        <time>2020-09-17T13:50:31Z</time>
      </trkpt>
      <trkpt lat="39.89614" lon="116.637162">
        <time>2020-09-17T13:50:36Z</time>
      </trkpt>
      <trkpt lat="39.896133" lon="116.637084">
        <time>2020-09-17T13:50:41Z</time>
      </trkpt>
      <trkpt lat="39.89612" lon="116.637005">
        <time>2020-09-17T13:50:46Z</time>
      </trkpt>
      <trkpt lat="39.89611" lon="116.636945">
        <time>2020-09-17T13:50:51Z</time>
      </trkpt>
      <trkpt lat="39.896097" lon="116.636887">
        <time>2020-09-17T13:50:56Z</time>
      </trkpt>
      <trkpt lat="39.896121" lon="116.636738">
        <time>2020-09-17T13:51:01Z</time>
      </trkpt>
      <trkpt lat="39.896119" lon="116.636736">
        <time>2020-09-17T13:51:06Z</time>
      </trkpt>
      <trkpt lat="39.896092" lon="116.636731">
        <time>2020-09-17T13:51:11Z</time>
      </trkpt>
      <trkpt lat="39.896047" lon="116.636718">
        <time>2020-09-17T13:51:16Z</time>
      </trkpt>
      <trkpt lat="39.896032" lon="116.636717">
        <time>2020-09-17T13:51:21Z</time>
      </trkpt>
      <trkpt lat="39.896026" lon="116.636739">
        <time>2020-09-17T13:51:26Z</time>
      </trkpt>
      <trkpt lat="39.896055" lon="116.636329">
        <time>2020-09-17T13:51:31Z</time>
      </trkpt>
      <trkpt lat="39.896055" lon="116.636329">
        <time>2020-09-17T13:51:36Z</time>
      </trkpt>
      <trkpt lat="39.896055" lon="116.636329">
        <time>2020-09-17T13:51:41Z</time>
      </trkpt>
      <trkpt lat="39.896055" lon="116.636329">
        <time>2020-09-17T13:51:46Z</time>
      </trkpt>
      <trkpt lat="39.896055" lon="116.636329">
        <time>2020-09-17T13:51:51Z</time>
      </trkpt>
      <trkpt lat="39.89605" lon="116.636338">
        <time>2020-09-17T13:51:56Z</time>
      </trkpt>
      <trkpt lat="39.896034" lon="116.636427">
        <time>2020-09-17T13:52:01Z</time>
      </trkpt>
      <trkpt lat="39.896082" lon="116.636475">
        <time>2020-09-17T13:52:06Z</time>
      </trkpt>
      <trkpt lat="39.896122" lon="116.636492">
        <time>2020-09-17T13:52:11Z</time>
      </trkpt>
      <trkpt lat="39.896121" lon="116.63636">
        <time>2020-09-17T13:52:16Z</time>
      </trkpt>
      <trkpt lat="39.896127" lon="116.63626">
        <time>2020-09-17T13:52:21Z</time>
      </trkpt>
      <trkpt lat="39.896167" lon="116.636102">
        <time>2020-09-17T13:52:26Z</time>
      </trkpt>
      <trkpt lat="39.896273" lon="116.635995">
        <time>2020-09-17T13:52:31Z</time>
      </trkpt>
      <trkpt lat="39.896352" lon="116.635969">
        <time>2020-09-17T13:52:36Z</time>
      </trkpt>
      <trkpt lat="39.896461" lon="116.635944">
        <time>2020-09-17T13:52:41Z</time>
      </trkpt>
      <trkpt lat="39.896556" lon="116.635917">
        <time>2020-09-17T13:52:46Z</time>
      </trkpt>
      <trkpt lat="39.896652" lon="116.635854">
        <time>2020-09-17T13:52:51Z</time>
      </trkpt>
      <trkpt lat="39.896767" lon="116.635769">
        <time>2020-09-17T13:52:56Z</time>
      </trkpt>
      <trkpt lat="39.89688" lon="116.63573">
        <time>2020-09-17T13:53:01Z</time>
      </trkpt>
      <trkpt lat="39.896996" lon="116.635696">
        <time>2020-09-17T13:53:06Z</time>
      </trkpt>
      <trkpt lat="39.897096" lon="116.635633">
        <time>2020-09-17T13:53:11Z</time>
      </trkpt>
      <trkpt lat="39.897187" lon="116.635563">
        <time>2020-09-17T13:53:16Z</time>
      </trkpt>
      <trkpt lat="39.897289" lon="116.635488">
        <time>2020-09-17T13:53:21Z</time>
      </trkpt>
      <trkpt lat="39.897414" lon="116.635441">
        <time>2020-09-17T13:53:26Z</time>
      </trkpt>
      <trkpt lat="39.897515" lon="116.635376">
        <time>2020-09-17T13:53:31Z</time>
      </trkpt>
      <trkpt lat="39.897592" lon="116.635319">
        <time>2020-09-17T13:53:36Z</time>
      </trkpt>
      <trkpt lat="39.897643" lon="116.635258">
        <time>2020-09-17T13:53:41Z</time>
      </trkpt>
      <trkpt lat="39.897723" lon="116.635209">
        <time>2020-09-17T13:53:46Z</time>
      </trkpt>
      <trkpt lat="39.897803" lon="116.635184">
        <time>2020-09-17T13:53:51Z</time>
      </trkpt>
      <trkpt lat="39.897878" lon="116.635143">
        <time>2020-09-17T13:53:56Z</time>
      </trkpt>
      <trkpt lat="39.897943" lon="116.635087">
        <time>2020-09-17T13:54:01Z</time>
      </trkpt>
      <trkpt lat="39.897993" lon="116.635032">
        <time>2020-09-17T13:54:06Z</time>
      </trkpt>
      <trkpt lat="39.898051" lon="116.635013">
        <time>2020-09-17T13:54:11Z</time>
      </trkpt>
      <trkpt lat="39.898067" lon="116.634948">
        <time>2020-09-17T13:54:16Z</time>
      </trkpt>
      <trkpt lat="39.898059" lon="116.634942">
        <time>2020-09-17T13:54:21Z</time>
      </trkpt>
      <trkpt lat="39.898051" lon="116.634927">
        <time>2020-09-17T13:54:26Z</time>
      </trkpt>
      <trkpt lat="39.898061" lon="116.634961">
        <time>2020-09-17T13:54:31Z</time>
      </trkpt>
      <trkpt lat="39.898076" lon="116.634986">
        <time>2020-09-17T13:54:36Z</time>
      </trkpt>
      <trkpt lat="39.898105" lon="116.634992">
        <time>2020-09-17T13:54:41Z</time>
      </trkpt>
      <trkpt lat="39.898116" lon="116.63499">
        <time>2020-09-17T13:54:46Z</time>
      </trkpt>
      <trkpt lat="39.898116" lon="116.63499">
        <time>2020-09-17T13:54:51Z</time>
      </trkpt>
      <trkpt lat="39.898116" lon="116.63499">
        <time>2020-09-17T13:54:56Z</time>
      </trkpt>
      <trkpt lat="39.898117" lon="116.634982">
        <time>2020-09-17T13:55:01Z</time>
      </trkpt>
      <trkpt lat="39.898113" lon="116.634963">
        <time>2020-09-17T13:55:06Z</time>
      </trkpt>
      <trkpt lat="39.898075" lon="116.634845">
        <time>2020-09-17T13:55:11Z</time>
      </trkpt>
      <trkpt lat="39.898032" lon="116.634678">
        <time>2020-09-17T13:55:16Z</time>
      </trkpt>
      <trkpt lat="39.898003" lon="116.6345">
        <time>2020-09-17T13:55:21Z</time>
      </trkpt>
      <trkpt lat="39.897987" lon="116.634406">
        <time>2020-09-17T13:55:26Z</time>
      </trkpt>
      <trkpt lat="39.897982" lon="116.634359">
        <time>2020-09-17T13:55:31Z</time>
      </trkpt>
      <trkpt lat="39.897952" lon="116.634325">
        <time>2020-09-17T13:55:36Z</time>
      </trkpt>
      <trkpt lat="39.897947" lon="116.634288">
        <time>2020-09-17T13:55:41Z</time>
      </trkpt>
      <trkpt lat="39.897938" lon="116.634166">
        <time>2020-09-17T13:55:46Z</time>
      </trkpt>
      <trkpt lat="39.897875" lon="116.634015">
        <time>2020-09-17T13:55:51Z</time>
      </trkpt>
      <trkpt lat="39.897804" lon="116.633855">
        <time>2020-09-17T13:55:56Z</time>
      </trkpt>
      <trkpt lat="39.897698" lon="116.633704">
        <time>2020-09-17T13:56:01Z</time>
      </trkpt>
      <trkpt lat="39.897577" lon="116.633675">
        <time>2020-09-17T13:56:06Z</time>
      </trkpt>
      <trkpt lat="39.897469" lon="116.633743">
        <time>2020-09-17T13:56:11Z</time>
      </trkpt>
      <trkpt lat="39.897345" lon="116.633746">
        <time>2020-09-17T13:56:16Z</time>
      </trkpt>
      <trkpt lat="39.897256" lon="116.633618">
        <time>2020-09-17T13:56:21Z</time>
      </trkpt>
      <trkpt lat="39.897207" lon="116.633451">
        <time>2020-09-17T13:56:26Z</time>
      </trkpt>
      <trkpt lat="39.897171" lon="116.633285">
        <time>2020-09-17T13:56:31Z</time>
      </trkpt>
      <trkpt lat="39.897131" lon="116.633113">
        <time>2020-09-17T13:56:36Z</time>
      </trkpt>
      <trkpt lat="39.897103" lon="116.632923">
        <time>2020-09-17T13:56:41Z</time>
      </trkpt>
      <trkpt lat="39.896972" lon="116.632802">
        <time>2020-09-17T13:56:46Z</time>
      </trkpt>
      <trkpt lat="39.896821" lon="116.632864">
        <time>2020-09-17T13:56:51Z</time>
      </trkpt>
      <trkpt lat="39.896812" lon="116.633022">
        <time>2020-09-17T13:56:56Z</time>
      </trkpt>
      <trkpt lat="39.896848" lon="116.633198">
        <time>2020-09-17T13:57:01Z</time>
      </trkpt>
      <trkpt lat="39.896909" lon="116.633321">
        <time>2020-09-17T13:57:06Z</time>
      </trkpt>
      <trkpt lat="39.896975" lon="116.633464">
        <time>2020-09-17T13:57:11Z</time>
      </trkpt>
      <trkpt lat="39.897049" lon="116.633586">
        <time>2020-09-17T13:57:16Z</time>
      </trkpt>
      <trkpt lat="39.897118" lon="116.633698">
        <time>2020-09-17T13:57:21Z</time>
      </trkpt>
      <trkpt lat="39.897201" lon="116.633801">
        <time>2020-09-17T13:57:26Z</time>
      </trkpt>
      <trkpt lat="39.897266" lon="116.633914">
        <time>2020-09-17T13:57:31Z</time>
      </trkpt>
      <trkpt lat="39.897317" lon="116.63405">
        <time>2020-09-17T13:57:36Z</time>
      </trkpt>
      <trkpt lat="39.897372" lon="116.634117">
        <time>2020-09-17T13:57:41Z</time>
      </trkpt>
      <trkpt lat="39.897415" lon="116.634177">
        <time>2020-09-17T13:58:19Z</time>
      </trkpt>
    </trkseg>
  </trk>
</gpx>