<?xml version="1.0" encoding="UTF-8"?>
<gpx xmlns="http://www.topografix.com/GPX/1/1" xmlns:gpxtpx="http://www.garmin.com/xmlschemas/TrackPointExtension/v1" xmlns:xsi="http://www.w3.org/2001/XMLSchema-instance" xsi:schemaLocation="http://www.topografix.com/GPX/1/1 http://www.topografix.com/GPX/1/1/gpx.xsd" version="1.1" creator="gpx.py -- https://github.com/tkrajina/gpxpy">
  <trk>
    <name>gpx from keep</name>
    <trkseg>
      <trkpt lat="39.897423" lon="116.635495">
        <time>2020-09-26T11:12:32Z</time>
      </trkpt>
      <trkpt lat="39.897554" lon="116.635188">
        <time>2020-09-26T11:12:37Z</time>
      </trkpt>
      <trkpt lat="39.89739" lon="116.63538">
        <time>2020-09-26T11:12:42Z</time>
      </trkpt>
      <trkpt lat="39.897232" lon="116.635538">
        <time>2020-09-26T11:12:47Z</time>
      </trkpt>
      <trkpt lat="39.897115" lon="116.635623">
        <time>2020-09-26T11:12:52Z</time>
      </trkpt>
      <trkpt lat="39.896974" lon="116.635736">
        <time>2020-09-26T11:12:57Z</time>
      </trkpt>
      <trkpt lat="39.896867" lon="116.635828">
        <time>2020-09-26T11:13:02Z</time>
      </trkpt>
      <trkpt lat="39.896801" lon="116.63585">
        <time>2020-09-26T11:13:07Z</time>
      </trkpt>
      <trkpt lat="39.896749" lon="116.635847">
        <time>2020-09-26T11:13:12Z</time>
      </trkpt>
      <trkpt lat="39.896667" lon="116.635908">
        <time>2020-09-26T11:13:17Z</time>
      </trkpt>
      <trkpt lat="39.89663" lon="116.635911">
        <time>2020-09-26T11:13:22Z</time>
      </trkpt>
      <trkpt lat="39.896602" lon="116.635909">
        <time>2020-09-26T11:13:27Z</time>
      </trkpt>
      <trkpt lat="39.896541" lon="116.635961">
        <time>2020-09-26T11:13:32Z</time>
      </trkpt>
      <trkpt lat="39.896495" lon="116.635985">
        <time>2020-09-26T11:13:37Z</time>
      </trkpt>
      <trkpt lat="39.896445" lon="116.635992">
        <time>2020-09-26T11:13:42Z</time>
      </trkpt>
      <trkpt lat="39.896362" lon="116.636038">
        <time>2020-09-26T11:13:47Z</time>
      </trkpt>
      <trkpt lat="39.896173" lon="116.636209">
        <time>2020-09-26T11:13:52Z</time>
      </trkpt>
      <trkpt lat="39.896175" lon="116.636216">
        <time>2020-09-26T11:13:57Z</time>
      </trkpt>
      <trkpt lat="39.896199" lon="116.636165">
        <time>2020-09-26T11:14:02Z</time>
      </trkpt>
      <trkpt lat="39.896224" lon="116.636225">
        <time>2020-09-26T11:14:07Z</time>
      </trkpt>
      <trkpt lat="39.896191" lon="116.636305">
        <time>2020-09-26T11:14:12Z</time>
      </trkpt>
      <trkpt lat="39.896136" lon="116.636334">
        <time>2020-09-26T11:14:17Z</time>
      </trkpt>
      <trkpt lat="39.896118" lon="116.636358">
        <time>2020-09-26T11:14:22Z</time>
      </trkpt>
      <trkpt lat="39.896103" lon="116.636401">
        <time>2020-09-26T11:14:27Z</time>
      </trkpt>
      <trkpt lat="39.896093" lon="116.636474">
        <time>2020-09-26T11:14:32Z</time>
      </trkpt>
      <trkpt lat="39.896116" lon="116.636439">
        <time>2020-09-26T11:14:37Z</time>
      </trkpt>
      <trkpt lat="39.896152" lon="116.63637">
        <time>2020-09-26T11:14:42Z</time>
      </trkpt>
      <trkpt lat="39.896151" lon="116.636371">
        <time>2020-09-26T11:14:47Z</time>
      </trkpt>
      <trkpt lat="39.896159" lon="116.636347">
        <time>2020-09-26T11:14:52Z</time>
      </trkpt>
      <trkpt lat="39.896153" lon="116.636349">
        <time>2020-09-26T11:14:57Z</time>
      </trkpt>
      <trkpt lat="39.896138" lon="116.636359">
        <time>2020-09-26T11:15:02Z</time>
      </trkpt>
      <trkpt lat="39.896125" lon="116.636381">
        <time>2020-09-26T11:15:07Z</time>
      </trkpt>
      <trkpt lat="39.896123" lon="116.636377">
        <time>2020-09-26T11:15:12Z</time>
      </trkpt>
      <trkpt lat="39.896123" lon="116.636377">
        <time>2020-09-26T11:15:17Z</time>
      </trkpt>
      <trkpt lat="39.896123" lon="116.636377">
        <time>2020-09-26T11:15:22Z</time>
      </trkpt>
      <trkpt lat="39.896122" lon="116.636371">
        <time>2020-09-26T11:15:27Z</time>
      </trkpt>
      <trkpt lat="39.896122" lon="116.636371">
        <time>2020-09-26T11:15:32Z</time>
      </trkpt>
      <trkpt lat="39.896123" lon="116.636363">
        <time>2020-09-26T11:15:37Z</time>
      </trkpt>
      <trkpt lat="39.896118" lon="116.636363">
        <time>2020-09-26T11:15:42Z</time>
      </trkpt>
      <trkpt lat="39.896109" lon="116.636378">
        <time>2020-09-26T11:15:47Z</time>
      </trkpt>
      <trkpt lat="39.896093" lon="116.636442">
        <time>2020-09-26T11:15:52Z</time>
      </trkpt>
      <trkpt lat="39.89608" lon="116.636456">
        <time>2020-09-26T11:15:57Z</time>
      </trkpt>
      <trkpt lat="39.896118" lon="116.636438">
        <time>2020-09-26T11:16:02Z</time>
      </trkpt>
      <trkpt lat="39.896139" lon="116.636404">
        <time>2020-09-26T11:16:07Z</time>
      </trkpt>
      <trkpt lat="39.896142" lon="116.636381">
        <time>2020-09-26T11:16:12Z</time>
      </trkpt>
      <trkpt lat="39.896142" lon="116.636381">
        <time>2020-09-26T11:16:17Z</time>
      </trkpt>
      <trkpt lat="39.896142" lon="116.636376">
        <time>2020-09-26T11:16:22Z</time>
      </trkpt>
      <trkpt lat="39.896142" lon="116.636369">
        <time>2020-09-26T11:16:27Z</time>
      </trkpt>
      <trkpt lat="39.896139" lon="116.636361">
        <time>2020-09-26T11:16:32Z</time>
      </trkpt>
      <trkpt lat="39.896128" lon="116.636348">
        <time>2020-09-26T11:16:37Z</time>
      </trkpt>
      <trkpt lat="39.896117" lon="116.636318">
        <time>2020-09-26T11:16:42Z</time>
      </trkpt>
      <trkpt lat="39.896117" lon="116.636318">
        <time>2020-09-26T11:16:47Z</time>
      </trkpt>
      <trkpt lat="39.896117" lon="116.636318">
        <time>2020-09-26T11:16:52Z</time>
      </trkpt>
      <trkpt lat="39.896117" lon="116.636318">
        <time>2020-09-26T11:16:57Z</time>
      </trkpt>
      <trkpt lat="39.896113" lon="116.636341">
        <time>2020-09-26T11:17:02Z</time>
      </trkpt>
      <trkpt lat="39.896113" lon="116.636341">
        <time>2020-09-26T11:17:07Z</time>
      </trkpt>
      <trkpt lat="39.896107" lon="116.636358">
        <time>2020-09-26T11:17:12Z</time>
      </trkpt>
      <trkpt lat="39.896106" lon="116.636358">
        <time>2020-09-26T11:17:17Z</time>
      </trkpt>
      <trkpt lat="39.8961" lon="116.636362">
        <time>2020-09-26T11:17:22Z</time>
      </trkpt>
      <trkpt lat="39.896098" lon="116.636371">
        <time>2020-09-26T11:17:27Z</time>
      </trkpt>
      <trkpt lat="39.896098" lon="116.636381">
        <time>2020-09-26T11:17:32Z</time>
      </trkpt>
      <trkpt lat="39.896098" lon="116.636382">
        <time>2020-09-26T11:17:37Z</time>
      </trkpt>
      <trkpt lat="39.896093" lon="116.636401">
        <time>2020-09-26T11:17:42Z</time>
      </trkpt>
      <trkpt lat="39.896085" lon="116.636405">
        <time>2020-09-26T11:17:47Z</time>
      </trkpt>
      <trkpt lat="39.896047" lon="116.636461">
        <time>2020-09-26T11:17:52Z</time>
      </trkpt>
      <trkpt lat="39.895989" lon="116.636551">
        <time>2020-09-26T11:17:57Z</time>
      </trkpt>
      <trkpt lat="39.896007" lon="116.636628">
        <time>2020-09-26T11:18:02Z</time>
      </trkpt>
      <trkpt lat="39.896043" lon="116.636762">
        <time>2020-09-26T11:18:07Z</time>
      </trkpt>
      <trkpt lat="39.896066" lon="116.636895">
        <time>2020-09-26T11:18:12Z</time>
      </trkpt>
      <trkpt lat="39.896069" lon="116.637019">
        <time>2020-09-26T11:18:17Z</time>
      </trkpt>
      <trkpt lat="39.896097" lon="116.637149">
        <time>2020-09-26T11:18:22Z</time>
      </trkpt>
      <trkpt lat="39.896133" lon="116.637295">
        <time>2020-09-26T11:18:27Z</time>
      </trkpt>
      <trkpt lat="39.896129" lon="116.637441">
        <time>2020-09-26T11:18:32Z</time>
      </trkpt>
      <trkpt lat="39.896131" lon="116.637596">
        <time>2020-09-26T11:18:37Z</time>
      </trkpt>
      <trkpt lat="39.896152" lon="116.637755">
        <time>2020-09-26T11:18:42Z</time>
      </trkpt>
      <trkpt lat="39.896174" lon="116.637898">
        <time>2020-09-26T11:18:47Z</time>
      </trkpt>
      <trkpt lat="39.896167" lon="116.638013">
        <time>2020-09-26T11:18:52Z</time>
      </trkpt>
      <trkpt lat="39.896201" lon="116.638137">
        <time>2020-09-26T11:18:57Z</time>
      </trkpt>
      <trkpt lat="39.896225" lon="116.638259">
        <time>2020-09-26T11:19:02Z</time>
      </trkpt>
      <trkpt lat="39.896242" lon="116.638411">
        <time>2020-09-26T11:19:07Z</time>
      </trkpt>
      <trkpt lat="39.896199" lon="116.638566">
        <time>2020-09-26T11:19:12Z</time>
      </trkpt>
      <trkpt lat="39.896181" lon="116.638716">
        <time>2020-09-26T11:19:17Z</time>
      </trkpt>
      <trkpt lat="39.896186" lon="116.638852">
        <time>2020-09-26T11:19:22Z</time>
      </trkpt>
      <trkpt lat="39.896195" lon="116.639019">
        <time>2020-09-26T11:19:27Z</time>
      </trkpt>
      <trkpt lat="39.896177" lon="116.639186">
        <time>2020-09-26T11:19:32Z</time>
      </trkpt>
      <trkpt lat="39.896154" lon="116.639313">
        <time>2020-09-26T11:19:37Z</time>
      </trkpt>
      <trkpt lat="39.896118" lon="116.639443">
        <time>2020-09-26T11:19:42Z</time>
      </trkpt>
      <trkpt lat="39.896095" lon="116.639588">
        <time>2020-09-26T11:19:47Z</time>
      </trkpt>
      <trkpt lat="39.896112" lon="116.639752">
        <time>2020-09-26T11:19:52Z</time>
      </trkpt>
      <trkpt lat="39.896137" lon="116.639917">
        <time>2020-09-26T11:19:57Z</time>
      </trkpt>
      <trkpt lat="39.896155" lon="116.640056">
        <time>2020-09-26T11:20:02Z</time>
      </trkpt>
      <trkpt lat="39.896172" lon="116.640198">
        <time>2020-09-26T11:20:07Z</time>
      </trkpt>
      <trkpt lat="39.896163" lon="116.640346">
        <time>2020-09-26T11:20:12Z</time>
      </trkpt>
      <trkpt lat="39.896138" lon="116.640474">
        <time>2020-09-26T11:20:17Z</time>
      </trkpt>
      <trkpt lat="39.896106" lon="116.640622">
        <time>2020-09-26T11:20:22Z</time>
      </trkpt>
      <trkpt lat="39.896087" lon="116.64078">
        <time>2020-09-26T11:20:27Z</time>
      </trkpt>
      <trkpt lat="39.896098" lon="116.640942">
        <time>2020-09-26T11:20:32Z</time>
      </trkpt>
      <trkpt lat="39.896101" lon="116.641075">
        <time>2020-09-26T11:20:37Z</time>
      </trkpt>
      <trkpt lat="39.896136" lon="116.64125">
        <time>2020-09-26T11:20:42Z</time>
      </trkpt>
      <trkpt lat="39.896161" lon="116.641391">
        <time>2020-09-26T11:20:47Z</time>
      </trkpt>
      <trkpt lat="39.896165" lon="116.641522">
        <time>2020-09-26T11:20:52Z</time>
      </trkpt>
      <trkpt lat="39.896184" lon="116.641661">
        <time>2020-09-26T11:20:57Z</time>
      </trkpt>
      <trkpt lat="39.896171" lon="116.641819">
        <time>2020-09-26T11:21:02Z</time>
      </trkpt>
      <trkpt lat="39.896152" lon="116.641955">
        <time>2020-09-26T11:21:07Z</time>
      </trkpt>
      <trkpt lat="39.896155" lon="116.642086">
        <time>2020-09-26T11:21:12Z</time>
      </trkpt>
      <trkpt lat="39.896158" lon="116.642253">
        <time>2020-09-26T11:21:17Z</time>
      </trkpt>
      <trkpt lat="39.896195" lon="116.642397">
        <time>2020-09-26T11:21:22Z</time>
      </trkpt>
      <trkpt lat="39.896195" lon="116.642532">
        <time>2020-09-26T11:21:27Z</time>
      </trkpt>
      <trkpt lat="39.896187" lon="116.642669">
        <time>2020-09-26T11:21:32Z</time>
      </trkpt>
      <trkpt lat="39.896171" lon="116.642823">
        <time>2020-09-26T11:21:37Z</time>
      </trkpt>
      <trkpt lat="39.89614" lon="116.642979">
        <time>2020-09-26T11:21:42Z</time>
      </trkpt>
      <trkpt lat="39.89613" lon="116.643125">
        <time>2020-09-26T11:21:47Z</time>
      </trkpt>
      <trkpt lat="39.896124" lon="116.643277">
        <time>2020-09-26T11:21:52Z</time>
      </trkpt>
      <trkpt lat="39.896125" lon="116.643415">
        <time>2020-09-26T11:21:57Z</time>
      </trkpt>
      <trkpt lat="39.896115" lon="116.643545">
        <time>2020-09-26T11:22:02Z</time>
      </trkpt>
      <trkpt lat="39.896112" lon="116.643704">
        <time>2020-09-26T11:22:07Z</time>
      </trkpt>
      <trkpt lat="39.89611" lon="116.643873">
        <time>2020-09-26T11:22:12Z</time>
      </trkpt>
      <trkpt lat="39.896119" lon="116.644024">
        <time>2020-09-26T11:22:17Z</time>
      </trkpt>
      <trkpt lat="39.896106" lon="116.644159">
        <time>2020-09-26T11:22:22Z</time>
      </trkpt>
      <trkpt lat="39.896093" lon="116.644282">
        <time>2020-09-26T11:22:27Z</time>
      </trkpt>
      <trkpt lat="39.896085" lon="116.644419">
        <time>2020-09-26T11:22:32Z</time>
      </trkpt>
      <trkpt lat="39.896113" lon="116.644527">
        <time>2020-09-26T11:22:37Z</time>
      </trkpt>
      <trkpt lat="39.896146" lon="116.644656">
        <time>2020-09-26T11:22:42Z</time>
      </trkpt>
      <trkpt lat="39.896172" lon="116.644782">
        <time>2020-09-26T11:22:47Z</time>
      </trkpt>
      <trkpt lat="39.896174" lon="116.644894">
        <time>2020-09-26T11:22:52Z</time>
      </trkpt>
      <trkpt lat="39.896175" lon="116.645005">
        <time>2020-09-26T11:22:57Z</time>
      </trkpt>
      <trkpt lat="39.896186" lon="116.645135">
        <time>2020-09-26T11:23:02Z</time>
      </trkpt>
      <trkpt lat="39.89618" lon="116.645266">
        <time>2020-09-26T11:23:07Z</time>
      </trkpt>
      <trkpt lat="39.896155" lon="116.645406">
        <time>2020-09-26T11:23:12Z</time>
      </trkpt>
      <trkpt lat="39.896106" lon="116.645551">
        <time>2020-09-26T11:23:17Z</time>
      </trkpt>
      <trkpt lat="39.896078" lon="116.645683">
        <time>2020-09-26T11:23:22Z</time>
      </trkpt>
      <trkpt lat="39.896069" lon="116.645841">
        <time>2020-09-26T11:23:27Z</time>
      </trkpt>
      <trkpt lat="39.896051" lon="116.646022">
        <time>2020-09-26T11:23:32Z</time>
      </trkpt>
      <trkpt lat="39.89602" lon="116.64619">
        <time>2020-09-26T11:23:37Z</time>
      </trkpt>
      <trkpt lat="39.896005" lon="116.646359">
        <time>2020-09-26T11:23:42Z</time>
      </trkpt>
      <trkpt lat="39.895991" lon="116.646506">
        <time>2020-09-26T11:23:47Z</time>
      </trkpt>
      <trkpt lat="39.895917" lon="116.64664">
        <time>2020-09-26T11:23:52Z</time>
      </trkpt>
      <trkpt lat="39.895802" lon="116.646658">
        <time>2020-09-26T11:23:57Z</time>
      </trkpt>
      <trkpt lat="39.895684" lon="116.646632">
        <time>2020-09-26T11:24:02Z</time>
      </trkpt>
      <trkpt lat="39.895564" lon="116.646602">
        <time>2020-09-26T11:24:07Z</time>
      </trkpt>
      <trkpt lat="39.895437" lon="116.646565">
        <time>2020-09-26T11:24:12Z</time>
      </trkpt>
      <trkpt lat="39.89534" lon="116.646517">
        <time>2020-09-26T11:24:17Z</time>
      </trkpt>
      <trkpt lat="39.895236" lon="116.646459">
        <time>2020-09-26T11:24:22Z</time>
      </trkpt>
      <trkpt lat="39.89512" lon="116.646417">
        <time>2020-09-26T11:24:27Z</time>
      </trkpt>
      <trkpt lat="39.895016" lon="116.646382">
        <time>2020-09-26T11:24:32Z</time>
      </trkpt>
      <trkpt lat="39.894921" lon="116.646347">
        <time>2020-09-26T11:24:37Z</time>
      </trkpt>
      <trkpt lat="39.89483" lon="116.646241">
        <time>2020-09-26T11:24:42Z</time>
      </trkpt>
      <trkpt lat="39.894742" lon="116.646155">
        <time>2020-09-26T11:24:47Z</time>
      </trkpt>
      <trkpt lat="39.894646" lon="116.646092">
        <time>2020-09-26T11:24:52Z</time>
      </trkpt>
      <trkpt lat="39.894519" lon="116.646044">
        <time>2020-09-26T11:24:57Z</time>
      </trkpt>
      <trkpt lat="39.894406" lon="116.645998">
        <time>2020-09-26T11:25:02Z</time>
      </trkpt>
      <trkpt lat="39.894298" lon="116.645963">
        <time>2020-09-26T11:25:07Z</time>
      </trkpt>
      <trkpt lat="39.894182" lon="116.645928">
        <time>2020-09-26T11:25:12Z</time>
      </trkpt>
      <trkpt lat="39.894061" lon="116.645891">
        <time>2020-09-26T11:25:17Z</time>
      </trkpt>
      <trkpt lat="39.893957" lon="116.645863">
        <time>2020-09-26T11:25:22Z</time>
      </trkpt>
      <trkpt lat="39.893898" lon="116.645911">
        <time>2020-09-26T11:25:27Z</time>
      </trkpt>
      <trkpt lat="39.893848" lon="116.645992">
        <time>2020-09-26T11:25:32Z</time>
      </trkpt>
      <trkpt lat="39.893796" lon="116.64606">
        <time>2020-09-26T11:25:37Z</time>
      </trkpt>
      <trkpt lat="39.893746" lon="116.646147">
        <time>2020-09-26T11:25:42Z</time>
      </trkpt>
      <trkpt lat="39.893664" lon="116.646184">
        <time>2020-09-26T11:25:47Z</time>
      </trkpt>
      <trkpt lat="39.893548" lon="116.646161">
        <time>2020-09-26T11:25:52Z</time>
      </trkpt>
      <trkpt lat="39.893422" lon="116.646141">
        <time>2020-09-26T11:25:57Z</time>
      </trkpt>
      <trkpt lat="39.893308" lon="116.646104">
        <time>2020-09-26T11:26:02Z</time>
      </trkpt>
      <trkpt lat="39.893189" lon="116.646066">
        <time>2020-09-26T11:26:07Z</time>
      </trkpt>
      <trkpt lat="39.893091" lon="116.646014">
        <time>2020-09-26T11:26:12Z</time>
      </trkpt>
      <trkpt lat="39.892977" lon="116.645972">
        <time>2020-09-26T11:26:17Z</time>
      </trkpt>
      <trkpt lat="39.892856" lon="116.645913">
        <time>2020-09-26T11:26:22Z</time>
      </trkpt>
      <trkpt lat="39.892744" lon="116.645852">
        <time>2020-09-26T11:26:27Z</time>
      </trkpt>
      <trkpt lat="39.892633" lon="116.645785">
        <time>2020-09-26T11:26:32Z</time>
      </trkpt>
      <trkpt lat="39.89252" lon="116.645713">
        <time>2020-09-26T11:26:37Z</time>
      </trkpt>
      <trkpt lat="39.892399" lon="116.645655">
        <time>2020-09-26T11:26:42Z</time>
      </trkpt>
      <trkpt lat="39.892298" lon="116.645581">
        <time>2020-09-26T11:26:47Z</time>
      </trkpt>
      <trkpt lat="39.892187" lon="116.64555">
        <time>2020-09-26T11:26:52Z</time>
      </trkpt>
      <trkpt lat="39.892084" lon="116.645499">
        <time>2020-09-26T11:26:57Z</time>
      </trkpt>
      <trkpt lat="39.891982" lon="116.645464">
        <time>2020-09-26T11:27:02Z</time>
      </trkpt>
      <trkpt lat="39.891876" lon="116.645441">
        <time>2020-09-26T11:27:07Z</time>
      </trkpt>
      <trkpt lat="39.891775" lon="116.645393">
        <time>2020-09-26T11:27:12Z</time>
      </trkpt>
      <trkpt lat="39.891667" lon="116.645352">
        <time>2020-09-26T11:27:17Z</time>
      </trkpt>
      <trkpt lat="39.891578" lon="116.645357">
        <time>2020-09-26T11:27:22Z</time>
      </trkpt>
      <trkpt lat="39.891552" lon="116.645391">
        <time>2020-09-26T11:27:27Z</time>
      </trkpt>
      <trkpt lat="39.891612" lon="116.645432">
        <time>2020-09-26T11:27:32Z</time>
      </trkpt>
      <trkpt lat="39.891695" lon="116.645482">
        <time>2020-09-26T11:27:37Z</time>
      </trkpt>
      <trkpt lat="39.891801" lon="116.645503">
        <time>2020-09-26T11:27:42Z</time>
      </trkpt>
      <trkpt lat="39.891894" lon="116.645523">
        <time>2020-09-26T11:27:47Z</time>
      </trkpt>
      <trkpt lat="39.89201" lon="116.645548">
        <time>2020-09-26T11:27:52Z</time>
      </trkpt>
      <trkpt lat="39.892156" lon="116.645568">
        <time>2020-09-26T11:27:57Z</time>
      </trkpt>
      <trkpt lat="39.89229" lon="116.64562">
        <time>2020-09-26T11:28:02Z</time>
      </trkpt>
      <trkpt lat="39.892406" lon="116.645668">
        <time>2020-09-26T11:28:07Z</time>
      </trkpt>
      <trkpt lat="39.892456" lon="116.645746">
        <time>2020-09-26T11:28:12Z</time>
      </trkpt>
      <trkpt lat="39.892501" lon="116.645837">
        <time>2020-09-26T11:28:17Z</time>
      </trkpt>
      <trkpt lat="39.892622" lon="116.645884">
        <time>2020-09-26T11:28:22Z</time>
      </trkpt>
      <trkpt lat="39.892741" lon="116.645889">
        <time>2020-09-26T11:28:27Z</time>
      </trkpt>
      <trkpt lat="39.892873" lon="116.645906">
        <time>2020-09-26T11:28:32Z</time>
      </trkpt>
      <trkpt lat="39.893018" lon="116.64598">
        <time>2020-09-26T11:28:37Z</time>
      </trkpt>
      <trkpt lat="39.893152" lon="116.646025">
        <time>2020-09-26T11:28:42Z</time>
      </trkpt>
      <trkpt lat="39.893258" lon="116.646066">
        <time>2020-09-26T11:28:47Z</time>
      </trkpt>
      <trkpt lat="39.893372" lon="116.646123">
        <time>2020-09-26T11:28:52Z</time>
      </trkpt>
      <trkpt lat="39.893459" lon="116.646213">
        <time>2020-09-26T11:28:57Z</time>
      </trkpt>
      <trkpt lat="39.893546" lon="116.646264">
        <time>2020-09-26T11:29:02Z</time>
      </trkpt>
      <trkpt lat="39.89366" lon="116.646256">
        <time>2020-09-26T11:29:07Z</time>
      </trkpt>
      <trkpt lat="39.893752" lon="116.646149">
        <time>2020-09-26T11:29:12Z</time>
      </trkpt>
      <trkpt lat="39.893822" lon="116.646052">
        <time>2020-09-26T11:29:17Z</time>
      </trkpt>
      <trkpt lat="39.893884" lon="116.645952">
        <time>2020-09-26T11:29:22Z</time>
      </trkpt>
      <trkpt lat="39.893961" lon="116.645838">
        <time>2020-09-26T11:29:27Z</time>
      </trkpt>
      <trkpt lat="39.894036" lon="116.645819">
        <time>2020-09-26T11:29:32Z</time>
      </trkpt>
      <trkpt lat="39.89411" lon="116.645873">
        <time>2020-09-26T11:29:37Z</time>
      </trkpt>
      <trkpt lat="39.894192" lon="116.645925">
        <time>2020-09-26T11:29:42Z</time>
      </trkpt>
      <trkpt lat="39.89428" lon="116.645979">
        <time>2020-09-26T11:29:47Z</time>
      </trkpt>
      <trkpt lat="39.894357" lon="116.646048">
        <time>2020-09-26T11:29:52Z</time>
      </trkpt>
      <trkpt lat="39.894434" lon="116.646102">
        <time>2020-09-26T11:29:57Z</time>
      </trkpt>
      <trkpt lat="39.894522" lon="116.646139">
        <time>2020-09-26T11:30:02Z</time>
      </trkpt>
      <trkpt lat="39.894613" lon="116.646185">
        <time>2020-09-26T11:30:07Z</time>
      </trkpt>
      <trkpt lat="39.894725" lon="116.646234">
        <time>2020-09-26T11:30:12Z</time>
      </trkpt>
      <trkpt lat="39.894824" lon="116.646292">
        <time>2020-09-26T11:30:17Z</time>
      </trkpt>
      <trkpt lat="39.894928" lon="116.646334">
        <time>2020-09-26T11:30:22Z</time>
      </trkpt>
      <trkpt lat="39.895039" lon="116.646397">
        <time>2020-09-26T11:30:27Z</time>
      </trkpt>
      <trkpt lat="39.895144" lon="116.646454">
        <time>2020-09-26T11:30:32Z</time>
      </trkpt>
      <trkpt lat="39.895251" lon="116.64649">
        <time>2020-09-26T11:30:37Z</time>
      </trkpt>
      <trkpt lat="39.895373" lon="116.646536">
        <time>2020-09-26T11:30:42Z</time>
      </trkpt>
      <trkpt lat="39.895485" lon="116.646576">
        <time>2020-09-26T11:30:47Z</time>
      </trkpt>
      <trkpt lat="39.895566" lon="116.64664">
        <time>2020-09-26T11:30:52Z</time>
      </trkpt>
      <trkpt lat="39.895632" lon="116.646716">
        <time>2020-09-26T11:30:57Z</time>
      </trkpt>
      <trkpt lat="39.895737" lon="116.64678">
        <time>2020-09-26T11:31:02Z</time>
      </trkpt>
      <trkpt lat="39.895845" lon="116.64681">
        <time>2020-09-26T11:31:07Z</time>
      </trkpt>
      <trkpt lat="39.895946" lon="116.646749">
        <time>2020-09-26T11:31:12Z</time>
      </trkpt>
      <trkpt lat="39.895995" lon="116.64662">
        <time>2020-09-26T11:31:17Z</time>
      </trkpt>
      <trkpt lat="39.896029" lon="116.646497">
        <time>2020-09-26T11:31:22Z</time>
      </trkpt>
      <trkpt lat="39.896054" lon="116.64636">
        <time>2020-09-26T11:31:27Z</time>
      </trkpt>
      <trkpt lat="39.896089" lon="116.646195">
        <time>2020-09-26T11:31:32Z</time>
      </trkpt>
      <trkpt lat="39.896114" lon="116.646044">
        <time>2020-09-26T11:31:37Z</time>
      </trkpt>
      <trkpt lat="39.896125" lon="116.645933">
        <time>2020-09-26T11:31:42Z</time>
      </trkpt>
      <trkpt lat="39.896138" lon="116.645795">
        <time>2020-09-26T11:31:47Z</time>
      </trkpt>
      <trkpt lat="39.896147" lon="116.645636">
        <time>2020-09-26T11:31:52Z</time>
      </trkpt>
      <trkpt lat="39.896156" lon="116.645502">
        <time>2020-09-26T11:31:57Z</time>
      </trkpt>
      <trkpt lat="39.896167" lon="116.645369">
        <time>2020-09-26T11:32:02Z</time>
      </trkpt>
      <trkpt lat="39.896193" lon="116.645229">
        <time>2020-09-26T11:32:07Z</time>
      </trkpt>
      <trkpt lat="39.896209" lon="116.645077">
        <time>2020-09-26T11:32:12Z</time>
      </trkpt>
      <trkpt lat="39.89621" lon="116.644938">
        <time>2020-09-26T11:32:17Z</time>
      </trkpt>
      <trkpt lat="39.896214" lon="116.644808">
        <time>2020-09-26T11:32:22Z</time>
      </trkpt>
      <trkpt lat="39.896225" lon="116.644687">
        <time>2020-09-26T11:32:27Z</time>
      </trkpt>
      <trkpt lat="39.896224" lon="116.644559">
        <time>2020-09-26T11:32:32Z</time>
      </trkpt>
      <trkpt lat="39.896207" lon="116.644416">
        <time>2020-09-26T11:32:37Z</time>
      </trkpt>
      <trkpt lat="39.896201" lon="116.644266">
        <time>2020-09-26T11:32:42Z</time>
      </trkpt>
      <trkpt lat="39.896204" lon="116.644085">
        <time>2020-09-26T11:32:47Z</time>
      </trkpt>
      <trkpt lat="39.896201" lon="116.64394">
        <time>2020-09-26T11:32:52Z</time>
      </trkpt>
      <trkpt lat="39.896207" lon="116.643802">
        <time>2020-09-26T11:32:57Z</time>
      </trkpt>
      <trkpt lat="39.896222" lon="116.643676">
        <time>2020-09-26T11:33:02Z</time>
      </trkpt>
      <trkpt lat="39.896219" lon="116.643526">
        <time>2020-09-26T11:33:07Z</time>
      </trkpt>
      <trkpt lat="39.8962" lon="116.643388">
        <time>2020-09-26T11:33:12Z</time>
      </trkpt>
      <trkpt lat="39.896193" lon="116.643218">
        <time>2020-09-26T11:33:17Z</time>
      </trkpt>
      <trkpt lat="39.89619" lon="116.643075">
        <time>2020-09-26T11:33:22Z</time>
      </trkpt>
      <trkpt lat="39.896191" lon="116.642884">
        <time>2020-09-26T11:33:27Z</time>
      </trkpt>
      <trkpt lat="39.896204" lon="116.642746">
        <time>2020-09-26T11:33:32Z</time>
      </trkpt>
      <trkpt lat="39.89621" lon="116.642607">
        <time>2020-09-26T11:33:37Z</time>
      </trkpt>
      <trkpt lat="39.896214" lon="116.642496">
        <time>2020-09-26T11:33:42Z</time>
      </trkpt>
      <trkpt lat="39.896222" lon="116.642389">
        <time>2020-09-26T11:33:47Z</time>
      </trkpt>
      <trkpt lat="39.896239" lon="116.642243">
        <time>2020-09-26T11:33:52Z</time>
      </trkpt>
      <trkpt lat="39.896239" lon="116.642079">
        <time>2020-09-26T11:33:57Z</time>
      </trkpt>
      <trkpt lat="39.896249" lon="116.641952">
        <time>2020-09-26T11:34:02Z</time>
      </trkpt>
      <trkpt lat="39.896264" lon="116.641831">
        <time>2020-09-26T11:34:07Z</time>
      </trkpt>
      <trkpt lat="39.896265" lon="116.641701">
        <time>2020-09-26T11:34:12Z</time>
      </trkpt>
      <trkpt lat="39.896266" lon="116.641553">
        <time>2020-09-26T11:34:17Z</time>
      </trkpt>
      <trkpt lat="39.896259" lon="116.641414">
        <time>2020-09-26T11:34:22Z</time>
      </trkpt>
      <trkpt lat="39.896249" lon="116.64128">
        <time>2020-09-26T11:34:27Z</time>
      </trkpt>
      <trkpt lat="39.896268" lon="116.641141">
        <time>2020-09-26T11:34:32Z</time>
      </trkpt>
      <trkpt lat="39.896268" lon="116.640961">
        <time>2020-09-26T11:34:37Z</time>
      </trkpt>
      <trkpt lat="39.896262" lon="116.640835">
        <time>2020-09-26T11:34:42Z</time>
      </trkpt>
      <trkpt lat="39.896268" lon="116.64072">
        <time>2020-09-26T11:34:47Z</time>
      </trkpt>
      <trkpt lat="39.896257" lon="116.640569">
        <time>2020-09-26T11:34:52Z</time>
      </trkpt>
      <trkpt lat="39.896259" lon="116.640424">
        <time>2020-09-26T11:34:57Z</time>
      </trkpt>
      <trkpt lat="39.896257" lon="116.640286">
        <time>2020-09-26T11:35:02Z</time>
      </trkpt>
      <trkpt lat="39.896262" lon="116.640183">
        <time>2020-09-26T11:35:07Z</time>
      </trkpt>
      <trkpt lat="39.896257" lon="116.640055">
        <time>2020-09-26T11:35:12Z</time>
      </trkpt>
      <trkpt lat="39.896265" lon="116.639937">
        <time>2020-09-26T11:35:17Z</time>
      </trkpt>
      <trkpt lat="39.896277" lon="116.639818">
        <time>2020-09-26T11:35:22Z</time>
      </trkpt>
      <trkpt lat="39.896279" lon="116.639685">
        <time>2020-09-26T11:35:27Z</time>
      </trkpt>
      <trkpt lat="39.89628" lon="116.639516">
        <time>2020-09-26T11:35:32Z</time>
      </trkpt>
      <trkpt lat="39.896264" lon="116.639382">
        <time>2020-09-26T11:35:37Z</time>
      </trkpt>
      <trkpt lat="39.896265" lon="116.639268">
        <time>2020-09-26T11:35:42Z</time>
      </trkpt>
      <trkpt lat="39.896201" lon="116.639155">
        <time>2020-09-26T11:35:47Z</time>
      </trkpt>
      <trkpt lat="39.896146" lon="116.639045">
        <time>2020-09-26T11:35:52Z</time>
      </trkpt>
      <trkpt lat="39.896053" lon="116.638892">
        <time>2020-09-26T11:35:57Z</time>
      </trkpt>
      <trkpt lat="39.895985" lon="116.638743">
        <time>2020-09-26T11:36:02Z</time>
      </trkpt>
      <trkpt lat="39.89594" lon="116.638636">
        <time>2020-09-26T11:36:07Z</time>
      </trkpt>
      <trkpt lat="39.895917" lon="116.638497">
        <time>2020-09-26T11:36:12Z</time>
      </trkpt>
      <trkpt lat="39.895908" lon="116.638357">
        <time>2020-09-26T11:36:17Z</time>
      </trkpt>
      <trkpt lat="39.895933" lon="116.638207">
        <time>2020-09-26T11:36:22Z</time>
      </trkpt>
      <trkpt lat="39.895924" lon="116.638016">
        <time>2020-09-26T11:36:27Z</time>
      </trkpt>
      <trkpt lat="39.895971" lon="116.63785">
        <time>2020-09-26T11:36:32Z</time>
      </trkpt>
      <trkpt lat="39.896005" lon="116.637707">
        <time>2020-09-26T11:36:37Z</time>
      </trkpt>
      <trkpt lat="39.89604" lon="116.637577">
        <time>2020-09-26T11:36:42Z</time>
      </trkpt>
      <trkpt lat="39.896073" lon="116.637413">
        <time>2020-09-26T11:36:47Z</time>
      </trkpt>
      <trkpt lat="39.896104" lon="116.637248">
        <time>2020-09-26T11:36:52Z</time>
      </trkpt>
      <trkpt lat="39.896093" lon="116.637076">
        <time>2020-09-26T11:36:57Z</time>
      </trkpt>
      <trkpt lat="39.896069" lon="116.636918">
        <time>2020-09-26T11:37:02Z</time>
      </trkpt>
      <trkpt lat="39.896041" lon="116.63677">
        <time>2020-09-26T11:37:07Z</time>
      </trkpt>
      <trkpt lat="39.896014" lon="116.636684">
        <time>2020-09-26T11:37:12Z</time>
      </trkpt>
      <trkpt lat="39.896059" lon="116.636757">
        <time>2020-09-26T11:37:17Z</time>
      </trkpt>
      <trkpt lat="39.896126" lon="116.636881">
        <time>2020-09-26T11:37:22Z</time>
      </trkpt>
      <trkpt lat="39.896141" lon="116.63702">
        <time>2020-09-26T11:37:27Z</time>
      </trkpt>
      <trkpt lat="39.896152" lon="116.637147">
        <time>2020-09-26T11:37:32Z</time>
      </trkpt>
      <trkpt lat="39.896156" lon="116.637282">
        <time>2020-09-26T11:37:37Z</time>
      </trkpt>
      <trkpt lat="39.896162" lon="116.637447">
        <time>2020-09-26T11:37:42Z</time>
      </trkpt>
      <trkpt lat="39.896171" lon="116.637595">
        <time>2020-09-26T11:37:47Z</time>
      </trkpt>
      <trkpt lat="39.896187" lon="116.637762">
        <time>2020-09-26T11:37:52Z</time>
      </trkpt>
      <trkpt lat="39.896213" lon="116.637917">
        <time>2020-09-26T11:37:57Z</time>
      </trkpt>
      <trkpt lat="39.89621" lon="116.638076">
        <time>2020-09-26T11:38:02Z</time>
      </trkpt>
      <trkpt lat="39.896191" lon="116.638233">
        <time>2020-09-26T11:38:07Z</time>
      </trkpt>
      <trkpt lat="39.896193" lon="116.638392">
        <time>2020-09-26T11:38:12Z</time>
      </trkpt>
      <trkpt lat="39.89618" lon="116.638531">
        <time>2020-09-26T11:38:17Z</time>
      </trkpt>
      <trkpt lat="39.896155" lon="116.638671">
        <time>2020-09-26T11:38:22Z</time>
      </trkpt>
      <trkpt lat="39.896139" lon="116.638822">
        <time>2020-09-26T11:38:27Z</time>
      </trkpt>
      <trkpt lat="39.896138" lon="116.638992">
        <time>2020-09-26T11:38:32Z</time>
      </trkpt>
      <trkpt lat="39.896119" lon="116.639133">
        <time>2020-09-26T11:38:37Z</time>
      </trkpt>
      <trkpt lat="39.896086" lon="116.63929">
        <time>2020-09-26T11:38:42Z</time>
      </trkpt>
      <trkpt lat="39.896055" lon="116.639463">
        <time>2020-09-26T11:38:47Z</time>
      </trkpt>
      <trkpt lat="39.896021" lon="116.639622">
        <time>2020-09-26T11:38:52Z</time>
      </trkpt>
      <trkpt lat="39.896016" lon="116.639784">
        <time>2020-09-26T11:38:57Z</time>
      </trkpt>
      <trkpt lat="39.896046" lon="116.639954">
        <time>2020-09-26T11:39:02Z</time>
      </trkpt>
      <trkpt lat="39.896073" lon="116.640124">
        <time>2020-09-26T11:39:07Z</time>
      </trkpt>
      <trkpt lat="39.896096" lon="116.64027">
        <time>2020-09-26T11:39:12Z</time>
      </trkpt>
      <trkpt lat="39.896049" lon="116.640421">
        <time>2020-09-26T11:39:17Z</time>
      </trkpt>
      <trkpt lat="39.896041" lon="116.640588">
        <time>2020-09-26T11:39:22Z</time>
      </trkpt>
      <trkpt lat="39.896046" lon="116.640763">
        <time>2020-09-26T11:39:27Z</time>
      </trkpt>
      <trkpt lat="39.896068" lon="116.640908">
        <time>2020-09-26T11:39:32Z</time>
      </trkpt>
      <trkpt lat="39.896106" lon="116.641046">
        <time>2020-09-26T11:39:37Z</time>
      </trkpt>
      <trkpt lat="39.896107" lon="116.641175">
        <time>2020-09-26T11:39:42Z</time>
      </trkpt>
      <trkpt lat="39.896104" lon="116.64133">
        <time>2020-09-26T11:39:47Z</time>
      </trkpt>
      <trkpt lat="39.896125" lon="116.641494">
        <time>2020-09-26T11:39:52Z</time>
      </trkpt>
      <trkpt lat="39.896171" lon="116.641629">
        <time>2020-09-26T11:39:57Z</time>
      </trkpt>
      <trkpt lat="39.896199" lon="116.641775">
        <time>2020-09-26T11:40:02Z</time>
      </trkpt>
      <trkpt lat="39.896197" lon="116.641911">
        <time>2020-09-26T11:40:07Z</time>
      </trkpt>
      <trkpt lat="39.896201" lon="116.642056">
        <time>2020-09-26T11:40:12Z</time>
      </trkpt>
      <trkpt lat="39.896191" lon="116.642197">
        <time>2020-09-26T11:40:17Z</time>
      </trkpt>
      <trkpt lat="39.8962" lon="116.642356">
        <time>2020-09-26T11:40:22Z</time>
      </trkpt>
      <trkpt lat="39.896195" lon="116.642514">
        <time>2020-09-26T11:40:27Z</time>
      </trkpt>
      <trkpt lat="39.896211" lon="116.642662">
        <time>2020-09-26T11:40:32Z</time>
      </trkpt>
      <trkpt lat="39.896207" lon="116.642795">
        <time>2020-09-26T11:40:37Z</time>
      </trkpt>
      <trkpt lat="39.896182" lon="116.64293">
        <time>2020-09-26T11:40:42Z</time>
      </trkpt>
      <trkpt lat="39.896158" lon="116.643074">
        <time>2020-09-26T11:40:47Z</time>
      </trkpt>
      <trkpt lat="39.896172" lon="116.64323">
        <time>2020-09-26T11:40:52Z</time>
      </trkpt>
      <trkpt lat="39.896185" lon="116.643389">
        <time>2020-09-26T11:40:57Z</time>
      </trkpt>
      <trkpt lat="39.896222" lon="116.643526">
        <time>2020-09-26T11:41:02Z</time>
      </trkpt>
      <trkpt lat="39.896233" lon="116.643666">
        <time>2020-09-26T11:41:07Z</time>
      </trkpt>
      <trkpt lat="39.896243" lon="116.643791">
        <time>2020-09-26T11:41:12Z</time>
      </trkpt>
      <trkpt lat="39.896256" lon="116.643932">
        <time>2020-09-26T11:41:17Z</time>
      </trkpt>
      <trkpt lat="39.896237" lon="116.644062">
        <time>2020-09-26T11:41:22Z</time>
      </trkpt>
      <trkpt lat="39.896228" lon="116.644187">
        <time>2020-09-26T11:41:27Z</time>
      </trkpt>
      <trkpt lat="39.896246" lon="116.644317">
        <time>2020-09-26T11:41:32Z</time>
      </trkpt>
      <trkpt lat="39.896265" lon="116.644459">
        <time>2020-09-26T11:41:37Z</time>
      </trkpt>
      <trkpt lat="39.896281" lon="116.644595">
        <time>2020-09-26T11:41:42Z</time>
      </trkpt>
      <trkpt lat="39.896282" lon="116.644739">
        <time>2020-09-26T11:41:47Z</time>
      </trkpt>
      <trkpt lat="39.896286" lon="116.644892">
        <time>2020-09-26T11:41:52Z</time>
      </trkpt>
      <trkpt lat="39.896295" lon="116.645056">
        <time>2020-09-26T11:41:57Z</time>
      </trkpt>
      <trkpt lat="39.896285" lon="116.645193">
        <time>2020-09-26T11:42:02Z</time>
      </trkpt>
      <trkpt lat="39.896273" lon="116.64535">
        <time>2020-09-26T11:42:07Z</time>
      </trkpt>
      <trkpt lat="39.896241" lon="116.6455">
        <time>2020-09-26T11:42:12Z</time>
      </trkpt>
      <trkpt lat="39.896166" lon="116.645627">
        <time>2020-09-26T11:42:17Z</time>
      </trkpt>
      <trkpt lat="39.896141" lon="116.645775">
        <time>2020-09-26T11:42:22Z</time>
      </trkpt>
      <trkpt lat="39.89612" lon="116.645943">
        <time>2020-09-26T11:42:27Z</time>
      </trkpt>
      <trkpt lat="39.896126" lon="116.646076">
        <time>2020-09-26T11:42:32Z</time>
      </trkpt>
      <trkpt lat="39.896116" lon="116.64619">
        <time>2020-09-26T11:42:37Z</time>
      </trkpt>
      <trkpt lat="39.896105" lon="116.646331">
        <time>2020-09-26T11:42:42Z</time>
      </trkpt>
      <trkpt lat="39.896079" lon="116.646486">
        <time>2020-09-26T11:42:47Z</time>
      </trkpt>
      <trkpt lat="39.896053" lon="116.646611">
        <time>2020-09-26T11:42:52Z</time>
      </trkpt>
      <trkpt lat="39.895972" lon="116.646646">
        <time>2020-09-26T11:42:57Z</time>
      </trkpt>
      <trkpt lat="39.895849" lon="116.646626">
        <time>2020-09-26T11:43:02Z</time>
      </trkpt>
      <trkpt lat="39.895715" lon="116.64661">
        <time>2020-09-26T11:43:07Z</time>
      </trkpt>
      <trkpt lat="39.895609" lon="116.646554">
        <time>2020-09-26T11:43:12Z</time>
      </trkpt>
      <trkpt lat="39.895536" lon="116.646472">
        <time>2020-09-26T11:43:17Z</time>
      </trkpt>
      <trkpt lat="39.89544" lon="116.646434">
        <time>2020-09-26T11:43:22Z</time>
      </trkpt>
      <trkpt lat="39.895331" lon="116.646414">
        <time>2020-09-26T11:43:27Z</time>
      </trkpt>
      <trkpt lat="39.895245" lon="116.64639">
        <time>2020-09-26T11:43:32Z</time>
      </trkpt>
      <trkpt lat="39.89516" lon="116.64637">
        <time>2020-09-26T11:43:37Z</time>
      </trkpt>
      <trkpt lat="39.895046" lon="116.646333">
        <time>2020-09-26T11:43:42Z</time>
      </trkpt>
      <trkpt lat="39.894919" lon="116.646313">
        <time>2020-09-26T11:43:47Z</time>
      </trkpt>
      <trkpt lat="39.894789" lon="116.6463">
        <time>2020-09-26T11:43:52Z</time>
      </trkpt>
      <trkpt lat="39.894668" lon="116.646275">
        <time>2020-09-26T11:43:57Z</time>
      </trkpt>
      <trkpt lat="39.894559" lon="116.646253">
        <time>2020-09-26T11:44:02Z</time>
      </trkpt>
      <trkpt lat="39.89446" lon="116.646209">
        <time>2020-09-26T11:44:07Z</time>
      </trkpt>
      <trkpt lat="39.894361" lon="116.64613">
        <time>2020-09-26T11:44:12Z</time>
      </trkpt>
      <trkpt lat="39.894237" lon="116.646067">
        <time>2020-09-26T11:44:17Z</time>
      </trkpt>
      <trkpt lat="39.894123" lon="116.645973">
        <time>2020-09-26T11:44:22Z</time>
      </trkpt>
      <trkpt lat="39.894054" lon="116.645937">
        <time>2020-09-26T11:44:27Z</time>
      </trkpt>
      <trkpt lat="39.894017" lon="116.645921">
        <time>2020-09-26T11:44:32Z</time>
      </trkpt>
      <trkpt lat="39.893981" lon="116.645894">
        <time>2020-09-26T11:44:37Z</time>
      </trkpt>
      <trkpt lat="39.893931" lon="116.645947">
        <time>2020-09-26T11:44:42Z</time>
      </trkpt>
      <trkpt lat="39.893892" lon="116.646022">
        <time>2020-09-26T11:44:47Z</time>
      </trkpt>
      <trkpt lat="39.893831" lon="116.646111">
        <time>2020-09-26T11:44:52Z</time>
      </trkpt>
      <trkpt lat="39.893773" lon="116.646203">
        <time>2020-09-26T11:44:57Z</time>
      </trkpt>
      <trkpt lat="39.893667" lon="116.646272">
        <time>2020-09-26T11:45:02Z</time>
      </trkpt>
      <trkpt lat="39.893541" lon="116.646253">
        <time>2020-09-26T11:45:07Z</time>
      </trkpt>
      <trkpt lat="39.893428" lon="116.646214">
        <time>2020-09-26T11:45:12Z</time>
      </trkpt>
      <trkpt lat="39.89333" lon="116.646144">
        <time>2020-09-26T11:45:17Z</time>
      </trkpt>
      <trkpt lat="39.893217" lon="116.646095">
        <time>2020-09-26T11:45:22Z</time>
      </trkpt>
      <trkpt lat="39.893095" lon="116.646054">
        <time>2020-09-26T11:45:27Z</time>
      </trkpt>
      <trkpt lat="39.892986" lon="116.64598">
        <time>2020-09-26T11:45:32Z</time>
      </trkpt>
      <trkpt lat="39.892863" lon="116.645913">
        <time>2020-09-26T11:45:37Z</time>
      </trkpt>
      <trkpt lat="39.892765" lon="116.645859">
        <time>2020-09-26T11:45:42Z</time>
      </trkpt>
      <trkpt lat="39.892672" lon="116.645812">
        <time>2020-09-26T11:45:47Z</time>
      </trkpt>
      <trkpt lat="39.892574" lon="116.645741">
        <time>2020-09-26T11:45:52Z</time>
      </trkpt>
      <trkpt lat="39.892465" lon="116.645682">
        <time>2020-09-26T11:45:57Z</time>
      </trkpt>
      <trkpt lat="39.892356" lon="116.645646">
        <time>2020-09-26T11:46:02Z</time>
      </trkpt>
      <trkpt lat="39.892251" lon="116.645617">
        <time>2020-09-26T11:46:07Z</time>
      </trkpt>
      <trkpt lat="39.892124" lon="116.645545">
        <time>2020-09-26T11:46:12Z</time>
      </trkpt>
      <trkpt lat="39.892017" lon="116.645486">
        <time>2020-09-26T11:46:17Z</time>
      </trkpt>
      <trkpt lat="39.891877" lon="116.645508">
        <time>2020-09-26T11:46:22Z</time>
      </trkpt>
      <trkpt lat="39.891781" lon="116.645416">
        <time>2020-09-26T11:46:27Z</time>
      </trkpt>
      <trkpt lat="39.891674" lon="116.645366">
        <time>2020-09-26T11:46:32Z</time>
      </trkpt>
      <trkpt lat="39.89159" lon="116.645357">
        <time>2020-09-26T11:46:37Z</time>
      </trkpt>
      <trkpt lat="39.891615" lon="116.645372">
        <time>2020-09-26T11:46:42Z</time>
      </trkpt>
      <trkpt lat="39.891677" lon="116.645378">
        <time>2020-09-26T11:46:47Z</time>
      </trkpt>
      <trkpt lat="39.891726" lon="116.645389">
        <time>2020-09-26T11:46:52Z</time>
      </trkpt>
      <trkpt lat="39.891802" lon="116.645422">
        <time>2020-09-26T11:46:57Z</time>
      </trkpt>
      <trkpt lat="39.891892" lon="116.645458">
        <time>2020-09-26T11:47:02Z</time>
      </trkpt>
      <trkpt lat="39.891981" lon="116.645464">
        <time>2020-09-26T11:47:07Z</time>
      </trkpt>
      <trkpt lat="39.892066" lon="116.645499">
        <time>2020-09-26T11:47:12Z</time>
      </trkpt>
      <trkpt lat="39.892192" lon="116.645553">
        <time>2020-09-26T11:47:17Z</time>
      </trkpt>
      <trkpt lat="39.892306" lon="116.645619">
        <time>2020-09-26T11:47:22Z</time>
      </trkpt>
      <trkpt lat="39.89241" lon="116.64569">
        <time>2020-09-26T11:47:27Z</time>
      </trkpt>
      <trkpt lat="39.892512" lon="116.645747">
        <time>2020-09-26T11:47:32Z</time>
      </trkpt>
      <trkpt lat="39.892633" lon="116.645783">
        <time>2020-09-26T11:47:37Z</time>
      </trkpt>
      <trkpt lat="39.892733" lon="116.645843">
        <time>2020-09-26T11:47:42Z</time>
      </trkpt>
      <trkpt lat="39.892857" lon="116.64589">
        <time>2020-09-26T11:47:47Z</time>
      </trkpt>
      <trkpt lat="39.892989" lon="116.645924">
        <time>2020-09-26T11:47:52Z</time>
      </trkpt>
      <trkpt lat="39.893092" lon="116.645969">
        <time>2020-09-26T11:47:57Z</time>
      </trkpt>
      <trkpt lat="39.893184" lon="116.646023">
        <time>2020-09-26T11:48:02Z</time>
      </trkpt>
      <trkpt lat="39.893277" lon="116.64605">
        <time>2020-09-26T11:48:07Z</time>
      </trkpt>
      <trkpt lat="39.893388" lon="116.646108">
        <time>2020-09-26T11:48:12Z</time>
      </trkpt>
      <trkpt lat="39.89352" lon="116.646186">
        <time>2020-09-26T11:48:17Z</time>
      </trkpt>
      <trkpt lat="39.893646" lon="116.646252">
        <time>2020-09-26T11:48:22Z</time>
      </trkpt>
      <trkpt lat="39.893755" lon="116.646213">
        <time>2020-09-26T11:48:27Z</time>
      </trkpt>
      <trkpt lat="39.893838" lon="116.646111">
        <time>2020-09-26T11:48:32Z</time>
      </trkpt>
      <trkpt lat="39.893903" lon="116.645995">
        <time>2020-09-26T11:48:37Z</time>
      </trkpt>
      <trkpt lat="39.893973" lon="116.645871">
        <time>2020-09-26T11:48:42Z</time>
      </trkpt>
      <trkpt lat="39.894037" lon="116.645766">
        <time>2020-09-26T11:48:47Z</time>
      </trkpt>
      <trkpt lat="39.894109" lon="116.645785">
        <time>2020-09-26T11:48:52Z</time>
      </trkpt>
      <trkpt lat="39.894208" lon="116.64585">
        <time>2020-09-26T11:48:57Z</time>
      </trkpt>
      <trkpt lat="39.894284" lon="116.645915">
        <time>2020-09-26T11:49:02Z</time>
      </trkpt>
      <trkpt lat="39.894356" lon="116.645977">
        <time>2020-09-26T11:49:07Z</time>
      </trkpt>
      <trkpt lat="39.894441" lon="116.646047">
        <time>2020-09-26T11:49:12Z</time>
      </trkpt>
      <trkpt lat="39.894553" lon="116.646104">
        <time>2020-09-26T11:49:17Z</time>
      </trkpt>
      <trkpt lat="39.894684" lon="116.646151">
        <time>2020-09-26T11:49:22Z</time>
      </trkpt>
      <trkpt lat="39.89481" lon="116.646213">
        <time>2020-09-26T11:49:27Z</time>
      </trkpt>
      <trkpt lat="39.894916" lon="116.646255">
        <time>2020-09-26T11:49:32Z</time>
      </trkpt>
      <trkpt lat="39.895047" lon="116.646279">
        <time>2020-09-26T11:49:37Z</time>
      </trkpt>
      <trkpt lat="39.895178" lon="116.646333">
        <time>2020-09-26T11:49:42Z</time>
      </trkpt>
      <trkpt lat="39.895303" lon="116.646385">
        <time>2020-09-26T11:49:47Z</time>
      </trkpt>
      <trkpt lat="39.895418" lon="116.646436">
        <time>2020-09-26T11:49:52Z</time>
      </trkpt>
      <trkpt lat="39.895551" lon="116.646481">
        <time>2020-09-26T11:49:57Z</time>
      </trkpt>
      <trkpt lat="39.895665" lon="116.646536">
        <time>2020-09-26T11:50:02Z</time>
      </trkpt>
      <trkpt lat="39.895774" lon="116.646606">
        <time>2020-09-26T11:50:07Z</time>
      </trkpt>
      <trkpt lat="39.895883" lon="116.646663">
        <time>2020-09-26T11:50:12Z</time>
      </trkpt>
      <trkpt lat="39.895991" lon="116.646694">
        <time>2020-09-26T11:50:17Z</time>
      </trkpt>
      <trkpt lat="39.89608" lon="116.646634">
        <time>2020-09-26T11:50:22Z</time>
      </trkpt>
      <trkpt lat="39.89611" lon="116.646509">
        <time>2020-09-26T11:50:27Z</time>
      </trkpt>
      <trkpt lat="39.896126" lon="116.646371">
        <time>2020-09-26T11:50:32Z</time>
      </trkpt>
      <trkpt lat="39.896142" lon="116.646209">
        <time>2020-09-26T11:50:37Z</time>
      </trkpt>
      <trkpt lat="39.896157" lon="116.646049">
        <time>2020-09-26T11:50:42Z</time>
      </trkpt>
      <trkpt lat="39.896155" lon="116.645895">
        <time>2020-09-26T11:50:47Z</time>
      </trkpt>
      <trkpt lat="39.89617" lon="116.645742">
        <time>2020-09-26T11:50:52Z</time>
      </trkpt>
      <trkpt lat="39.896194" lon="116.645593">
        <time>2020-09-26T11:50:57Z</time>
      </trkpt>
      <trkpt lat="39.896211" lon="116.645447">
        <time>2020-09-26T11:51:02Z</time>
      </trkpt>
      <trkpt lat="39.896222" lon="116.645328">
        <time>2020-09-26T11:51:07Z</time>
      </trkpt>
      <trkpt lat="39.896218" lon="116.64519">
        <time>2020-09-26T11:51:12Z</time>
      </trkpt>
      <trkpt lat="39.896203" lon="116.645011">
        <time>2020-09-26T11:51:17Z</time>
      </trkpt>
      <trkpt lat="39.896216" lon="116.644878">
        <time>2020-09-26T11:51:22Z</time>
      </trkpt>
      <trkpt lat="39.896233" lon="116.644763">
        <time>2020-09-26T11:51:27Z</time>
      </trkpt>
      <trkpt lat="39.896229" lon="116.644614">
        <time>2020-09-26T11:51:32Z</time>
      </trkpt>
      <trkpt lat="39.896228" lon="116.644478">
        <time>2020-09-26T11:51:37Z</time>
      </trkpt>
      <trkpt lat="39.896222" lon="116.644332">
        <time>2020-09-26T11:51:42Z</time>
      </trkpt>
      <trkpt lat="39.896217" lon="116.644185">
        <time>2020-09-26T11:51:47Z</time>
      </trkpt>
      <trkpt lat="39.896221" lon="116.644052">
        <time>2020-09-26T11:51:52Z</time>
      </trkpt>
      <trkpt lat="39.896215" lon="116.643926">
        <time>2020-09-26T11:51:57Z</time>
      </trkpt>
      <trkpt lat="39.896229" lon="116.643792">
        <time>2020-09-26T11:52:02Z</time>
      </trkpt>
      <trkpt lat="39.896258" lon="116.643638">
        <time>2020-09-26T11:52:07Z</time>
      </trkpt>
      <trkpt lat="39.896251" lon="116.643497">
        <time>2020-09-26T11:52:12Z</time>
      </trkpt>
      <trkpt lat="39.896245" lon="116.643364">
        <time>2020-09-26T11:52:17Z</time>
      </trkpt>
      <trkpt lat="39.896251" lon="116.643219">
        <time>2020-09-26T11:52:22Z</time>
      </trkpt>
      <trkpt lat="39.896253" lon="116.643054">
        <time>2020-09-26T11:52:27Z</time>
      </trkpt>
      <trkpt lat="39.896267" lon="116.642907">
        <time>2020-09-26T11:52:32Z</time>
      </trkpt>
      <trkpt lat="39.896263" lon="116.642764">
        <time>2020-09-26T11:52:37Z</time>
      </trkpt>
      <trkpt lat="39.896258" lon="116.642619">
        <time>2020-09-26T11:52:42Z</time>
      </trkpt>
      <trkpt lat="39.896248" lon="116.642486">
        <time>2020-09-26T11:52:47Z</time>
      </trkpt>
      <trkpt lat="39.896228" lon="116.642354">
        <time>2020-09-26T11:52:52Z</time>
      </trkpt>
      <trkpt lat="39.896239" lon="116.642205">
        <time>2020-09-26T11:52:57Z</time>
      </trkpt>
      <trkpt lat="39.896253" lon="116.642075">
        <time>2020-09-26T11:53:02Z</time>
      </trkpt>
      <trkpt lat="39.896252" lon="116.641928">
        <time>2020-09-26T11:53:07Z</time>
      </trkpt>
      <trkpt lat="39.896253" lon="116.641749">
        <time>2020-09-26T11:53:12Z</time>
      </trkpt>
      <trkpt lat="39.896251" lon="116.641587">
        <time>2020-09-26T11:53:17Z</time>
      </trkpt>
      <trkpt lat="39.896265" lon="116.641425">
        <time>2020-09-26T11:53:22Z</time>
      </trkpt>
      <trkpt lat="39.896271" lon="116.641277">
        <time>2020-09-26T11:53:27Z</time>
      </trkpt>
      <trkpt lat="39.89629" lon="116.641121">
        <time>2020-09-26T11:53:32Z</time>
      </trkpt>
      <trkpt lat="39.89631" lon="116.641005">
        <time>2020-09-26T11:53:37Z</time>
      </trkpt>
      <trkpt lat="39.89631" lon="116.640887">
        <time>2020-09-26T11:53:42Z</time>
      </trkpt>
      <trkpt lat="39.896309" lon="116.640717">
        <time>2020-09-26T11:53:47Z</time>
      </trkpt>
      <trkpt lat="39.89631" lon="116.640567">
        <time>2020-09-26T11:53:52Z</time>
      </trkpt>
      <trkpt lat="39.896325" lon="116.640411">
        <time>2020-09-26T11:53:57Z</time>
      </trkpt>
      <trkpt lat="39.896334" lon="116.640256">
        <time>2020-09-26T11:54:02Z</time>
      </trkpt>
      <trkpt lat="39.896321" lon="116.640093">
        <time>2020-09-26T11:54:07Z</time>
      </trkpt>
      <trkpt lat="39.896305" lon="116.639932">
        <time>2020-09-26T11:54:12Z</time>
      </trkpt>
      <trkpt lat="39.896291" lon="116.639782">
        <time>2020-09-26T11:54:17Z</time>
      </trkpt>
      <trkpt lat="39.896296" lon="116.639636">
        <time>2020-09-26T11:54:22Z</time>
      </trkpt>
      <trkpt lat="39.896294" lon="116.639483">
        <time>2020-09-26T11:54:27Z</time>
      </trkpt>
      <trkpt lat="39.896289" lon="116.639365">
        <time>2020-09-26T11:54:32Z</time>
      </trkpt>
      <trkpt lat="39.896269" lon="116.639212">
        <time>2020-09-26T11:54:37Z</time>
      </trkpt>
      <trkpt lat="39.896277" lon="116.639008">
        <time>2020-09-26T11:54:42Z</time>
      </trkpt>
      <trkpt lat="39.896285" lon="116.638863">
        <time>2020-09-26T11:54:47Z</time>
      </trkpt>
      <trkpt lat="39.89627" lon="116.638744">
        <time>2020-09-26T11:54:52Z</time>
      </trkpt>
      <trkpt lat="39.896247" lon="116.638625">
        <time>2020-09-26T11:54:57Z</time>
      </trkpt>
      <trkpt lat="39.896199" lon="116.638473">
        <time>2020-09-26T11:55:02Z</time>
      </trkpt>
      <trkpt lat="39.896203" lon="116.638284">
        <time>2020-09-26T11:55:07Z</time>
      </trkpt>
      <trkpt lat="39.896196" lon="116.63813">
        <time>2020-09-26T11:55:12Z</time>
      </trkpt>
      <trkpt lat="39.896182" lon="116.637974">
        <time>2020-09-26T11:55:17Z</time>
      </trkpt>
      <trkpt lat="39.896171" lon="116.637793">
        <time>2020-09-26T11:55:22Z</time>
      </trkpt>
      <trkpt lat="39.89617" lon="116.637624">
        <time>2020-09-26T11:55:27Z</time>
      </trkpt>
      <trkpt lat="39.896168" lon="116.637449">
        <time>2020-09-26T11:55:32Z</time>
      </trkpt>
      <trkpt lat="39.896154" lon="116.637312">
        <time>2020-09-26T11:55:37Z</time>
      </trkpt>
      <trkpt lat="39.896155" lon="116.637156">
        <time>2020-09-26T11:55:42Z</time>
      </trkpt>
      <trkpt lat="39.896165" lon="116.636985">
        <time>2020-09-26T11:55:47Z</time>
      </trkpt>
      <trkpt lat="39.896163" lon="116.636834">
        <time>2020-09-26T11:55:52Z</time>
      </trkpt>
      <trkpt lat="39.896124" lon="116.636703">
        <time>2020-09-26T11:55:57Z</time>
      </trkpt>
      <trkpt lat="39.896073" lon="116.636667">
        <time>2020-09-26T11:56:02Z</time>
      </trkpt>
      <trkpt lat="39.896111" lon="116.636711">
        <time>2020-09-26T11:56:07Z</time>
      </trkpt>
      <trkpt lat="39.896158" lon="116.636808">
        <time>2020-09-26T11:56:12Z</time>
      </trkpt>
      <trkpt lat="39.896198" lon="116.636936">
        <time>2020-09-26T11:56:17Z</time>
      </trkpt>
      <trkpt lat="39.896221" lon="116.637078">
        <time>2020-09-26T11:56:22Z</time>
      </trkpt>
      <trkpt lat="39.896241" lon="116.637214">
        <time>2020-09-26T11:56:27Z</time>
      </trkpt>
      <trkpt lat="39.89625" lon="116.637357">
        <time>2020-09-26T11:56:32Z</time>
      </trkpt>
      <trkpt lat="39.896249" lon="116.637508">
        <time>2020-09-26T11:56:37Z</time>
      </trkpt>
      <trkpt lat="39.896234" lon="116.637647">
        <time>2020-09-26T11:56:42Z</time>
      </trkpt>
      <trkpt lat="39.896231" lon="116.637779">
        <time>2020-09-26T11:56:47Z</time>
      </trkpt>
      <trkpt lat="39.896236" lon="116.637919">
        <time>2020-09-26T11:56:52Z</time>
      </trkpt>
      <trkpt lat="39.896269" lon="116.638078">
        <time>2020-09-26T11:56:57Z</time>
      </trkpt>
      <trkpt lat="39.896268" lon="116.638201">
        <time>2020-09-26T11:57:02Z</time>
      </trkpt>
      <trkpt lat="39.896283" lon="116.638342">
        <time>2020-09-26T11:57:07Z</time>
      </trkpt>
      <trkpt lat="39.896283" lon="116.638485">
        <time>2020-09-26T11:57:12Z</time>
      </trkpt>
      <trkpt lat="39.896278" lon="116.638629">
        <time>2020-09-26T11:57:17Z</time>
      </trkpt>
      <trkpt lat="39.896289" lon="116.638792">
        <time>2020-09-26T11:57:22Z</time>
      </trkpt>
      <trkpt lat="39.896275" lon="116.638948">
        <time>2020-09-26T11:57:27Z</time>
      </trkpt>
      <trkpt lat="39.896271" lon="116.639096">
        <time>2020-09-26T11:57:32Z</time>
      </trkpt>
      <trkpt lat="39.89628" lon="116.639239">
        <time>2020-09-26T11:57:37Z</time>
      </trkpt>
      <trkpt lat="39.896296" lon="116.639396">
        <time>2020-09-26T11:57:42Z</time>
      </trkpt>
      <trkpt lat="39.896306" lon="116.639546">
        <time>2020-09-26T11:57:47Z</time>
      </trkpt>
      <trkpt lat="39.896329" lon="116.639694">
        <time>2020-09-26T11:57:52Z</time>
      </trkpt>
      <trkpt lat="39.896339" lon="116.63984">
        <time>2020-09-26T11:57:57Z</time>
      </trkpt>
      <trkpt lat="39.896328" lon="116.639987">
        <time>2020-09-26T11:58:02Z</time>
      </trkpt>
      <trkpt lat="39.896319" lon="116.640125">
        <time>2020-09-26T11:58:07Z</time>
      </trkpt>
      <trkpt lat="39.896321" lon="116.640254">
        <time>2020-09-26T11:58:12Z</time>
      </trkpt>
      <trkpt lat="39.896325" lon="116.640414">
        <time>2020-09-26T11:58:17Z</time>
      </trkpt>
      <trkpt lat="39.896315" lon="116.640586">
        <time>2020-09-26T11:58:22Z</time>
      </trkpt>
      <trkpt lat="39.896282" lon="116.640734">
        <time>2020-09-26T11:58:27Z</time>
      </trkpt>
      <trkpt lat="39.89627" lon="116.64089">
        <time>2020-09-26T11:58:32Z</time>
      </trkpt>
      <trkpt lat="39.896282" lon="116.641045">
        <time>2020-09-26T11:58:37Z</time>
      </trkpt>
      <trkpt lat="39.896317" lon="116.641209">
        <time>2020-09-26T11:58:42Z</time>
      </trkpt>
      <trkpt lat="39.896329" lon="116.641343">
        <time>2020-09-26T11:58:47Z</time>
      </trkpt>
      <trkpt lat="39.896346" lon="116.641456">
        <time>2020-09-26T11:58:52Z</time>
      </trkpt>
      <trkpt lat="39.896327" lon="116.641632">
        <time>2020-09-26T11:58:57Z</time>
      </trkpt>
      <trkpt lat="39.89634" lon="116.641801">
        <time>2020-09-26T11:59:02Z</time>
      </trkpt>
      <trkpt lat="39.896341" lon="116.641954">
        <time>2020-09-26T11:59:07Z</time>
      </trkpt>
      <trkpt lat="39.896321" lon="116.642081">
        <time>2020-09-26T11:59:12Z</time>
      </trkpt>
      <trkpt lat="39.896317" lon="116.642224">
        <time>2020-09-26T11:59:17Z</time>
      </trkpt>
      <trkpt lat="39.896313" lon="116.642374">
        <time>2020-09-26T11:59:22Z</time>
      </trkpt>
      <trkpt lat="39.896316" lon="116.642523">
        <time>2020-09-26T11:59:27Z</time>
      </trkpt>
      <trkpt lat="39.896309" lon="116.642665">
        <time>2020-09-26T11:59:32Z</time>
      </trkpt>
      <trkpt lat="39.896331" lon="116.642818">
        <time>2020-09-26T11:59:37Z</time>
      </trkpt>
      <trkpt lat="39.896311" lon="116.642968">
        <time>2020-09-26T11:59:42Z</time>
      </trkpt>
      <trkpt lat="39.896309" lon="116.643122">
        <time>2020-09-26T11:59:47Z</time>
      </trkpt>
      <trkpt lat="39.896327" lon="116.643279">
        <time>2020-09-26T11:59:52Z</time>
      </trkpt>
      <trkpt lat="39.896335" lon="116.643428">
        <time>2020-09-26T11:59:57Z</time>
      </trkpt>
      <trkpt lat="39.896329" lon="116.643564">
        <time>2020-09-26T12:00:02Z</time>
      </trkpt>
      <trkpt lat="39.896334" lon="116.643713">
        <time>2020-09-26T12:00:07Z</time>
      </trkpt>
      <trkpt lat="39.896341" lon="116.643854">
        <time>2020-09-26T12:00:12Z</time>
      </trkpt>
      <trkpt lat="39.896364" lon="116.643994">
        <time>2020-09-26T12:00:17Z</time>
      </trkpt>
      <trkpt lat="39.896367" lon="116.644134">
        <time>2020-09-26T12:00:22Z</time>
      </trkpt>
      <trkpt lat="39.896352" lon="116.644278">
        <time>2020-09-26T12:00:27Z</time>
      </trkpt>
      <trkpt lat="39.896321" lon="116.644408">
        <time>2020-09-26T12:00:32Z</time>
      </trkpt>
      <trkpt lat="39.896298" lon="116.64453">
        <time>2020-09-26T12:00:37Z</time>
      </trkpt>
      <trkpt lat="39.896282" lon="116.644659">
        <time>2020-09-26T12:00:42Z</time>
      </trkpt>
      <trkpt lat="39.896271" lon="116.644793">
        <time>2020-09-26T12:00:47Z</time>
      </trkpt>
      <trkpt lat="39.896272" lon="116.64494">
        <time>2020-09-26T12:00:52Z</time>
      </trkpt>
      <trkpt lat="39.896274" lon="116.645086">
        <time>2020-09-26T12:00:57Z</time>
      </trkpt>
      <trkpt lat="39.896295" lon="116.645253">
        <time>2020-09-26T12:01:02Z</time>
      </trkpt>
      <trkpt lat="39.896292" lon="116.645417">
        <time>2020-09-26T12:01:07Z</time>
      </trkpt>
      <trkpt lat="39.896264" lon="116.645547">
        <time>2020-09-26T12:01:12Z</time>
      </trkpt>
      <trkpt lat="39.896206" lon="116.645665">
        <time>2020-09-26T12:01:17Z</time>
      </trkpt>
      <trkpt lat="39.896158" lon="116.645794">
        <time>2020-09-26T12:01:22Z</time>
      </trkpt>
      <trkpt lat="39.896141" lon="116.645943">
        <time>2020-09-26T12:01:27Z</time>
      </trkpt>
      <trkpt lat="39.896137" lon="116.646094">
        <time>2020-09-26T12:01:32Z</time>
      </trkpt>
      <trkpt lat="39.896153" lon="116.646233">
        <time>2020-09-26T12:01:37Z</time>
      </trkpt>
      <trkpt lat="39.896153" lon="116.646376">
        <time>2020-09-26T12:01:42Z</time>
      </trkpt>
      <trkpt lat="39.896133" lon="116.64651">
        <time>2020-09-26T12:01:47Z</time>
      </trkpt>
      <trkpt lat="39.896068" lon="116.646622">
        <time>2020-09-26T12:01:52Z</time>
      </trkpt>
      <trkpt lat="39.895942" lon="116.646656">
        <time>2020-09-26T12:01:57Z</time>
      </trkpt>
      <trkpt lat="39.89582" lon="116.646617">
        <time>2020-09-26T12:02:02Z</time>
      </trkpt>
      <trkpt lat="39.895724" lon="116.646593">
        <time>2020-09-26T12:02:07Z</time>
      </trkpt>
      <trkpt lat="39.895635" lon="116.646544">
        <time>2020-09-26T12:02:12Z</time>
      </trkpt>
      <trkpt lat="39.895518" lon="116.64648">
        <time>2020-09-26T12:02:17Z</time>
      </trkpt>
      <trkpt lat="39.89539" lon="116.646456">
        <time>2020-09-26T12:02:22Z</time>
      </trkpt>
      <trkpt lat="39.895281" lon="116.646424">
        <time>2020-09-26T12:02:27Z</time>
      </trkpt>
      <trkpt lat="39.895184" lon="116.646382">
        <time>2020-09-26T12:02:32Z</time>
      </trkpt>
      <trkpt lat="39.895102" lon="116.646319">
        <time>2020-09-26T12:02:37Z</time>
      </trkpt>
      <trkpt lat="39.895023" lon="116.646236">
        <time>2020-09-26T12:02:42Z</time>
      </trkpt>
      <trkpt lat="39.894919" lon="116.646146">
        <time>2020-09-26T12:02:47Z</time>
      </trkpt>
      <trkpt lat="39.894812" lon="116.646076">
        <time>2020-09-26T12:02:52Z</time>
      </trkpt>
      <trkpt lat="39.894714" lon="116.645992">
        <time>2020-09-26T12:02:57Z</time>
      </trkpt>
      <trkpt lat="39.894608" lon="116.645932">
        <time>2020-09-26T12:03:02Z</time>
      </trkpt>
      <trkpt lat="39.894499" lon="116.645857">
        <time>2020-09-26T12:03:07Z</time>
      </trkpt>
      <trkpt lat="39.894359" lon="116.645804">
        <time>2020-09-26T12:03:12Z</time>
      </trkpt>
      <trkpt lat="39.894248" lon="116.645778">
        <time>2020-09-26T12:03:17Z</time>
      </trkpt>
      <trkpt lat="39.894136" lon="116.645759">
        <time>2020-09-26T12:03:22Z</time>
      </trkpt>
      <trkpt lat="39.89404" lon="116.645832">
        <time>2020-09-26T12:03:27Z</time>
      </trkpt>
      <trkpt lat="39.89398" lon="116.645925">
        <time>2020-09-26T12:03:32Z</time>
      </trkpt>
      <trkpt lat="39.893952" lon="116.646014">
        <time>2020-09-26T12:03:37Z</time>
      </trkpt>
      <trkpt lat="39.893928" lon="116.646086">
        <time>2020-09-26T12:03:42Z</time>
      </trkpt>
      <trkpt lat="39.893864" lon="116.64615">
        <time>2020-09-26T12:03:47Z</time>
      </trkpt>
      <trkpt lat="39.89374" lon="116.646134">
        <time>2020-09-26T12:03:52Z</time>
      </trkpt>
      <trkpt lat="39.893604" lon="116.64609">
        <time>2020-09-26T12:03:57Z</time>
      </trkpt>
      <trkpt lat="39.893464" lon="116.646016">
        <time>2020-09-26T12:04:02Z</time>
      </trkpt>
      <trkpt lat="39.893338" lon="116.645958">
        <time>2020-09-26T12:04:07Z</time>
      </trkpt>
      <trkpt lat="39.893219" lon="116.645914">
        <time>2020-09-26T12:04:12Z</time>
      </trkpt>
      <trkpt lat="39.893098" lon="116.645883">
        <time>2020-09-26T12:04:17Z</time>
      </trkpt>
      <trkpt lat="39.892975" lon="116.645857">
        <time>2020-09-26T12:04:22Z</time>
      </trkpt>
      <trkpt lat="39.892851" lon="116.645836">
        <time>2020-09-26T12:04:27Z</time>
      </trkpt>
      <trkpt lat="39.892734" lon="116.645796">
        <time>2020-09-26T12:04:32Z</time>
      </trkpt>
      <trkpt lat="39.892626" lon="116.645733">
        <time>2020-09-26T12:04:37Z</time>
      </trkpt>
      <trkpt lat="39.892503" lon="116.645697">
        <time>2020-09-26T12:04:42Z</time>
      </trkpt>
      <trkpt lat="39.892387" lon="116.645669">
        <time>2020-09-26T12:04:47Z</time>
      </trkpt>
      <trkpt lat="39.892279" lon="116.645634">
        <time>2020-09-26T12:04:52Z</time>
      </trkpt>
      <trkpt lat="39.892182" lon="116.645578">
        <time>2020-09-26T12:04:57Z</time>
      </trkpt>
      <trkpt lat="39.892084" lon="116.645495">
        <time>2020-09-26T12:05:02Z</time>
      </trkpt>
      <trkpt lat="39.891959" lon="116.64546">
        <time>2020-09-26T12:05:07Z</time>
      </trkpt>
      <trkpt lat="39.891848" lon="116.645379">
        <time>2020-09-26T12:05:12Z</time>
      </trkpt>
      <trkpt lat="39.891736" lon="116.645281">
        <time>2020-09-26T12:05:17Z</time>
      </trkpt>
      <trkpt lat="39.891658" lon="116.645269">
        <time>2020-09-26T12:05:22Z</time>
      </trkpt>
      <trkpt lat="39.891689" lon="116.6453">
        <time>2020-09-26T12:05:27Z</time>
      </trkpt>
      <trkpt lat="39.891762" lon="116.645325">
        <time>2020-09-26T12:05:32Z</time>
      </trkpt>
      <trkpt lat="39.89185" lon="116.645363">
        <time>2020-09-26T12:05:37Z</time>
      </trkpt>
      <trkpt lat="39.8919" lon="116.645403">
        <time>2020-09-26T12:05:42Z</time>
      </trkpt>
      <trkpt lat="39.891937" lon="116.645422">
        <time>2020-09-26T12:05:47Z</time>
      </trkpt>
      <trkpt lat="39.891993" lon="116.645448">
        <time>2020-09-26T12:05:52Z</time>
      </trkpt>
      <trkpt lat="39.892058" lon="116.645483">
        <time>2020-09-26T12:05:57Z</time>
      </trkpt>
      <trkpt lat="39.892109" lon="116.645517">
        <time>2020-09-26T12:06:02Z</time>
      </trkpt>
      <trkpt lat="39.892184" lon="116.645544">
        <time>2020-09-26T12:06:07Z</time>
      </trkpt>
      <trkpt lat="39.892248" lon="116.645585">
        <time>2020-09-26T12:06:12Z</time>
      </trkpt>
      <trkpt lat="39.892333" lon="116.645658">
        <time>2020-09-26T12:06:17Z</time>
      </trkpt>
      <trkpt lat="39.892403" lon="116.645693">
        <time>2020-09-26T12:06:22Z</time>
      </trkpt>
      <trkpt lat="39.892481" lon="116.645737">
        <time>2020-09-26T12:06:27Z</time>
      </trkpt>
      <trkpt lat="39.892563" lon="116.645821">
        <time>2020-09-26T12:06:32Z</time>
      </trkpt>
      <trkpt lat="39.892628" lon="116.645866">
        <time>2020-09-26T12:06:37Z</time>
      </trkpt>
      <trkpt lat="39.892689" lon="116.645908">
        <time>2020-09-26T12:06:42Z</time>
      </trkpt>
      <trkpt lat="39.892761" lon="116.645936">
        <time>2020-09-26T12:06:47Z</time>
      </trkpt>
      <trkpt lat="39.892823" lon="116.645982">
        <time>2020-09-26T12:06:52Z</time>
      </trkpt>
      <trkpt lat="39.892949" lon="116.646027">
        <time>2020-09-26T12:06:57Z</time>
      </trkpt>
      <trkpt lat="39.893035" lon="116.646065">
        <time>2020-09-26T12:07:02Z</time>
      </trkpt>
      <trkpt lat="39.893146" lon="116.646122">
        <time>2020-09-26T12:07:07Z</time>
      </trkpt>
      <trkpt lat="39.89325" lon="116.646157">
        <time>2020-09-26T12:07:12Z</time>
      </trkpt>
      <trkpt lat="39.893362" lon="116.646192">
        <time>2020-09-26T12:07:17Z</time>
      </trkpt>
      <trkpt lat="39.893505" lon="116.646274">
        <time>2020-09-26T12:07:22Z</time>
      </trkpt>
      <trkpt lat="39.89362" lon="116.646334">
        <time>2020-09-26T12:07:27Z</time>
      </trkpt>
      <trkpt lat="39.893742" lon="116.64636">
        <time>2020-09-26T12:07:32Z</time>
      </trkpt>
      <trkpt lat="39.893851" lon="116.646285">
        <time>2020-09-26T12:07:37Z</time>
      </trkpt>
      <trkpt lat="39.893926" lon="116.646141">
        <time>2020-09-26T12:07:42Z</time>
      </trkpt>
      <trkpt lat="39.893993" lon="116.646013">
        <time>2020-09-26T12:07:47Z</time>
      </trkpt>
      <trkpt lat="39.894083" lon="116.645935">
        <time>2020-09-26T12:07:52Z</time>
      </trkpt>
      <trkpt lat="39.894166" lon="116.645942">
        <time>2020-09-26T12:07:57Z</time>
      </trkpt>
      <trkpt lat="39.894255" lon="116.645985">
        <time>2020-09-26T12:08:02Z</time>
      </trkpt>
      <trkpt lat="39.894355" lon="116.646018">
        <time>2020-09-26T12:08:07Z</time>
      </trkpt>
      <trkpt lat="39.894445" lon="116.646064">
        <time>2020-09-26T12:08:12Z</time>
      </trkpt>
      <trkpt lat="39.894541" lon="116.646115">
        <time>2020-09-26T12:08:17Z</time>
      </trkpt>
      <trkpt lat="39.894636" lon="116.646201">
        <time>2020-09-26T12:08:22Z</time>
      </trkpt>
      <trkpt lat="39.894743" lon="116.646278">
        <time>2020-09-26T12:08:27Z</time>
      </trkpt>
      <trkpt lat="39.894849" lon="116.646338">
        <time>2020-09-26T12:08:32Z</time>
      </trkpt>
      <trkpt lat="39.894937" lon="116.646358">
        <time>2020-09-26T12:08:37Z</time>
      </trkpt>
      <trkpt lat="39.895053" lon="116.646395">
        <time>2020-09-26T12:08:42Z</time>
      </trkpt>
      <trkpt lat="39.895182" lon="116.64644">
        <time>2020-09-26T12:08:47Z</time>
      </trkpt>
      <trkpt lat="39.895323" lon="116.646494">
        <time>2020-09-26T12:08:52Z</time>
      </trkpt>
      <trkpt lat="39.895461" lon="116.646527">
        <time>2020-09-26T12:08:57Z</time>
      </trkpt>
      <trkpt lat="39.895601" lon="116.646561">
        <time>2020-09-26T12:09:02Z</time>
      </trkpt>
      <trkpt lat="39.895711" lon="116.646617">
        <time>2020-09-26T12:09:07Z</time>
      </trkpt>
      <trkpt lat="39.895792" lon="116.646675">
        <time>2020-09-26T12:09:12Z</time>
      </trkpt>
      <trkpt lat="39.89589" lon="116.646716">
        <time>2020-09-26T12:09:17Z</time>
      </trkpt>
      <trkpt lat="39.896003" lon="116.646758">
        <time>2020-09-26T12:09:22Z</time>
      </trkpt>
      <trkpt lat="39.896106" lon="116.646756">
        <time>2020-09-26T12:09:27Z</time>
      </trkpt>
      <trkpt lat="39.896143" lon="116.64667">
        <time>2020-09-26T12:09:32Z</time>
      </trkpt>
      <trkpt lat="39.896143" lon="116.646557">
        <time>2020-09-26T12:09:37Z</time>
      </trkpt>
      <trkpt lat="39.896128" lon="116.646448">
        <time>2020-09-26T12:09:42Z</time>
      </trkpt>
      <trkpt lat="39.896124" lon="116.646299">
        <time>2020-09-26T12:09:47Z</time>
      </trkpt>
      <trkpt lat="39.896144" lon="116.646154">
        <time>2020-09-26T12:09:52Z</time>
      </trkpt>
      <trkpt lat="39.89617" lon="116.646034">
        <time>2020-09-26T12:09:57Z</time>
      </trkpt>
      <trkpt lat="39.896196" lon="116.645908">
        <time>2020-09-26T12:10:02Z</time>
      </trkpt>
      <trkpt lat="39.896222" lon="116.645778">
        <time>2020-09-26T12:10:07Z</time>
      </trkpt>
      <trkpt lat="39.896246" lon="116.645651">
        <time>2020-09-26T12:10:12Z</time>
      </trkpt>
      <trkpt lat="39.896266" lon="116.645529">
        <time>2020-09-26T12:10:17Z</time>
      </trkpt>
      <trkpt lat="39.896278" lon="116.645385">
        <time>2020-09-26T12:10:22Z</time>
      </trkpt>
      <trkpt lat="39.896298" lon="116.64526">
        <time>2020-09-26T12:10:27Z</time>
      </trkpt>
      <trkpt lat="39.896305" lon="116.645143">
        <time>2020-09-26T12:10:32Z</time>
      </trkpt>
      <trkpt lat="39.89631" lon="116.645026">
        <time>2020-09-26T12:10:37Z</time>
      </trkpt>
      <trkpt lat="39.896312" lon="116.644881">
        <time>2020-09-26T12:10:42Z</time>
      </trkpt>
      <trkpt lat="39.896322" lon="116.644722">
        <time>2020-09-26T12:10:47Z</time>
      </trkpt>
      <trkpt lat="39.896322" lon="116.644568">
        <time>2020-09-26T12:10:52Z</time>
      </trkpt>
      <trkpt lat="39.896329" lon="116.644433">
        <time>2020-09-26T12:10:57Z</time>
      </trkpt>
      <trkpt lat="39.896331" lon="116.644334">
        <time>2020-09-26T12:11:02Z</time>
      </trkpt>
      <trkpt lat="39.896314" lon="116.644259">
        <time>2020-09-26T12:11:07Z</time>
      </trkpt>
      <trkpt lat="39.896311" lon="116.64417">
        <time>2020-09-26T12:11:12Z</time>
      </trkpt>
      <trkpt lat="39.896319" lon="116.64408">
        <time>2020-09-26T12:11:17Z</time>
      </trkpt>
      <trkpt lat="39.896322" lon="116.643973">
        <time>2020-09-26T12:11:22Z</time>
      </trkpt>
      <trkpt lat="39.896318" lon="116.643877">
        <time>2020-09-26T12:11:27Z</time>
      </trkpt>
      <trkpt lat="39.896316" lon="116.643786">
        <time>2020-09-26T12:11:32Z</time>
      </trkpt>
      <trkpt lat="39.896316" lon="116.643682">
        <time>2020-09-26T12:11:37Z</time>
      </trkpt>
      <trkpt lat="39.896308" lon="116.643527">
        <time>2020-09-26T12:11:42Z</time>
      </trkpt>
      <trkpt lat="39.896303" lon="116.643393">
        <time>2020-09-26T12:11:47Z</time>
      </trkpt>
      <trkpt lat="39.896307" lon="116.643241">
        <time>2020-09-26T12:11:52Z</time>
      </trkpt>
      <trkpt lat="39.896303" lon="116.643113">
        <time>2020-09-26T12:11:57Z</time>
      </trkpt>
      <trkpt lat="39.896294" lon="116.643001">
        <time>2020-09-26T12:12:02Z</time>
      </trkpt>
      <trkpt lat="39.896299" lon="116.642855">
        <time>2020-09-26T12:12:07Z</time>
      </trkpt>
      <trkpt lat="39.89632" lon="116.642724">
        <time>2020-09-26T12:12:12Z</time>
      </trkpt>
      <trkpt lat="39.896346" lon="116.642593">
        <time>2020-09-26T12:12:17Z</time>
      </trkpt>
      <trkpt lat="39.89635" lon="116.642467">
        <time>2020-09-26T12:12:22Z</time>
      </trkpt>
      <trkpt lat="39.89635" lon="116.64234">
        <time>2020-09-26T12:12:27Z</time>
      </trkpt>
      <trkpt lat="39.896351" lon="116.642193">
        <time>2020-09-26T12:12:32Z</time>
      </trkpt>
      <trkpt lat="39.896345" lon="116.64205">
        <time>2020-09-26T12:12:37Z</time>
      </trkpt>
      <trkpt lat="39.896357" lon="116.64191">
        <time>2020-09-26T12:12:42Z</time>
      </trkpt>
      <trkpt lat="39.896352" lon="116.641788">
        <time>2020-09-26T12:12:47Z</time>
      </trkpt>
      <trkpt lat="39.896353" lon="116.641636">
        <time>2020-09-26T12:12:52Z</time>
      </trkpt>
      <trkpt lat="39.896361" lon="116.641536">
        <time>2020-09-26T12:12:57Z</time>
      </trkpt>
      <trkpt lat="39.896367" lon="116.641412">
        <time>2020-09-26T12:13:02Z</time>
      </trkpt>
      <trkpt lat="39.896381" lon="116.64127">
        <time>2020-09-26T12:13:07Z</time>
      </trkpt>
      <trkpt lat="39.896366" lon="116.641107">
        <time>2020-09-26T12:13:12Z</time>
      </trkpt>
      <trkpt lat="39.896357" lon="116.640984">
        <time>2020-09-26T12:13:17Z</time>
      </trkpt>
      <trkpt lat="39.896347" lon="116.640848">
        <time>2020-09-26T12:13:22Z</time>
      </trkpt>
      <trkpt lat="39.896362" lon="116.640707">
        <time>2020-09-26T12:13:27Z</time>
      </trkpt>
      <trkpt lat="39.896363" lon="116.64058">
        <time>2020-09-26T12:13:32Z</time>
      </trkpt>
      <trkpt lat="39.896385" lon="116.640417">
        <time>2020-09-26T12:13:37Z</time>
      </trkpt>
      <trkpt lat="39.896659" lon="116.640535">
        <time>2020-09-26T12:13:42Z</time>
      </trkpt>
      <trkpt lat="39.896656" lon="116.64053">
        <time>2020-09-26T12:13:47Z</time>
      </trkpt>
      <trkpt lat="39.896714" lon="116.640493">
        <time>2020-09-26T12:13:52Z</time>
      </trkpt>
      <trkpt lat="39.896827" lon="116.640522">
        <time>2020-09-26T12:13:57Z</time>
      </trkpt>
      <trkpt lat="39.896947" lon="116.640578">
        <time>2020-09-26T12:14:02Z</time>
      </trkpt>
      <trkpt lat="39.897059" lon="116.640619">
        <time>2020-09-26T12:14:07Z</time>
      </trkpt>
      <trkpt lat="39.89715" lon="116.640673">
        <time>2020-09-26T12:14:12Z</time>
      </trkpt>
      <trkpt lat="39.897221" lon="116.640694">
        <time>2020-09-26T12:14:17Z</time>
      </trkpt>
      <trkpt lat="39.897269" lon="116.640799">
        <time>2020-09-26T12:14:22Z</time>
      </trkpt>
      <trkpt lat="39.897305" lon="116.64091">
        <time>2020-09-26T12:14:27Z</time>
      </trkpt>
      <trkpt lat="39.897412" lon="116.640942">
        <time>2020-09-26T12:14:32Z</time>
      </trkpt>
      <trkpt lat="39.897485" lon="116.640938">
        <time>2020-09-26T12:14:37Z</time>
      </trkpt>
      <trkpt lat="39.897544" lon="116.640952">
        <time>2020-09-26T12:14:42Z</time>
      </trkpt>
      <trkpt lat="39.897611" lon="116.640977">
        <time>2020-09-26T12:14:47Z</time>
      </trkpt>
      <trkpt lat="39.897701" lon="116.641023">
        <time>2020-09-26T12:14:52Z</time>
      </trkpt>
      <trkpt lat="39.897775" lon="116.641053">
        <time>2020-09-26T12:14:57Z</time>
      </trkpt>
      <trkpt lat="39.897843" lon="116.64107">
        <time>2020-09-26T12:15:02Z</time>
      </trkpt>
      <trkpt lat="39.897902" lon="116.641096">
        <time>2020-09-26T12:15:07Z</time>
      </trkpt>
      <trkpt lat="39.897948" lon="116.641143">
        <time>2020-09-26T12:15:12Z</time>
      </trkpt>
      <trkpt lat="39.898054" lon="116.641177">
        <time>2020-09-26T12:15:17Z</time>
      </trkpt>
      <trkpt lat="39.898148" lon="116.641206">
        <time>2020-09-26T12:15:22Z</time>
      </trkpt>
      <trkpt lat="39.898234" lon="116.641242">
        <time>2020-09-26T12:15:27Z</time>
      </trkpt>
      <trkpt lat="39.898332" lon="116.641292">
        <time>2020-09-26T12:15:32Z</time>
      </trkpt>
      <trkpt lat="39.898414" lon="116.64133">
        <time>2020-09-26T12:15:37Z</time>
      </trkpt>
      <trkpt lat="39.898454" lon="116.641443">
        <time>2020-09-26T12:15:42Z</time>
      </trkpt>
      <trkpt lat="39.898454" lon="116.641589">
        <time>2020-09-26T12:15:47Z</time>
      </trkpt>
      <trkpt lat="39.89843" lon="116.641743">
        <time>2020-09-26T12:15:52Z</time>
      </trkpt>
      <trkpt lat="39.898405" lon="116.641903">
        <time>2020-09-26T12:15:57Z</time>
      </trkpt>
      <trkpt lat="39.898388" lon="116.642053">
        <time>2020-09-26T12:16:02Z</time>
      </trkpt>
      <trkpt lat="39.898389" lon="116.642191">
        <time>2020-09-26T12:16:07Z</time>
      </trkpt>
      <trkpt lat="39.898374" lon="116.642319">
        <time>2020-09-26T12:16:12Z</time>
      </trkpt>
      <trkpt lat="39.898339" lon="116.642447">
        <time>2020-09-26T12:16:17Z</time>
      </trkpt>
      <trkpt lat="39.898346" lon="116.642585">
        <time>2020-09-26T12:16:22Z</time>
      </trkpt>
      <trkpt lat="39.89835" lon="116.642739">
        <time>2020-09-26T12:16:27Z</time>
      </trkpt>
      <trkpt lat="39.898331" lon="116.642876">
        <time>2020-09-26T12:16:32Z</time>
      </trkpt>
      <trkpt lat="39.898325" lon="116.643001">
        <time>2020-09-26T12:16:37Z</time>
      </trkpt>
      <trkpt lat="39.898312" lon="116.643124">
        <time>2020-09-26T12:16:42Z</time>
      </trkpt>
      <trkpt lat="39.898302" lon="116.64326">
        <time>2020-09-26T12:16:47Z</time>
      </trkpt>
      <trkpt lat="39.898269" lon="116.643379">
        <time>2020-09-26T12:16:52Z</time>
      </trkpt>
      <trkpt lat="39.898268" lon="116.643507">
        <time>2020-09-26T12:16:57Z</time>
      </trkpt>
      <trkpt lat="39.898287" lon="116.643647">
        <time>2020-09-26T12:17:02Z</time>
      </trkpt>
      <trkpt lat="39.898314" lon="116.643776">
        <time>2020-09-26T12:17:07Z</time>
      </trkpt>
      <trkpt lat="39.898336" lon="116.643913">
        <time>2020-09-26T12:17:12Z</time>
      </trkpt>
      <trkpt lat="39.898332" lon="116.644041">
        <time>2020-09-26T12:17:17Z</time>
      </trkpt>
      <trkpt lat="39.898344" lon="116.644172">
        <time>2020-09-26T12:17:22Z</time>
      </trkpt>
      <trkpt lat="39.898381" lon="116.644327">
        <time>2020-09-26T12:17:27Z</time>
      </trkpt>
      <trkpt lat="39.898404" lon="116.644479">
        <time>2020-09-26T12:17:32Z</time>
      </trkpt>
      <trkpt lat="39.898449" lon="116.644621">
        <time>2020-09-26T12:17:37Z</time>
      </trkpt>
      <trkpt lat="39.898458" lon="116.644767">
        <time>2020-09-26T12:17:42Z</time>
      </trkpt>
      <trkpt lat="39.898475" lon="116.644905">
        <time>2020-09-26T12:17:47Z</time>
      </trkpt>
      <trkpt lat="39.898488" lon="116.64505">
        <time>2020-09-26T12:17:52Z</time>
      </trkpt>
      <trkpt lat="39.89851" lon="116.645196">
        <time>2020-09-26T12:17:57Z</time>
      </trkpt>
      <trkpt lat="39.898526" lon="116.645324">
        <time>2020-09-26T12:18:02Z</time>
      </trkpt>
      <trkpt lat="39.898529" lon="116.645459">
        <time>2020-09-26T12:18:07Z</time>
      </trkpt>
      <trkpt lat="39.898534" lon="116.645579">
        <time>2020-09-26T12:18:12Z</time>
      </trkpt>
      <trkpt lat="39.898585" lon="116.645714">
        <time>2020-09-26T12:18:17Z</time>
      </trkpt>
      <trkpt lat="39.898638" lon="116.645845">
        <time>2020-09-26T12:18:22Z</time>
      </trkpt>
      <trkpt lat="39.898674" lon="116.645987">
        <time>2020-09-26T12:18:27Z</time>
      </trkpt>
      <trkpt lat="39.898716" lon="116.64613">
        <time>2020-09-26T12:18:32Z</time>
      </trkpt>
      <trkpt lat="39.898766" lon="116.646271">
        <time>2020-09-26T12:18:37Z</time>
      </trkpt>
      <trkpt lat="39.898813" lon="116.646405">
        <time>2020-09-26T12:18:42Z</time>
      </trkpt>
      <trkpt lat="39.898841" lon="116.646537">
        <time>2020-09-26T12:18:47Z</time>
      </trkpt>
      <trkpt lat="39.898863" lon="116.646662">
        <time>2020-09-26T12:18:52Z</time>
      </trkpt>
      <trkpt lat="39.89889" lon="116.646813">
        <time>2020-09-26T12:18:57Z</time>
      </trkpt>
      <trkpt lat="39.898916" lon="116.646976">
        <time>2020-09-26T12:19:02Z</time>
      </trkpt>
      <trkpt lat="39.898956" lon="116.64712">
        <time>2020-09-26T12:19:07Z</time>
      </trkpt>
      <trkpt lat="39.898993" lon="116.647276">
        <time>2020-09-26T12:19:12Z</time>
      </trkpt>
      <trkpt lat="39.898989" lon="116.647417">
        <time>2020-09-26T12:19:17Z</time>
      </trkpt>
      <trkpt lat="39.89897" lon="116.647555">
        <time>2020-09-26T12:19:22Z</time>
      </trkpt>
      <trkpt lat="39.898938" lon="116.647668">
        <time>2020-09-26T12:19:27Z</time>
      </trkpt>
      <trkpt lat="39.898919" lon="116.647779">
        <time>2020-09-26T12:19:32Z</time>
      </trkpt>
      <trkpt lat="39.898962" lon="116.647955">
        <time>2020-09-26T12:19:37Z</time>
      </trkpt>
      <trkpt lat="39.898982" lon="116.648108">
        <time>2020-09-26T12:19:42Z</time>
      </trkpt>
      <trkpt lat="39.898989" lon="116.648256">
        <time>2020-09-26T12:19:47Z</time>
      </trkpt>
      <trkpt lat="39.899005" lon="116.648431">
        <time>2020-09-26T12:19:52Z</time>
      </trkpt>
      <trkpt lat="39.899026" lon="116.648613">
        <time>2020-09-26T12:19:57Z</time>
      </trkpt>
      <trkpt lat="39.899062" lon="116.648791">
        <time>2020-09-26T12:20:02Z</time>
      </trkpt>
      <trkpt lat="39.899059" lon="116.648944">
        <time>2020-09-26T12:20:07Z</time>
      </trkpt>
      <trkpt lat="39.899049" lon="116.649135">
        <time>2020-09-26T12:20:12Z</time>
      </trkpt>
      <trkpt lat="39.899031" lon="116.649295">
        <time>2020-09-26T12:20:17Z</time>
      </trkpt>
      <trkpt lat="39.899056" lon="116.649438">
        <time>2020-09-26T12:20:22Z</time>
      </trkpt>
      <trkpt lat="39.899097" lon="116.649596">
        <time>2020-09-26T12:20:27Z</time>
      </trkpt>
      <trkpt lat="39.899133" lon="116.649707">
        <time>2020-09-26T12:20:32Z</time>
      </trkpt>
      <trkpt lat="39.899125" lon="116.649851">
        <time>2020-09-26T12:20:37Z</time>
      </trkpt>
      <trkpt lat="39.899099" lon="116.650003">
        <time>2020-09-26T12:20:42Z</time>
      </trkpt>
      <trkpt lat="39.899101" lon="116.650129">
        <time>2020-09-26T12:20:47Z</time>
      </trkpt>
      <trkpt lat="39.89911" lon="116.650254">
        <time>2020-09-26T12:20:52Z</time>
      </trkpt>
      <trkpt lat="39.8991" lon="116.650381">
        <time>2020-09-26T12:20:57Z</time>
      </trkpt>
      <trkpt lat="39.89907" lon="116.650528">
        <time>2020-09-26T12:21:02Z</time>
      </trkpt>
      <trkpt lat="39.899075" lon="116.650661">
        <time>2020-09-26T12:21:07Z</time>
      </trkpt>
      <trkpt lat="39.899044" lon="116.650818">
        <time>2020-09-26T12:21:12Z</time>
      </trkpt>
      <trkpt lat="39.899008" lon="116.650968">
        <time>2020-09-26T12:21:17Z</time>
      </trkpt>
      <trkpt lat="39.898991" lon="116.651109">
        <time>2020-09-26T12:21:22Z</time>
      </trkpt>
      <trkpt lat="39.898992" lon="116.651258">
        <time>2020-09-26T12:21:27Z</time>
      </trkpt>
      <trkpt lat="39.899009" lon="116.651318">
        <time>2020-09-26T12:21:32Z</time>
      </trkpt>
      <trkpt lat="39.899006" lon="116.651292">
        <time>2020-09-26T12:21:37Z</time>
      </trkpt>
      <trkpt lat="39.899" lon="116.651229">
        <time>2020-09-26T12:21:42Z</time>
      </trkpt>
      <trkpt lat="39.899008" lon="116.651138">
        <time>2020-09-26T12:21:47Z</time>
      </trkpt>
      <trkpt lat="39.898978" lon="116.651024">
        <time>2020-09-26T12:21:52Z</time>
      </trkpt>
      <trkpt lat="39.898965" lon="116.65092">
        <time>2020-09-26T12:21:57Z</time>
      </trkpt>
      <trkpt lat="39.898984" lon="116.650858">
        <time>2020-09-26T12:22:02Z</time>
      </trkpt>
      <trkpt lat="39.899002" lon="116.650784">
        <time>2020-09-26T12:22:07Z</time>
      </trkpt>
      <trkpt lat="39.89899" lon="116.650698">
        <time>2020-09-26T12:22:12Z</time>
      </trkpt>
      <trkpt lat="39.898985" lon="116.650579">
        <time>2020-09-26T12:22:17Z</time>
      </trkpt>
      <trkpt lat="39.899036" lon="116.650494">
        <time>2020-09-26T12:22:22Z</time>
      </trkpt>
      <trkpt lat="39.899036" lon="116.650398">
        <time>2020-09-26T12:22:27Z</time>
      </trkpt>
      <trkpt lat="39.899033" lon="116.650302">
        <time>2020-09-26T12:22:32Z</time>
      </trkpt>
      <trkpt lat="39.899044" lon="116.650212">
        <time>2020-09-26T12:22:37Z</time>
      </trkpt>
      <trkpt lat="39.899081" lon="116.650114">
        <time>2020-09-26T12:22:42Z</time>
      </trkpt>
      <trkpt lat="39.899162" lon="116.650002">
        <time>2020-09-26T12:22:47Z</time>
      </trkpt>
      <trkpt lat="39.899157" lon="116.649854">
        <time>2020-09-26T12:22:52Z</time>
      </trkpt>
      <trkpt lat="39.899161" lon="116.649725">
        <time>2020-09-26T12:22:57Z</time>
      </trkpt>
      <trkpt lat="39.899167" lon="116.649607">
        <time>2020-09-26T12:23:02Z</time>
      </trkpt>
      <trkpt lat="39.899163" lon="116.649456">
        <time>2020-09-26T12:23:07Z</time>
      </trkpt>
      <trkpt lat="39.899136" lon="116.649271">
        <time>2020-09-26T12:23:12Z</time>
      </trkpt>
      <trkpt lat="39.899126" lon="116.649119">
        <time>2020-09-26T12:23:17Z</time>
      </trkpt>
      <trkpt lat="39.899111" lon="116.648953">
        <time>2020-09-26T12:23:22Z</time>
      </trkpt>
      <trkpt lat="39.899099" lon="116.648834">
        <time>2020-09-26T12:23:27Z</time>
      </trkpt>
      <trkpt lat="39.899103" lon="116.648743">
        <time>2020-09-26T12:23:32Z</time>
      </trkpt>
      <trkpt lat="39.899179" lon="116.648663">
        <time>2020-09-26T12:23:37Z</time>
      </trkpt>
      <trkpt lat="39.89925" lon="116.648535">
        <time>2020-09-26T12:23:42Z</time>
      </trkpt>
      <trkpt lat="39.899274" lon="116.648392">
        <time>2020-09-26T12:23:47Z</time>
      </trkpt>
      <trkpt lat="39.899264" lon="116.648239">
        <time>2020-09-26T12:23:52Z</time>
      </trkpt>
      <trkpt lat="39.89924" lon="116.648078">
        <time>2020-09-26T12:23:57Z</time>
      </trkpt>
      <trkpt lat="39.899234" lon="116.647935">
        <time>2020-09-26T12:24:02Z</time>
      </trkpt>
      <trkpt lat="39.899249" lon="116.647802">
        <time>2020-09-26T12:24:07Z</time>
      </trkpt>
      <trkpt lat="39.899286" lon="116.64764">
        <time>2020-09-26T12:24:12Z</time>
      </trkpt>
      <trkpt lat="39.899286" lon="116.647467">
        <time>2020-09-26T12:24:17Z</time>
      </trkpt>
      <trkpt lat="39.899271" lon="116.647327">
        <time>2020-09-26T12:24:22Z</time>
      </trkpt>
      <trkpt lat="39.899308" lon="116.647209">
        <time>2020-09-26T12:24:27Z</time>
      </trkpt>
      <trkpt lat="39.899246" lon="116.64708">
        <time>2020-09-26T12:24:32Z</time>
      </trkpt>
      <trkpt lat="39.899205" lon="116.646971">
        <time>2020-09-26T12:24:37Z</time>
      </trkpt>
      <trkpt lat="39.899134" lon="116.646838">
        <time>2020-09-26T12:24:42Z</time>
      </trkpt>
      <trkpt lat="39.89907" lon="116.646679">
        <time>2020-09-26T12:24:47Z</time>
      </trkpt>
      <trkpt lat="39.89899" lon="116.64651">
        <time>2020-09-26T12:24:52Z</time>
      </trkpt>
      <trkpt lat="39.898883" lon="116.646313">
        <time>2020-09-26T12:24:57Z</time>
      </trkpt>
      <trkpt lat="39.898777" lon="116.646124">
        <time>2020-09-26T12:25:02Z</time>
      </trkpt>
      <trkpt lat="39.898705" lon="116.645926">
        <time>2020-09-26T12:25:07Z</time>
      </trkpt>
      <trkpt lat="39.898643" lon="116.645758">
        <time>2020-09-26T12:25:12Z</time>
      </trkpt>
      <trkpt lat="39.89863" lon="116.645618">
        <time>2020-09-26T12:25:17Z</time>
      </trkpt>
      <trkpt lat="39.898609" lon="116.645471">
        <time>2020-09-26T12:25:22Z</time>
      </trkpt>
      <trkpt lat="39.898599" lon="116.645323">
        <time>2020-09-26T12:25:27Z</time>
      </trkpt>
      <trkpt lat="39.898558" lon="116.64517">
        <time>2020-09-26T12:25:32Z</time>
      </trkpt>
      <trkpt lat="39.898519" lon="116.645023">
        <time>2020-09-26T12:25:37Z</time>
      </trkpt>
      <trkpt lat="39.898492" lon="116.644871">
        <time>2020-09-26T12:25:42Z</time>
      </trkpt>
      <trkpt lat="39.898454" lon="116.644666">
        <time>2020-09-26T12:25:47Z</time>
      </trkpt>
      <trkpt lat="39.89842" lon="116.644484">
        <time>2020-09-26T12:25:52Z</time>
      </trkpt>
      <trkpt lat="39.89834" lon="116.644269">
        <time>2020-09-26T12:25:57Z</time>
      </trkpt>
      <trkpt lat="39.898289" lon="116.644092">
        <time>2020-09-26T12:26:02Z</time>
      </trkpt>
      <trkpt lat="39.898282" lon="116.643924">
        <time>2020-09-26T12:26:07Z</time>
      </trkpt>
      <trkpt lat="39.898332" lon="116.64379">
        <time>2020-09-26T12:26:12Z</time>
      </trkpt>
      <trkpt lat="39.898336" lon="116.643633">
        <time>2020-09-26T12:26:17Z</time>
      </trkpt>
      <trkpt lat="39.898388" lon="116.64352">
        <time>2020-09-26T12:26:22Z</time>
      </trkpt>
      <trkpt lat="39.898397" lon="116.643391">
        <time>2020-09-26T12:26:27Z</time>
      </trkpt>
      <trkpt lat="39.898368" lon="116.643221">
        <time>2020-09-26T12:26:32Z</time>
      </trkpt>
      <trkpt lat="39.898345" lon="116.643025">
        <time>2020-09-26T12:26:37Z</time>
      </trkpt>
      <trkpt lat="39.898326" lon="116.642828">
        <time>2020-09-26T12:26:42Z</time>
      </trkpt>
      <trkpt lat="39.898332" lon="116.642666">
        <time>2020-09-26T12:26:47Z</time>
      </trkpt>
      <trkpt lat="39.89832" lon="116.642529">
        <time>2020-09-26T12:26:52Z</time>
      </trkpt>
      <trkpt lat="39.898314" lon="116.642354">
        <time>2020-09-26T12:26:57Z</time>
      </trkpt>
      <trkpt lat="39.898316" lon="116.642178">
        <time>2020-09-26T12:27:02Z</time>
      </trkpt>
      <trkpt lat="39.898327" lon="116.641986">
        <time>2020-09-26T12:27:07Z</time>
      </trkpt>
      <trkpt lat="39.898344" lon="116.64182">
        <time>2020-09-26T12:27:12Z</time>
      </trkpt>
      <trkpt lat="39.898368" lon="116.641646">
        <time>2020-09-26T12:27:17Z</time>
      </trkpt>
      <trkpt lat="39.898409" lon="116.641468">
        <time>2020-09-26T12:27:22Z</time>
      </trkpt>
      <trkpt lat="39.898392" lon="116.641346">
        <time>2020-09-26T12:27:27Z</time>
      </trkpt>
      <trkpt lat="39.898323" lon="116.641307">
        <time>2020-09-26T12:27:32Z</time>
      </trkpt>
      <trkpt lat="39.898198" lon="116.64129">
        <time>2020-09-26T12:27:37Z</time>
      </trkpt>
      <trkpt lat="39.898079" lon="116.641217">
        <time>2020-09-26T12:27:42Z</time>
      </trkpt>
      <trkpt lat="39.897981" lon="116.641159">
        <time>2020-09-26T12:27:47Z</time>
      </trkpt>
      <trkpt lat="39.897877" lon="116.641121">
        <time>2020-09-26T12:27:52Z</time>
      </trkpt>
      <trkpt lat="39.89782" lon="116.641072">
        <time>2020-09-26T12:27:57Z</time>
      </trkpt>
      <trkpt lat="39.897772" lon="116.641038">
        <time>2020-09-26T12:28:02Z</time>
      </trkpt>
      <trkpt lat="39.897717" lon="116.640982">
        <time>2020-09-26T12:28:07Z</time>
      </trkpt>
      <trkpt lat="39.897629" lon="116.640972">
        <time>2020-09-26T12:28:12Z</time>
      </trkpt>
      <trkpt lat="39.897542" lon="116.640951">
        <time>2020-09-26T12:28:17Z</time>
      </trkpt>
      <trkpt lat="39.897491" lon="116.640904">
        <time>2020-09-26T12:28:22Z</time>
      </trkpt>
      <trkpt lat="39.897444" lon="116.640846">
        <time>2020-09-26T12:28:27Z</time>
      </trkpt>
      <trkpt lat="39.897369" lon="116.640802">
        <time>2020-09-26T12:28:32Z</time>
      </trkpt>
      <trkpt lat="39.897272" lon="116.640728">
        <time>2020-09-26T12:28:37Z</time>
      </trkpt>
      <trkpt lat="39.897182" lon="116.640673">
        <time>2020-09-26T12:28:42Z</time>
      </trkpt>
      <trkpt lat="39.89711" lon="116.640639">
        <time>2020-09-26T12:28:47Z</time>
      </trkpt>
      <trkpt lat="39.897037" lon="116.640602">
        <time>2020-09-26T12:28:52Z</time>
      </trkpt>
      <trkpt lat="39.896958" lon="116.640556">
        <time>2020-09-26T12:28:57Z</time>
      </trkpt>
      <trkpt lat="39.896897" lon="116.640532">
        <time>2020-09-26T12:29:02Z</time>
      </trkpt>
      <trkpt lat="39.896827" lon="116.640528">
        <time>2020-09-26T12:29:07Z</time>
      </trkpt>
      <trkpt lat="39.896755" lon="116.640498">
        <time>2020-09-26T12:29:12Z</time>
      </trkpt>
      <trkpt lat="39.896679" lon="116.640426">
        <time>2020-09-26T12:29:17Z</time>
      </trkpt>
      <trkpt lat="39.896619" lon="116.640398">
        <time>2020-09-26T12:29:22Z</time>
      </trkpt>
      <trkpt lat="39.896562" lon="116.640385">
        <time>2020-09-26T12:29:27Z</time>
      </trkpt>
      <trkpt lat="39.896452" lon="116.640219">
        <time>2020-09-26T12:29:32Z</time>
      </trkpt>
      <trkpt lat="39.896452" lon="116.640219">
        <time>2020-09-26T12:29:37Z</time>
      </trkpt>
      <trkpt lat="39.896452" lon="116.640219">
        <time>2020-09-26T12:29:42Z</time>
      </trkpt>
      <trkpt lat="39.896332" lon="116.640206">
        <time>2020-09-26T12:29:47Z</time>
      </trkpt>
      <trkpt lat="39.89629" lon="116.640103">
        <time>2020-09-26T12:29:52Z</time>
      </trkpt>
      <trkpt lat="39.896259" lon="116.639939">
        <time>2020-09-26T12:29:57Z</time>
      </trkpt>
      <trkpt lat="39.89628" lon="116.639772">
        <time>2020-09-26T12:30:02Z</time>
      </trkpt>
      <trkpt lat="39.89626" lon="116.639574">
        <time>2020-09-26T12:30:07Z</time>
      </trkpt>
      <trkpt lat="39.896253" lon="116.6394">
        <time>2020-09-26T12:30:12Z</time>
      </trkpt>
      <trkpt lat="39.896261" lon="116.639258">
        <time>2020-09-26T12:30:17Z</time>
      </trkpt>
      <trkpt lat="39.896267" lon="116.639107">
        <time>2020-09-26T12:30:22Z</time>
      </trkpt>
      <trkpt lat="39.896278" lon="116.638957">
        <time>2020-09-26T12:30:27Z</time>
      </trkpt>
      <trkpt lat="39.896274" lon="116.638809">
        <time>2020-09-26T12:30:32Z</time>
      </trkpt>
      <trkpt lat="39.896288" lon="116.63867">
        <time>2020-09-26T12:30:37Z</time>
      </trkpt>
      <trkpt lat="39.896303" lon="116.638529">
        <time>2020-09-26T12:30:42Z</time>
      </trkpt>
      <trkpt lat="39.8963" lon="116.638398">
        <time>2020-09-26T12:30:47Z</time>
      </trkpt>
      <trkpt lat="39.896293" lon="116.638237">
        <time>2020-09-26T12:30:52Z</time>
      </trkpt>
      <trkpt lat="39.89627" lon="116.638048">
        <time>2020-09-26T12:30:57Z</time>
      </trkpt>
      <trkpt lat="39.896236" lon="116.637884">
        <time>2020-09-26T12:31:02Z</time>
      </trkpt>
      <trkpt lat="39.896213" lon="116.637702">
        <time>2020-09-26T12:31:07Z</time>
      </trkpt>
      <trkpt lat="39.896208" lon="116.637544">
        <time>2020-09-26T12:31:12Z</time>
      </trkpt>
      <trkpt lat="39.896207" lon="116.637421">
        <time>2020-09-26T12:31:17Z</time>
      </trkpt>
      <trkpt lat="39.896198" lon="116.637262">
        <time>2020-09-26T12:31:22Z</time>
      </trkpt>
      <trkpt lat="39.896185" lon="116.637103">
        <time>2020-09-26T12:31:27Z</time>
      </trkpt>
      <trkpt lat="39.896169" lon="116.636956">
        <time>2020-09-26T12:31:32Z</time>
      </trkpt>
      <trkpt lat="39.896161" lon="116.636825">
        <time>2020-09-26T12:31:37Z</time>
      </trkpt>
      <trkpt lat="39.896135" lon="116.636722">
        <time>2020-09-26T12:31:42Z</time>
      </trkpt>
      <trkpt lat="39.896041" lon="116.636631">
        <time>2020-09-26T12:31:47Z</time>
      </trkpt>
      <trkpt lat="39.895953" lon="116.636526">
        <time>2020-09-26T12:31:52Z</time>
      </trkpt>
      <trkpt lat="39.895954" lon="116.636421">
        <time>2020-09-26T12:31:57Z</time>
      </trkpt>
      <trkpt lat="39.896004" lon="116.636361">
        <time>2020-09-26T12:32:02Z</time>
      </trkpt>
      <trkpt lat="39.896072" lon="116.636315">
        <time>2020-09-26T12:32:07Z</time>
      </trkpt>
      <trkpt lat="39.896138" lon="116.636282">
        <time>2020-09-26T12:32:12Z</time>
      </trkpt>
      <trkpt lat="39.896199" lon="116.636241">
        <time>2020-09-26T12:32:17Z</time>
      </trkpt>
      <trkpt lat="39.896247" lon="116.636179">
        <time>2020-09-26T12:32:22Z</time>
      </trkpt>
      <trkpt lat="39.896305" lon="116.63615">
        <time>2020-09-26T12:32:27Z</time>
      </trkpt>
      <trkpt lat="39.896472" lon="116.636066">
        <time>2020-09-26T12:32:32Z</time>
      </trkpt>
      <trkpt lat="39.896472" lon="116.636066">
        <time>2020-09-26T12:32:37Z</time>
      </trkpt>
      <trkpt lat="39.896491" lon="116.636062">
        <time>2020-09-26T12:32:42Z</time>
      </trkpt>
      <trkpt lat="39.896555" lon="116.63603">
        <time>2020-09-26T12:32:47Z</time>
      </trkpt>
      <trkpt lat="39.896634" lon="116.63598">
        <time>2020-09-26T12:32:52Z</time>
      </trkpt>
      <trkpt lat="39.896698" lon="116.635903">
        <time>2020-09-26T12:32:57Z</time>
      </trkpt>
      <trkpt lat="39.89675" lon="116.635845">
        <time>2020-09-26T12:33:02Z</time>
      </trkpt>
      <trkpt lat="39.896808" lon="116.635778">
        <time>2020-09-26T12:33:07Z</time>
      </trkpt>
      <trkpt lat="39.896856" lon="116.635705">
        <time>2020-09-26T12:33:12Z</time>
      </trkpt>
      <trkpt lat="39.896911" lon="116.635687">
        <time>2020-09-26T12:33:17Z</time>
      </trkpt>
      <trkpt lat="39.896989" lon="116.635676">
        <time>2020-09-26T12:33:22Z</time>
      </trkpt>
      <trkpt lat="39.897058" lon="116.635646">
        <time>2020-09-26T12:33:27Z</time>
      </trkpt>
      <trkpt lat="39.897141" lon="116.635602">
        <time>2020-09-26T12:33:32Z</time>
      </trkpt>
      <trkpt lat="39.8972" lon="116.635553">
        <time>2020-09-26T12:33:37Z</time>
      </trkpt>
      <trkpt lat="39.897251" lon="116.635486">
        <time>2020-09-26T12:33:42Z</time>
      </trkpt>
      <trkpt lat="39.89732" lon="116.635448">
        <time>2020-09-26T12:33:47Z</time>
      </trkpt>
      <trkpt lat="39.897403" lon="116.635402">
        <time>2020-09-26T12:33:52Z</time>
      </trkpt>
      <trkpt lat="39.897483" lon="116.635365">
        <time>2020-09-26T12:33:57Z</time>
      </trkpt>
      <trkpt lat="39.897565" lon="116.635323">
        <time>2020-09-26T12:34:02Z</time>
      </trkpt>
      <trkpt lat="39.897637" lon="116.635297">
        <time>2020-09-26T12:34:07Z</time>
      </trkpt>
      <trkpt lat="39.897705" lon="116.635264">
        <time>2020-09-26T12:34:12Z</time>
      </trkpt>
      <trkpt lat="39.897777" lon="116.635222">
        <time>2020-09-26T12:34:17Z</time>
      </trkpt>
      <trkpt lat="39.897843" lon="116.635183">
        <time>2020-09-26T12:34:22Z</time>
      </trkpt>
      <trkpt lat="39.897899" lon="116.635148">
        <time>2020-09-26T12:34:27Z</time>
      </trkpt>
      <trkpt lat="39.897953" lon="116.63511">
        <time>2020-09-26T12:34:32Z</time>
      </trkpt>
      <trkpt lat="39.898017" lon="116.635045">
        <time>2020-09-26T12:34:37Z</time>
      </trkpt>
      <trkpt lat="39.898083" lon="116.635024">
        <time>2020-09-26T12:34:42Z</time>
      </trkpt>
      <trkpt lat="39.898151" lon="116.635">
        <time>2020-09-26T12:34:47Z</time>
      </trkpt>
      <trkpt lat="39.898172" lon="116.63494">
        <time>2020-09-26T12:34:52Z</time>
      </trkpt>
      <trkpt lat="39.898123" lon="116.634829">
        <time>2020-09-26T12:34:57Z</time>
      </trkpt>
      <trkpt lat="39.898067" lon="116.634684">
        <time>2020-09-26T12:35:02Z</time>
      </trkpt>
      <trkpt lat="39.898062" lon="116.634573">
        <time>2020-09-26T12:35:07Z</time>
      </trkpt>
      <trkpt lat="39.898029" lon="116.634475">
        <time>2020-09-26T12:35:12Z</time>
      </trkpt>
      <trkpt lat="39.897984" lon="116.634401">
        <time>2020-09-26T12:35:17Z</time>
      </trkpt>
      <trkpt lat="39.897936" lon="116.63429">
        <time>2020-09-26T12:35:22Z</time>
      </trkpt>
      <trkpt lat="39.897907" lon="116.634196">
        <time>2020-09-26T12:35:27Z</time>
      </trkpt>
      <trkpt lat="39.897896" lon="116.634082">
        <time>2020-09-26T12:35:32Z</time>
      </trkpt>
      <trkpt lat="39.897879" lon="116.633965">
        <time>2020-09-26T12:35:37Z</time>
      </trkpt>
      <trkpt lat="39.897767" lon="116.63385">
        <time>2020-09-26T12:35:42Z</time>
      </trkpt>
      <trkpt lat="39.89765" lon="116.633802">
        <time>2020-09-26T12:35:47Z</time>
      </trkpt>
      <trkpt lat="39.897566" lon="116.633863">
        <time>2020-09-26T12:35:52Z</time>
      </trkpt>
      <trkpt lat="39.897532" lon="116.633985">
        <time>2020-09-26T12:35:57Z</time>
      </trkpt>
      <trkpt lat="39.897541" lon="116.634078">
        <time>2020-09-26T12:36:02Z</time>
      </trkpt>
      <trkpt lat="39.897523" lon="116.634176">
        <time>2020-09-26T12:36:07Z</time>
      </trkpt>
      <trkpt lat="39.897496" lon="116.634245">
        <time>2020-09-26T12:37:00Z</time>
      </trkpt>
    </trkseg>
  </trk>
</gpx>