<?xml version="1.0" encoding="UTF-8"?>
<gpx xmlns="http://www.topografix.com/GPX/1/1" xmlns:gpxtpx="http://www.garmin.com/xmlschemas/TrackPointExtension/v1" xmlns:xsi="http://www.w3.org/2001/XMLSchema-instance" xsi:schemaLocation="http://www.topografix.com/GPX/1/1 http://www.topografix.com/GPX/1/1/gpx.xsd" version="1.1" creator="gpx.py -- https://github.com/tkrajina/gpxpy">
  <trk>
    <name>gpx from keep</name>
    <trkseg>
      <trkpt lat="39.897958" lon="116.634522">
        <time>2020-11-27T00:00:58Z</time>
      </trkpt>
      <trkpt lat="39.897958" lon="116.634522">
        <time>2020-11-27T00:01:03Z</time>
      </trkpt>
      <trkpt lat="39.897931" lon="116.634522">
        <time>2020-11-27T00:01:08Z</time>
      </trkpt>
      <trkpt lat="39.897926" lon="116.634495">
        <time>2020-11-27T00:01:13Z</time>
      </trkpt>
      <trkpt lat="39.897921" lon="116.634468">
        <time>2020-11-27T00:01:18Z</time>
      </trkpt>
      <trkpt lat="39.89792" lon="116.634473">
        <time>2020-11-27T00:01:23Z</time>
      </trkpt>
      <trkpt lat="39.897895" lon="116.634537">
        <time>2020-11-27T00:01:28Z</time>
      </trkpt>
      <trkpt lat="39.897935" lon="116.634503">
        <time>2020-11-27T00:01:33Z</time>
      </trkpt>
      <trkpt lat="39.897857" lon="116.634598">
        <time>2020-11-27T00:01:38Z</time>
      </trkpt>
      <trkpt lat="39.897851" lon="116.634505">
        <time>2020-11-27T00:01:43Z</time>
      </trkpt>
      <trkpt lat="39.897845" lon="116.634412">
        <time>2020-11-27T00:01:48Z</time>
      </trkpt>
      <trkpt lat="39.897888" lon="116.63442">
        <time>2020-11-27T00:01:53Z</time>
      </trkpt>
      <trkpt lat="39.897929" lon="116.63454">
        <time>2020-11-27T00:01:58Z</time>
      </trkpt>
      <trkpt lat="39.897916" lon="116.634501">
        <time>2020-11-27T00:02:03Z</time>
      </trkpt>
      <trkpt lat="39.897972" lon="116.6345">
        <time>2020-11-27T00:02:08Z</time>
      </trkpt>
      <trkpt lat="39.898028" lon="116.634499">
        <time>2020-11-27T00:02:13Z</time>
      </trkpt>
      <trkpt lat="39.897908" lon="116.634355">
        <time>2020-11-27T00:02:18Z</time>
      </trkpt>
      <trkpt lat="39.897967" lon="116.634525">
        <time>2020-11-27T00:02:23Z</time>
      </trkpt>
      <trkpt lat="39.897888" lon="116.63447">
        <time>2020-11-27T00:02:28Z</time>
      </trkpt>
      <trkpt lat="39.897934" lon="116.63454">
        <time>2020-11-27T00:02:33Z</time>
      </trkpt>
      <trkpt lat="39.897877" lon="116.634527">
        <time>2020-11-27T00:02:38Z</time>
      </trkpt>
      <trkpt lat="39.89782" lon="116.634514">
        <time>2020-11-27T00:02:43Z</time>
      </trkpt>
      <trkpt lat="39.897919" lon="116.634628">
        <time>2020-11-27T00:02:48Z</time>
      </trkpt>
      <trkpt lat="39.897899" lon="116.634602">
        <time>2020-11-27T00:02:53Z</time>
      </trkpt>
      <trkpt lat="39.897879" lon="116.634576">
        <time>2020-11-27T00:02:58Z</time>
      </trkpt>
      <trkpt lat="39.897873" lon="116.634564">
        <time>2020-11-27T00:03:03Z</time>
      </trkpt>
      <trkpt lat="39.897906" lon="116.634615">
        <time>2020-11-27T00:03:08Z</time>
      </trkpt>
      <trkpt lat="39.897939" lon="116.634666">
        <time>2020-11-27T00:03:13Z</time>
      </trkpt>
      <trkpt lat="39.897867" lon="116.634763">
        <time>2020-11-27T00:03:18Z</time>
      </trkpt>
      <trkpt lat="39.897615" lon="116.634304">
        <time>2020-11-27T00:03:23Z</time>
      </trkpt>
      <trkpt lat="39.897686" lon="116.634343">
        <time>2020-11-27T00:03:28Z</time>
      </trkpt>
      <trkpt lat="39.897757" lon="116.634382">
        <time>2020-11-27T00:03:33Z</time>
      </trkpt>
      <trkpt lat="39.897868" lon="116.634572">
        <time>2020-11-27T00:03:38Z</time>
      </trkpt>
      <trkpt lat="39.89771" lon="116.634395">
        <time>2020-11-27T00:03:43Z</time>
      </trkpt>
      <trkpt lat="39.897615" lon="116.634324">
        <time>2020-11-27T00:03:48Z</time>
      </trkpt>
      <trkpt lat="39.897717" lon="116.634382">
        <time>2020-11-27T00:03:53Z</time>
      </trkpt>
      <trkpt lat="39.897919" lon="116.634517">
        <time>2020-11-27T00:03:58Z</time>
      </trkpt>
      <trkpt lat="39.89784" lon="116.63441">
        <time>2020-11-27T00:04:03Z</time>
      </trkpt>
      <trkpt lat="39.897951" lon="116.634567">
        <time>2020-11-27T00:04:08Z</time>
      </trkpt>
      <trkpt lat="39.897704" lon="116.634363">
        <time>2020-11-27T00:04:13Z</time>
      </trkpt>
      <trkpt lat="39.897457" lon="116.634159">
        <time>2020-11-27T00:04:18Z</time>
      </trkpt>
      <trkpt lat="39.897544" lon="116.634159">
        <time>2020-11-27T00:04:23Z</time>
      </trkpt>
      <trkpt lat="39.897425" lon="116.634133">
        <time>2020-11-27T00:04:28Z</time>
      </trkpt>
      <trkpt lat="39.897317" lon="116.634005">
        <time>2020-11-27T00:04:33Z</time>
      </trkpt>
      <trkpt lat="39.897266" lon="116.633873">
        <time>2020-11-27T00:04:38Z</time>
      </trkpt>
      <trkpt lat="39.897295" lon="116.633781">
        <time>2020-11-27T00:04:43Z</time>
      </trkpt>
      <trkpt lat="39.897344" lon="116.633703">
        <time>2020-11-27T00:04:48Z</time>
      </trkpt>
      <trkpt lat="39.897397" lon="116.63368">
        <time>2020-11-27T00:04:53Z</time>
      </trkpt>
      <trkpt lat="39.897516" lon="116.633747">
        <time>2020-11-27T00:04:58Z</time>
      </trkpt>
      <trkpt lat="39.897658" lon="116.633819">
        <time>2020-11-27T00:05:03Z</time>
      </trkpt>
      <trkpt lat="39.897744" lon="116.633971">
        <time>2020-11-27T00:05:08Z</time>
      </trkpt>
      <trkpt lat="39.897826" lon="116.634119">
        <time>2020-11-27T00:05:13Z</time>
      </trkpt>
      <trkpt lat="39.897923" lon="116.634195">
        <time>2020-11-27T00:05:18Z</time>
      </trkpt>
      <trkpt lat="39.897914" lon="116.634249">
        <time>2020-11-27T00:05:23Z</time>
      </trkpt>
      <trkpt lat="39.897916" lon="116.634316">
        <time>2020-11-27T00:05:28Z</time>
      </trkpt>
      <trkpt lat="39.897993" lon="116.634424">
        <time>2020-11-27T00:05:33Z</time>
      </trkpt>
      <trkpt lat="39.898047" lon="116.634699">
        <time>2020-11-27T00:05:38Z</time>
      </trkpt>
      <trkpt lat="39.89806" lon="116.634725">
        <time>2020-11-27T00:05:43Z</time>
      </trkpt>
      <trkpt lat="39.898106" lon="116.634898">
        <time>2020-11-27T00:05:48Z</time>
      </trkpt>
      <trkpt lat="39.898126" lon="116.63505">
        <time>2020-11-27T00:05:53Z</time>
      </trkpt>
      <trkpt lat="39.89806" lon="116.635124">
        <time>2020-11-27T00:05:58Z</time>
      </trkpt>
      <trkpt lat="39.897934" lon="116.635183">
        <time>2020-11-27T00:06:03Z</time>
      </trkpt>
      <trkpt lat="39.897803" lon="116.635244">
        <time>2020-11-27T00:06:08Z</time>
      </trkpt>
      <trkpt lat="39.897698" lon="116.635299">
        <time>2020-11-27T00:06:13Z</time>
      </trkpt>
      <trkpt lat="39.897619" lon="116.63538">
        <time>2020-11-27T00:06:18Z</time>
      </trkpt>
      <trkpt lat="39.897505" lon="116.635452">
        <time>2020-11-27T00:06:23Z</time>
      </trkpt>
      <trkpt lat="39.897363" lon="116.635536">
        <time>2020-11-27T00:06:28Z</time>
      </trkpt>
      <trkpt lat="39.897286" lon="116.635574">
        <time>2020-11-27T00:06:33Z</time>
      </trkpt>
      <trkpt lat="39.897158" lon="116.635641">
        <time>2020-11-27T00:06:38Z</time>
      </trkpt>
      <trkpt lat="39.897012" lon="116.635751">
        <time>2020-11-27T00:06:43Z</time>
      </trkpt>
      <trkpt lat="39.896898" lon="116.635795">
        <time>2020-11-27T00:06:48Z</time>
      </trkpt>
      <trkpt lat="39.896705" lon="116.635897">
        <time>2020-11-27T00:06:53Z</time>
      </trkpt>
      <trkpt lat="39.896682" lon="116.635909">
        <time>2020-11-27T00:06:58Z</time>
      </trkpt>
      <trkpt lat="39.896518" lon="116.636041">
        <time>2020-11-27T00:07:03Z</time>
      </trkpt>
      <trkpt lat="39.896458" lon="116.636091">
        <time>2020-11-27T00:07:08Z</time>
      </trkpt>
      <trkpt lat="39.896371" lon="116.636167">
        <time>2020-11-27T00:07:13Z</time>
      </trkpt>
      <trkpt lat="39.896338" lon="116.636228">
        <time>2020-11-27T00:07:18Z</time>
      </trkpt>
      <trkpt lat="39.896243" lon="116.636289">
        <time>2020-11-27T00:07:23Z</time>
      </trkpt>
      <trkpt lat="39.89616" lon="116.636369">
        <time>2020-11-27T00:07:28Z</time>
      </trkpt>
      <trkpt lat="39.896134" lon="116.636404">
        <time>2020-11-27T00:07:33Z</time>
      </trkpt>
      <trkpt lat="39.896115" lon="116.636418">
        <time>2020-11-27T00:07:38Z</time>
      </trkpt>
      <trkpt lat="39.896085" lon="116.636438">
        <time>2020-11-27T00:07:43Z</time>
      </trkpt>
      <trkpt lat="39.896063" lon="116.636448">
        <time>2020-11-27T00:07:48Z</time>
      </trkpt>
      <trkpt lat="39.89605" lon="116.636486">
        <time>2020-11-27T00:07:53Z</time>
      </trkpt>
      <trkpt lat="39.896043" lon="116.636512">
        <time>2020-11-27T00:07:58Z</time>
      </trkpt>
      <trkpt lat="39.89604" lon="116.636543">
        <time>2020-11-27T00:08:03Z</time>
      </trkpt>
      <trkpt lat="39.89605" lon="116.636534">
        <time>2020-11-27T00:08:08Z</time>
      </trkpt>
      <trkpt lat="39.896051" lon="116.636535">
        <time>2020-11-27T00:08:13Z</time>
      </trkpt>
      <trkpt lat="39.896063" lon="116.63654">
        <time>2020-11-27T00:08:18Z</time>
      </trkpt>
      <trkpt lat="39.896075" lon="116.636545">
        <time>2020-11-27T00:08:23Z</time>
      </trkpt>
      <trkpt lat="39.896075" lon="116.636542">
        <time>2020-11-27T00:08:28Z</time>
      </trkpt>
      <trkpt lat="39.896075" lon="116.636539">
        <time>2020-11-27T00:08:33Z</time>
      </trkpt>
      <trkpt lat="39.896065" lon="116.636548">
        <time>2020-11-27T00:08:38Z</time>
      </trkpt>
      <trkpt lat="39.896063" lon="116.636558">
        <time>2020-11-27T00:08:43Z</time>
      </trkpt>
      <trkpt lat="39.896067" lon="116.636554">
        <time>2020-11-27T00:08:48Z</time>
      </trkpt>
      <trkpt lat="39.896071" lon="116.63655">
        <time>2020-11-27T00:08:53Z</time>
      </trkpt>
      <trkpt lat="39.896075" lon="116.636546">
        <time>2020-11-27T00:08:58Z</time>
      </trkpt>
      <trkpt lat="39.896074" lon="116.63655">
        <time>2020-11-27T00:09:03Z</time>
      </trkpt>
      <trkpt lat="39.896075" lon="116.63656">
        <time>2020-11-27T00:09:08Z</time>
      </trkpt>
      <trkpt lat="39.896072" lon="116.636564">
        <time>2020-11-27T00:09:13Z</time>
      </trkpt>
      <trkpt lat="39.89607" lon="116.636563">
        <time>2020-11-27T00:09:18Z</time>
      </trkpt>
      <trkpt lat="39.896069" lon="116.636561">
        <time>2020-11-27T00:09:23Z</time>
      </trkpt>
      <trkpt lat="39.89607" lon="116.636559">
        <time>2020-11-27T00:09:28Z</time>
      </trkpt>
      <trkpt lat="39.896061" lon="116.63656">
        <time>2020-11-27T00:09:33Z</time>
      </trkpt>
      <trkpt lat="39.896059" lon="116.63656">
        <time>2020-11-27T00:09:38Z</time>
      </trkpt>
      <trkpt lat="39.896062" lon="116.636569">
        <time>2020-11-27T00:09:43Z</time>
      </trkpt>
      <trkpt lat="39.896065" lon="116.636578">
        <time>2020-11-27T00:09:48Z</time>
      </trkpt>
      <trkpt lat="39.896069" lon="116.636585">
        <time>2020-11-27T00:09:53Z</time>
      </trkpt>
      <trkpt lat="39.896073" lon="116.636592">
        <time>2020-11-27T00:09:58Z</time>
      </trkpt>
      <trkpt lat="39.896077" lon="116.636599">
        <time>2020-11-27T00:10:03Z</time>
      </trkpt>
      <trkpt lat="39.896075" lon="116.63659">
        <time>2020-11-27T00:10:08Z</time>
      </trkpt>
      <trkpt lat="39.896073" lon="116.636581">
        <time>2020-11-27T00:10:13Z</time>
      </trkpt>
      <trkpt lat="39.896064" lon="116.636589">
        <time>2020-11-27T00:10:18Z</time>
      </trkpt>
      <trkpt lat="39.896049" lon="116.6366">
        <time>2020-11-27T00:10:23Z</time>
      </trkpt>
      <trkpt lat="39.896023" lon="116.636613">
        <time>2020-11-27T00:10:28Z</time>
      </trkpt>
      <trkpt lat="39.895991" lon="116.636626">
        <time>2020-11-27T00:10:33Z</time>
      </trkpt>
      <trkpt lat="39.895961" lon="116.636638">
        <time>2020-11-27T00:10:38Z</time>
      </trkpt>
      <trkpt lat="39.895949" lon="116.636671">
        <time>2020-11-27T00:10:43Z</time>
      </trkpt>
      <trkpt lat="39.895972" lon="116.636645">
        <time>2020-11-27T00:10:48Z</time>
      </trkpt>
      <trkpt lat="39.896001" lon="116.636669">
        <time>2020-11-27T00:10:53Z</time>
      </trkpt>
      <trkpt lat="39.896039" lon="116.636682">
        <time>2020-11-27T00:10:58Z</time>
      </trkpt>
      <trkpt lat="39.896056" lon="116.6367">
        <time>2020-11-27T00:11:03Z</time>
      </trkpt>
      <trkpt lat="39.896079" lon="116.63673">
        <time>2020-11-27T00:11:08Z</time>
      </trkpt>
      <trkpt lat="39.896094" lon="116.636764">
        <time>2020-11-27T00:11:13Z</time>
      </trkpt>
      <trkpt lat="39.896065" lon="116.636766">
        <time>2020-11-27T00:11:18Z</time>
      </trkpt>
      <trkpt lat="39.896032" lon="116.636737">
        <time>2020-11-27T00:11:23Z</time>
      </trkpt>
      <trkpt lat="39.895964" lon="116.636657">
        <time>2020-11-27T00:11:28Z</time>
      </trkpt>
      <trkpt lat="39.895918" lon="116.636587">
        <time>2020-11-27T00:11:33Z</time>
      </trkpt>
      <trkpt lat="39.89596" lon="116.636628">
        <time>2020-11-27T00:11:38Z</time>
      </trkpt>
      <trkpt lat="39.89603" lon="116.636726">
        <time>2020-11-27T00:11:43Z</time>
      </trkpt>
      <trkpt lat="39.89609" lon="116.636857">
        <time>2020-11-27T00:11:48Z</time>
      </trkpt>
      <trkpt lat="39.896124" lon="116.636989">
        <time>2020-11-27T00:11:53Z</time>
      </trkpt>
      <trkpt lat="39.896134" lon="116.637164">
        <time>2020-11-27T00:11:58Z</time>
      </trkpt>
      <trkpt lat="39.896162" lon="116.637235">
        <time>2020-11-27T00:12:03Z</time>
      </trkpt>
      <trkpt lat="39.896168" lon="116.637429">
        <time>2020-11-27T00:12:08Z</time>
      </trkpt>
      <trkpt lat="39.896151" lon="116.637629">
        <time>2020-11-27T00:12:13Z</time>
      </trkpt>
      <trkpt lat="39.896162" lon="116.637802">
        <time>2020-11-27T00:12:18Z</time>
      </trkpt>
      <trkpt lat="39.89611" lon="116.637945">
        <time>2020-11-27T00:12:23Z</time>
      </trkpt>
      <trkpt lat="39.896089" lon="116.6381">
        <time>2020-11-27T00:12:28Z</time>
      </trkpt>
      <trkpt lat="39.896128" lon="116.638302">
        <time>2020-11-27T00:12:33Z</time>
      </trkpt>
      <trkpt lat="39.896109" lon="116.638468">
        <time>2020-11-27T00:12:38Z</time>
      </trkpt>
      <trkpt lat="39.89612" lon="116.638613">
        <time>2020-11-27T00:12:43Z</time>
      </trkpt>
      <trkpt lat="39.89617" lon="116.638767">
        <time>2020-11-27T00:12:48Z</time>
      </trkpt>
      <trkpt lat="39.896129" lon="116.638918">
        <time>2020-11-27T00:12:53Z</time>
      </trkpt>
      <trkpt lat="39.896197" lon="116.639034">
        <time>2020-11-27T00:12:58Z</time>
      </trkpt>
      <trkpt lat="39.896234" lon="116.639161">
        <time>2020-11-27T00:13:03Z</time>
      </trkpt>
      <trkpt lat="39.896246" lon="116.639294">
        <time>2020-11-27T00:13:08Z</time>
      </trkpt>
      <trkpt lat="39.896235" lon="116.639427">
        <time>2020-11-27T00:13:13Z</time>
      </trkpt>
      <trkpt lat="39.89623" lon="116.639624">
        <time>2020-11-27T00:13:18Z</time>
      </trkpt>
      <trkpt lat="39.896248" lon="116.639764">
        <time>2020-11-27T00:13:23Z</time>
      </trkpt>
      <trkpt lat="39.896253" lon="116.639907">
        <time>2020-11-27T00:13:28Z</time>
      </trkpt>
      <trkpt lat="39.896242" lon="116.640073">
        <time>2020-11-27T00:13:33Z</time>
      </trkpt>
      <trkpt lat="39.896246" lon="116.640267">
        <time>2020-11-27T00:13:38Z</time>
      </trkpt>
      <trkpt lat="39.896257" lon="116.640437">
        <time>2020-11-27T00:13:43Z</time>
      </trkpt>
      <trkpt lat="39.89628" lon="116.640644">
        <time>2020-11-27T00:13:48Z</time>
      </trkpt>
      <trkpt lat="39.896269" lon="116.640833">
        <time>2020-11-27T00:13:53Z</time>
      </trkpt>
      <trkpt lat="39.896254" lon="116.640944">
        <time>2020-11-27T00:13:58Z</time>
      </trkpt>
      <trkpt lat="39.896258" lon="116.641036">
        <time>2020-11-27T00:14:03Z</time>
      </trkpt>
      <trkpt lat="39.896255" lon="116.641214">
        <time>2020-11-27T00:14:08Z</time>
      </trkpt>
      <trkpt lat="39.896257" lon="116.641366">
        <time>2020-11-27T00:14:13Z</time>
      </trkpt>
      <trkpt lat="39.896266" lon="116.641495">
        <time>2020-11-27T00:14:18Z</time>
      </trkpt>
      <trkpt lat="39.896276" lon="116.641673">
        <time>2020-11-27T00:14:23Z</time>
      </trkpt>
      <trkpt lat="39.896261" lon="116.641834">
        <time>2020-11-27T00:14:28Z</time>
      </trkpt>
      <trkpt lat="39.896222" lon="116.642081">
        <time>2020-11-27T00:14:33Z</time>
      </trkpt>
      <trkpt lat="39.896228" lon="116.642147">
        <time>2020-11-27T00:14:38Z</time>
      </trkpt>
      <trkpt lat="39.896237" lon="116.642309">
        <time>2020-11-27T00:14:43Z</time>
      </trkpt>
      <trkpt lat="39.896217" lon="116.642489">
        <time>2020-11-27T00:14:48Z</time>
      </trkpt>
      <trkpt lat="39.896218" lon="116.64266">
        <time>2020-11-27T00:14:53Z</time>
      </trkpt>
      <trkpt lat="39.896211" lon="116.642791">
        <time>2020-11-27T00:14:58Z</time>
      </trkpt>
      <trkpt lat="39.896197" lon="116.642925">
        <time>2020-11-27T00:15:03Z</time>
      </trkpt>
      <trkpt lat="39.896167" lon="116.643044">
        <time>2020-11-27T00:15:08Z</time>
      </trkpt>
      <trkpt lat="39.896161" lon="116.643163">
        <time>2020-11-27T00:15:13Z</time>
      </trkpt>
      <trkpt lat="39.896148" lon="116.643389">
        <time>2020-11-27T00:15:18Z</time>
      </trkpt>
      <trkpt lat="39.896161" lon="116.643559">
        <time>2020-11-27T00:15:23Z</time>
      </trkpt>
      <trkpt lat="39.896189" lon="116.643711">
        <time>2020-11-27T00:15:28Z</time>
      </trkpt>
      <trkpt lat="39.896197" lon="116.64387">
        <time>2020-11-27T00:15:33Z</time>
      </trkpt>
      <trkpt lat="39.896209" lon="116.644011">
        <time>2020-11-27T00:15:38Z</time>
      </trkpt>
      <trkpt lat="39.896213" lon="116.644145">
        <time>2020-11-27T00:15:43Z</time>
      </trkpt>
      <trkpt lat="39.896209" lon="116.644301">
        <time>2020-11-27T00:15:48Z</time>
      </trkpt>
      <trkpt lat="39.896208" lon="116.644467">
        <time>2020-11-27T00:15:53Z</time>
      </trkpt>
      <trkpt lat="39.896204" lon="116.6446">
        <time>2020-11-27T00:15:58Z</time>
      </trkpt>
      <trkpt lat="39.896206" lon="116.644708">
        <time>2020-11-27T00:16:03Z</time>
      </trkpt>
      <trkpt lat="39.896199" lon="116.644839">
        <time>2020-11-27T00:16:08Z</time>
      </trkpt>
      <trkpt lat="39.896168" lon="116.645002">
        <time>2020-11-27T00:16:13Z</time>
      </trkpt>
      <trkpt lat="39.896162" lon="116.645178">
        <time>2020-11-27T00:16:18Z</time>
      </trkpt>
      <trkpt lat="39.896168" lon="116.645312">
        <time>2020-11-27T00:16:23Z</time>
      </trkpt>
      <trkpt lat="39.896185" lon="116.645474">
        <time>2020-11-27T00:16:28Z</time>
      </trkpt>
      <trkpt lat="39.896152" lon="116.645627">
        <time>2020-11-27T00:16:33Z</time>
      </trkpt>
      <trkpt lat="39.896113" lon="116.6458">
        <time>2020-11-27T00:16:38Z</time>
      </trkpt>
      <trkpt lat="39.896095" lon="116.645973">
        <time>2020-11-27T00:16:43Z</time>
      </trkpt>
      <trkpt lat="39.896065" lon="116.646152">
        <time>2020-11-27T00:16:48Z</time>
      </trkpt>
      <trkpt lat="39.896037" lon="116.646311">
        <time>2020-11-27T00:16:53Z</time>
      </trkpt>
      <trkpt lat="39.896032" lon="116.646454">
        <time>2020-11-27T00:16:58Z</time>
      </trkpt>
      <trkpt lat="39.896031" lon="116.646612">
        <time>2020-11-27T00:17:03Z</time>
      </trkpt>
      <trkpt lat="39.896001" lon="116.646775">
        <time>2020-11-27T00:17:08Z</time>
      </trkpt>
      <trkpt lat="39.895872" lon="116.646867">
        <time>2020-11-27T00:17:13Z</time>
      </trkpt>
      <trkpt lat="39.895754" lon="116.646804">
        <time>2020-11-27T00:17:18Z</time>
      </trkpt>
      <trkpt lat="39.895646" lon="116.646717">
        <time>2020-11-27T00:17:23Z</time>
      </trkpt>
      <trkpt lat="39.895535" lon="116.646656">
        <time>2020-11-27T00:17:28Z</time>
      </trkpt>
      <trkpt lat="39.895402" lon="116.646577">
        <time>2020-11-27T00:17:33Z</time>
      </trkpt>
      <trkpt lat="39.895327" lon="116.646558">
        <time>2020-11-27T00:17:38Z</time>
      </trkpt>
      <trkpt lat="39.89521" lon="116.646492">
        <time>2020-11-27T00:17:43Z</time>
      </trkpt>
      <trkpt lat="39.895083" lon="116.646454">
        <time>2020-11-27T00:17:48Z</time>
      </trkpt>
      <trkpt lat="39.89489" lon="116.646382">
        <time>2020-11-27T00:17:53Z</time>
      </trkpt>
      <trkpt lat="39.894833" lon="116.646351">
        <time>2020-11-27T00:17:58Z</time>
      </trkpt>
      <trkpt lat="39.894733" lon="116.646292">
        <time>2020-11-27T00:18:03Z</time>
      </trkpt>
      <trkpt lat="39.894649" lon="116.646238">
        <time>2020-11-27T00:18:08Z</time>
      </trkpt>
      <trkpt lat="39.894452" lon="116.646159">
        <time>2020-11-27T00:18:13Z</time>
      </trkpt>
      <trkpt lat="39.894369" lon="116.646128">
        <time>2020-11-27T00:18:18Z</time>
      </trkpt>
      <trkpt lat="39.89423" lon="116.646065">
        <time>2020-11-27T00:18:23Z</time>
      </trkpt>
      <trkpt lat="39.894096" lon="116.646003">
        <time>2020-11-27T00:18:28Z</time>
      </trkpt>
      <trkpt lat="39.89404" lon="116.645961">
        <time>2020-11-27T00:18:33Z</time>
      </trkpt>
      <trkpt lat="39.89397" lon="116.64588">
        <time>2020-11-27T00:18:38Z</time>
      </trkpt>
      <trkpt lat="39.893909" lon="116.645906">
        <time>2020-11-27T00:18:43Z</time>
      </trkpt>
      <trkpt lat="39.893835" lon="116.646006">
        <time>2020-11-27T00:18:48Z</time>
      </trkpt>
      <trkpt lat="39.893751" lon="116.646149">
        <time>2020-11-27T00:18:53Z</time>
      </trkpt>
      <trkpt lat="39.893602" lon="116.646339">
        <time>2020-11-27T00:18:58Z</time>
      </trkpt>
      <trkpt lat="39.893564" lon="116.646357">
        <time>2020-11-27T00:19:03Z</time>
      </trkpt>
      <trkpt lat="39.893426" lon="116.646326">
        <time>2020-11-27T00:19:08Z</time>
      </trkpt>
      <trkpt lat="39.893334" lon="116.646271">
        <time>2020-11-27T00:19:13Z</time>
      </trkpt>
      <trkpt lat="39.893209" lon="116.646196">
        <time>2020-11-27T00:19:18Z</time>
      </trkpt>
      <trkpt lat="39.893074" lon="116.646151">
        <time>2020-11-27T00:19:23Z</time>
      </trkpt>
      <trkpt lat="39.892927" lon="116.646082">
        <time>2020-11-27T00:19:28Z</time>
      </trkpt>
      <trkpt lat="39.892871" lon="116.646075">
        <time>2020-11-27T00:19:33Z</time>
      </trkpt>
      <trkpt lat="39.892756" lon="116.646003">
        <time>2020-11-27T00:19:38Z</time>
      </trkpt>
      <trkpt lat="39.892623" lon="116.645952">
        <time>2020-11-27T00:19:43Z</time>
      </trkpt>
      <trkpt lat="39.892514" lon="116.645903">
        <time>2020-11-27T00:19:48Z</time>
      </trkpt>
      <trkpt lat="39.892427" lon="116.645859">
        <time>2020-11-27T00:19:53Z</time>
      </trkpt>
      <trkpt lat="39.892325" lon="116.645781">
        <time>2020-11-27T00:19:58Z</time>
      </trkpt>
      <trkpt lat="39.892242" lon="116.645725">
        <time>2020-11-27T00:20:03Z</time>
      </trkpt>
      <trkpt lat="39.892165" lon="116.645672">
        <time>2020-11-27T00:20:08Z</time>
      </trkpt>
      <trkpt lat="39.89208" lon="116.645613">
        <time>2020-11-27T00:20:13Z</time>
      </trkpt>
      <trkpt lat="39.892006" lon="116.645587">
        <time>2020-11-27T00:20:18Z</time>
      </trkpt>
      <trkpt lat="39.891905" lon="116.645539">
        <time>2020-11-27T00:20:23Z</time>
      </trkpt>
      <trkpt lat="39.891787" lon="116.645482">
        <time>2020-11-27T00:20:28Z</time>
      </trkpt>
      <trkpt lat="39.891657" lon="116.645374">
        <time>2020-11-27T00:20:33Z</time>
      </trkpt>
      <trkpt lat="39.891576" lon="116.645363">
        <time>2020-11-27T00:20:38Z</time>
      </trkpt>
      <trkpt lat="39.891606" lon="116.645396">
        <time>2020-11-27T00:20:43Z</time>
      </trkpt>
      <trkpt lat="39.891633" lon="116.645417">
        <time>2020-11-27T00:20:48Z</time>
      </trkpt>
      <trkpt lat="39.891679" lon="116.645468">
        <time>2020-11-27T00:20:53Z</time>
      </trkpt>
      <trkpt lat="39.891771" lon="116.64553">
        <time>2020-11-27T00:20:58Z</time>
      </trkpt>
      <trkpt lat="39.891874" lon="116.645537">
        <time>2020-11-27T00:21:03Z</time>
      </trkpt>
      <trkpt lat="39.89196" lon="116.645574">
        <time>2020-11-27T00:21:08Z</time>
      </trkpt>
      <trkpt lat="39.892061" lon="116.645637">
        <time>2020-11-27T00:21:13Z</time>
      </trkpt>
      <trkpt lat="39.892175" lon="116.645695">
        <time>2020-11-27T00:21:18Z</time>
      </trkpt>
      <trkpt lat="39.892269" lon="116.645731">
        <time>2020-11-27T00:21:23Z</time>
      </trkpt>
      <trkpt lat="39.892376" lon="116.645785">
        <time>2020-11-27T00:21:28Z</time>
      </trkpt>
      <trkpt lat="39.892504" lon="116.645832">
        <time>2020-11-27T00:21:33Z</time>
      </trkpt>
      <trkpt lat="39.89259" lon="116.645898">
        <time>2020-11-27T00:21:38Z</time>
      </trkpt>
      <trkpt lat="39.892702" lon="116.645948">
        <time>2020-11-27T00:21:43Z</time>
      </trkpt>
      <trkpt lat="39.892862" lon="116.64596">
        <time>2020-11-27T00:21:48Z</time>
      </trkpt>
      <trkpt lat="39.892994" lon="116.646007">
        <time>2020-11-27T00:21:53Z</time>
      </trkpt>
      <trkpt lat="39.893121" lon="116.646071">
        <time>2020-11-27T00:21:58Z</time>
      </trkpt>
      <trkpt lat="39.893229" lon="116.646115">
        <time>2020-11-27T00:22:03Z</time>
      </trkpt>
      <trkpt lat="39.893308" lon="116.646168">
        <time>2020-11-27T00:22:08Z</time>
      </trkpt>
      <trkpt lat="39.893428" lon="116.646253">
        <time>2020-11-27T00:22:13Z</time>
      </trkpt>
      <trkpt lat="39.893562" lon="116.646357">
        <time>2020-11-27T00:22:18Z</time>
      </trkpt>
      <trkpt lat="39.893641" lon="116.646381">
        <time>2020-11-27T00:22:23Z</time>
      </trkpt>
      <trkpt lat="39.893757" lon="116.646268">
        <time>2020-11-27T00:22:28Z</time>
      </trkpt>
      <trkpt lat="39.893832" lon="116.646166">
        <time>2020-11-27T00:22:33Z</time>
      </trkpt>
      <trkpt lat="39.893904" lon="116.646071">
        <time>2020-11-27T00:22:38Z</time>
      </trkpt>
      <trkpt lat="39.893967" lon="116.645923">
        <time>2020-11-27T00:22:43Z</time>
      </trkpt>
      <trkpt lat="39.894054" lon="116.645885">
        <time>2020-11-27T00:22:48Z</time>
      </trkpt>
      <trkpt lat="39.894153" lon="116.645945">
        <time>2020-11-27T00:22:53Z</time>
      </trkpt>
      <trkpt lat="39.894281" lon="116.646032">
        <time>2020-11-27T00:22:58Z</time>
      </trkpt>
      <trkpt lat="39.894344" lon="116.646067">
        <time>2020-11-27T00:23:03Z</time>
      </trkpt>
      <trkpt lat="39.894447" lon="116.646121">
        <time>2020-11-27T00:23:08Z</time>
      </trkpt>
      <trkpt lat="39.894535" lon="116.646176">
        <time>2020-11-27T00:23:13Z</time>
      </trkpt>
      <trkpt lat="39.89469" lon="116.646301">
        <time>2020-11-27T00:23:18Z</time>
      </trkpt>
      <trkpt lat="39.894728" lon="116.646333">
        <time>2020-11-27T00:23:23Z</time>
      </trkpt>
      <trkpt lat="39.894831" lon="116.646369">
        <time>2020-11-27T00:23:28Z</time>
      </trkpt>
      <trkpt lat="39.894931" lon="116.646382">
        <time>2020-11-27T00:23:33Z</time>
      </trkpt>
      <trkpt lat="39.89502" lon="116.646434">
        <time>2020-11-27T00:23:38Z</time>
      </trkpt>
      <trkpt lat="39.895112" lon="116.64648">
        <time>2020-11-27T00:23:43Z</time>
      </trkpt>
      <trkpt lat="39.895249" lon="116.646518">
        <time>2020-11-27T00:23:48Z</time>
      </trkpt>
      <trkpt lat="39.895447" lon="116.646555">
        <time>2020-11-27T00:23:53Z</time>
      </trkpt>
      <trkpt lat="39.895495" lon="116.64657">
        <time>2020-11-27T00:23:58Z</time>
      </trkpt>
      <trkpt lat="39.895579" lon="116.64665">
        <time>2020-11-27T00:24:03Z</time>
      </trkpt>
      <trkpt lat="39.895702" lon="116.646726">
        <time>2020-11-27T00:24:08Z</time>
      </trkpt>
      <trkpt lat="39.895851" lon="116.646747">
        <time>2020-11-27T00:24:13Z</time>
      </trkpt>
      <trkpt lat="39.895946" lon="116.646778">
        <time>2020-11-27T00:24:18Z</time>
      </trkpt>
      <trkpt lat="39.896014" lon="116.646817">
        <time>2020-11-27T00:24:23Z</time>
      </trkpt>
      <trkpt lat="39.89605" lon="116.646674">
        <time>2020-11-27T00:24:28Z</time>
      </trkpt>
      <trkpt lat="39.896034" lon="116.646521">
        <time>2020-11-27T00:24:33Z</time>
      </trkpt>
      <trkpt lat="39.896039" lon="116.646367">
        <time>2020-11-27T00:24:38Z</time>
      </trkpt>
      <trkpt lat="39.896064" lon="116.646224">
        <time>2020-11-27T00:24:43Z</time>
      </trkpt>
      <trkpt lat="39.896084" lon="116.64608">
        <time>2020-11-27T00:24:48Z</time>
      </trkpt>
      <trkpt lat="39.8961" lon="116.645931">
        <time>2020-11-27T00:24:53Z</time>
      </trkpt>
      <trkpt lat="39.896109" lon="116.645785">
        <time>2020-11-27T00:24:58Z</time>
      </trkpt>
      <trkpt lat="39.896132" lon="116.645661">
        <time>2020-11-27T00:25:03Z</time>
      </trkpt>
      <trkpt lat="39.896175" lon="116.645534">
        <time>2020-11-27T00:25:08Z</time>
      </trkpt>
      <trkpt lat="39.896188" lon="116.64538">
        <time>2020-11-27T00:25:13Z</time>
      </trkpt>
      <trkpt lat="39.896198" lon="116.645289">
        <time>2020-11-27T00:25:18Z</time>
      </trkpt>
      <trkpt lat="39.89619" lon="116.645175">
        <time>2020-11-27T00:25:23Z</time>
      </trkpt>
      <trkpt lat="39.896189" lon="116.645081">
        <time>2020-11-27T00:25:28Z</time>
      </trkpt>
      <trkpt lat="39.896199" lon="116.644975">
        <time>2020-11-27T00:25:33Z</time>
      </trkpt>
      <trkpt lat="39.896209" lon="116.644868">
        <time>2020-11-27T00:25:38Z</time>
      </trkpt>
      <trkpt lat="39.896226" lon="116.644754">
        <time>2020-11-27T00:25:43Z</time>
      </trkpt>
      <trkpt lat="39.896222" lon="116.644575">
        <time>2020-11-27T00:25:48Z</time>
      </trkpt>
      <trkpt lat="39.89623" lon="116.64441">
        <time>2020-11-27T00:25:53Z</time>
      </trkpt>
      <trkpt lat="39.896225" lon="116.644232">
        <time>2020-11-27T00:25:58Z</time>
      </trkpt>
      <trkpt lat="39.896205" lon="116.644066">
        <time>2020-11-27T00:26:03Z</time>
      </trkpt>
      <trkpt lat="39.896197" lon="116.643896">
        <time>2020-11-27T00:26:08Z</time>
      </trkpt>
      <trkpt lat="39.896209" lon="116.643782">
        <time>2020-11-27T00:26:13Z</time>
      </trkpt>
      <trkpt lat="39.896209" lon="116.643712">
        <time>2020-11-27T00:26:18Z</time>
      </trkpt>
      <trkpt lat="39.896216" lon="116.643603">
        <time>2020-11-27T00:26:23Z</time>
      </trkpt>
      <trkpt lat="39.89622" lon="116.643511">
        <time>2020-11-27T00:26:28Z</time>
      </trkpt>
      <trkpt lat="39.896211" lon="116.643365">
        <time>2020-11-27T00:26:33Z</time>
      </trkpt>
      <trkpt lat="39.896189" lon="116.643255">
        <time>2020-11-27T00:26:38Z</time>
      </trkpt>
      <trkpt lat="39.89617" lon="116.643141">
        <time>2020-11-27T00:26:43Z</time>
      </trkpt>
      <trkpt lat="39.89619" lon="116.643016">
        <time>2020-11-27T00:26:48Z</time>
      </trkpt>
      <trkpt lat="39.896197" lon="116.642862">
        <time>2020-11-27T00:26:53Z</time>
      </trkpt>
      <trkpt lat="39.896194" lon="116.642718">
        <time>2020-11-27T00:26:58Z</time>
      </trkpt>
      <trkpt lat="39.896212" lon="116.642606">
        <time>2020-11-27T00:27:03Z</time>
      </trkpt>
      <trkpt lat="39.896233" lon="116.642433">
        <time>2020-11-27T00:27:08Z</time>
      </trkpt>
      <trkpt lat="39.896209" lon="116.642255">
        <time>2020-11-27T00:27:13Z</time>
      </trkpt>
      <trkpt lat="39.896205" lon="116.642107">
        <time>2020-11-27T00:27:18Z</time>
      </trkpt>
      <trkpt lat="39.896221" lon="116.641996">
        <time>2020-11-27T00:27:23Z</time>
      </trkpt>
      <trkpt lat="39.896245" lon="116.641793">
        <time>2020-11-27T00:27:28Z</time>
      </trkpt>
      <trkpt lat="39.89624" lon="116.641683">
        <time>2020-11-27T00:27:33Z</time>
      </trkpt>
      <trkpt lat="39.896238" lon="116.641538">
        <time>2020-11-27T00:27:38Z</time>
      </trkpt>
      <trkpt lat="39.896248" lon="116.641454">
        <time>2020-11-27T00:27:43Z</time>
      </trkpt>
      <trkpt lat="39.896243" lon="116.641299">
        <time>2020-11-27T00:27:48Z</time>
      </trkpt>
      <trkpt lat="39.896234" lon="116.641142">
        <time>2020-11-27T00:27:53Z</time>
      </trkpt>
      <trkpt lat="39.896243" lon="116.640998">
        <time>2020-11-27T00:27:58Z</time>
      </trkpt>
      <trkpt lat="39.896251" lon="116.640899">
        <time>2020-11-27T00:28:03Z</time>
      </trkpt>
      <trkpt lat="39.896255" lon="116.64078">
        <time>2020-11-27T00:28:08Z</time>
      </trkpt>
      <trkpt lat="39.896243" lon="116.640641">
        <time>2020-11-27T00:28:13Z</time>
      </trkpt>
      <trkpt lat="39.896241" lon="116.640501">
        <time>2020-11-27T00:28:18Z</time>
      </trkpt>
      <trkpt lat="39.89626" lon="116.640379">
        <time>2020-11-27T00:28:23Z</time>
      </trkpt>
      <trkpt lat="39.896266" lon="116.640221">
        <time>2020-11-27T00:28:28Z</time>
      </trkpt>
      <trkpt lat="39.896258" lon="116.640092">
        <time>2020-11-27T00:28:33Z</time>
      </trkpt>
      <trkpt lat="39.896245" lon="116.639931">
        <time>2020-11-27T00:28:38Z</time>
      </trkpt>
      <trkpt lat="39.896238" lon="116.639803">
        <time>2020-11-27T00:28:43Z</time>
      </trkpt>
      <trkpt lat="39.896229" lon="116.639655">
        <time>2020-11-27T00:28:48Z</time>
      </trkpt>
      <trkpt lat="39.896229" lon="116.639518">
        <time>2020-11-27T00:28:53Z</time>
      </trkpt>
      <trkpt lat="39.896239" lon="116.639378">
        <time>2020-11-27T00:28:58Z</time>
      </trkpt>
      <trkpt lat="39.896237" lon="116.639263">
        <time>2020-11-27T00:29:03Z</time>
      </trkpt>
      <trkpt lat="39.896228" lon="116.63911">
        <time>2020-11-27T00:29:08Z</time>
      </trkpt>
      <trkpt lat="39.896217" lon="116.638953">
        <time>2020-11-27T00:29:13Z</time>
      </trkpt>
      <trkpt lat="39.896205" lon="116.638772">
        <time>2020-11-27T00:29:18Z</time>
      </trkpt>
      <trkpt lat="39.896181" lon="116.638584">
        <time>2020-11-27T00:29:23Z</time>
      </trkpt>
      <trkpt lat="39.896197" lon="116.638434">
        <time>2020-11-27T00:29:28Z</time>
      </trkpt>
      <trkpt lat="39.896185" lon="116.638274">
        <time>2020-11-27T00:29:33Z</time>
      </trkpt>
      <trkpt lat="39.896188" lon="116.638175">
        <time>2020-11-27T00:29:38Z</time>
      </trkpt>
      <trkpt lat="39.896193" lon="116.638043">
        <time>2020-11-27T00:29:43Z</time>
      </trkpt>
      <trkpt lat="39.896182" lon="116.637927">
        <time>2020-11-27T00:29:48Z</time>
      </trkpt>
      <trkpt lat="39.89617" lon="116.637818">
        <time>2020-11-27T00:29:53Z</time>
      </trkpt>
      <trkpt lat="39.896163" lon="116.637656">
        <time>2020-11-27T00:29:58Z</time>
      </trkpt>
      <trkpt lat="39.896185" lon="116.637534">
        <time>2020-11-27T00:30:03Z</time>
      </trkpt>
      <trkpt lat="39.896204" lon="116.637398">
        <time>2020-11-27T00:30:08Z</time>
      </trkpt>
      <trkpt lat="39.896158" lon="116.637233">
        <time>2020-11-27T00:30:13Z</time>
      </trkpt>
      <trkpt lat="39.896132" lon="116.637104">
        <time>2020-11-27T00:30:18Z</time>
      </trkpt>
      <trkpt lat="39.896112" lon="116.636949">
        <time>2020-11-27T00:30:23Z</time>
      </trkpt>
      <trkpt lat="39.896085" lon="116.636791">
        <time>2020-11-27T00:30:28Z</time>
      </trkpt>
      <trkpt lat="39.896019" lon="116.636662">
        <time>2020-11-27T00:30:33Z</time>
      </trkpt>
      <trkpt lat="39.896038" lon="116.636708">
        <time>2020-11-27T00:30:38Z</time>
      </trkpt>
      <trkpt lat="39.896088" lon="116.636815">
        <time>2020-11-27T00:30:43Z</time>
      </trkpt>
      <trkpt lat="39.896116" lon="116.636901">
        <time>2020-11-27T00:30:48Z</time>
      </trkpt>
      <trkpt lat="39.896137" lon="116.636995">
        <time>2020-11-27T00:30:53Z</time>
      </trkpt>
      <trkpt lat="39.896137" lon="116.637046">
        <time>2020-11-27T00:30:58Z</time>
      </trkpt>
      <trkpt lat="39.896129" lon="116.63706">
        <time>2020-11-27T00:31:03Z</time>
      </trkpt>
      <trkpt lat="39.896149" lon="116.637054">
        <time>2020-11-27T00:31:08Z</time>
      </trkpt>
      <trkpt lat="39.896153" lon="116.637061">
        <time>2020-11-27T00:31:13Z</time>
      </trkpt>
      <trkpt lat="39.896165" lon="116.637163">
        <time>2020-11-27T00:31:18Z</time>
      </trkpt>
      <trkpt lat="39.896161" lon="116.637239">
        <time>2020-11-27T00:31:23Z</time>
      </trkpt>
      <trkpt lat="39.896165" lon="116.637387">
        <time>2020-11-27T00:31:28Z</time>
      </trkpt>
      <trkpt lat="39.896163" lon="116.637559">
        <time>2020-11-27T00:31:33Z</time>
      </trkpt>
      <trkpt lat="39.896164" lon="116.637722">
        <time>2020-11-27T00:31:38Z</time>
      </trkpt>
      <trkpt lat="39.896143" lon="116.637881">
        <time>2020-11-27T00:31:43Z</time>
      </trkpt>
      <trkpt lat="39.896134" lon="116.638032">
        <time>2020-11-27T00:31:48Z</time>
      </trkpt>
      <trkpt lat="39.896121" lon="116.638193">
        <time>2020-11-27T00:31:53Z</time>
      </trkpt>
      <trkpt lat="39.896132" lon="116.638349">
        <time>2020-11-27T00:31:58Z</time>
      </trkpt>
      <trkpt lat="39.896128" lon="116.638529">
        <time>2020-11-27T00:32:03Z</time>
      </trkpt>
      <trkpt lat="39.896141" lon="116.638667">
        <time>2020-11-27T00:32:08Z</time>
      </trkpt>
      <trkpt lat="39.896148" lon="116.638814">
        <time>2020-11-27T00:32:13Z</time>
      </trkpt>
      <trkpt lat="39.896152" lon="116.638984">
        <time>2020-11-27T00:32:18Z</time>
      </trkpt>
      <trkpt lat="39.896167" lon="116.639165">
        <time>2020-11-27T00:32:23Z</time>
      </trkpt>
      <trkpt lat="39.896195" lon="116.639276">
        <time>2020-11-27T00:32:28Z</time>
      </trkpt>
      <trkpt lat="39.896203" lon="116.639461">
        <time>2020-11-27T00:32:33Z</time>
      </trkpt>
      <trkpt lat="39.896215" lon="116.6396">
        <time>2020-11-27T00:32:38Z</time>
      </trkpt>
      <trkpt lat="39.896223" lon="116.63978">
        <time>2020-11-27T00:32:43Z</time>
      </trkpt>
      <trkpt lat="39.896241" lon="116.639907">
        <time>2020-11-27T00:32:48Z</time>
      </trkpt>
      <trkpt lat="39.896239" lon="116.640034">
        <time>2020-11-27T00:32:53Z</time>
      </trkpt>
      <trkpt lat="39.89623" lon="116.6402">
        <time>2020-11-27T00:32:58Z</time>
      </trkpt>
      <trkpt lat="39.896211" lon="116.640348">
        <time>2020-11-27T00:33:03Z</time>
      </trkpt>
      <trkpt lat="39.896232" lon="116.640485">
        <time>2020-11-27T00:33:08Z</time>
      </trkpt>
      <trkpt lat="39.896239" lon="116.640581">
        <time>2020-11-27T00:33:13Z</time>
      </trkpt>
      <trkpt lat="39.896247" lon="116.640678">
        <time>2020-11-27T00:33:18Z</time>
      </trkpt>
      <trkpt lat="39.896259" lon="116.640797">
        <time>2020-11-27T00:33:23Z</time>
      </trkpt>
      <trkpt lat="39.896241" lon="116.640928">
        <time>2020-11-27T00:33:28Z</time>
      </trkpt>
      <trkpt lat="39.896234" lon="116.64109">
        <time>2020-11-27T00:33:33Z</time>
      </trkpt>
      <trkpt lat="39.896256" lon="116.64123">
        <time>2020-11-27T00:33:38Z</time>
      </trkpt>
      <trkpt lat="39.896232" lon="116.641342">
        <time>2020-11-27T00:33:43Z</time>
      </trkpt>
      <trkpt lat="39.896223" lon="116.641481">
        <time>2020-11-27T00:33:48Z</time>
      </trkpt>
      <trkpt lat="39.896217" lon="116.641626">
        <time>2020-11-27T00:33:53Z</time>
      </trkpt>
      <trkpt lat="39.896255" lon="116.641733">
        <time>2020-11-27T00:33:58Z</time>
      </trkpt>
      <trkpt lat="39.89626" lon="116.641874">
        <time>2020-11-27T00:34:03Z</time>
      </trkpt>
      <trkpt lat="39.896279" lon="116.64198">
        <time>2020-11-27T00:34:08Z</time>
      </trkpt>
      <trkpt lat="39.896312" lon="116.642195">
        <time>2020-11-27T00:34:13Z</time>
      </trkpt>
      <trkpt lat="39.89633" lon="116.642334">
        <time>2020-11-27T00:34:18Z</time>
      </trkpt>
      <trkpt lat="39.896269" lon="116.642518">
        <time>2020-11-27T00:34:23Z</time>
      </trkpt>
      <trkpt lat="39.896224" lon="116.642703">
        <time>2020-11-27T00:34:28Z</time>
      </trkpt>
      <trkpt lat="39.896205" lon="116.642871">
        <time>2020-11-27T00:34:33Z</time>
      </trkpt>
      <trkpt lat="39.896206" lon="116.643031">
        <time>2020-11-27T00:34:38Z</time>
      </trkpt>
      <trkpt lat="39.896202" lon="116.64316">
        <time>2020-11-27T00:34:43Z</time>
      </trkpt>
      <trkpt lat="39.896191" lon="116.643306">
        <time>2020-11-27T00:34:48Z</time>
      </trkpt>
      <trkpt lat="39.896188" lon="116.643457">
        <time>2020-11-27T00:34:53Z</time>
      </trkpt>
      <trkpt lat="39.896203" lon="116.643597">
        <time>2020-11-27T00:34:58Z</time>
      </trkpt>
      <trkpt lat="39.896195" lon="116.643732">
        <time>2020-11-27T00:35:03Z</time>
      </trkpt>
      <trkpt lat="39.896186" lon="116.643886">
        <time>2020-11-27T00:35:08Z</time>
      </trkpt>
      <trkpt lat="39.896185" lon="116.644037">
        <time>2020-11-27T00:35:13Z</time>
      </trkpt>
      <trkpt lat="39.896182" lon="116.644176">
        <time>2020-11-27T00:35:18Z</time>
      </trkpt>
      <trkpt lat="39.896172" lon="116.644319">
        <time>2020-11-27T00:35:23Z</time>
      </trkpt>
      <trkpt lat="39.896187" lon="116.644482">
        <time>2020-11-27T00:35:28Z</time>
      </trkpt>
      <trkpt lat="39.896202" lon="116.644641">
        <time>2020-11-27T00:35:33Z</time>
      </trkpt>
      <trkpt lat="39.896203" lon="116.644784">
        <time>2020-11-27T00:35:38Z</time>
      </trkpt>
      <trkpt lat="39.896205" lon="116.64495">
        <time>2020-11-27T00:35:43Z</time>
      </trkpt>
      <trkpt lat="39.896201" lon="116.645083">
        <time>2020-11-27T00:35:48Z</time>
      </trkpt>
      <trkpt lat="39.896208" lon="116.645218">
        <time>2020-11-27T00:35:53Z</time>
      </trkpt>
      <trkpt lat="39.896168" lon="116.645378">
        <time>2020-11-27T00:35:58Z</time>
      </trkpt>
      <trkpt lat="39.896174" lon="116.645498">
        <time>2020-11-27T00:36:03Z</time>
      </trkpt>
      <trkpt lat="39.896161" lon="116.645594">
        <time>2020-11-27T00:36:08Z</time>
      </trkpt>
      <trkpt lat="39.896127" lon="116.645701">
        <time>2020-11-27T00:36:13Z</time>
      </trkpt>
      <trkpt lat="39.896098" lon="116.645807">
        <time>2020-11-27T00:36:18Z</time>
      </trkpt>
      <trkpt lat="39.89607" lon="116.645928">
        <time>2020-11-27T00:36:23Z</time>
      </trkpt>
      <trkpt lat="39.896038" lon="116.646082">
        <time>2020-11-27T00:36:28Z</time>
      </trkpt>
      <trkpt lat="39.896033" lon="116.646231">
        <time>2020-11-27T00:36:33Z</time>
      </trkpt>
      <trkpt lat="39.896022" lon="116.64637">
        <time>2020-11-27T00:36:38Z</time>
      </trkpt>
      <trkpt lat="39.896016" lon="116.646479">
        <time>2020-11-27T00:36:43Z</time>
      </trkpt>
      <trkpt lat="39.896017" lon="116.646586">
        <time>2020-11-27T00:36:48Z</time>
      </trkpt>
      <trkpt lat="39.895941" lon="116.646636">
        <time>2020-11-27T00:36:53Z</time>
      </trkpt>
      <trkpt lat="39.895814" lon="116.646671">
        <time>2020-11-27T00:36:58Z</time>
      </trkpt>
      <trkpt lat="39.895706" lon="116.646639">
        <time>2020-11-27T00:37:03Z</time>
      </trkpt>
      <trkpt lat="39.8956" lon="116.6466">
        <time>2020-11-27T00:37:08Z</time>
      </trkpt>
      <trkpt lat="39.895494" lon="116.64657">
        <time>2020-11-27T00:37:13Z</time>
      </trkpt>
      <trkpt lat="39.895406" lon="116.646567">
        <time>2020-11-27T00:37:18Z</time>
      </trkpt>
      <trkpt lat="39.895293" lon="116.646546">
        <time>2020-11-27T00:37:23Z</time>
      </trkpt>
      <trkpt lat="39.895209" lon="116.646503">
        <time>2020-11-27T00:37:28Z</time>
      </trkpt>
      <trkpt lat="39.895112" lon="116.64645">
        <time>2020-11-27T00:37:33Z</time>
      </trkpt>
      <trkpt lat="39.895023" lon="116.646396">
        <time>2020-11-27T00:37:38Z</time>
      </trkpt>
      <trkpt lat="39.894941" lon="116.646339">
        <time>2020-11-27T00:37:43Z</time>
      </trkpt>
      <trkpt lat="39.894844" lon="116.646317">
        <time>2020-11-27T00:37:48Z</time>
      </trkpt>
      <trkpt lat="39.894748" lon="116.646285">
        <time>2020-11-27T00:37:53Z</time>
      </trkpt>
      <trkpt lat="39.894662" lon="116.646254">
        <time>2020-11-27T00:37:58Z</time>
      </trkpt>
      <trkpt lat="39.894582" lon="116.646212">
        <time>2020-11-27T00:38:03Z</time>
      </trkpt>
      <trkpt lat="39.894465" lon="116.646117">
        <time>2020-11-27T00:38:08Z</time>
      </trkpt>
      <trkpt lat="39.894394" lon="116.646092">
        <time>2020-11-27T00:38:13Z</time>
      </trkpt>
      <trkpt lat="39.89433" lon="116.646086">
        <time>2020-11-27T00:38:18Z</time>
      </trkpt>
      <trkpt lat="39.894229" lon="116.646049">
        <time>2020-11-27T00:38:23Z</time>
      </trkpt>
      <trkpt lat="39.894112" lon="116.645982">
        <time>2020-11-27T00:38:28Z</time>
      </trkpt>
      <trkpt lat="39.893999" lon="116.645959">
        <time>2020-11-27T00:38:33Z</time>
      </trkpt>
      <trkpt lat="39.893904" lon="116.64599">
        <time>2020-11-27T00:38:38Z</time>
      </trkpt>
      <trkpt lat="39.89382" lon="116.646062">
        <time>2020-11-27T00:38:43Z</time>
      </trkpt>
      <trkpt lat="39.893756" lon="116.646159">
        <time>2020-11-27T00:38:48Z</time>
      </trkpt>
      <trkpt lat="39.893709" lon="116.646267">
        <time>2020-11-27T00:38:53Z</time>
      </trkpt>
      <trkpt lat="39.893595" lon="116.646355">
        <time>2020-11-27T00:38:58Z</time>
      </trkpt>
      <trkpt lat="39.893527" lon="116.646341">
        <time>2020-11-27T00:39:03Z</time>
      </trkpt>
      <trkpt lat="39.893431" lon="116.646282">
        <time>2020-11-27T00:39:08Z</time>
      </trkpt>
      <trkpt lat="39.893348" lon="116.64621">
        <time>2020-11-27T00:39:13Z</time>
      </trkpt>
      <trkpt lat="39.893248" lon="116.646166">
        <time>2020-11-27T00:39:18Z</time>
      </trkpt>
      <trkpt lat="39.893126" lon="116.646128">
        <time>2020-11-27T00:39:23Z</time>
      </trkpt>
      <trkpt lat="39.89301" lon="116.646068">
        <time>2020-11-27T00:39:28Z</time>
      </trkpt>
      <trkpt lat="39.892916" lon="116.646034">
        <time>2020-11-27T00:39:33Z</time>
      </trkpt>
      <trkpt lat="39.892825" lon="116.645995">
        <time>2020-11-27T00:39:38Z</time>
      </trkpt>
      <trkpt lat="39.892684" lon="116.645948">
        <time>2020-11-27T00:39:43Z</time>
      </trkpt>
      <trkpt lat="39.892529" lon="116.645875">
        <time>2020-11-27T00:39:48Z</time>
      </trkpt>
      <trkpt lat="39.892387" lon="116.645812">
        <time>2020-11-27T00:39:53Z</time>
      </trkpt>
      <trkpt lat="39.89229" lon="116.64574">
        <time>2020-11-27T00:39:58Z</time>
      </trkpt>
      <trkpt lat="39.892152" lon="116.645653">
        <time>2020-11-27T00:40:03Z</time>
      </trkpt>
      <trkpt lat="39.892032" lon="116.645619">
        <time>2020-11-27T00:40:08Z</time>
      </trkpt>
      <trkpt lat="39.891918" lon="116.645517">
        <time>2020-11-27T00:40:13Z</time>
      </trkpt>
      <trkpt lat="39.891831" lon="116.645471">
        <time>2020-11-27T00:40:18Z</time>
      </trkpt>
      <trkpt lat="39.89174" lon="116.645435">
        <time>2020-11-27T00:40:23Z</time>
      </trkpt>
      <trkpt lat="39.891679" lon="116.645387">
        <time>2020-11-27T00:40:28Z</time>
      </trkpt>
      <trkpt lat="39.891603" lon="116.645334">
        <time>2020-11-27T00:40:33Z</time>
      </trkpt>
      <trkpt lat="39.891621" lon="116.645364">
        <time>2020-11-27T00:40:38Z</time>
      </trkpt>
      <trkpt lat="39.89167" lon="116.645411">
        <time>2020-11-27T00:40:43Z</time>
      </trkpt>
      <trkpt lat="39.891752" lon="116.645474">
        <time>2020-11-27T00:40:48Z</time>
      </trkpt>
      <trkpt lat="39.891854" lon="116.645551">
        <time>2020-11-27T00:40:53Z</time>
      </trkpt>
      <trkpt lat="39.891969" lon="116.645579">
        <time>2020-11-27T00:40:58Z</time>
      </trkpt>
      <trkpt lat="39.892045" lon="116.645606">
        <time>2020-11-27T00:41:03Z</time>
      </trkpt>
      <trkpt lat="39.892138" lon="116.645674">
        <time>2020-11-27T00:41:08Z</time>
      </trkpt>
      <trkpt lat="39.89226" lon="116.645718">
        <time>2020-11-27T00:41:13Z</time>
      </trkpt>
      <trkpt lat="39.892367" lon="116.645782">
        <time>2020-11-27T00:41:18Z</time>
      </trkpt>
      <trkpt lat="39.892493" lon="116.645828">
        <time>2020-11-27T00:41:23Z</time>
      </trkpt>
      <trkpt lat="39.892603" lon="116.645904">
        <time>2020-11-27T00:41:28Z</time>
      </trkpt>
      <trkpt lat="39.892685" lon="116.645952">
        <time>2020-11-27T00:41:33Z</time>
      </trkpt>
      <trkpt lat="39.892789" lon="116.645979">
        <time>2020-11-27T00:41:38Z</time>
      </trkpt>
      <trkpt lat="39.892925" lon="116.646019">
        <time>2020-11-27T00:41:43Z</time>
      </trkpt>
      <trkpt lat="39.893033" lon="116.646048">
        <time>2020-11-27T00:41:48Z</time>
      </trkpt>
      <trkpt lat="39.893107" lon="116.646068">
        <time>2020-11-27T00:41:53Z</time>
      </trkpt>
      <trkpt lat="39.893178" lon="116.646129">
        <time>2020-11-27T00:41:58Z</time>
      </trkpt>
      <trkpt lat="39.893277" lon="116.646156">
        <time>2020-11-27T00:42:03Z</time>
      </trkpt>
      <trkpt lat="39.893338" lon="116.646186">
        <time>2020-11-27T00:42:08Z</time>
      </trkpt>
      <trkpt lat="39.893384" lon="116.646243">
        <time>2020-11-27T00:42:13Z</time>
      </trkpt>
      <trkpt lat="39.893526" lon="116.646355">
        <time>2020-11-27T00:42:18Z</time>
      </trkpt>
      <trkpt lat="39.893583" lon="116.646361">
        <time>2020-11-27T00:42:23Z</time>
      </trkpt>
      <trkpt lat="39.893704" lon="116.646316">
        <time>2020-11-27T00:42:28Z</time>
      </trkpt>
      <trkpt lat="39.893831" lon="116.646154">
        <time>2020-11-27T00:42:33Z</time>
      </trkpt>
      <trkpt lat="39.893866" lon="116.646121">
        <time>2020-11-27T00:42:38Z</time>
      </trkpt>
      <trkpt lat="39.893921" lon="116.646083">
        <time>2020-11-27T00:42:43Z</time>
      </trkpt>
      <trkpt lat="39.893988" lon="116.645994">
        <time>2020-11-27T00:42:48Z</time>
      </trkpt>
      <trkpt lat="39.894065" lon="116.64599">
        <time>2020-11-27T00:42:53Z</time>
      </trkpt>
      <trkpt lat="39.894069" lon="116.64597">
        <time>2020-11-27T00:42:58Z</time>
      </trkpt>
      <trkpt lat="39.894089" lon="116.645976">
        <time>2020-11-27T00:43:03Z</time>
      </trkpt>
      <trkpt lat="39.894165" lon="116.646015">
        <time>2020-11-27T00:43:08Z</time>
      </trkpt>
      <trkpt lat="39.89427" lon="116.646081">
        <time>2020-11-27T00:43:13Z</time>
      </trkpt>
      <trkpt lat="39.894352" lon="116.646128">
        <time>2020-11-27T00:43:18Z</time>
      </trkpt>
      <trkpt lat="39.894457" lon="116.646196">
        <time>2020-11-27T00:43:23Z</time>
      </trkpt>
      <trkpt lat="39.894563" lon="116.646216">
        <time>2020-11-27T00:43:28Z</time>
      </trkpt>
      <trkpt lat="39.894675" lon="116.646247">
        <time>2020-11-27T00:43:33Z</time>
      </trkpt>
      <trkpt lat="39.894793" lon="116.646328">
        <time>2020-11-27T00:43:38Z</time>
      </trkpt>
      <trkpt lat="39.894886" lon="116.646386">
        <time>2020-11-27T00:43:43Z</time>
      </trkpt>
      <trkpt lat="39.894985" lon="116.646394">
        <time>2020-11-27T00:43:48Z</time>
      </trkpt>
      <trkpt lat="39.895087" lon="116.646429">
        <time>2020-11-27T00:43:53Z</time>
      </trkpt>
      <trkpt lat="39.895163" lon="116.646467">
        <time>2020-11-27T00:43:58Z</time>
      </trkpt>
      <trkpt lat="39.895216" lon="116.646495">
        <time>2020-11-27T00:44:03Z</time>
      </trkpt>
      <trkpt lat="39.895318" lon="116.646542">
        <time>2020-11-27T00:44:08Z</time>
      </trkpt>
      <trkpt lat="39.895455" lon="116.646621">
        <time>2020-11-27T00:44:13Z</time>
      </trkpt>
      <trkpt lat="39.895523" lon="116.646633">
        <time>2020-11-27T00:44:18Z</time>
      </trkpt>
      <trkpt lat="39.895637" lon="116.646664">
        <time>2020-11-27T00:44:23Z</time>
      </trkpt>
      <trkpt lat="39.895756" lon="116.646703">
        <time>2020-11-27T00:44:28Z</time>
      </trkpt>
      <trkpt lat="39.895846" lon="116.646777">
        <time>2020-11-27T00:44:33Z</time>
      </trkpt>
      <trkpt lat="39.89595" lon="116.646821">
        <time>2020-11-27T00:44:38Z</time>
      </trkpt>
      <trkpt lat="39.896033" lon="116.646763">
        <time>2020-11-27T00:44:43Z</time>
      </trkpt>
      <trkpt lat="39.896075" lon="116.646664">
        <time>2020-11-27T00:44:48Z</time>
      </trkpt>
      <trkpt lat="39.896076" lon="116.646517">
        <time>2020-11-27T00:44:53Z</time>
      </trkpt>
      <trkpt lat="39.896063" lon="116.646394">
        <time>2020-11-27T00:44:58Z</time>
      </trkpt>
      <trkpt lat="39.896056" lon="116.646301">
        <time>2020-11-27T00:45:03Z</time>
      </trkpt>
      <trkpt lat="39.89605" lon="116.646196">
        <time>2020-11-27T00:45:08Z</time>
      </trkpt>
      <trkpt lat="39.896057" lon="116.646109">
        <time>2020-11-27T00:45:13Z</time>
      </trkpt>
      <trkpt lat="39.896054" lon="116.646002">
        <time>2020-11-27T00:45:18Z</time>
      </trkpt>
      <trkpt lat="39.896061" lon="116.645879">
        <time>2020-11-27T00:45:23Z</time>
      </trkpt>
      <trkpt lat="39.896104" lon="116.645765">
        <time>2020-11-27T00:45:28Z</time>
      </trkpt>
      <trkpt lat="39.896129" lon="116.645659">
        <time>2020-11-27T00:45:33Z</time>
      </trkpt>
      <trkpt lat="39.896154" lon="116.645537">
        <time>2020-11-27T00:45:38Z</time>
      </trkpt>
      <trkpt lat="39.896169" lon="116.645427">
        <time>2020-11-27T00:45:43Z</time>
      </trkpt>
      <trkpt lat="39.896184" lon="116.645278">
        <time>2020-11-27T00:45:48Z</time>
      </trkpt>
      <trkpt lat="39.896187" lon="116.645112">
        <time>2020-11-27T00:45:53Z</time>
      </trkpt>
      <trkpt lat="39.896202" lon="116.644956">
        <time>2020-11-27T00:45:58Z</time>
      </trkpt>
      <trkpt lat="39.896214" lon="116.644827">
        <time>2020-11-27T00:46:03Z</time>
      </trkpt>
      <trkpt lat="39.896211" lon="116.644666">
        <time>2020-11-27T00:46:08Z</time>
      </trkpt>
      <trkpt lat="39.896237" lon="116.644524">
        <time>2020-11-27T00:46:13Z</time>
      </trkpt>
      <trkpt lat="39.896225" lon="116.644361">
        <time>2020-11-27T00:46:18Z</time>
      </trkpt>
      <trkpt lat="39.896193" lon="116.6442">
        <time>2020-11-27T00:46:23Z</time>
      </trkpt>
      <trkpt lat="39.896205" lon="116.644042">
        <time>2020-11-27T00:46:28Z</time>
      </trkpt>
      <trkpt lat="39.896216" lon="116.643894">
        <time>2020-11-27T00:46:33Z</time>
      </trkpt>
      <trkpt lat="39.896224" lon="116.643774">
        <time>2020-11-27T00:46:38Z</time>
      </trkpt>
      <trkpt lat="39.896237" lon="116.643674">
        <time>2020-11-27T00:46:43Z</time>
      </trkpt>
      <trkpt lat="39.896234" lon="116.643554">
        <time>2020-11-27T00:46:48Z</time>
      </trkpt>
      <trkpt lat="39.896213" lon="116.643377">
        <time>2020-11-27T00:46:53Z</time>
      </trkpt>
      <trkpt lat="39.896183" lon="116.643249">
        <time>2020-11-27T00:46:58Z</time>
      </trkpt>
      <trkpt lat="39.896192" lon="116.643107">
        <time>2020-11-27T00:47:03Z</time>
      </trkpt>
      <trkpt lat="39.896199" lon="116.642966">
        <time>2020-11-27T00:47:08Z</time>
      </trkpt>
      <trkpt lat="39.896203" lon="116.642784">
        <time>2020-11-27T00:47:13Z</time>
      </trkpt>
      <trkpt lat="39.89619" lon="116.642599">
        <time>2020-11-27T00:47:18Z</time>
      </trkpt>
      <trkpt lat="39.896195" lon="116.642423">
        <time>2020-11-27T00:47:23Z</time>
      </trkpt>
      <trkpt lat="39.896197" lon="116.642253">
        <time>2020-11-27T00:47:28Z</time>
      </trkpt>
      <trkpt lat="39.896195" lon="116.642095">
        <time>2020-11-27T00:47:33Z</time>
      </trkpt>
      <trkpt lat="39.896198" lon="116.641996">
        <time>2020-11-27T00:47:38Z</time>
      </trkpt>
      <trkpt lat="39.896209" lon="116.641907">
        <time>2020-11-27T00:47:43Z</time>
      </trkpt>
      <trkpt lat="39.896196" lon="116.641812">
        <time>2020-11-27T00:47:48Z</time>
      </trkpt>
      <trkpt lat="39.896219" lon="116.64166">
        <time>2020-11-27T00:47:53Z</time>
      </trkpt>
      <trkpt lat="39.89622" lon="116.641641">
        <time>2020-11-27T00:47:58Z</time>
      </trkpt>
      <trkpt lat="39.896225" lon="116.641554">
        <time>2020-11-27T00:48:03Z</time>
      </trkpt>
      <trkpt lat="39.896222" lon="116.641435">
        <time>2020-11-27T00:48:08Z</time>
      </trkpt>
      <trkpt lat="39.896215" lon="116.641336">
        <time>2020-11-27T00:48:13Z</time>
      </trkpt>
      <trkpt lat="39.896214" lon="116.64121">
        <time>2020-11-27T00:48:18Z</time>
      </trkpt>
      <trkpt lat="39.896202" lon="116.641079">
        <time>2020-11-27T00:48:23Z</time>
      </trkpt>
      <trkpt lat="39.896214" lon="116.640958">
        <time>2020-11-27T00:48:28Z</time>
      </trkpt>
      <trkpt lat="39.896222" lon="116.640839">
        <time>2020-11-27T00:48:33Z</time>
      </trkpt>
      <trkpt lat="39.896235" lon="116.640681">
        <time>2020-11-27T00:48:38Z</time>
      </trkpt>
      <trkpt lat="39.896234" lon="116.640557">
        <time>2020-11-27T00:48:43Z</time>
      </trkpt>
      <trkpt lat="39.896285" lon="116.640439">
        <time>2020-11-27T00:48:48Z</time>
      </trkpt>
      <trkpt lat="39.896318" lon="116.640249">
        <time>2020-11-27T00:48:53Z</time>
      </trkpt>
      <trkpt lat="39.896266" lon="116.639977">
        <time>2020-11-27T00:48:58Z</time>
      </trkpt>
      <trkpt lat="39.896238" lon="116.639736">
        <time>2020-11-27T00:49:03Z</time>
      </trkpt>
      <trkpt lat="39.896231" lon="116.639548">
        <time>2020-11-27T00:49:08Z</time>
      </trkpt>
      <trkpt lat="39.896217" lon="116.639393">
        <time>2020-11-27T00:49:13Z</time>
      </trkpt>
      <trkpt lat="39.896198" lon="116.639248">
        <time>2020-11-27T00:49:18Z</time>
      </trkpt>
      <trkpt lat="39.896192" lon="116.639148">
        <time>2020-11-27T00:49:23Z</time>
      </trkpt>
      <trkpt lat="39.896202" lon="116.639064">
        <time>2020-11-27T00:49:28Z</time>
      </trkpt>
      <trkpt lat="39.896191" lon="116.638966">
        <time>2020-11-27T00:49:33Z</time>
      </trkpt>
      <trkpt lat="39.896197" lon="116.63888">
        <time>2020-11-27T00:49:38Z</time>
      </trkpt>
      <trkpt lat="39.896178" lon="116.638781">
        <time>2020-11-27T00:49:43Z</time>
      </trkpt>
      <trkpt lat="39.896191" lon="116.638645">
        <time>2020-11-27T00:49:48Z</time>
      </trkpt>
      <trkpt lat="39.896183" lon="116.638457">
        <time>2020-11-27T00:49:53Z</time>
      </trkpt>
      <trkpt lat="39.896167" lon="116.638273">
        <time>2020-11-27T00:49:58Z</time>
      </trkpt>
      <trkpt lat="39.896154" lon="116.638081">
        <time>2020-11-27T00:50:03Z</time>
      </trkpt>
      <trkpt lat="39.896168" lon="116.637895">
        <time>2020-11-27T00:50:08Z</time>
      </trkpt>
      <trkpt lat="39.896177" lon="116.637747">
        <time>2020-11-27T00:50:13Z</time>
      </trkpt>
      <trkpt lat="39.896169" lon="116.637609">
        <time>2020-11-27T00:50:18Z</time>
      </trkpt>
      <trkpt lat="39.896179" lon="116.637491">
        <time>2020-11-27T00:50:23Z</time>
      </trkpt>
      <trkpt lat="39.896181" lon="116.637388">
        <time>2020-11-27T00:50:28Z</time>
      </trkpt>
      <trkpt lat="39.896175" lon="116.637305">
        <time>2020-11-27T00:50:33Z</time>
      </trkpt>
      <trkpt lat="39.896172" lon="116.637213">
        <time>2020-11-27T00:50:38Z</time>
      </trkpt>
      <trkpt lat="39.896116" lon="116.637031">
        <time>2020-11-27T00:50:43Z</time>
      </trkpt>
      <trkpt lat="39.896071" lon="116.636843">
        <time>2020-11-27T00:50:48Z</time>
      </trkpt>
      <trkpt lat="39.896035" lon="116.636721">
        <time>2020-11-27T00:50:53Z</time>
      </trkpt>
      <trkpt lat="39.896032" lon="116.636748">
        <time>2020-11-27T00:50:58Z</time>
      </trkpt>
      <trkpt lat="39.896077" lon="116.636854">
        <time>2020-11-27T00:51:03Z</time>
      </trkpt>
      <trkpt lat="39.896107" lon="116.636976">
        <time>2020-11-27T00:51:08Z</time>
      </trkpt>
      <trkpt lat="39.896141" lon="116.637145">
        <time>2020-11-27T00:51:13Z</time>
      </trkpt>
      <trkpt lat="39.89614" lon="116.637278">
        <time>2020-11-27T00:51:18Z</time>
      </trkpt>
      <trkpt lat="39.896143" lon="116.637425">
        <time>2020-11-27T00:51:23Z</time>
      </trkpt>
      <trkpt lat="39.89616" lon="116.637557">
        <time>2020-11-27T00:51:28Z</time>
      </trkpt>
      <trkpt lat="39.896175" lon="116.637664">
        <time>2020-11-27T00:51:33Z</time>
      </trkpt>
      <trkpt lat="39.89619" lon="116.637777">
        <time>2020-11-27T00:51:38Z</time>
      </trkpt>
      <trkpt lat="39.896162" lon="116.637879">
        <time>2020-11-27T00:51:43Z</time>
      </trkpt>
      <trkpt lat="39.896119" lon="116.637984">
        <time>2020-11-27T00:51:48Z</time>
      </trkpt>
      <trkpt lat="39.896122" lon="116.638127">
        <time>2020-11-27T00:51:53Z</time>
      </trkpt>
      <trkpt lat="39.896167" lon="116.638268">
        <time>2020-11-27T00:51:58Z</time>
      </trkpt>
      <trkpt lat="39.896184" lon="116.63842">
        <time>2020-11-27T00:52:03Z</time>
      </trkpt>
      <trkpt lat="39.896168" lon="116.638566">
        <time>2020-11-27T00:52:08Z</time>
      </trkpt>
      <trkpt lat="39.896156" lon="116.638711">
        <time>2020-11-27T00:52:13Z</time>
      </trkpt>
      <trkpt lat="39.896138" lon="116.638859">
        <time>2020-11-27T00:52:18Z</time>
      </trkpt>
      <trkpt lat="39.896196" lon="116.639026">
        <time>2020-11-27T00:52:23Z</time>
      </trkpt>
      <trkpt lat="39.896226" lon="116.639189">
        <time>2020-11-27T00:52:28Z</time>
      </trkpt>
      <trkpt lat="39.896236" lon="116.639333">
        <time>2020-11-27T00:52:33Z</time>
      </trkpt>
      <trkpt lat="39.896244" lon="116.639485">
        <time>2020-11-27T00:52:38Z</time>
      </trkpt>
      <trkpt lat="39.896244" lon="116.639634">
        <time>2020-11-27T00:52:43Z</time>
      </trkpt>
      <trkpt lat="39.896241" lon="116.639782">
        <time>2020-11-27T00:52:48Z</time>
      </trkpt>
      <trkpt lat="39.896242" lon="116.639932">
        <time>2020-11-27T00:52:53Z</time>
      </trkpt>
      <trkpt lat="39.89625" lon="116.6401">
        <time>2020-11-27T00:52:58Z</time>
      </trkpt>
      <trkpt lat="39.896241" lon="116.640253">
        <time>2020-11-27T00:53:03Z</time>
      </trkpt>
      <trkpt lat="39.896261" lon="116.640438">
        <time>2020-11-27T00:53:08Z</time>
      </trkpt>
      <trkpt lat="39.896277" lon="116.640641">
        <time>2020-11-27T00:53:13Z</time>
      </trkpt>
      <trkpt lat="39.896261" lon="116.640825">
        <time>2020-11-27T00:53:18Z</time>
      </trkpt>
      <trkpt lat="39.896273" lon="116.640981">
        <time>2020-11-27T00:53:23Z</time>
      </trkpt>
      <trkpt lat="39.896262" lon="116.641113">
        <time>2020-11-27T00:53:28Z</time>
      </trkpt>
      <trkpt lat="39.896263" lon="116.641232">
        <time>2020-11-27T00:53:33Z</time>
      </trkpt>
      <trkpt lat="39.89625" lon="116.641369">
        <time>2020-11-27T00:53:38Z</time>
      </trkpt>
      <trkpt lat="39.896264" lon="116.641468">
        <time>2020-11-27T00:53:43Z</time>
      </trkpt>
      <trkpt lat="39.89625" lon="116.641598">
        <time>2020-11-27T00:53:48Z</time>
      </trkpt>
      <trkpt lat="39.896255" lon="116.641725">
        <time>2020-11-27T00:53:53Z</time>
      </trkpt>
      <trkpt lat="39.896233" lon="116.641821">
        <time>2020-11-27T00:53:58Z</time>
      </trkpt>
      <trkpt lat="39.896243" lon="116.64191">
        <time>2020-11-27T00:54:03Z</time>
      </trkpt>
      <trkpt lat="39.896251" lon="116.641969">
        <time>2020-11-27T00:54:08Z</time>
      </trkpt>
      <trkpt lat="39.89625" lon="116.642045">
        <time>2020-11-27T00:54:13Z</time>
      </trkpt>
      <trkpt lat="39.896253" lon="116.642151">
        <time>2020-11-27T00:54:18Z</time>
      </trkpt>
      <trkpt lat="39.896233" lon="116.642272">
        <time>2020-11-27T00:54:23Z</time>
      </trkpt>
      <trkpt lat="39.896233" lon="116.642406">
        <time>2020-11-27T00:54:28Z</time>
      </trkpt>
      <trkpt lat="39.896218" lon="116.642519">
        <time>2020-11-27T00:54:33Z</time>
      </trkpt>
      <trkpt lat="39.896238" lon="116.642659">
        <time>2020-11-27T00:54:38Z</time>
      </trkpt>
      <trkpt lat="39.896272" lon="116.642814">
        <time>2020-11-27T00:54:43Z</time>
      </trkpt>
      <trkpt lat="39.896232" lon="116.64299">
        <time>2020-11-27T00:54:48Z</time>
      </trkpt>
      <trkpt lat="39.896212" lon="116.643134">
        <time>2020-11-27T00:54:53Z</time>
      </trkpt>
      <trkpt lat="39.896197" lon="116.643285">
        <time>2020-11-27T00:54:58Z</time>
      </trkpt>
      <trkpt lat="39.896185" lon="116.643423">
        <time>2020-11-27T00:55:03Z</time>
      </trkpt>
      <trkpt lat="39.896214" lon="116.643554">
        <time>2020-11-27T00:55:08Z</time>
      </trkpt>
      <trkpt lat="39.896235" lon="116.643746">
        <time>2020-11-27T00:55:13Z</time>
      </trkpt>
      <trkpt lat="39.89625" lon="116.643923">
        <time>2020-11-27T00:55:18Z</time>
      </trkpt>
      <trkpt lat="39.896245" lon="116.644077">
        <time>2020-11-27T00:55:23Z</time>
      </trkpt>
      <trkpt lat="39.89622" lon="116.64424">
        <time>2020-11-27T00:55:28Z</time>
      </trkpt>
      <trkpt lat="39.896227" lon="116.644385">
        <time>2020-11-27T00:55:33Z</time>
      </trkpt>
      <trkpt lat="39.896229" lon="116.644554">
        <time>2020-11-27T00:55:38Z</time>
      </trkpt>
      <trkpt lat="39.896237" lon="116.644695">
        <time>2020-11-27T00:55:43Z</time>
      </trkpt>
      <trkpt lat="39.896229" lon="116.644835">
        <time>2020-11-27T00:55:48Z</time>
      </trkpt>
      <trkpt lat="39.896235" lon="116.645003">
        <time>2020-11-27T00:55:53Z</time>
      </trkpt>
      <trkpt lat="39.896232" lon="116.645181">
        <time>2020-11-27T00:55:58Z</time>
      </trkpt>
      <trkpt lat="39.896217" lon="116.64534">
        <time>2020-11-27T00:56:03Z</time>
      </trkpt>
      <trkpt lat="39.896192" lon="116.645505">
        <time>2020-11-27T00:56:08Z</time>
      </trkpt>
      <trkpt lat="39.896136" lon="116.645665">
        <time>2020-11-27T00:56:13Z</time>
      </trkpt>
      <trkpt lat="39.896088" lon="116.645848">
        <time>2020-11-27T00:56:18Z</time>
      </trkpt>
      <trkpt lat="39.896066" lon="116.646029">
        <time>2020-11-27T00:56:23Z</time>
      </trkpt>
      <trkpt lat="39.896035" lon="116.646171">
        <time>2020-11-27T00:56:28Z</time>
      </trkpt>
      <trkpt lat="39.896016" lon="116.646321">
        <time>2020-11-27T00:56:33Z</time>
      </trkpt>
      <trkpt lat="39.896015" lon="116.646445">
        <time>2020-11-27T00:56:38Z</time>
      </trkpt>
      <trkpt lat="39.896004" lon="116.646563">
        <time>2020-11-27T00:56:43Z</time>
      </trkpt>
      <trkpt lat="39.895992" lon="116.646614">
        <time>2020-11-27T00:56:48Z</time>
      </trkpt>
      <trkpt lat="39.895993" lon="116.646652">
        <time>2020-11-27T00:56:53Z</time>
      </trkpt>
      <trkpt lat="39.89595" lon="116.646669">
        <time>2020-11-27T00:56:58Z</time>
      </trkpt>
      <trkpt lat="39.89585" lon="116.646714">
        <time>2020-11-27T00:57:03Z</time>
      </trkpt>
      <trkpt lat="39.895766" lon="116.646716">
        <time>2020-11-27T00:57:08Z</time>
      </trkpt>
      <trkpt lat="39.895664" lon="116.646686">
        <time>2020-11-27T00:57:13Z</time>
      </trkpt>
      <trkpt lat="39.895563" lon="116.646647">
        <time>2020-11-27T00:57:18Z</time>
      </trkpt>
      <trkpt lat="39.895455" lon="116.646603">
        <time>2020-11-27T00:57:23Z</time>
      </trkpt>
      <trkpt lat="39.895343" lon="116.646546">
        <time>2020-11-27T00:57:28Z</time>
      </trkpt>
      <trkpt lat="39.895248" lon="116.646496">
        <time>2020-11-27T00:57:33Z</time>
      </trkpt>
      <trkpt lat="39.895133" lon="116.646444">
        <time>2020-11-27T00:57:38Z</time>
      </trkpt>
      <trkpt lat="39.894914" lon="116.646343">
        <time>2020-11-27T00:57:43Z</time>
      </trkpt>
      <trkpt lat="39.894891" lon="116.646332">
        <time>2020-11-27T00:57:48Z</time>
      </trkpt>
      <trkpt lat="39.894773" lon="116.646274">
        <time>2020-11-27T00:57:53Z</time>
      </trkpt>
      <trkpt lat="39.894643" lon="116.646216">
        <time>2020-11-27T00:57:58Z</time>
      </trkpt>
      <trkpt lat="39.894434" lon="116.646123">
        <time>2020-11-27T00:58:03Z</time>
      </trkpt>
      <trkpt lat="39.894378" lon="116.646096">
        <time>2020-11-27T00:58:08Z</time>
      </trkpt>
      <trkpt lat="39.894132" lon="116.645953">
        <time>2020-11-27T00:58:13Z</time>
      </trkpt>
      <trkpt lat="39.89411" lon="116.645941">
        <time>2020-11-27T00:58:18Z</time>
      </trkpt>
      <trkpt lat="39.894027" lon="116.6459">
        <time>2020-11-27T00:58:23Z</time>
      </trkpt>
      <trkpt lat="39.893959" lon="116.645879">
        <time>2020-11-27T00:58:28Z</time>
      </trkpt>
      <trkpt lat="39.893898" lon="116.645937">
        <time>2020-11-27T00:58:33Z</time>
      </trkpt>
      <trkpt lat="39.893826" lon="116.646054">
        <time>2020-11-27T00:58:38Z</time>
      </trkpt>
      <trkpt lat="39.893759" lon="116.646195">
        <time>2020-11-27T00:58:43Z</time>
      </trkpt>
      <trkpt lat="39.893625" lon="116.646421">
        <time>2020-11-27T00:58:48Z</time>
      </trkpt>
      <trkpt lat="39.893537" lon="116.64641">
        <time>2020-11-27T00:58:53Z</time>
      </trkpt>
      <trkpt lat="39.893428" lon="116.646346">
        <time>2020-11-27T00:58:58Z</time>
      </trkpt>
      <trkpt lat="39.893314" lon="116.646275">
        <time>2020-11-27T00:59:03Z</time>
      </trkpt>
      <trkpt lat="39.893213" lon="116.646221">
        <time>2020-11-27T00:59:08Z</time>
      </trkpt>
      <trkpt lat="39.893101" lon="116.646147">
        <time>2020-11-27T00:59:13Z</time>
      </trkpt>
      <trkpt lat="39.893034" lon="116.646121">
        <time>2020-11-27T00:59:18Z</time>
      </trkpt>
      <trkpt lat="39.892964" lon="116.646077">
        <time>2020-11-27T00:59:23Z</time>
      </trkpt>
      <trkpt lat="39.892887" lon="116.646039">
        <time>2020-11-27T00:59:28Z</time>
      </trkpt>
      <trkpt lat="39.892813" lon="116.645997">
        <time>2020-11-27T00:59:33Z</time>
      </trkpt>
      <trkpt lat="39.892749" lon="116.645987">
        <time>2020-11-27T00:59:38Z</time>
      </trkpt>
      <trkpt lat="39.892668" lon="116.645935">
        <time>2020-11-27T00:59:43Z</time>
      </trkpt>
      <trkpt lat="39.892567" lon="116.645888">
        <time>2020-11-27T00:59:48Z</time>
      </trkpt>
      <trkpt lat="39.892441" lon="116.6458">
        <time>2020-11-27T00:59:53Z</time>
      </trkpt>
      <trkpt lat="39.892288" lon="116.645718">
        <time>2020-11-27T00:59:58Z</time>
      </trkpt>
      <trkpt lat="39.89216" lon="116.645656">
        <time>2020-11-27T01:00:03Z</time>
      </trkpt>
      <trkpt lat="39.892088" lon="116.645589">
        <time>2020-11-27T01:00:08Z</time>
      </trkpt>
      <trkpt lat="39.891997" lon="116.64554">
        <time>2020-11-27T01:00:13Z</time>
      </trkpt>
      <trkpt lat="39.891945" lon="116.64548">
        <time>2020-11-27T01:00:18Z</time>
      </trkpt>
      <trkpt lat="39.891841" lon="116.645445">
        <time>2020-11-27T01:00:23Z</time>
      </trkpt>
      <trkpt lat="39.891702" lon="116.645396">
        <time>2020-11-27T01:00:28Z</time>
      </trkpt>
      <trkpt lat="39.891621" lon="116.645339">
        <time>2020-11-27T01:00:33Z</time>
      </trkpt>
      <trkpt lat="39.891528" lon="116.645323">
        <time>2020-11-27T01:00:38Z</time>
      </trkpt>
      <trkpt lat="39.891535" lon="116.645387">
        <time>2020-11-27T01:00:43Z</time>
      </trkpt>
      <trkpt lat="39.891594" lon="116.645426">
        <time>2020-11-27T01:00:48Z</time>
      </trkpt>
      <trkpt lat="39.891676" lon="116.645495">
        <time>2020-11-27T01:00:53Z</time>
      </trkpt>
      <trkpt lat="39.891761" lon="116.645552">
        <time>2020-11-27T01:00:58Z</time>
      </trkpt>
      <trkpt lat="39.891864" lon="116.645581">
        <time>2020-11-27T01:01:03Z</time>
      </trkpt>
      <trkpt lat="39.892025" lon="116.645648">
        <time>2020-11-27T01:01:08Z</time>
      </trkpt>
      <trkpt lat="39.892153" lon="116.645699">
        <time>2020-11-27T01:01:13Z</time>
      </trkpt>
      <trkpt lat="39.892274" lon="116.645755">
        <time>2020-11-27T01:01:18Z</time>
      </trkpt>
      <trkpt lat="39.892367" lon="116.645814">
        <time>2020-11-27T01:01:23Z</time>
      </trkpt>
      <trkpt lat="39.892463" lon="116.64586">
        <time>2020-11-27T01:01:28Z</time>
      </trkpt>
      <trkpt lat="39.892544" lon="116.645914">
        <time>2020-11-27T01:01:33Z</time>
      </trkpt>
      <trkpt lat="39.892627" lon="116.645958">
        <time>2020-11-27T01:01:38Z</time>
      </trkpt>
      <trkpt lat="39.892715" lon="116.645982">
        <time>2020-11-27T01:01:43Z</time>
      </trkpt>
      <trkpt lat="39.892809" lon="116.646001">
        <time>2020-11-27T01:01:48Z</time>
      </trkpt>
      <trkpt lat="39.8929" lon="116.64601">
        <time>2020-11-27T01:01:53Z</time>
      </trkpt>
      <trkpt lat="39.892993" lon="116.646015">
        <time>2020-11-27T01:01:58Z</time>
      </trkpt>
      <trkpt lat="39.893096" lon="116.646046">
        <time>2020-11-27T01:02:03Z</time>
      </trkpt>
      <trkpt lat="39.893175" lon="116.646112">
        <time>2020-11-27T01:02:08Z</time>
      </trkpt>
      <trkpt lat="39.893256" lon="116.646173">
        <time>2020-11-27T01:02:13Z</time>
      </trkpt>
      <trkpt lat="39.893321" lon="116.646218">
        <time>2020-11-27T01:02:18Z</time>
      </trkpt>
      <trkpt lat="39.893392" lon="116.64629">
        <time>2020-11-27T01:02:23Z</time>
      </trkpt>
      <trkpt lat="39.893492" lon="116.646361">
        <time>2020-11-27T01:02:28Z</time>
      </trkpt>
      <trkpt lat="39.893562" lon="116.646373">
        <time>2020-11-27T01:02:33Z</time>
      </trkpt>
      <trkpt lat="39.8937" lon="116.646266">
        <time>2020-11-27T01:02:38Z</time>
      </trkpt>
      <trkpt lat="39.893806" lon="116.646109">
        <time>2020-11-27T01:02:43Z</time>
      </trkpt>
      <trkpt lat="39.893876" lon="116.645997">
        <time>2020-11-27T01:02:48Z</time>
      </trkpt>
      <trkpt lat="39.893926" lon="116.645946">
        <time>2020-11-27T01:02:53Z</time>
      </trkpt>
      <trkpt lat="39.893974" lon="116.645953">
        <time>2020-11-27T01:02:58Z</time>
      </trkpt>
      <trkpt lat="39.894046" lon="116.645987">
        <time>2020-11-27T01:03:03Z</time>
      </trkpt>
      <trkpt lat="39.894121" lon="116.646012">
        <time>2020-11-27T01:03:08Z</time>
      </trkpt>
      <trkpt lat="39.894266" lon="116.646071">
        <time>2020-11-27T01:03:13Z</time>
      </trkpt>
      <trkpt lat="39.894281" lon="116.646079">
        <time>2020-11-27T01:03:18Z</time>
      </trkpt>
      <trkpt lat="39.894374" lon="116.646127">
        <time>2020-11-27T01:03:23Z</time>
      </trkpt>
      <trkpt lat="39.894448" lon="116.646171">
        <time>2020-11-27T01:03:28Z</time>
      </trkpt>
      <trkpt lat="39.894526" lon="116.646191">
        <time>2020-11-27T01:03:33Z</time>
      </trkpt>
      <trkpt lat="39.894675" lon="116.646225">
        <time>2020-11-27T01:03:38Z</time>
      </trkpt>
      <trkpt lat="39.894697" lon="116.646239">
        <time>2020-11-27T01:03:43Z</time>
      </trkpt>
      <trkpt lat="39.894803" lon="116.646302">
        <time>2020-11-27T01:03:48Z</time>
      </trkpt>
      <trkpt lat="39.894902" lon="116.646348">
        <time>2020-11-27T01:03:53Z</time>
      </trkpt>
      <trkpt lat="39.894972" lon="116.646378">
        <time>2020-11-27T01:03:58Z</time>
      </trkpt>
      <trkpt lat="39.895057" lon="116.646415">
        <time>2020-11-27T01:04:03Z</time>
      </trkpt>
      <trkpt lat="39.895141" lon="116.646453">
        <time>2020-11-27T01:04:08Z</time>
      </trkpt>
      <trkpt lat="39.895229" lon="116.646503">
        <time>2020-11-27T01:04:13Z</time>
      </trkpt>
      <trkpt lat="39.895319" lon="116.646522">
        <time>2020-11-27T01:04:18Z</time>
      </trkpt>
      <trkpt lat="39.895451" lon="116.646581">
        <time>2020-11-27T01:04:23Z</time>
      </trkpt>
      <trkpt lat="39.895478" lon="116.646589">
        <time>2020-11-27T01:04:28Z</time>
      </trkpt>
      <trkpt lat="39.895539" lon="116.646627">
        <time>2020-11-27T01:04:33Z</time>
      </trkpt>
      <trkpt lat="39.895612" lon="116.646657">
        <time>2020-11-27T01:04:38Z</time>
      </trkpt>
      <trkpt lat="39.895681" lon="116.646706">
        <time>2020-11-27T01:04:43Z</time>
      </trkpt>
      <trkpt lat="39.895743" lon="116.64673">
        <time>2020-11-27T01:04:48Z</time>
      </trkpt>
      <trkpt lat="39.895815" lon="116.646765">
        <time>2020-11-27T01:04:53Z</time>
      </trkpt>
      <trkpt lat="39.895885" lon="116.646804">
        <time>2020-11-27T01:04:58Z</time>
      </trkpt>
      <trkpt lat="39.895966" lon="116.646819">
        <time>2020-11-27T01:05:03Z</time>
      </trkpt>
      <trkpt lat="39.896013" lon="116.646666">
        <time>2020-11-27T01:05:08Z</time>
      </trkpt>
      <trkpt lat="39.896023" lon="116.646461">
        <time>2020-11-27T01:05:13Z</time>
      </trkpt>
      <trkpt lat="39.896027" lon="116.64627">
        <time>2020-11-27T01:05:18Z</time>
      </trkpt>
      <trkpt lat="39.896046" lon="116.646105">
        <time>2020-11-27T01:05:23Z</time>
      </trkpt>
      <trkpt lat="39.896056" lon="116.645928">
        <time>2020-11-27T01:05:28Z</time>
      </trkpt>
      <trkpt lat="39.89607" lon="116.645766">
        <time>2020-11-27T01:05:33Z</time>
      </trkpt>
      <trkpt lat="39.896084" lon="116.645634">
        <time>2020-11-27T01:05:38Z</time>
      </trkpt>
      <trkpt lat="39.896109" lon="116.64549">
        <time>2020-11-27T01:05:43Z</time>
      </trkpt>
      <trkpt lat="39.896099" lon="116.645347">
        <time>2020-11-27T01:05:48Z</time>
      </trkpt>
      <trkpt lat="39.896111" lon="116.645178">
        <time>2020-11-27T01:05:53Z</time>
      </trkpt>
      <trkpt lat="39.896118" lon="116.645016">
        <time>2020-11-27T01:05:58Z</time>
      </trkpt>
      <trkpt lat="39.896126" lon="116.64486">
        <time>2020-11-27T01:06:03Z</time>
      </trkpt>
      <trkpt lat="39.896131" lon="116.644736">
        <time>2020-11-27T01:06:08Z</time>
      </trkpt>
      <trkpt lat="39.896127" lon="116.64458">
        <time>2020-11-27T01:06:13Z</time>
      </trkpt>
      <trkpt lat="39.896136" lon="116.644455">
        <time>2020-11-27T01:06:18Z</time>
      </trkpt>
      <trkpt lat="39.896138" lon="116.644308">
        <time>2020-11-27T01:06:23Z</time>
      </trkpt>
      <trkpt lat="39.896158" lon="116.64416">
        <time>2020-11-27T01:06:28Z</time>
      </trkpt>
      <trkpt lat="39.896193" lon="116.644021">
        <time>2020-11-27T01:06:33Z</time>
      </trkpt>
      <trkpt lat="39.896206" lon="116.643891">
        <time>2020-11-27T01:06:38Z</time>
      </trkpt>
      <trkpt lat="39.896232" lon="116.643781">
        <time>2020-11-27T01:06:43Z</time>
      </trkpt>
      <trkpt lat="39.896252" lon="116.643639">
        <time>2020-11-27T01:06:48Z</time>
      </trkpt>
      <trkpt lat="39.896243" lon="116.643486">
        <time>2020-11-27T01:06:53Z</time>
      </trkpt>
      <trkpt lat="39.896223" lon="116.643338">
        <time>2020-11-27T01:06:58Z</time>
      </trkpt>
      <trkpt lat="39.896189" lon="116.643209">
        <time>2020-11-27T01:07:03Z</time>
      </trkpt>
      <trkpt lat="39.896183" lon="116.643081">
        <time>2020-11-27T01:07:08Z</time>
      </trkpt>
      <trkpt lat="39.896191" lon="116.642966">
        <time>2020-11-27T01:07:13Z</time>
      </trkpt>
      <trkpt lat="39.896198" lon="116.642861">
        <time>2020-11-27T01:07:18Z</time>
      </trkpt>
      <trkpt lat="39.896198" lon="116.642764">
        <time>2020-11-27T01:07:23Z</time>
      </trkpt>
      <trkpt lat="39.896208" lon="116.64263">
        <time>2020-11-27T01:07:28Z</time>
      </trkpt>
      <trkpt lat="39.896204" lon="116.642469">
        <time>2020-11-27T01:07:33Z</time>
      </trkpt>
      <trkpt lat="39.896196" lon="116.6423">
        <time>2020-11-27T01:07:38Z</time>
      </trkpt>
      <trkpt lat="39.896202" lon="116.642151">
        <time>2020-11-27T01:07:43Z</time>
      </trkpt>
      <trkpt lat="39.896206" lon="116.642005">
        <time>2020-11-27T01:07:48Z</time>
      </trkpt>
      <trkpt lat="39.896199" lon="116.641862">
        <time>2020-11-27T01:07:53Z</time>
      </trkpt>
      <trkpt lat="39.896197" lon="116.641728">
        <time>2020-11-27T01:07:58Z</time>
      </trkpt>
      <trkpt lat="39.896198" lon="116.641577">
        <time>2020-11-27T01:08:03Z</time>
      </trkpt>
      <trkpt lat="39.8962" lon="116.64147">
        <time>2020-11-27T01:08:08Z</time>
      </trkpt>
      <trkpt lat="39.896195" lon="116.641328">
        <time>2020-11-27T01:08:13Z</time>
      </trkpt>
      <trkpt lat="39.896195" lon="116.641174">
        <time>2020-11-27T01:08:18Z</time>
      </trkpt>
      <trkpt lat="39.896202" lon="116.641031">
        <time>2020-11-27T01:08:23Z</time>
      </trkpt>
      <trkpt lat="39.896243" lon="116.640906">
        <time>2020-11-27T01:08:28Z</time>
      </trkpt>
      <trkpt lat="39.896259" lon="116.640771">
        <time>2020-11-27T01:08:33Z</time>
      </trkpt>
      <trkpt lat="39.896279" lon="116.640587">
        <time>2020-11-27T01:08:38Z</time>
      </trkpt>
      <trkpt lat="39.896267" lon="116.640354">
        <time>2020-11-27T01:08:43Z</time>
      </trkpt>
      <trkpt lat="39.896248" lon="116.640145">
        <time>2020-11-27T01:08:48Z</time>
      </trkpt>
      <trkpt lat="39.896246" lon="116.639973">
        <time>2020-11-27T01:08:53Z</time>
      </trkpt>
      <trkpt lat="39.896241" lon="116.639806">
        <time>2020-11-27T01:08:58Z</time>
      </trkpt>
      <trkpt lat="39.896207" lon="116.6397">
        <time>2020-11-27T01:09:03Z</time>
      </trkpt>
      <trkpt lat="39.896155" lon="116.639635">
        <time>2020-11-27T01:09:08Z</time>
      </trkpt>
      <trkpt lat="39.89614" lon="116.639581">
        <time>2020-11-27T01:09:13Z</time>
      </trkpt>
      <trkpt lat="39.896108" lon="116.639533">
        <time>2020-11-27T01:09:18Z</time>
      </trkpt>
      <trkpt lat="39.896129" lon="116.639544">
        <time>2020-11-27T01:09:23Z</time>
      </trkpt>
      <trkpt lat="39.89616" lon="116.639562">
        <time>2020-11-27T01:09:28Z</time>
      </trkpt>
      <trkpt lat="39.896126" lon="116.639567">
        <time>2020-11-27T01:09:33Z</time>
      </trkpt>
      <trkpt lat="39.896079" lon="116.639554">
        <time>2020-11-27T01:09:38Z</time>
      </trkpt>
      <trkpt lat="39.896092" lon="116.63964">
        <time>2020-11-27T01:09:43Z</time>
      </trkpt>
      <trkpt lat="39.896108" lon="116.639689">
        <time>2020-11-27T01:09:48Z</time>
      </trkpt>
      <trkpt lat="39.896124" lon="116.639738">
        <time>2020-11-27T01:09:53Z</time>
      </trkpt>
      <trkpt lat="39.8961" lon="116.639674">
        <time>2020-11-27T01:09:58Z</time>
      </trkpt>
      <trkpt lat="39.896054" lon="116.639715">
        <time>2020-11-27T01:10:03Z</time>
      </trkpt>
      <trkpt lat="39.896022" lon="116.639737">
        <time>2020-11-27T01:10:08Z</time>
      </trkpt>
      <trkpt lat="39.896058" lon="116.639676">
        <time>2020-11-27T01:10:13Z</time>
      </trkpt>
      <trkpt lat="39.896253" lon="116.639486">
        <time>2020-11-27T01:10:18Z</time>
      </trkpt>
      <trkpt lat="39.896288" lon="116.639501">
        <time>2020-11-27T01:10:23Z</time>
      </trkpt>
      <trkpt lat="39.896345" lon="116.639545">
        <time>2020-11-27T01:10:28Z</time>
      </trkpt>
      <trkpt lat="39.896365" lon="116.63953">
        <time>2020-11-27T01:10:33Z</time>
      </trkpt>
      <trkpt lat="39.896394" lon="116.639485">
        <time>2020-11-27T01:10:38Z</time>
      </trkpt>
      <trkpt lat="39.896395" lon="116.639507">
        <time>2020-11-27T01:10:43Z</time>
      </trkpt>
      <trkpt lat="39.896359" lon="116.639541">
        <time>2020-11-27T01:10:48Z</time>
      </trkpt>
      <trkpt lat="39.896344" lon="116.639569">
        <time>2020-11-27T01:10:53Z</time>
      </trkpt>
      <trkpt lat="39.896338" lon="116.639592">
        <time>2020-11-27T01:10:58Z</time>
      </trkpt>
      <trkpt lat="39.896362" lon="116.639565">
        <time>2020-11-27T01:11:03Z</time>
      </trkpt>
      <trkpt lat="39.896365" lon="116.639558">
        <time>2020-11-27T01:11:08Z</time>
      </trkpt>
      <trkpt lat="39.896347" lon="116.63952">
        <time>2020-11-27T01:11:13Z</time>
      </trkpt>
      <trkpt lat="39.896374" lon="116.63952">
        <time>2020-11-27T01:11:18Z</time>
      </trkpt>
      <trkpt lat="39.896356" lon="116.639539">
        <time>2020-11-27T01:11:23Z</time>
      </trkpt>
      <trkpt lat="39.896316" lon="116.639485">
        <time>2020-11-27T01:11:28Z</time>
      </trkpt>
      <trkpt lat="39.896315" lon="116.639489">
        <time>2020-11-27T01:11:33Z</time>
      </trkpt>
      <trkpt lat="39.896326" lon="116.639461">
        <time>2020-11-27T01:11:38Z</time>
      </trkpt>
      <trkpt lat="39.896304" lon="116.639335">
        <time>2020-11-27T01:11:43Z</time>
      </trkpt>
      <trkpt lat="39.896255" lon="116.639213">
        <time>2020-11-27T01:11:48Z</time>
      </trkpt>
      <trkpt lat="39.89621" lon="116.639092">
        <time>2020-11-27T01:11:53Z</time>
      </trkpt>
      <trkpt lat="39.896166" lon="116.63896">
        <time>2020-11-27T01:11:58Z</time>
      </trkpt>
      <trkpt lat="39.896145" lon="116.638815">
        <time>2020-11-27T01:12:03Z</time>
      </trkpt>
      <trkpt lat="39.896119" lon="116.638635">
        <time>2020-11-27T01:12:08Z</time>
      </trkpt>
      <trkpt lat="39.896108" lon="116.638444">
        <time>2020-11-27T01:12:13Z</time>
      </trkpt>
      <trkpt lat="39.896082" lon="116.638262">
        <time>2020-11-27T01:12:18Z</time>
      </trkpt>
      <trkpt lat="39.896052" lon="116.638069">
        <time>2020-11-27T01:12:23Z</time>
      </trkpt>
      <trkpt lat="39.896058" lon="116.637892">
        <time>2020-11-27T01:12:28Z</time>
      </trkpt>
      <trkpt lat="39.896077" lon="116.637706">
        <time>2020-11-27T01:12:33Z</time>
      </trkpt>
      <trkpt lat="39.896089" lon="116.637549">
        <time>2020-11-27T01:12:38Z</time>
      </trkpt>
      <trkpt lat="39.896138" lon="116.637433">
        <time>2020-11-27T01:12:43Z</time>
      </trkpt>
      <trkpt lat="39.896147" lon="116.637324">
        <time>2020-11-27T01:12:48Z</time>
      </trkpt>
      <trkpt lat="39.89614" lon="116.637224">
        <time>2020-11-27T01:12:53Z</time>
      </trkpt>
      <trkpt lat="39.896121" lon="116.637079">
        <time>2020-11-27T01:12:58Z</time>
      </trkpt>
      <trkpt lat="39.896081" lon="116.636928">
        <time>2020-11-27T01:13:03Z</time>
      </trkpt>
      <trkpt lat="39.896032" lon="116.636808">
        <time>2020-11-27T01:13:08Z</time>
      </trkpt>
      <trkpt lat="39.89598" lon="116.636708">
        <time>2020-11-27T01:13:13Z</time>
      </trkpt>
      <trkpt lat="39.895925" lon="116.636613">
        <time>2020-11-27T01:13:18Z</time>
      </trkpt>
      <trkpt lat="39.895857" lon="116.636518">
        <time>2020-11-27T01:13:23Z</time>
      </trkpt>
      <trkpt lat="39.895871" lon="116.636417">
        <time>2020-11-27T01:13:28Z</time>
      </trkpt>
      <trkpt lat="39.895978" lon="116.636353">
        <time>2020-11-27T01:13:33Z</time>
      </trkpt>
      <trkpt lat="39.896091" lon="116.63626">
        <time>2020-11-27T01:13:38Z</time>
      </trkpt>
      <trkpt lat="39.896186" lon="116.636169">
        <time>2020-11-27T01:13:43Z</time>
      </trkpt>
      <trkpt lat="39.896286" lon="116.636113">
        <time>2020-11-27T01:13:48Z</time>
      </trkpt>
      <trkpt lat="39.89638" lon="116.636057">
        <time>2020-11-27T01:13:53Z</time>
      </trkpt>
      <trkpt lat="39.896476" lon="116.635997">
        <time>2020-11-27T01:13:58Z</time>
      </trkpt>
      <trkpt lat="39.896588" lon="116.63591">
        <time>2020-11-27T01:14:03Z</time>
      </trkpt>
      <trkpt lat="39.896709" lon="116.635845">
        <time>2020-11-27T01:14:08Z</time>
      </trkpt>
      <trkpt lat="39.896838" lon="116.635765">
        <time>2020-11-27T01:14:13Z</time>
      </trkpt>
      <trkpt lat="39.896895" lon="116.635741">
        <time>2020-11-27T01:14:18Z</time>
      </trkpt>
      <trkpt lat="39.896976" lon="116.635745">
        <time>2020-11-27T01:14:23Z</time>
      </trkpt>
      <trkpt lat="39.897067" lon="116.635691">
        <time>2020-11-27T01:14:28Z</time>
      </trkpt>
      <trkpt lat="39.897155" lon="116.635651">
        <time>2020-11-27T01:14:33Z</time>
      </trkpt>
      <trkpt lat="39.897247" lon="116.63558">
        <time>2020-11-27T01:14:38Z</time>
      </trkpt>
      <trkpt lat="39.897348" lon="116.635507">
        <time>2020-11-27T01:14:43Z</time>
      </trkpt>
      <trkpt lat="39.897458" lon="116.635425">
        <time>2020-11-27T01:14:48Z</time>
      </trkpt>
      <trkpt lat="39.897547" lon="116.635356">
        <time>2020-11-27T01:14:53Z</time>
      </trkpt>
      <trkpt lat="39.897626" lon="116.63525">
        <time>2020-11-27T01:14:58Z</time>
      </trkpt>
      <trkpt lat="39.897695" lon="116.635166">
        <time>2020-11-27T01:15:03Z</time>
      </trkpt>
      <trkpt lat="39.89778" lon="116.635128">
        <time>2020-11-27T01:15:08Z</time>
      </trkpt>
      <trkpt lat="39.897877" lon="116.635099">
        <time>2020-11-27T01:15:13Z</time>
      </trkpt>
      <trkpt lat="39.897966" lon="116.635035">
        <time>2020-11-27T01:15:18Z</time>
      </trkpt>
      <trkpt lat="39.898067" lon="116.634966">
        <time>2020-11-27T01:15:23Z</time>
      </trkpt>
      <trkpt lat="39.898181" lon="116.634883">
        <time>2020-11-27T01:15:28Z</time>
      </trkpt>
      <trkpt lat="39.898307" lon="116.634815">
        <time>2020-11-27T01:15:33Z</time>
      </trkpt>
      <trkpt lat="39.898408" lon="116.63475">
        <time>2020-11-27T01:15:38Z</time>
      </trkpt>
      <trkpt lat="39.898494" lon="116.634709">
        <time>2020-11-27T01:15:43Z</time>
      </trkpt>
      <trkpt lat="39.898626" lon="116.634636">
        <time>2020-11-27T01:15:48Z</time>
      </trkpt>
      <trkpt lat="39.898771" lon="116.634541">
        <time>2020-11-27T01:15:53Z</time>
      </trkpt>
      <trkpt lat="39.898886" lon="116.634475">
        <time>2020-11-27T01:15:58Z</time>
      </trkpt>
      <trkpt lat="39.898976" lon="116.634405">
        <time>2020-11-27T01:16:03Z</time>
      </trkpt>
      <trkpt lat="39.899108" lon="116.634313">
        <time>2020-11-27T01:16:08Z</time>
      </trkpt>
      <trkpt lat="39.899211" lon="116.634251">
        <time>2020-11-27T01:16:13Z</time>
      </trkpt>
      <trkpt lat="39.89931" lon="116.634202">
        <time>2020-11-27T01:16:18Z</time>
      </trkpt>
      <trkpt lat="39.899421" lon="116.634123">
        <time>2020-11-27T01:16:23Z</time>
      </trkpt>
      <trkpt lat="39.899505" lon="116.634045">
        <time>2020-11-27T01:16:28Z</time>
      </trkpt>
      <trkpt lat="39.899575" lon="116.633973">
        <time>2020-11-27T01:16:33Z</time>
      </trkpt>
      <trkpt lat="39.899659" lon="116.633903">
        <time>2020-11-27T01:16:38Z</time>
      </trkpt>
      <trkpt lat="39.899697" lon="116.633834">
        <time>2020-11-27T01:16:43Z</time>
      </trkpt>
      <trkpt lat="39.899696" lon="116.633823">
        <time>2020-11-27T01:16:48Z</time>
      </trkpt>
      <trkpt lat="39.899695" lon="116.633812">
        <time>2020-11-27T01:16:53Z</time>
      </trkpt>
      <trkpt lat="39.899696" lon="116.633812">
        <time>2020-11-27T01:16:58Z</time>
      </trkpt>
      <trkpt lat="39.899699" lon="116.63381">
        <time>2020-11-27T01:17:03Z</time>
      </trkpt>
      <trkpt lat="39.899702" lon="116.633808">
        <time>2020-11-27T01:17:08Z</time>
      </trkpt>
      <trkpt lat="39.899705" lon="116.633806">
        <time>2020-11-27T01:17:13Z</time>
      </trkpt>
      <trkpt lat="39.899696" lon="116.633728">
        <time>2020-11-27T01:17:18Z</time>
      </trkpt>
      <trkpt lat="39.899682" lon="116.633653">
        <time>2020-11-27T01:17:23Z</time>
      </trkpt>
      <trkpt lat="39.899607" lon="116.633601">
        <time>2020-11-27T01:17:28Z</time>
      </trkpt>
      <trkpt lat="39.89948" lon="116.633656">
        <time>2020-11-27T01:17:33Z</time>
      </trkpt>
      <trkpt lat="39.899372" lon="116.633707">
        <time>2020-11-27T01:17:38Z</time>
      </trkpt>
      <trkpt lat="39.899275" lon="116.633774">
        <time>2020-11-27T01:17:43Z</time>
      </trkpt>
      <trkpt lat="39.899167" lon="116.633903">
        <time>2020-11-27T01:17:48Z</time>
      </trkpt>
      <trkpt lat="39.899072" lon="116.633975">
        <time>2020-11-27T01:17:53Z</time>
      </trkpt>
      <trkpt lat="39.898972" lon="116.63403">
        <time>2020-11-27T01:17:58Z</time>
      </trkpt>
      <trkpt lat="39.898901" lon="116.634023">
        <time>2020-11-27T01:18:03Z</time>
      </trkpt>
      <trkpt lat="39.898805" lon="116.634024">
        <time>2020-11-27T01:18:08Z</time>
      </trkpt>
      <trkpt lat="39.898701" lon="116.634041">
        <time>2020-11-27T01:18:13Z</time>
      </trkpt>
      <trkpt lat="39.898593" lon="116.634067">
        <time>2020-11-27T01:18:18Z</time>
      </trkpt>
      <trkpt lat="39.898501" lon="116.63408">
        <time>2020-11-27T01:18:23Z</time>
      </trkpt>
      <trkpt lat="39.89841" lon="116.634149">
        <time>2020-11-27T01:18:28Z</time>
      </trkpt>
      <trkpt lat="39.898352" lon="116.6342">
        <time>2020-11-27T01:18:33Z</time>
      </trkpt>
      <trkpt lat="39.89827" lon="116.634293">
        <time>2020-11-27T01:18:38Z</time>
      </trkpt>
      <trkpt lat="39.898201" lon="116.634313">
        <time>2020-11-27T01:18:43Z</time>
      </trkpt>
      <trkpt lat="39.898107" lon="116.634337">
        <time>2020-11-27T01:18:48Z</time>
      </trkpt>
      <trkpt lat="39.898025" lon="116.634323">
        <time>2020-11-27T01:18:53Z</time>
      </trkpt>
      <trkpt lat="39.897987" lon="116.6343">
        <time>2020-11-27T01:18:58Z</time>
      </trkpt>
      <trkpt lat="39.897947" lon="116.634237">
        <time>2020-11-27T01:19:03Z</time>
      </trkpt>
      <trkpt lat="39.897846" lon="116.634171">
        <time>2020-11-27T01:19:08Z</time>
      </trkpt>
      <trkpt lat="39.897752" lon="116.63416">
        <time>2020-11-27T01:19:13Z</time>
      </trkpt>
      <trkpt lat="39.897653" lon="116.634073">
        <time>2020-11-27T01:19:18Z</time>
      </trkpt>
      <trkpt lat="39.897624" lon="116.634008">
        <time>2020-11-27T01:19:23Z</time>
      </trkpt>
      <trkpt lat="39.897634" lon="116.63394">
        <time>2020-11-27T01:19:28Z</time>
      </trkpt>
      <trkpt lat="39.897595" lon="116.633847">
        <time>2020-11-27T01:19:33Z</time>
      </trkpt>
      <trkpt lat="39.897552" lon="116.633747">
        <time>2020-11-27T01:19:38Z</time>
      </trkpt>
      <trkpt lat="39.897516" lon="116.633658">
        <time>2020-11-27T01:19:43Z</time>
      </trkpt>
      <trkpt lat="39.897443" lon="116.633695">
        <time>2020-11-27T01:19:48Z</time>
      </trkpt>
      <trkpt lat="39.897371" lon="116.633777">
        <time>2020-11-27T01:19:53Z</time>
      </trkpt>
      <trkpt lat="39.897388" lon="116.633913">
        <time>2020-11-27T01:19:58Z</time>
      </trkpt>
      <trkpt lat="39.897412" lon="116.634011">
        <time>2020-11-27T01:20:03Z</time>
      </trkpt>
      <trkpt lat="39.897415" lon="116.634067">
        <time>2020-11-27T01:20:08Z</time>
      </trkpt>
      <trkpt lat="39.897418" lon="116.634123">
        <time>2020-11-27T01:20:13Z</time>
      </trkpt>
      <trkpt lat="39.897412" lon="116.634177">
        <time>2020-11-27T01:20:18Z</time>
      </trkpt>
      <trkpt lat="39.897418" lon="116.634192">
        <time>2020-11-27T01:20:23Z</time>
      </trkpt>
      <trkpt lat="39.897432" lon="116.634201">
        <time>2020-11-27T01:20:28Z</time>
      </trkpt>
      <trkpt lat="39.897446" lon="116.63421">
        <time>2020-11-27T01:20:33Z</time>
      </trkpt>
      <trkpt lat="39.89748" lon="116.634243">
        <time>2020-11-27T01:20:38Z</time>
      </trkpt>
      <trkpt lat="39.897487" lon="116.634248">
        <time>2020-11-27T01:20:43Z</time>
      </trkpt>
      <trkpt lat="39.897492" lon="116.634281">
        <time>2020-11-27T01:20:48Z</time>
      </trkpt>
      <trkpt lat="39.89749" lon="116.634279">
        <time>2020-11-27T01:20:53Z</time>
      </trkpt>
      <trkpt lat="39.897487" lon="116.634263">
        <time>2020-11-27T01:20:58Z</time>
      </trkpt>
      <trkpt lat="39.897472" lon="116.634214">
        <time>2020-11-27T01:21:03Z</time>
      </trkpt>
      <trkpt lat="39.89746" lon="116.634167">
        <time>2020-11-27T01:21:08Z</time>
      </trkpt>
      <trkpt lat="39.897436" lon="116.634122">
        <time>2020-11-27T01:21:13Z</time>
      </trkpt>
      <trkpt lat="39.897402" lon="116.634078">
        <time>2020-11-27T01:21:18Z</time>
      </trkpt>
      <trkpt lat="39.897348" lon="116.634114">
        <time>2020-11-27T01:21:23Z</time>
      </trkpt>
      <trkpt lat="39.897339" lon="116.634138">
        <time>2020-11-27T01:21:28Z</time>
      </trkpt>
      <trkpt lat="39.897328" lon="116.634166">
        <time>2020-11-27T01:21:33Z</time>
      </trkpt>
      <trkpt lat="39.89732" lon="116.634175">
        <time>2020-11-27T01:21:40Z</time>
      </trkpt>
    </trkseg>
  </trk>
</gpx>