<?xml version="1.0" encoding="UTF-8"?>
<gpx xmlns="http://www.topografix.com/GPX/1/1" xmlns:gpxtpx="http://www.garmin.com/xmlschemas/TrackPointExtension/v1" xmlns:xsi="http://www.w3.org/2001/XMLSchema-instance" xsi:schemaLocation="http://www.topografix.com/GPX/1/1 http://www.topografix.com/GPX/1/1/gpx.xsd" version="1.1" creator="gpx.py -- https://github.com/tkrajina/gpxpy">
  <trk>
    <name>gpx from keep</name>
    <trkseg>
      <trkpt lat="39.897813" lon="116.634518">
        <time>2020-12-13T10:10:45Z</time>
      </trkpt>
      <trkpt lat="39.897813" lon="116.634518">
        <time>2020-12-13T10:10:50Z</time>
      </trkpt>
      <trkpt lat="39.897839" lon="116.634619">
        <time>2020-12-13T10:10:55Z</time>
      </trkpt>
      <trkpt lat="39.897865" lon="116.63472">
        <time>2020-12-13T10:11:00Z</time>
      </trkpt>
      <trkpt lat="39.897911" lon="116.634742">
        <time>2020-12-13T10:11:05Z</time>
      </trkpt>
      <trkpt lat="39.897884" lon="116.634811">
        <time>2020-12-13T10:11:10Z</time>
      </trkpt>
      <trkpt lat="39.897833" lon="116.634703">
        <time>2020-12-13T10:11:15Z</time>
      </trkpt>
      <trkpt lat="39.897888" lon="116.6347">
        <time>2020-12-13T10:11:20Z</time>
      </trkpt>
      <trkpt lat="39.897943" lon="116.634697">
        <time>2020-12-13T10:11:25Z</time>
      </trkpt>
      <trkpt lat="39.897926" lon="116.634765">
        <time>2020-12-13T10:11:30Z</time>
      </trkpt>
      <trkpt lat="39.897864" lon="116.634687">
        <time>2020-12-13T10:11:35Z</time>
      </trkpt>
      <trkpt lat="39.897802" lon="116.634609">
        <time>2020-12-13T10:11:40Z</time>
      </trkpt>
      <trkpt lat="39.897791" lon="116.634549">
        <time>2020-12-13T10:11:45Z</time>
      </trkpt>
      <trkpt lat="39.897642" lon="116.634352">
        <time>2020-12-13T10:11:50Z</time>
      </trkpt>
      <trkpt lat="39.897749" lon="116.634375">
        <time>2020-12-13T10:11:55Z</time>
      </trkpt>
      <trkpt lat="39.897676" lon="116.63431">
        <time>2020-12-13T10:12:00Z</time>
      </trkpt>
      <trkpt lat="39.897762" lon="116.634449">
        <time>2020-12-13T10:12:05Z</time>
      </trkpt>
      <trkpt lat="39.897848" lon="116.634588">
        <time>2020-12-13T10:12:10Z</time>
      </trkpt>
      <trkpt lat="39.89758" lon="116.634312">
        <time>2020-12-13T10:12:15Z</time>
      </trkpt>
      <trkpt lat="39.897705" lon="116.634402">
        <time>2020-12-13T10:12:20Z</time>
      </trkpt>
      <trkpt lat="39.897722" lon="116.634406">
        <time>2020-12-13T10:12:25Z</time>
      </trkpt>
      <trkpt lat="39.897488" lon="116.634053">
        <time>2020-12-13T10:12:30Z</time>
      </trkpt>
      <trkpt lat="39.897478" lon="116.63402">
        <time>2020-12-13T10:12:35Z</time>
      </trkpt>
      <trkpt lat="39.897468" lon="116.633987">
        <time>2020-12-13T10:12:40Z</time>
      </trkpt>
      <trkpt lat="39.897421" lon="116.634099">
        <time>2020-12-13T10:12:45Z</time>
      </trkpt>
      <trkpt lat="39.897339" lon="116.63415">
        <time>2020-12-13T10:12:50Z</time>
      </trkpt>
      <trkpt lat="39.897374" lon="116.634242">
        <time>2020-12-13T10:12:55Z</time>
      </trkpt>
      <trkpt lat="39.897408" lon="116.634161">
        <time>2020-12-13T10:13:00Z</time>
      </trkpt>
      <trkpt lat="39.897412" lon="116.634028">
        <time>2020-12-13T10:13:05Z</time>
      </trkpt>
      <trkpt lat="39.897372" lon="116.633891">
        <time>2020-12-13T10:13:10Z</time>
      </trkpt>
      <trkpt lat="39.897406" lon="116.633788">
        <time>2020-12-13T10:13:15Z</time>
      </trkpt>
      <trkpt lat="39.897486" lon="116.633734">
        <time>2020-12-13T10:13:20Z</time>
      </trkpt>
      <trkpt lat="39.897602" lon="116.633728">
        <time>2020-12-13T10:13:25Z</time>
      </trkpt>
      <trkpt lat="39.897682" lon="116.633811">
        <time>2020-12-13T10:13:30Z</time>
      </trkpt>
      <trkpt lat="39.89774" lon="116.633945">
        <time>2020-12-13T10:13:35Z</time>
      </trkpt>
      <trkpt lat="39.897829" lon="116.634059">
        <time>2020-12-13T10:13:40Z</time>
      </trkpt>
      <trkpt lat="39.89789" lon="116.634175">
        <time>2020-12-13T10:13:45Z</time>
      </trkpt>
      <trkpt lat="39.897941" lon="116.634329">
        <time>2020-12-13T10:13:50Z</time>
      </trkpt>
      <trkpt lat="39.897976" lon="116.634468">
        <time>2020-12-13T10:13:55Z</time>
      </trkpt>
      <trkpt lat="39.898063" lon="116.634702">
        <time>2020-12-13T10:14:00Z</time>
      </trkpt>
      <trkpt lat="39.898071" lon="116.63477">
        <time>2020-12-13T10:14:05Z</time>
      </trkpt>
      <trkpt lat="39.898091" lon="116.634937">
        <time>2020-12-13T10:14:10Z</time>
      </trkpt>
      <trkpt lat="39.898089" lon="116.635088">
        <time>2020-12-13T10:14:15Z</time>
      </trkpt>
      <trkpt lat="39.897995" lon="116.635176">
        <time>2020-12-13T10:14:20Z</time>
      </trkpt>
      <trkpt lat="39.897894" lon="116.635249">
        <time>2020-12-13T10:14:25Z</time>
      </trkpt>
      <trkpt lat="39.897773" lon="116.635318">
        <time>2020-12-13T10:14:30Z</time>
      </trkpt>
      <trkpt lat="39.897699" lon="116.635355">
        <time>2020-12-13T10:14:35Z</time>
      </trkpt>
      <trkpt lat="39.897638" lon="116.635403">
        <time>2020-12-13T10:14:40Z</time>
      </trkpt>
      <trkpt lat="39.897497" lon="116.635502">
        <time>2020-12-13T10:14:45Z</time>
      </trkpt>
      <trkpt lat="39.897432" lon="116.63555">
        <time>2020-12-13T10:14:50Z</time>
      </trkpt>
      <trkpt lat="39.897394" lon="116.635549">
        <time>2020-12-13T10:14:55Z</time>
      </trkpt>
      <trkpt lat="39.897287" lon="116.635577">
        <time>2020-12-13T10:15:00Z</time>
      </trkpt>
      <trkpt lat="39.897177" lon="116.635634">
        <time>2020-12-13T10:15:05Z</time>
      </trkpt>
      <trkpt lat="39.897047" lon="116.635722">
        <time>2020-12-13T10:15:10Z</time>
      </trkpt>
      <trkpt lat="39.896921" lon="116.635826">
        <time>2020-12-13T10:15:15Z</time>
      </trkpt>
      <trkpt lat="39.896773" lon="116.635931">
        <time>2020-12-13T10:15:20Z</time>
      </trkpt>
      <trkpt lat="39.896631" lon="116.636023">
        <time>2020-12-13T10:15:25Z</time>
      </trkpt>
      <trkpt lat="39.896479" lon="116.63613">
        <time>2020-12-13T10:15:30Z</time>
      </trkpt>
      <trkpt lat="39.896383" lon="116.636198">
        <time>2020-12-13T10:15:35Z</time>
      </trkpt>
      <trkpt lat="39.896259" lon="116.636224">
        <time>2020-12-13T10:15:40Z</time>
      </trkpt>
      <trkpt lat="39.896173" lon="116.636296">
        <time>2020-12-13T10:15:45Z</time>
      </trkpt>
      <trkpt lat="39.896169" lon="116.636384">
        <time>2020-12-13T10:15:50Z</time>
      </trkpt>
      <trkpt lat="39.896131" lon="116.636442">
        <time>2020-12-13T10:15:55Z</time>
      </trkpt>
      <trkpt lat="39.896111" lon="116.636468">
        <time>2020-12-13T10:16:00Z</time>
      </trkpt>
      <trkpt lat="39.896091" lon="116.636494">
        <time>2020-12-13T10:16:05Z</time>
      </trkpt>
      <trkpt lat="39.896081" lon="116.636501">
        <time>2020-12-13T10:16:10Z</time>
      </trkpt>
      <trkpt lat="39.896085" lon="116.636506">
        <time>2020-12-13T10:16:15Z</time>
      </trkpt>
      <trkpt lat="39.896088" lon="116.636507">
        <time>2020-12-13T10:16:20Z</time>
      </trkpt>
      <trkpt lat="39.896079" lon="116.636504">
        <time>2020-12-13T10:16:25Z</time>
      </trkpt>
      <trkpt lat="39.896076" lon="116.636511">
        <time>2020-12-13T10:16:30Z</time>
      </trkpt>
      <trkpt lat="39.89607" lon="116.636525">
        <time>2020-12-13T10:16:35Z</time>
      </trkpt>
      <trkpt lat="39.896076" lon="116.63656">
        <time>2020-12-13T10:16:40Z</time>
      </trkpt>
      <trkpt lat="39.896075" lon="116.636581">
        <time>2020-12-13T10:16:45Z</time>
      </trkpt>
      <trkpt lat="39.896095" lon="116.636576">
        <time>2020-12-13T10:16:50Z</time>
      </trkpt>
      <trkpt lat="39.896097" lon="116.636576">
        <time>2020-12-13T10:16:55Z</time>
      </trkpt>
      <trkpt lat="39.896092" lon="116.636561">
        <time>2020-12-13T10:17:00Z</time>
      </trkpt>
      <trkpt lat="39.896094" lon="116.63655">
        <time>2020-12-13T10:17:05Z</time>
      </trkpt>
      <trkpt lat="39.896098" lon="116.636557">
        <time>2020-12-13T10:17:10Z</time>
      </trkpt>
      <trkpt lat="39.896088" lon="116.636541">
        <time>2020-12-13T10:17:15Z</time>
      </trkpt>
      <trkpt lat="39.896085" lon="116.636537">
        <time>2020-12-13T10:17:20Z</time>
      </trkpt>
      <trkpt lat="39.896081" lon="116.636531">
        <time>2020-12-13T10:17:25Z</time>
      </trkpt>
      <trkpt lat="39.896078" lon="116.636527">
        <time>2020-12-13T10:17:30Z</time>
      </trkpt>
      <trkpt lat="39.896067" lon="116.636535">
        <time>2020-12-13T10:17:35Z</time>
      </trkpt>
      <trkpt lat="39.896052" lon="116.636561">
        <time>2020-12-13T10:17:40Z</time>
      </trkpt>
      <trkpt lat="39.896042" lon="116.63656">
        <time>2020-12-13T10:17:45Z</time>
      </trkpt>
      <trkpt lat="39.896035" lon="116.636559">
        <time>2020-12-13T10:17:50Z</time>
      </trkpt>
      <trkpt lat="39.896037" lon="116.63657">
        <time>2020-12-13T10:17:55Z</time>
      </trkpt>
      <trkpt lat="39.896028" lon="116.636587">
        <time>2020-12-13T10:18:00Z</time>
      </trkpt>
      <trkpt lat="39.895988" lon="116.636634">
        <time>2020-12-13T10:18:05Z</time>
      </trkpt>
      <trkpt lat="39.895964" lon="116.636661">
        <time>2020-12-13T10:18:10Z</time>
      </trkpt>
      <trkpt lat="39.896011" lon="116.63676">
        <time>2020-12-13T10:18:15Z</time>
      </trkpt>
      <trkpt lat="39.896062" lon="116.636878">
        <time>2020-12-13T10:18:20Z</time>
      </trkpt>
      <trkpt lat="39.896087" lon="116.637028">
        <time>2020-12-13T10:18:25Z</time>
      </trkpt>
      <trkpt lat="39.89609" lon="116.637168">
        <time>2020-12-13T10:18:30Z</time>
      </trkpt>
      <trkpt lat="39.896141" lon="116.637338">
        <time>2020-12-13T10:18:35Z</time>
      </trkpt>
      <trkpt lat="39.896163" lon="116.637515">
        <time>2020-12-13T10:18:40Z</time>
      </trkpt>
      <trkpt lat="39.896173" lon="116.637699">
        <time>2020-12-13T10:18:45Z</time>
      </trkpt>
      <trkpt lat="39.896195" lon="116.637893">
        <time>2020-12-13T10:18:50Z</time>
      </trkpt>
      <trkpt lat="39.896189" lon="116.638032">
        <time>2020-12-13T10:18:55Z</time>
      </trkpt>
      <trkpt lat="39.896195" lon="116.638168">
        <time>2020-12-13T10:19:00Z</time>
      </trkpt>
      <trkpt lat="39.896194" lon="116.63833">
        <time>2020-12-13T10:19:05Z</time>
      </trkpt>
      <trkpt lat="39.89622" lon="116.638505">
        <time>2020-12-13T10:19:10Z</time>
      </trkpt>
      <trkpt lat="39.896232" lon="116.638644">
        <time>2020-12-13T10:19:15Z</time>
      </trkpt>
      <trkpt lat="39.896224" lon="116.638781">
        <time>2020-12-13T10:19:20Z</time>
      </trkpt>
      <trkpt lat="39.896234" lon="116.638946">
        <time>2020-12-13T10:19:25Z</time>
      </trkpt>
      <trkpt lat="39.896254" lon="116.639107">
        <time>2020-12-13T10:19:30Z</time>
      </trkpt>
      <trkpt lat="39.896274" lon="116.639261">
        <time>2020-12-13T10:19:35Z</time>
      </trkpt>
      <trkpt lat="39.896275" lon="116.639408">
        <time>2020-12-13T10:19:40Z</time>
      </trkpt>
      <trkpt lat="39.896272" lon="116.639559">
        <time>2020-12-13T10:19:45Z</time>
      </trkpt>
      <trkpt lat="39.896269" lon="116.639709">
        <time>2020-12-13T10:19:50Z</time>
      </trkpt>
      <trkpt lat="39.896276" lon="116.63986">
        <time>2020-12-13T10:19:55Z</time>
      </trkpt>
      <trkpt lat="39.89628" lon="116.640023">
        <time>2020-12-13T10:20:00Z</time>
      </trkpt>
      <trkpt lat="39.896299" lon="116.6402">
        <time>2020-12-13T10:20:05Z</time>
      </trkpt>
      <trkpt lat="39.89631" lon="116.640347">
        <time>2020-12-13T10:20:10Z</time>
      </trkpt>
      <trkpt lat="39.896329" lon="116.640479">
        <time>2020-12-13T10:20:15Z</time>
      </trkpt>
      <trkpt lat="39.8963" lon="116.640639">
        <time>2020-12-13T10:20:20Z</time>
      </trkpt>
      <trkpt lat="39.896275" lon="116.640798">
        <time>2020-12-13T10:20:25Z</time>
      </trkpt>
      <trkpt lat="39.896265" lon="116.640963">
        <time>2020-12-13T10:20:30Z</time>
      </trkpt>
      <trkpt lat="39.896255" lon="116.641121">
        <time>2020-12-13T10:20:35Z</time>
      </trkpt>
      <trkpt lat="39.896274" lon="116.64128">
        <time>2020-12-13T10:20:40Z</time>
      </trkpt>
      <trkpt lat="39.89628" lon="116.641417">
        <time>2020-12-13T10:20:45Z</time>
      </trkpt>
      <trkpt lat="39.896275" lon="116.64155">
        <time>2020-12-13T10:20:50Z</time>
      </trkpt>
      <trkpt lat="39.896275" lon="116.641715">
        <time>2020-12-13T10:20:55Z</time>
      </trkpt>
      <trkpt lat="39.896258" lon="116.641872">
        <time>2020-12-13T10:21:00Z</time>
      </trkpt>
      <trkpt lat="39.89624" lon="116.642016">
        <time>2020-12-13T10:21:05Z</time>
      </trkpt>
      <trkpt lat="39.896226" lon="116.642142">
        <time>2020-12-13T10:21:10Z</time>
      </trkpt>
      <trkpt lat="39.896212" lon="116.642258">
        <time>2020-12-13T10:21:15Z</time>
      </trkpt>
      <trkpt lat="39.896215" lon="116.642376">
        <time>2020-12-13T10:21:20Z</time>
      </trkpt>
      <trkpt lat="39.896215" lon="116.64251">
        <time>2020-12-13T10:21:25Z</time>
      </trkpt>
      <trkpt lat="39.896196" lon="116.642775">
        <time>2020-12-13T10:21:30Z</time>
      </trkpt>
      <trkpt lat="39.896208" lon="116.642847">
        <time>2020-12-13T10:21:35Z</time>
      </trkpt>
      <trkpt lat="39.89622" lon="116.64301">
        <time>2020-12-13T10:21:40Z</time>
      </trkpt>
      <trkpt lat="39.896207" lon="116.643134">
        <time>2020-12-13T10:21:45Z</time>
      </trkpt>
      <trkpt lat="39.896174" lon="116.643275">
        <time>2020-12-13T10:21:50Z</time>
      </trkpt>
      <trkpt lat="39.896181" lon="116.643422">
        <time>2020-12-13T10:21:55Z</time>
      </trkpt>
      <trkpt lat="39.896201" lon="116.643543">
        <time>2020-12-13T10:22:00Z</time>
      </trkpt>
      <trkpt lat="39.896207" lon="116.643666">
        <time>2020-12-13T10:22:05Z</time>
      </trkpt>
      <trkpt lat="39.896218" lon="116.643773">
        <time>2020-12-13T10:22:10Z</time>
      </trkpt>
      <trkpt lat="39.896217" lon="116.643906">
        <time>2020-12-13T10:22:15Z</time>
      </trkpt>
      <trkpt lat="39.896229" lon="116.644029">
        <time>2020-12-13T10:22:20Z</time>
      </trkpt>
      <trkpt lat="39.896222" lon="116.644145">
        <time>2020-12-13T10:22:25Z</time>
      </trkpt>
      <trkpt lat="39.896222" lon="116.644302">
        <time>2020-12-13T10:22:30Z</time>
      </trkpt>
      <trkpt lat="39.896235" lon="116.644452">
        <time>2020-12-13T10:22:35Z</time>
      </trkpt>
      <trkpt lat="39.896247" lon="116.644549">
        <time>2020-12-13T10:22:40Z</time>
      </trkpt>
      <trkpt lat="39.896232" lon="116.644702">
        <time>2020-12-13T10:22:45Z</time>
      </trkpt>
      <trkpt lat="39.896241" lon="116.644842">
        <time>2020-12-13T10:22:50Z</time>
      </trkpt>
      <trkpt lat="39.896228" lon="116.644963">
        <time>2020-12-13T10:22:55Z</time>
      </trkpt>
      <trkpt lat="39.896213" lon="116.645103">
        <time>2020-12-13T10:23:00Z</time>
      </trkpt>
      <trkpt lat="39.896207" lon="116.645265">
        <time>2020-12-13T10:23:05Z</time>
      </trkpt>
      <trkpt lat="39.896185" lon="116.645422">
        <time>2020-12-13T10:23:10Z</time>
      </trkpt>
      <trkpt lat="39.896177" lon="116.645578">
        <time>2020-12-13T10:23:15Z</time>
      </trkpt>
      <trkpt lat="39.89613" lon="116.645718">
        <time>2020-12-13T10:23:20Z</time>
      </trkpt>
      <trkpt lat="39.896087" lon="116.645869">
        <time>2020-12-13T10:23:25Z</time>
      </trkpt>
      <trkpt lat="39.896093" lon="116.646009">
        <time>2020-12-13T10:23:30Z</time>
      </trkpt>
      <trkpt lat="39.896082" lon="116.646138">
        <time>2020-12-13T10:23:35Z</time>
      </trkpt>
      <trkpt lat="39.896057" lon="116.646284">
        <time>2020-12-13T10:23:40Z</time>
      </trkpt>
      <trkpt lat="39.89605" lon="116.646425">
        <time>2020-12-13T10:23:45Z</time>
      </trkpt>
      <trkpt lat="39.896037" lon="116.646555">
        <time>2020-12-13T10:23:50Z</time>
      </trkpt>
      <trkpt lat="39.896026" lon="116.646691">
        <time>2020-12-13T10:23:55Z</time>
      </trkpt>
      <trkpt lat="39.896003" lon="116.646837">
        <time>2020-12-13T10:24:00Z</time>
      </trkpt>
      <trkpt lat="39.895878" lon="116.646826">
        <time>2020-12-13T10:24:05Z</time>
      </trkpt>
      <trkpt lat="39.895736" lon="116.646782">
        <time>2020-12-13T10:24:10Z</time>
      </trkpt>
      <trkpt lat="39.895604" lon="116.646712">
        <time>2020-12-13T10:24:15Z</time>
      </trkpt>
      <trkpt lat="39.895484" lon="116.646651">
        <time>2020-12-13T10:24:20Z</time>
      </trkpt>
      <trkpt lat="39.89538" lon="116.646599">
        <time>2020-12-13T10:24:25Z</time>
      </trkpt>
      <trkpt lat="39.895267" lon="116.64654">
        <time>2020-12-13T10:24:30Z</time>
      </trkpt>
      <trkpt lat="39.895154" lon="116.646478">
        <time>2020-12-13T10:24:35Z</time>
      </trkpt>
      <trkpt lat="39.895083" lon="116.646422">
        <time>2020-12-13T10:24:40Z</time>
      </trkpt>
      <trkpt lat="39.894939" lon="116.646336">
        <time>2020-12-13T10:24:45Z</time>
      </trkpt>
      <trkpt lat="39.894879" lon="116.646323">
        <time>2020-12-13T10:24:50Z</time>
      </trkpt>
      <trkpt lat="39.894792" lon="116.646273">
        <time>2020-12-13T10:24:55Z</time>
      </trkpt>
      <trkpt lat="39.894677" lon="116.646242">
        <time>2020-12-13T10:25:00Z</time>
      </trkpt>
      <trkpt lat="39.894578" lon="116.646189">
        <time>2020-12-13T10:25:05Z</time>
      </trkpt>
      <trkpt lat="39.894466" lon="116.646125">
        <time>2020-12-13T10:25:10Z</time>
      </trkpt>
      <trkpt lat="39.894365" lon="116.646093">
        <time>2020-12-13T10:25:15Z</time>
      </trkpt>
      <trkpt lat="39.894265" lon="116.646053">
        <time>2020-12-13T10:25:20Z</time>
      </trkpt>
      <trkpt lat="39.894121" lon="116.645955">
        <time>2020-12-13T10:25:25Z</time>
      </trkpt>
      <trkpt lat="39.894085" lon="116.645937">
        <time>2020-12-13T10:25:30Z</time>
      </trkpt>
      <trkpt lat="39.893992" lon="116.645906">
        <time>2020-12-13T10:25:35Z</time>
      </trkpt>
      <trkpt lat="39.893895" lon="116.64591">
        <time>2020-12-13T10:25:40Z</time>
      </trkpt>
      <trkpt lat="39.893812" lon="116.646094">
        <time>2020-12-13T10:25:45Z</time>
      </trkpt>
      <trkpt lat="39.893778" lon="116.646163">
        <time>2020-12-13T10:25:50Z</time>
      </trkpt>
      <trkpt lat="39.893712" lon="116.646257">
        <time>2020-12-13T10:25:55Z</time>
      </trkpt>
      <trkpt lat="39.893602" lon="116.646351">
        <time>2020-12-13T10:26:00Z</time>
      </trkpt>
      <trkpt lat="39.893534" lon="116.646339">
        <time>2020-12-13T10:26:05Z</time>
      </trkpt>
      <trkpt lat="39.893395" lon="116.646286">
        <time>2020-12-13T10:26:10Z</time>
      </trkpt>
      <trkpt lat="39.893299" lon="116.646242">
        <time>2020-12-13T10:26:15Z</time>
      </trkpt>
      <trkpt lat="39.893185" lon="116.646194">
        <time>2020-12-13T10:26:20Z</time>
      </trkpt>
      <trkpt lat="39.893084" lon="116.646141">
        <time>2020-12-13T10:26:25Z</time>
      </trkpt>
      <trkpt lat="39.892972" lon="116.646085">
        <time>2020-12-13T10:26:30Z</time>
      </trkpt>
      <trkpt lat="39.89287" lon="116.646029">
        <time>2020-12-13T10:26:35Z</time>
      </trkpt>
      <trkpt lat="39.892771" lon="116.646007">
        <time>2020-12-13T10:26:40Z</time>
      </trkpt>
      <trkpt lat="39.892684" lon="116.645907">
        <time>2020-12-13T10:26:45Z</time>
      </trkpt>
      <trkpt lat="39.892586" lon="116.645859">
        <time>2020-12-13T10:26:50Z</time>
      </trkpt>
      <trkpt lat="39.892469" lon="116.645812">
        <time>2020-12-13T10:26:55Z</time>
      </trkpt>
      <trkpt lat="39.892354" lon="116.645755">
        <time>2020-12-13T10:27:00Z</time>
      </trkpt>
      <trkpt lat="39.892246" lon="116.645718">
        <time>2020-12-13T10:27:05Z</time>
      </trkpt>
      <trkpt lat="39.892156" lon="116.645662">
        <time>2020-12-13T10:27:10Z</time>
      </trkpt>
      <trkpt lat="39.892053" lon="116.645599">
        <time>2020-12-13T10:27:15Z</time>
      </trkpt>
      <trkpt lat="39.891923" lon="116.645582">
        <time>2020-12-13T10:27:20Z</time>
      </trkpt>
      <trkpt lat="39.89183" lon="116.645535">
        <time>2020-12-13T10:27:25Z</time>
      </trkpt>
      <trkpt lat="39.891765" lon="116.645474">
        <time>2020-12-13T10:27:30Z</time>
      </trkpt>
      <trkpt lat="39.891679" lon="116.645395">
        <time>2020-12-13T10:27:35Z</time>
      </trkpt>
      <trkpt lat="39.891577" lon="116.645328">
        <time>2020-12-13T10:27:40Z</time>
      </trkpt>
      <trkpt lat="39.891526" lon="116.645355">
        <time>2020-12-13T10:27:45Z</time>
      </trkpt>
      <trkpt lat="39.891629" lon="116.645392">
        <time>2020-12-13T10:27:50Z</time>
      </trkpt>
      <trkpt lat="39.891722" lon="116.645454">
        <time>2020-12-13T10:27:55Z</time>
      </trkpt>
      <trkpt lat="39.891855" lon="116.645489">
        <time>2020-12-13T10:28:00Z</time>
      </trkpt>
      <trkpt lat="39.891927" lon="116.645531">
        <time>2020-12-13T10:28:05Z</time>
      </trkpt>
      <trkpt lat="39.892024" lon="116.645569">
        <time>2020-12-13T10:28:10Z</time>
      </trkpt>
      <trkpt lat="39.892131" lon="116.645608">
        <time>2020-12-13T10:28:15Z</time>
      </trkpt>
      <trkpt lat="39.892291" lon="116.645671">
        <time>2020-12-13T10:28:20Z</time>
      </trkpt>
      <trkpt lat="39.892358" lon="116.645711">
        <time>2020-12-13T10:28:25Z</time>
      </trkpt>
      <trkpt lat="39.892452" lon="116.645761">
        <time>2020-12-13T10:28:30Z</time>
      </trkpt>
      <trkpt lat="39.89254" lon="116.645789">
        <time>2020-12-13T10:28:35Z</time>
      </trkpt>
      <trkpt lat="39.892611" lon="116.645834">
        <time>2020-12-13T10:28:40Z</time>
      </trkpt>
      <trkpt lat="39.892707" lon="116.645893">
        <time>2020-12-13T10:28:45Z</time>
      </trkpt>
      <trkpt lat="39.892805" lon="116.645947">
        <time>2020-12-13T10:28:50Z</time>
      </trkpt>
      <trkpt lat="39.892918" lon="116.64598">
        <time>2020-12-13T10:28:55Z</time>
      </trkpt>
      <trkpt lat="39.892975" lon="116.646002">
        <time>2020-12-13T10:29:00Z</time>
      </trkpt>
      <trkpt lat="39.893095" lon="116.646047">
        <time>2020-12-13T10:29:05Z</time>
      </trkpt>
      <trkpt lat="39.893217" lon="116.646095">
        <time>2020-12-13T10:29:10Z</time>
      </trkpt>
      <trkpt lat="39.893308" lon="116.646115">
        <time>2020-12-13T10:29:15Z</time>
      </trkpt>
      <trkpt lat="39.893429" lon="116.646137">
        <time>2020-12-13T10:29:20Z</time>
      </trkpt>
      <trkpt lat="39.893534" lon="116.646223">
        <time>2020-12-13T10:29:25Z</time>
      </trkpt>
      <trkpt lat="39.893613" lon="116.6463">
        <time>2020-12-13T10:29:30Z</time>
      </trkpt>
      <trkpt lat="39.893711" lon="116.646316">
        <time>2020-12-13T10:29:35Z</time>
      </trkpt>
      <trkpt lat="39.893837" lon="116.646145">
        <time>2020-12-13T10:29:40Z</time>
      </trkpt>
      <trkpt lat="39.89385" lon="116.646119">
        <time>2020-12-13T10:29:45Z</time>
      </trkpt>
      <trkpt lat="39.893913" lon="116.646045">
        <time>2020-12-13T10:29:50Z</time>
      </trkpt>
      <trkpt lat="39.893956" lon="116.64597">
        <time>2020-12-13T10:29:55Z</time>
      </trkpt>
      <trkpt lat="39.894053" lon="116.645914">
        <time>2020-12-13T10:30:00Z</time>
      </trkpt>
      <trkpt lat="39.894167" lon="116.645943">
        <time>2020-12-13T10:30:05Z</time>
      </trkpt>
      <trkpt lat="39.894293" lon="116.646">
        <time>2020-12-13T10:30:10Z</time>
      </trkpt>
      <trkpt lat="39.894399" lon="116.646058">
        <time>2020-12-13T10:30:15Z</time>
      </trkpt>
      <trkpt lat="39.89451" lon="116.646108">
        <time>2020-12-13T10:30:20Z</time>
      </trkpt>
      <trkpt lat="39.894665" lon="116.646162">
        <time>2020-12-13T10:30:25Z</time>
      </trkpt>
      <trkpt lat="39.894715" lon="116.646187">
        <time>2020-12-13T10:30:30Z</time>
      </trkpt>
      <trkpt lat="39.894808" lon="116.646262">
        <time>2020-12-13T10:30:35Z</time>
      </trkpt>
      <trkpt lat="39.894883" lon="116.64631">
        <time>2020-12-13T10:30:40Z</time>
      </trkpt>
      <trkpt lat="39.89497" lon="116.646356">
        <time>2020-12-13T10:30:45Z</time>
      </trkpt>
      <trkpt lat="39.895069" lon="116.6464">
        <time>2020-12-13T10:30:50Z</time>
      </trkpt>
      <trkpt lat="39.895175" lon="116.646456">
        <time>2020-12-13T10:30:55Z</time>
      </trkpt>
      <trkpt lat="39.895278" lon="116.646501">
        <time>2020-12-13T10:31:00Z</time>
      </trkpt>
      <trkpt lat="39.895461" lon="116.646582">
        <time>2020-12-13T10:31:05Z</time>
      </trkpt>
      <trkpt lat="39.895479" lon="116.64659">
        <time>2020-12-13T10:31:10Z</time>
      </trkpt>
      <trkpt lat="39.895563" lon="116.646629">
        <time>2020-12-13T10:31:15Z</time>
      </trkpt>
      <trkpt lat="39.895667" lon="116.646681">
        <time>2020-12-13T10:31:20Z</time>
      </trkpt>
      <trkpt lat="39.895801" lon="116.646715">
        <time>2020-12-13T10:31:25Z</time>
      </trkpt>
      <trkpt lat="39.89595" lon="116.646767">
        <time>2020-12-13T10:31:30Z</time>
      </trkpt>
      <trkpt lat="39.896076" lon="116.646801">
        <time>2020-12-13T10:31:35Z</time>
      </trkpt>
      <trkpt lat="39.896141" lon="116.64674">
        <time>2020-12-13T10:31:40Z</time>
      </trkpt>
      <trkpt lat="39.896113" lon="116.646629">
        <time>2020-12-13T10:31:45Z</time>
      </trkpt>
      <trkpt lat="39.896071" lon="116.646463">
        <time>2020-12-13T10:31:50Z</time>
      </trkpt>
      <trkpt lat="39.89605" lon="116.646308">
        <time>2020-12-13T10:31:55Z</time>
      </trkpt>
      <trkpt lat="39.896057" lon="116.64618">
        <time>2020-12-13T10:32:00Z</time>
      </trkpt>
      <trkpt lat="39.896085" lon="116.646049">
        <time>2020-12-13T10:32:05Z</time>
      </trkpt>
      <trkpt lat="39.896087" lon="116.645904">
        <time>2020-12-13T10:32:10Z</time>
      </trkpt>
      <trkpt lat="39.896083" lon="116.645757">
        <time>2020-12-13T10:32:15Z</time>
      </trkpt>
      <trkpt lat="39.896099" lon="116.645593">
        <time>2020-12-13T10:32:20Z</time>
      </trkpt>
      <trkpt lat="39.896102" lon="116.645448">
        <time>2020-12-13T10:32:25Z</time>
      </trkpt>
      <trkpt lat="39.896128" lon="116.645341">
        <time>2020-12-13T10:32:30Z</time>
      </trkpt>
      <trkpt lat="39.896136" lon="116.645203">
        <time>2020-12-13T10:32:35Z</time>
      </trkpt>
      <trkpt lat="39.896157" lon="116.645086">
        <time>2020-12-13T10:32:40Z</time>
      </trkpt>
      <trkpt lat="39.896174" lon="116.644955">
        <time>2020-12-13T10:32:45Z</time>
      </trkpt>
      <trkpt lat="39.896172" lon="116.644802">
        <time>2020-12-13T10:32:50Z</time>
      </trkpt>
      <trkpt lat="39.896167" lon="116.644659">
        <time>2020-12-13T10:32:55Z</time>
      </trkpt>
      <trkpt lat="39.896174" lon="116.644566">
        <time>2020-12-13T10:33:00Z</time>
      </trkpt>
      <trkpt lat="39.896182" lon="116.644429">
        <time>2020-12-13T10:33:05Z</time>
      </trkpt>
      <trkpt lat="39.896171" lon="116.644285">
        <time>2020-12-13T10:33:10Z</time>
      </trkpt>
      <trkpt lat="39.896169" lon="116.644142">
        <time>2020-12-13T10:33:15Z</time>
      </trkpt>
      <trkpt lat="39.896182" lon="116.644007">
        <time>2020-12-13T10:33:20Z</time>
      </trkpt>
      <trkpt lat="39.896175" lon="116.643867">
        <time>2020-12-13T10:33:25Z</time>
      </trkpt>
      <trkpt lat="39.896182" lon="116.643766">
        <time>2020-12-13T10:33:30Z</time>
      </trkpt>
      <trkpt lat="39.896194" lon="116.64363">
        <time>2020-12-13T10:33:35Z</time>
      </trkpt>
      <trkpt lat="39.896192" lon="116.643491">
        <time>2020-12-13T10:33:40Z</time>
      </trkpt>
      <trkpt lat="39.896196" lon="116.643358">
        <time>2020-12-13T10:33:45Z</time>
      </trkpt>
      <trkpt lat="39.896177" lon="116.643205">
        <time>2020-12-13T10:33:50Z</time>
      </trkpt>
      <trkpt lat="39.896178" lon="116.643083">
        <time>2020-12-13T10:33:55Z</time>
      </trkpt>
      <trkpt lat="39.896194" lon="116.643051">
        <time>2020-12-13T10:34:00Z</time>
      </trkpt>
      <trkpt lat="39.896196" lon="116.643078">
        <time>2020-12-13T10:34:05Z</time>
      </trkpt>
      <trkpt lat="39.896181" lon="116.643117">
        <time>2020-12-13T10:34:10Z</time>
      </trkpt>
      <trkpt lat="39.896194" lon="116.643112">
        <time>2020-12-13T10:34:15Z</time>
      </trkpt>
      <trkpt lat="39.896199" lon="116.643104">
        <time>2020-12-13T10:34:20Z</time>
      </trkpt>
      <trkpt lat="39.896196" lon="116.643052">
        <time>2020-12-13T10:34:25Z</time>
      </trkpt>
      <trkpt lat="39.896186" lon="116.642949">
        <time>2020-12-13T10:34:30Z</time>
      </trkpt>
      <trkpt lat="39.896195" lon="116.642752">
        <time>2020-12-13T10:34:35Z</time>
      </trkpt>
      <trkpt lat="39.896198" lon="116.642699">
        <time>2020-12-13T10:34:40Z</time>
      </trkpt>
      <trkpt lat="39.896194" lon="116.642554">
        <time>2020-12-13T10:34:45Z</time>
      </trkpt>
      <trkpt lat="39.896204" lon="116.64243">
        <time>2020-12-13T10:34:50Z</time>
      </trkpt>
      <trkpt lat="39.896227" lon="116.642339">
        <time>2020-12-13T10:34:55Z</time>
      </trkpt>
      <trkpt lat="39.896213" lon="116.642199">
        <time>2020-12-13T10:35:00Z</time>
      </trkpt>
      <trkpt lat="39.896198" lon="116.642059">
        <time>2020-12-13T10:35:05Z</time>
      </trkpt>
      <trkpt lat="39.896202" lon="116.641935">
        <time>2020-12-13T10:35:10Z</time>
      </trkpt>
      <trkpt lat="39.896207" lon="116.641795">
        <time>2020-12-13T10:35:15Z</time>
      </trkpt>
      <trkpt lat="39.896195" lon="116.641568">
        <time>2020-12-13T10:35:20Z</time>
      </trkpt>
      <trkpt lat="39.896196" lon="116.641516">
        <time>2020-12-13T10:35:25Z</time>
      </trkpt>
      <trkpt lat="39.896205" lon="116.641394">
        <time>2020-12-13T10:35:30Z</time>
      </trkpt>
      <trkpt lat="39.89622" lon="116.641312">
        <time>2020-12-13T10:35:35Z</time>
      </trkpt>
      <trkpt lat="39.896218" lon="116.64118">
        <time>2020-12-13T10:35:40Z</time>
      </trkpt>
      <trkpt lat="39.896239" lon="116.641043">
        <time>2020-12-13T10:35:45Z</time>
      </trkpt>
      <trkpt lat="39.896245" lon="116.6409">
        <time>2020-12-13T10:35:50Z</time>
      </trkpt>
      <trkpt lat="39.896244" lon="116.640763">
        <time>2020-12-13T10:35:55Z</time>
      </trkpt>
      <trkpt lat="39.89623" lon="116.640609">
        <time>2020-12-13T10:36:00Z</time>
      </trkpt>
      <trkpt lat="39.89624" lon="116.640469">
        <time>2020-12-13T10:36:05Z</time>
      </trkpt>
      <trkpt lat="39.896254" lon="116.640344">
        <time>2020-12-13T10:36:10Z</time>
      </trkpt>
      <trkpt lat="39.896261" lon="116.64021">
        <time>2020-12-13T10:36:15Z</time>
      </trkpt>
      <trkpt lat="39.89623" lon="116.640058">
        <time>2020-12-13T10:36:20Z</time>
      </trkpt>
      <trkpt lat="39.896215" lon="116.639919">
        <time>2020-12-13T10:36:25Z</time>
      </trkpt>
      <trkpt lat="39.896208" lon="116.63978">
        <time>2020-12-13T10:36:30Z</time>
      </trkpt>
      <trkpt lat="39.896204" lon="116.639671">
        <time>2020-12-13T10:36:35Z</time>
      </trkpt>
      <trkpt lat="39.896199" lon="116.639542">
        <time>2020-12-13T10:36:40Z</time>
      </trkpt>
      <trkpt lat="39.896186" lon="116.639403">
        <time>2020-12-13T10:36:45Z</time>
      </trkpt>
      <trkpt lat="39.896173" lon="116.639269">
        <time>2020-12-13T10:36:50Z</time>
      </trkpt>
      <trkpt lat="39.896149" lon="116.639132">
        <time>2020-12-13T10:36:55Z</time>
      </trkpt>
      <trkpt lat="39.896127" lon="116.638985">
        <time>2020-12-13T10:37:00Z</time>
      </trkpt>
      <trkpt lat="39.896116" lon="116.63884">
        <time>2020-12-13T10:37:05Z</time>
      </trkpt>
      <trkpt lat="39.896092" lon="116.638691">
        <time>2020-12-13T10:37:10Z</time>
      </trkpt>
      <trkpt lat="39.896089" lon="116.638556">
        <time>2020-12-13T10:37:15Z</time>
      </trkpt>
      <trkpt lat="39.89607" lon="116.638411">
        <time>2020-12-13T10:37:20Z</time>
      </trkpt>
      <trkpt lat="39.896076" lon="116.638287">
        <time>2020-12-13T10:37:25Z</time>
      </trkpt>
      <trkpt lat="39.896067" lon="116.638155">
        <time>2020-12-13T10:37:30Z</time>
      </trkpt>
      <trkpt lat="39.896077" lon="116.638021">
        <time>2020-12-13T10:37:35Z</time>
      </trkpt>
      <trkpt lat="39.896097" lon="116.637883">
        <time>2020-12-13T10:37:40Z</time>
      </trkpt>
      <trkpt lat="39.896115" lon="116.63775">
        <time>2020-12-13T10:37:45Z</time>
      </trkpt>
      <trkpt lat="39.896121" lon="116.637623">
        <time>2020-12-13T10:37:50Z</time>
      </trkpt>
      <trkpt lat="39.896121" lon="116.637486">
        <time>2020-12-13T10:37:55Z</time>
      </trkpt>
      <trkpt lat="39.896135" lon="116.637369">
        <time>2020-12-13T10:38:00Z</time>
      </trkpt>
      <trkpt lat="39.896127" lon="116.637229">
        <time>2020-12-13T10:38:05Z</time>
      </trkpt>
      <trkpt lat="39.896108" lon="116.637093">
        <time>2020-12-13T10:38:10Z</time>
      </trkpt>
      <trkpt lat="39.89609" lon="116.636974">
        <time>2020-12-13T10:38:15Z</time>
      </trkpt>
      <trkpt lat="39.896067" lon="116.636841">
        <time>2020-12-13T10:38:20Z</time>
      </trkpt>
      <trkpt lat="39.89603" lon="116.636723">
        <time>2020-12-13T10:38:25Z</time>
      </trkpt>
      <trkpt lat="39.895975" lon="116.636625">
        <time>2020-12-13T10:38:30Z</time>
      </trkpt>
      <trkpt lat="39.895931" lon="116.63667">
        <time>2020-12-13T10:38:35Z</time>
      </trkpt>
      <trkpt lat="39.896001" lon="116.636819">
        <time>2020-12-13T10:38:40Z</time>
      </trkpt>
      <trkpt lat="39.896049" lon="116.636962">
        <time>2020-12-13T10:38:45Z</time>
      </trkpt>
      <trkpt lat="39.896086" lon="116.637115">
        <time>2020-12-13T10:38:50Z</time>
      </trkpt>
      <trkpt lat="39.896117" lon="116.637231">
        <time>2020-12-13T10:38:55Z</time>
      </trkpt>
      <trkpt lat="39.89616" lon="116.637383">
        <time>2020-12-13T10:39:00Z</time>
      </trkpt>
      <trkpt lat="39.896184" lon="116.637515">
        <time>2020-12-13T10:39:05Z</time>
      </trkpt>
      <trkpt lat="39.896183" lon="116.637655">
        <time>2020-12-13T10:39:10Z</time>
      </trkpt>
      <trkpt lat="39.896184" lon="116.637777">
        <time>2020-12-13T10:39:15Z</time>
      </trkpt>
      <trkpt lat="39.89618" lon="116.637911">
        <time>2020-12-13T10:39:20Z</time>
      </trkpt>
      <trkpt lat="39.896201" lon="116.638041">
        <time>2020-12-13T10:39:25Z</time>
      </trkpt>
      <trkpt lat="39.896218" lon="116.638159">
        <time>2020-12-13T10:39:30Z</time>
      </trkpt>
      <trkpt lat="39.896212" lon="116.638278">
        <time>2020-12-13T10:39:35Z</time>
      </trkpt>
      <trkpt lat="39.896231" lon="116.638431">
        <time>2020-12-13T10:39:40Z</time>
      </trkpt>
      <trkpt lat="39.896248" lon="116.638579">
        <time>2020-12-13T10:39:45Z</time>
      </trkpt>
      <trkpt lat="39.896235" lon="116.638711">
        <time>2020-12-13T10:39:50Z</time>
      </trkpt>
      <trkpt lat="39.896241" lon="116.638858">
        <time>2020-12-13T10:39:55Z</time>
      </trkpt>
      <trkpt lat="39.896246" lon="116.638996">
        <time>2020-12-13T10:40:00Z</time>
      </trkpt>
      <trkpt lat="39.896252" lon="116.639115">
        <time>2020-12-13T10:40:05Z</time>
      </trkpt>
      <trkpt lat="39.896259" lon="116.639212">
        <time>2020-12-13T10:40:10Z</time>
      </trkpt>
      <trkpt lat="39.896259" lon="116.639338">
        <time>2020-12-13T10:40:15Z</time>
      </trkpt>
      <trkpt lat="39.896268" lon="116.63948">
        <time>2020-12-13T10:40:20Z</time>
      </trkpt>
      <trkpt lat="39.896273" lon="116.639597">
        <time>2020-12-13T10:40:25Z</time>
      </trkpt>
      <trkpt lat="39.896254" lon="116.639696">
        <time>2020-12-13T10:40:30Z</time>
      </trkpt>
      <trkpt lat="39.896262" lon="116.639817">
        <time>2020-12-13T10:40:35Z</time>
      </trkpt>
      <trkpt lat="39.89629" lon="116.639928">
        <time>2020-12-13T10:40:40Z</time>
      </trkpt>
      <trkpt lat="39.89629" lon="116.640048">
        <time>2020-12-13T10:40:45Z</time>
      </trkpt>
      <trkpt lat="39.896297" lon="116.64017">
        <time>2020-12-13T10:40:50Z</time>
      </trkpt>
      <trkpt lat="39.896298" lon="116.640295">
        <time>2020-12-13T10:40:55Z</time>
      </trkpt>
      <trkpt lat="39.896295" lon="116.640423">
        <time>2020-12-13T10:41:00Z</time>
      </trkpt>
      <trkpt lat="39.896304" lon="116.640571">
        <time>2020-12-13T10:41:05Z</time>
      </trkpt>
      <trkpt lat="39.896281" lon="116.640708">
        <time>2020-12-13T10:41:10Z</time>
      </trkpt>
      <trkpt lat="39.896286" lon="116.64087">
        <time>2020-12-13T10:41:15Z</time>
      </trkpt>
      <trkpt lat="39.896266" lon="116.640988">
        <time>2020-12-13T10:41:20Z</time>
      </trkpt>
      <trkpt lat="39.89626" lon="116.641128">
        <time>2020-12-13T10:41:25Z</time>
      </trkpt>
      <trkpt lat="39.89626" lon="116.641242">
        <time>2020-12-13T10:41:30Z</time>
      </trkpt>
      <trkpt lat="39.896253" lon="116.641346">
        <time>2020-12-13T10:41:35Z</time>
      </trkpt>
      <trkpt lat="39.896249" lon="116.641442">
        <time>2020-12-13T10:41:40Z</time>
      </trkpt>
      <trkpt lat="39.896251" lon="116.6415">
        <time>2020-12-13T10:41:45Z</time>
      </trkpt>
      <trkpt lat="39.896271" lon="116.641606">
        <time>2020-12-13T10:41:50Z</time>
      </trkpt>
      <trkpt lat="39.896286" lon="116.641733">
        <time>2020-12-13T10:41:55Z</time>
      </trkpt>
      <trkpt lat="39.896287" lon="116.641844">
        <time>2020-12-13T10:42:00Z</time>
      </trkpt>
      <trkpt lat="39.896265" lon="116.641971">
        <time>2020-12-13T10:42:05Z</time>
      </trkpt>
      <trkpt lat="39.896247" lon="116.642088">
        <time>2020-12-13T10:42:10Z</time>
      </trkpt>
      <trkpt lat="39.896225" lon="116.642221">
        <time>2020-12-13T10:42:15Z</time>
      </trkpt>
      <trkpt lat="39.896217" lon="116.642337">
        <time>2020-12-13T10:42:20Z</time>
      </trkpt>
      <trkpt lat="39.89622" lon="116.642476">
        <time>2020-12-13T10:42:25Z</time>
      </trkpt>
      <trkpt lat="39.896207" lon="116.642618">
        <time>2020-12-13T10:42:30Z</time>
      </trkpt>
      <trkpt lat="39.896219" lon="116.642743">
        <time>2020-12-13T10:42:35Z</time>
      </trkpt>
      <trkpt lat="39.896217" lon="116.642879">
        <time>2020-12-13T10:42:40Z</time>
      </trkpt>
      <trkpt lat="39.896208" lon="116.642991">
        <time>2020-12-13T10:42:45Z</time>
      </trkpt>
      <trkpt lat="39.896179" lon="116.643118">
        <time>2020-12-13T10:42:50Z</time>
      </trkpt>
      <trkpt lat="39.896153" lon="116.643247">
        <time>2020-12-13T10:42:55Z</time>
      </trkpt>
      <trkpt lat="39.896163" lon="116.643398">
        <time>2020-12-13T10:43:00Z</time>
      </trkpt>
      <trkpt lat="39.89619" lon="116.643529">
        <time>2020-12-13T10:43:05Z</time>
      </trkpt>
      <trkpt lat="39.896208" lon="116.643646">
        <time>2020-12-13T10:43:10Z</time>
      </trkpt>
      <trkpt lat="39.896207" lon="116.643773">
        <time>2020-12-13T10:43:15Z</time>
      </trkpt>
      <trkpt lat="39.896219" lon="116.64391">
        <time>2020-12-13T10:43:20Z</time>
      </trkpt>
      <trkpt lat="39.896207" lon="116.644049">
        <time>2020-12-13T10:43:25Z</time>
      </trkpt>
      <trkpt lat="39.896201" lon="116.644181">
        <time>2020-12-13T10:43:30Z</time>
      </trkpt>
      <trkpt lat="39.896194" lon="116.644309">
        <time>2020-12-13T10:43:35Z</time>
      </trkpt>
      <trkpt lat="39.896195" lon="116.644446">
        <time>2020-12-13T10:43:40Z</time>
      </trkpt>
      <trkpt lat="39.8962" lon="116.644562">
        <time>2020-12-13T10:43:45Z</time>
      </trkpt>
      <trkpt lat="39.896201" lon="116.644682">
        <time>2020-12-13T10:43:50Z</time>
      </trkpt>
      <trkpt lat="39.896195" lon="116.644792">
        <time>2020-12-13T10:43:55Z</time>
      </trkpt>
      <trkpt lat="39.896197" lon="116.644918">
        <time>2020-12-13T10:44:00Z</time>
      </trkpt>
      <trkpt lat="39.896194" lon="116.645086">
        <time>2020-12-13T10:44:05Z</time>
      </trkpt>
      <trkpt lat="39.896182" lon="116.645218">
        <time>2020-12-13T10:44:10Z</time>
      </trkpt>
      <trkpt lat="39.896181" lon="116.645349">
        <time>2020-12-13T10:44:15Z</time>
      </trkpt>
      <trkpt lat="39.896169" lon="116.645486">
        <time>2020-12-13T10:44:20Z</time>
      </trkpt>
      <trkpt lat="39.896129" lon="116.645613">
        <time>2020-12-13T10:44:25Z</time>
      </trkpt>
      <trkpt lat="39.896113" lon="116.645716">
        <time>2020-12-13T10:44:30Z</time>
      </trkpt>
      <trkpt lat="39.896091" lon="116.645792">
        <time>2020-12-13T10:44:35Z</time>
      </trkpt>
      <trkpt lat="39.896079" lon="116.645879">
        <time>2020-12-13T10:44:40Z</time>
      </trkpt>
      <trkpt lat="39.896068" lon="116.645964">
        <time>2020-12-13T10:44:45Z</time>
      </trkpt>
      <trkpt lat="39.896064" lon="116.646064">
        <time>2020-12-13T10:44:50Z</time>
      </trkpt>
      <trkpt lat="39.896067" lon="116.646166">
        <time>2020-12-13T10:44:55Z</time>
      </trkpt>
      <trkpt lat="39.89606" lon="116.646303">
        <time>2020-12-13T10:45:00Z</time>
      </trkpt>
      <trkpt lat="39.896037" lon="116.646429">
        <time>2020-12-13T10:45:05Z</time>
      </trkpt>
      <trkpt lat="39.89602" lon="116.646567">
        <time>2020-12-13T10:45:10Z</time>
      </trkpt>
      <trkpt lat="39.896014" lon="116.646707">
        <time>2020-12-13T10:45:15Z</time>
      </trkpt>
      <trkpt lat="39.896005" lon="116.646824">
        <time>2020-12-13T10:45:20Z</time>
      </trkpt>
      <trkpt lat="39.89601" lon="116.646919">
        <time>2020-12-13T10:45:25Z</time>
      </trkpt>
      <trkpt lat="39.896001" lon="116.647003">
        <time>2020-12-13T10:45:30Z</time>
      </trkpt>
      <trkpt lat="39.895988" lon="116.64701">
        <time>2020-12-13T10:45:35Z</time>
      </trkpt>
      <trkpt lat="39.895981" lon="116.647011">
        <time>2020-12-13T10:45:40Z</time>
      </trkpt>
      <trkpt lat="39.895974" lon="116.647012">
        <time>2020-12-13T10:45:45Z</time>
      </trkpt>
      <trkpt lat="39.895959" lon="116.646989">
        <time>2020-12-13T10:45:50Z</time>
      </trkpt>
      <trkpt lat="39.895944" lon="116.646966">
        <time>2020-12-13T10:45:55Z</time>
      </trkpt>
      <trkpt lat="39.895929" lon="116.646943">
        <time>2020-12-13T10:46:00Z</time>
      </trkpt>
      <trkpt lat="39.895914" lon="116.64692">
        <time>2020-12-13T10:46:05Z</time>
      </trkpt>
      <trkpt lat="39.895916" lon="116.646901">
        <time>2020-12-13T10:46:10Z</time>
      </trkpt>
      <trkpt lat="39.895918" lon="116.646882">
        <time>2020-12-13T10:46:15Z</time>
      </trkpt>
      <trkpt lat="39.89592" lon="116.646863">
        <time>2020-12-13T10:46:20Z</time>
      </trkpt>
      <trkpt lat="39.895922" lon="116.646844">
        <time>2020-12-13T10:46:25Z</time>
      </trkpt>
      <trkpt lat="39.895924" lon="116.646825">
        <time>2020-12-13T10:46:30Z</time>
      </trkpt>
      <trkpt lat="39.895926" lon="116.646806">
        <time>2020-12-13T10:46:35Z</time>
      </trkpt>
      <trkpt lat="39.895928" lon="116.646787">
        <time>2020-12-13T10:46:40Z</time>
      </trkpt>
      <trkpt lat="39.89593" lon="116.646768">
        <time>2020-12-13T10:46:45Z</time>
      </trkpt>
      <trkpt lat="39.895932" lon="116.646749">
        <time>2020-12-13T10:46:50Z</time>
      </trkpt>
      <trkpt lat="39.895934" lon="116.64673">
        <time>2020-12-13T10:46:55Z</time>
      </trkpt>
      <trkpt lat="39.895936" lon="116.646711">
        <time>2020-12-13T10:47:00Z</time>
      </trkpt>
      <trkpt lat="39.895938" lon="116.646692">
        <time>2020-12-13T10:47:05Z</time>
      </trkpt>
      <trkpt lat="39.89594" lon="116.646673">
        <time>2020-12-13T10:47:10Z</time>
      </trkpt>
      <trkpt lat="39.895942" lon="116.646654">
        <time>2020-12-13T10:47:15Z</time>
      </trkpt>
      <trkpt lat="39.895944" lon="116.646635">
        <time>2020-12-13T10:47:20Z</time>
      </trkpt>
      <trkpt lat="39.895946" lon="116.646616">
        <time>2020-12-13T10:47:25Z</time>
      </trkpt>
      <trkpt lat="39.895948" lon="116.646597">
        <time>2020-12-13T10:47:30Z</time>
      </trkpt>
      <trkpt lat="39.89595" lon="116.646578">
        <time>2020-12-13T10:47:35Z</time>
      </trkpt>
      <trkpt lat="39.895952" lon="116.646559">
        <time>2020-12-13T10:47:40Z</time>
      </trkpt>
      <trkpt lat="39.895954" lon="116.64654">
        <time>2020-12-13T10:47:45Z</time>
      </trkpt>
      <trkpt lat="39.895956" lon="116.646521">
        <time>2020-12-13T10:47:50Z</time>
      </trkpt>
      <trkpt lat="39.895958" lon="116.646502">
        <time>2020-12-13T10:47:55Z</time>
      </trkpt>
      <trkpt lat="39.89596" lon="116.646483">
        <time>2020-12-13T10:48:00Z</time>
      </trkpt>
      <trkpt lat="39.895962" lon="116.646464">
        <time>2020-12-13T10:48:05Z</time>
      </trkpt>
      <trkpt lat="39.895964" lon="116.646445">
        <time>2020-12-13T10:48:10Z</time>
      </trkpt>
      <trkpt lat="39.895966" lon="116.646426">
        <time>2020-12-13T10:48:15Z</time>
      </trkpt>
      <trkpt lat="39.895968" lon="116.646407">
        <time>2020-12-13T10:48:20Z</time>
      </trkpt>
      <trkpt lat="39.89597" lon="116.646388">
        <time>2020-12-13T10:48:25Z</time>
      </trkpt>
      <trkpt lat="39.895972" lon="116.646369">
        <time>2020-12-13T10:48:30Z</time>
      </trkpt>
      <trkpt lat="39.895974" lon="116.64635">
        <time>2020-12-13T10:48:35Z</time>
      </trkpt>
      <trkpt lat="39.895976" lon="116.646331">
        <time>2020-12-13T10:48:40Z</time>
      </trkpt>
      <trkpt lat="39.895978" lon="116.646312">
        <time>2020-12-13T10:48:45Z</time>
      </trkpt>
      <trkpt lat="39.89598" lon="116.646293">
        <time>2020-12-13T10:48:50Z</time>
      </trkpt>
      <trkpt lat="39.895982" lon="116.646274">
        <time>2020-12-13T10:48:55Z</time>
      </trkpt>
      <trkpt lat="39.895984" lon="116.646255">
        <time>2020-12-13T10:49:00Z</time>
      </trkpt>
      <trkpt lat="39.895986" lon="116.646236">
        <time>2020-12-13T10:49:05Z</time>
      </trkpt>
      <trkpt lat="39.895988" lon="116.646217">
        <time>2020-12-13T10:49:10Z</time>
      </trkpt>
      <trkpt lat="39.89599" lon="116.646198">
        <time>2020-12-13T10:49:15Z</time>
      </trkpt>
      <trkpt lat="39.895992" lon="116.646179">
        <time>2020-12-13T10:49:20Z</time>
      </trkpt>
      <trkpt lat="39.895994" lon="116.64616">
        <time>2020-12-13T10:49:25Z</time>
      </trkpt>
      <trkpt lat="39.895996" lon="116.646141">
        <time>2020-12-13T10:49:30Z</time>
      </trkpt>
      <trkpt lat="39.895998" lon="116.646122">
        <time>2020-12-13T10:49:35Z</time>
      </trkpt>
      <trkpt lat="39.896" lon="116.646103">
        <time>2020-12-13T10:49:40Z</time>
      </trkpt>
      <trkpt lat="39.896002" lon="116.646084">
        <time>2020-12-13T10:49:45Z</time>
      </trkpt>
      <trkpt lat="39.896004" lon="116.646065">
        <time>2020-12-13T10:49:50Z</time>
      </trkpt>
      <trkpt lat="39.896006" lon="116.646046">
        <time>2020-12-13T10:49:55Z</time>
      </trkpt>
      <trkpt lat="39.896008" lon="116.646027">
        <time>2020-12-13T10:50:00Z</time>
      </trkpt>
      <trkpt lat="39.89601" lon="116.646008">
        <time>2020-12-13T10:50:05Z</time>
      </trkpt>
      <trkpt lat="39.896012" lon="116.645989">
        <time>2020-12-13T10:50:10Z</time>
      </trkpt>
      <trkpt lat="39.896014" lon="116.64597">
        <time>2020-12-13T10:50:15Z</time>
      </trkpt>
      <trkpt lat="39.896016" lon="116.645951">
        <time>2020-12-13T10:50:20Z</time>
      </trkpt>
      <trkpt lat="39.896018" lon="116.645932">
        <time>2020-12-13T10:50:25Z</time>
      </trkpt>
      <trkpt lat="39.89602" lon="116.645913">
        <time>2020-12-13T10:50:30Z</time>
      </trkpt>
      <trkpt lat="39.896022" lon="116.645894">
        <time>2020-12-13T10:50:35Z</time>
      </trkpt>
      <trkpt lat="39.896024" lon="116.645875">
        <time>2020-12-13T10:50:40Z</time>
      </trkpt>
      <trkpt lat="39.896026" lon="116.645856">
        <time>2020-12-13T10:50:45Z</time>
      </trkpt>
      <trkpt lat="39.896028" lon="116.645837">
        <time>2020-12-13T10:50:50Z</time>
      </trkpt>
      <trkpt lat="39.89603" lon="116.645818">
        <time>2020-12-13T10:50:55Z</time>
      </trkpt>
      <trkpt lat="39.896032" lon="116.645799">
        <time>2020-12-13T10:51:00Z</time>
      </trkpt>
      <trkpt lat="39.896034" lon="116.64578">
        <time>2020-12-13T10:51:05Z</time>
      </trkpt>
      <trkpt lat="39.896036" lon="116.645761">
        <time>2020-12-13T10:51:10Z</time>
      </trkpt>
      <trkpt lat="39.896038" lon="116.645742">
        <time>2020-12-13T10:51:15Z</time>
      </trkpt>
      <trkpt lat="39.89604" lon="116.645723">
        <time>2020-12-13T10:51:20Z</time>
      </trkpt>
      <trkpt lat="39.896042" lon="116.645704">
        <time>2020-12-13T10:51:25Z</time>
      </trkpt>
      <trkpt lat="39.896044" lon="116.645685">
        <time>2020-12-13T10:51:30Z</time>
      </trkpt>
      <trkpt lat="39.896046" lon="116.645666">
        <time>2020-12-13T10:51:35Z</time>
      </trkpt>
      <trkpt lat="39.896048" lon="116.645647">
        <time>2020-12-13T10:51:40Z</time>
      </trkpt>
      <trkpt lat="39.89605" lon="116.645628">
        <time>2020-12-13T10:51:45Z</time>
      </trkpt>
      <trkpt lat="39.896052" lon="116.645609">
        <time>2020-12-13T10:51:50Z</time>
      </trkpt>
      <trkpt lat="39.896054" lon="116.64559">
        <time>2020-12-13T10:51:55Z</time>
      </trkpt>
      <trkpt lat="39.896056" lon="116.645571">
        <time>2020-12-13T10:52:00Z</time>
      </trkpt>
      <trkpt lat="39.896058" lon="116.645552">
        <time>2020-12-13T10:52:05Z</time>
      </trkpt>
      <trkpt lat="39.89606" lon="116.645533">
        <time>2020-12-13T10:52:10Z</time>
      </trkpt>
      <trkpt lat="39.896062" lon="116.645514">
        <time>2020-12-13T10:52:15Z</time>
      </trkpt>
      <trkpt lat="39.896064" lon="116.645495">
        <time>2020-12-13T10:52:20Z</time>
      </trkpt>
      <trkpt lat="39.896066" lon="116.645476">
        <time>2020-12-13T10:52:25Z</time>
      </trkpt>
      <trkpt lat="39.896068" lon="116.645457">
        <time>2020-12-13T10:52:30Z</time>
      </trkpt>
      <trkpt lat="39.89607" lon="116.645438">
        <time>2020-12-13T10:52:35Z</time>
      </trkpt>
      <trkpt lat="39.896072" lon="116.645419">
        <time>2020-12-13T10:52:40Z</time>
      </trkpt>
      <trkpt lat="39.896074" lon="116.6454">
        <time>2020-12-13T10:52:45Z</time>
      </trkpt>
      <trkpt lat="39.896076" lon="116.645381">
        <time>2020-12-13T10:52:50Z</time>
      </trkpt>
      <trkpt lat="39.896078" lon="116.645362">
        <time>2020-12-13T10:52:55Z</time>
      </trkpt>
      <trkpt lat="39.89608" lon="116.645343">
        <time>2020-12-13T10:53:00Z</time>
      </trkpt>
      <trkpt lat="39.896082" lon="116.645324">
        <time>2020-12-13T10:53:05Z</time>
      </trkpt>
      <trkpt lat="39.896084" lon="116.645305">
        <time>2020-12-13T10:53:10Z</time>
      </trkpt>
      <trkpt lat="39.896086" lon="116.645286">
        <time>2020-12-13T10:53:15Z</time>
      </trkpt>
      <trkpt lat="39.896088" lon="116.645267">
        <time>2020-12-13T10:53:20Z</time>
      </trkpt>
      <trkpt lat="39.89609" lon="116.645248">
        <time>2020-12-13T10:53:25Z</time>
      </trkpt>
      <trkpt lat="39.896092" lon="116.645229">
        <time>2020-12-13T10:53:30Z</time>
      </trkpt>
      <trkpt lat="39.896094" lon="116.64521">
        <time>2020-12-13T10:53:35Z</time>
      </trkpt>
      <trkpt lat="39.896096" lon="116.645191">
        <time>2020-12-13T10:53:40Z</time>
      </trkpt>
      <trkpt lat="39.896098" lon="116.645172">
        <time>2020-12-13T10:53:45Z</time>
      </trkpt>
      <trkpt lat="39.8961" lon="116.645153">
        <time>2020-12-13T10:53:50Z</time>
      </trkpt>
      <trkpt lat="39.896102" lon="116.645134">
        <time>2020-12-13T10:53:55Z</time>
      </trkpt>
      <trkpt lat="39.896104" lon="116.645115">
        <time>2020-12-13T10:54:00Z</time>
      </trkpt>
      <trkpt lat="39.896106" lon="116.645096">
        <time>2020-12-13T10:54:05Z</time>
      </trkpt>
      <trkpt lat="39.896108" lon="116.645077">
        <time>2020-12-13T10:54:10Z</time>
      </trkpt>
      <trkpt lat="39.89611" lon="116.645058">
        <time>2020-12-13T10:54:15Z</time>
      </trkpt>
      <trkpt lat="39.896112" lon="116.645039">
        <time>2020-12-13T10:54:20Z</time>
      </trkpt>
      <trkpt lat="39.896114" lon="116.64502">
        <time>2020-12-13T10:54:25Z</time>
      </trkpt>
      <trkpt lat="39.896116" lon="116.645001">
        <time>2020-12-13T10:54:30Z</time>
      </trkpt>
      <trkpt lat="39.896118" lon="116.644982">
        <time>2020-12-13T10:54:35Z</time>
      </trkpt>
      <trkpt lat="39.89612" lon="116.644963">
        <time>2020-12-13T10:54:40Z</time>
      </trkpt>
      <trkpt lat="39.896122" lon="116.644944">
        <time>2020-12-13T10:54:45Z</time>
      </trkpt>
      <trkpt lat="39.896124" lon="116.644925">
        <time>2020-12-13T10:54:50Z</time>
      </trkpt>
      <trkpt lat="39.896126" lon="116.644906">
        <time>2020-12-13T10:54:55Z</time>
      </trkpt>
      <trkpt lat="39.896128" lon="116.644887">
        <time>2020-12-13T10:55:00Z</time>
      </trkpt>
      <trkpt lat="39.89613" lon="116.644868">
        <time>2020-12-13T10:55:05Z</time>
      </trkpt>
      <trkpt lat="39.896132" lon="116.644849">
        <time>2020-12-13T10:55:10Z</time>
      </trkpt>
      <trkpt lat="39.896134" lon="116.64483">
        <time>2020-12-13T10:55:15Z</time>
      </trkpt>
      <trkpt lat="39.896136" lon="116.644811">
        <time>2020-12-13T10:55:20Z</time>
      </trkpt>
      <trkpt lat="39.896138" lon="116.644792">
        <time>2020-12-13T10:55:25Z</time>
      </trkpt>
      <trkpt lat="39.89614" lon="116.644773">
        <time>2020-12-13T10:55:30Z</time>
      </trkpt>
      <trkpt lat="39.896142" lon="116.644754">
        <time>2020-12-13T10:55:35Z</time>
      </trkpt>
      <trkpt lat="39.896144" lon="116.644735">
        <time>2020-12-13T10:55:40Z</time>
      </trkpt>
      <trkpt lat="39.896146" lon="116.644716">
        <time>2020-12-13T10:55:45Z</time>
      </trkpt>
      <trkpt lat="39.896148" lon="116.644697">
        <time>2020-12-13T10:55:50Z</time>
      </trkpt>
      <trkpt lat="39.89615" lon="116.644678">
        <time>2020-12-13T10:55:55Z</time>
      </trkpt>
      <trkpt lat="39.896152" lon="116.644659">
        <time>2020-12-13T10:56:00Z</time>
      </trkpt>
      <trkpt lat="39.896154" lon="116.64464">
        <time>2020-12-13T10:56:05Z</time>
      </trkpt>
      <trkpt lat="39.896156" lon="116.644621">
        <time>2020-12-13T10:56:10Z</time>
      </trkpt>
      <trkpt lat="39.896158" lon="116.644602">
        <time>2020-12-13T10:56:15Z</time>
      </trkpt>
      <trkpt lat="39.89616" lon="116.644583">
        <time>2020-12-13T10:56:20Z</time>
      </trkpt>
      <trkpt lat="39.896162" lon="116.644564">
        <time>2020-12-13T10:56:25Z</time>
      </trkpt>
      <trkpt lat="39.896164" lon="116.644545">
        <time>2020-12-13T10:56:30Z</time>
      </trkpt>
      <trkpt lat="39.896166" lon="116.644526">
        <time>2020-12-13T10:56:35Z</time>
      </trkpt>
      <trkpt lat="39.896168" lon="116.644507">
        <time>2020-12-13T10:56:40Z</time>
      </trkpt>
      <trkpt lat="39.89617" lon="116.644488">
        <time>2020-12-13T10:56:45Z</time>
      </trkpt>
      <trkpt lat="39.896172" lon="116.644469">
        <time>2020-12-13T10:56:50Z</time>
      </trkpt>
      <trkpt lat="39.896174" lon="116.64445">
        <time>2020-12-13T10:56:55Z</time>
      </trkpt>
      <trkpt lat="39.896176" lon="116.644431">
        <time>2020-12-13T10:57:00Z</time>
      </trkpt>
      <trkpt lat="39.896178" lon="116.644412">
        <time>2020-12-13T10:57:05Z</time>
      </trkpt>
      <trkpt lat="39.89618" lon="116.644393">
        <time>2020-12-13T10:57:10Z</time>
      </trkpt>
      <trkpt lat="39.896182" lon="116.644374">
        <time>2020-12-13T10:57:15Z</time>
      </trkpt>
      <trkpt lat="39.896184" lon="116.644355">
        <time>2020-12-13T10:57:20Z</time>
      </trkpt>
      <trkpt lat="39.896186" lon="116.644336">
        <time>2020-12-13T10:57:25Z</time>
      </trkpt>
      <trkpt lat="39.896188" lon="116.644317">
        <time>2020-12-13T10:57:30Z</time>
      </trkpt>
      <trkpt lat="39.89619" lon="116.644298">
        <time>2020-12-13T10:57:35Z</time>
      </trkpt>
      <trkpt lat="39.896192" lon="116.644279">
        <time>2020-12-13T10:57:40Z</time>
      </trkpt>
      <trkpt lat="39.896194" lon="116.64426">
        <time>2020-12-13T10:57:45Z</time>
      </trkpt>
      <trkpt lat="39.896196" lon="116.644241">
        <time>2020-12-13T10:57:50Z</time>
      </trkpt>
      <trkpt lat="39.896198" lon="116.644222">
        <time>2020-12-13T10:57:55Z</time>
      </trkpt>
      <trkpt lat="39.8962" lon="116.644203">
        <time>2020-12-13T10:58:00Z</time>
      </trkpt>
      <trkpt lat="39.896202" lon="116.644184">
        <time>2020-12-13T10:58:05Z</time>
      </trkpt>
      <trkpt lat="39.896204" lon="116.644165">
        <time>2020-12-13T10:58:10Z</time>
      </trkpt>
      <trkpt lat="39.896206" lon="116.644146">
        <time>2020-12-13T10:58:15Z</time>
      </trkpt>
      <trkpt lat="39.896208" lon="116.644127">
        <time>2020-12-13T10:58:20Z</time>
      </trkpt>
      <trkpt lat="39.89621" lon="116.644108">
        <time>2020-12-13T10:58:25Z</time>
      </trkpt>
      <trkpt lat="39.896212" lon="116.644089">
        <time>2020-12-13T10:58:30Z</time>
      </trkpt>
      <trkpt lat="39.896214" lon="116.64407">
        <time>2020-12-13T10:58:35Z</time>
      </trkpt>
      <trkpt lat="39.896216" lon="116.644051">
        <time>2020-12-13T10:58:40Z</time>
      </trkpt>
      <trkpt lat="39.896218" lon="116.644032">
        <time>2020-12-13T10:58:45Z</time>
      </trkpt>
      <trkpt lat="39.89622" lon="116.644013">
        <time>2020-12-13T10:58:50Z</time>
      </trkpt>
      <trkpt lat="39.896222" lon="116.643994">
        <time>2020-12-13T10:58:55Z</time>
      </trkpt>
      <trkpt lat="39.896224" lon="116.643975">
        <time>2020-12-13T10:59:00Z</time>
      </trkpt>
      <trkpt lat="39.896226" lon="116.643956">
        <time>2020-12-13T10:59:05Z</time>
      </trkpt>
      <trkpt lat="39.896228" lon="116.643937">
        <time>2020-12-13T10:59:10Z</time>
      </trkpt>
      <trkpt lat="39.89623" lon="116.643918">
        <time>2020-12-13T10:59:15Z</time>
      </trkpt>
      <trkpt lat="39.896232" lon="116.643899">
        <time>2020-12-13T10:59:20Z</time>
      </trkpt>
      <trkpt lat="39.896234" lon="116.64388">
        <time>2020-12-13T10:59:25Z</time>
      </trkpt>
      <trkpt lat="39.896236" lon="116.643861">
        <time>2020-12-13T10:59:30Z</time>
      </trkpt>
      <trkpt lat="39.896238" lon="116.643842">
        <time>2020-12-13T10:59:35Z</time>
      </trkpt>
      <trkpt lat="39.89624" lon="116.643823">
        <time>2020-12-13T10:59:40Z</time>
      </trkpt>
      <trkpt lat="39.896242" lon="116.643804">
        <time>2020-12-13T10:59:45Z</time>
      </trkpt>
      <trkpt lat="39.896244" lon="116.643785">
        <time>2020-12-13T10:59:50Z</time>
      </trkpt>
      <trkpt lat="39.896246" lon="116.643766">
        <time>2020-12-13T10:59:55Z</time>
      </trkpt>
      <trkpt lat="39.896248" lon="116.643747">
        <time>2020-12-13T11:00:00Z</time>
      </trkpt>
      <trkpt lat="39.89625" lon="116.643728">
        <time>2020-12-13T11:00:05Z</time>
      </trkpt>
      <trkpt lat="39.896252" lon="116.643709">
        <time>2020-12-13T11:00:10Z</time>
      </trkpt>
      <trkpt lat="39.896254" lon="116.64369">
        <time>2020-12-13T11:00:15Z</time>
      </trkpt>
      <trkpt lat="39.896256" lon="116.643671">
        <time>2020-12-13T11:00:20Z</time>
      </trkpt>
      <trkpt lat="39.896258" lon="116.643652">
        <time>2020-12-13T11:00:25Z</time>
      </trkpt>
      <trkpt lat="39.89626" lon="116.643633">
        <time>2020-12-13T11:00:30Z</time>
      </trkpt>
      <trkpt lat="39.896262" lon="116.643614">
        <time>2020-12-13T11:00:35Z</time>
      </trkpt>
      <trkpt lat="39.896264" lon="116.643595">
        <time>2020-12-13T11:00:40Z</time>
      </trkpt>
      <trkpt lat="39.896266" lon="116.643576">
        <time>2020-12-13T11:00:45Z</time>
      </trkpt>
      <trkpt lat="39.896268" lon="116.643557">
        <time>2020-12-13T11:00:50Z</time>
      </trkpt>
      <trkpt lat="39.89627" lon="116.643538">
        <time>2020-12-13T11:00:55Z</time>
      </trkpt>
      <trkpt lat="39.896272" lon="116.643519">
        <time>2020-12-13T11:01:00Z</time>
      </trkpt>
      <trkpt lat="39.896274" lon="116.6435">
        <time>2020-12-13T11:01:05Z</time>
      </trkpt>
      <trkpt lat="39.896276" lon="116.643481">
        <time>2020-12-13T11:01:10Z</time>
      </trkpt>
      <trkpt lat="39.896278" lon="116.643462">
        <time>2020-12-13T11:01:15Z</time>
      </trkpt>
      <trkpt lat="39.89628" lon="116.643443">
        <time>2020-12-13T11:01:20Z</time>
      </trkpt>
      <trkpt lat="39.896282" lon="116.643424">
        <time>2020-12-13T11:01:25Z</time>
      </trkpt>
      <trkpt lat="39.896284" lon="116.643405">
        <time>2020-12-13T11:01:30Z</time>
      </trkpt>
      <trkpt lat="39.896286" lon="116.643386">
        <time>2020-12-13T11:01:35Z</time>
      </trkpt>
      <trkpt lat="39.896288" lon="116.643367">
        <time>2020-12-13T11:01:40Z</time>
      </trkpt>
      <trkpt lat="39.89629" lon="116.643348">
        <time>2020-12-13T11:01:45Z</time>
      </trkpt>
      <trkpt lat="39.896292" lon="116.643329">
        <time>2020-12-13T11:01:50Z</time>
      </trkpt>
      <trkpt lat="39.896294" lon="116.64331">
        <time>2020-12-13T11:01:55Z</time>
      </trkpt>
      <trkpt lat="39.896296" lon="116.643291">
        <time>2020-12-13T11:02:00Z</time>
      </trkpt>
      <trkpt lat="39.896298" lon="116.643272">
        <time>2020-12-13T11:02:05Z</time>
      </trkpt>
      <trkpt lat="39.8963" lon="116.643253">
        <time>2020-12-13T11:02:10Z</time>
      </trkpt>
      <trkpt lat="39.896302" lon="116.643234">
        <time>2020-12-13T11:02:15Z</time>
      </trkpt>
      <trkpt lat="39.896304" lon="116.643215">
        <time>2020-12-13T11:02:20Z</time>
      </trkpt>
      <trkpt lat="39.896306" lon="116.643196">
        <time>2020-12-13T11:02:25Z</time>
      </trkpt>
      <trkpt lat="39.896308" lon="116.643177">
        <time>2020-12-13T11:02:30Z</time>
      </trkpt>
      <trkpt lat="39.89631" lon="116.643158">
        <time>2020-12-13T11:02:35Z</time>
      </trkpt>
      <trkpt lat="39.896312" lon="116.643139">
        <time>2020-12-13T11:02:40Z</time>
      </trkpt>
      <trkpt lat="39.896314" lon="116.64312">
        <time>2020-12-13T11:02:45Z</time>
      </trkpt>
      <trkpt lat="39.896316" lon="116.643101">
        <time>2020-12-13T11:02:50Z</time>
      </trkpt>
      <trkpt lat="39.896318" lon="116.643082">
        <time>2020-12-13T11:02:55Z</time>
      </trkpt>
      <trkpt lat="39.89632" lon="116.643063">
        <time>2020-12-13T11:03:00Z</time>
      </trkpt>
      <trkpt lat="39.896322" lon="116.643044">
        <time>2020-12-13T11:03:05Z</time>
      </trkpt>
      <trkpt lat="39.896324" lon="116.643025">
        <time>2020-12-13T11:03:10Z</time>
      </trkpt>
      <trkpt lat="39.896326" lon="116.643006">
        <time>2020-12-13T11:03:15Z</time>
      </trkpt>
      <trkpt lat="39.896328" lon="116.642987">
        <time>2020-12-13T11:03:20Z</time>
      </trkpt>
      <trkpt lat="39.89633" lon="116.642968">
        <time>2020-12-13T11:03:25Z</time>
      </trkpt>
      <trkpt lat="39.896332" lon="116.642949">
        <time>2020-12-13T11:03:30Z</time>
      </trkpt>
      <trkpt lat="39.896334" lon="116.64293">
        <time>2020-12-13T11:03:35Z</time>
      </trkpt>
      <trkpt lat="39.896336" lon="116.642911">
        <time>2020-12-13T11:03:40Z</time>
      </trkpt>
      <trkpt lat="39.896338" lon="116.642892">
        <time>2020-12-13T11:03:45Z</time>
      </trkpt>
      <trkpt lat="39.89634" lon="116.642873">
        <time>2020-12-13T11:03:50Z</time>
      </trkpt>
      <trkpt lat="39.896342" lon="116.642854">
        <time>2020-12-13T11:03:55Z</time>
      </trkpt>
      <trkpt lat="39.896344" lon="116.642835">
        <time>2020-12-13T11:04:00Z</time>
      </trkpt>
      <trkpt lat="39.896346" lon="116.642816">
        <time>2020-12-13T11:04:05Z</time>
      </trkpt>
      <trkpt lat="39.896348" lon="116.642797">
        <time>2020-12-13T11:04:10Z</time>
      </trkpt>
      <trkpt lat="39.89635" lon="116.642778">
        <time>2020-12-13T11:04:15Z</time>
      </trkpt>
      <trkpt lat="39.896352" lon="116.642759">
        <time>2020-12-13T11:04:20Z</time>
      </trkpt>
      <trkpt lat="39.896354" lon="116.64274">
        <time>2020-12-13T11:04:25Z</time>
      </trkpt>
      <trkpt lat="39.896356" lon="116.642721">
        <time>2020-12-13T11:04:30Z</time>
      </trkpt>
      <trkpt lat="39.896358" lon="116.642702">
        <time>2020-12-13T11:04:35Z</time>
      </trkpt>
      <trkpt lat="39.89636" lon="116.642683">
        <time>2020-12-13T11:04:40Z</time>
      </trkpt>
      <trkpt lat="39.896362" lon="116.642664">
        <time>2020-12-13T11:04:45Z</time>
      </trkpt>
      <trkpt lat="39.896364" lon="116.642645">
        <time>2020-12-13T11:04:50Z</time>
      </trkpt>
      <trkpt lat="39.896366" lon="116.642626">
        <time>2020-12-13T11:04:55Z</time>
      </trkpt>
      <trkpt lat="39.896368" lon="116.642607">
        <time>2020-12-13T11:05:00Z</time>
      </trkpt>
      <trkpt lat="39.89637" lon="116.642588">
        <time>2020-12-13T11:05:05Z</time>
      </trkpt>
      <trkpt lat="39.896372" lon="116.642569">
        <time>2020-12-13T11:05:10Z</time>
      </trkpt>
      <trkpt lat="39.896374" lon="116.64255">
        <time>2020-12-13T11:05:15Z</time>
      </trkpt>
      <trkpt lat="39.896376" lon="116.642531">
        <time>2020-12-13T11:05:20Z</time>
      </trkpt>
      <trkpt lat="39.896378" lon="116.642512">
        <time>2020-12-13T11:05:25Z</time>
      </trkpt>
      <trkpt lat="39.89638" lon="116.642493">
        <time>2020-12-13T11:05:30Z</time>
      </trkpt>
      <trkpt lat="39.896382" lon="116.642474">
        <time>2020-12-13T11:05:35Z</time>
      </trkpt>
      <trkpt lat="39.896384" lon="116.642455">
        <time>2020-12-13T11:05:40Z</time>
      </trkpt>
      <trkpt lat="39.896386" lon="116.642436">
        <time>2020-12-13T11:05:45Z</time>
      </trkpt>
      <trkpt lat="39.896388" lon="116.642417">
        <time>2020-12-13T11:05:50Z</time>
      </trkpt>
      <trkpt lat="39.89639" lon="116.642398">
        <time>2020-12-13T11:05:55Z</time>
      </trkpt>
      <trkpt lat="39.896392" lon="116.642379">
        <time>2020-12-13T11:06:00Z</time>
      </trkpt>
      <trkpt lat="39.896394" lon="116.64236">
        <time>2020-12-13T11:06:05Z</time>
      </trkpt>
      <trkpt lat="39.896396" lon="116.642341">
        <time>2020-12-13T11:06:10Z</time>
      </trkpt>
      <trkpt lat="39.896398" lon="116.642322">
        <time>2020-12-13T11:06:15Z</time>
      </trkpt>
      <trkpt lat="39.8964" lon="116.642303">
        <time>2020-12-13T11:06:20Z</time>
      </trkpt>
      <trkpt lat="39.896402" lon="116.642284">
        <time>2020-12-13T11:06:25Z</time>
      </trkpt>
      <trkpt lat="39.896404" lon="116.642265">
        <time>2020-12-13T11:06:30Z</time>
      </trkpt>
      <trkpt lat="39.896406" lon="116.642246">
        <time>2020-12-13T11:06:35Z</time>
      </trkpt>
      <trkpt lat="39.896408" lon="116.642227">
        <time>2020-12-13T11:06:40Z</time>
      </trkpt>
      <trkpt lat="39.89641" lon="116.642208">
        <time>2020-12-13T11:06:45Z</time>
      </trkpt>
      <trkpt lat="39.896412" lon="116.642189">
        <time>2020-12-13T11:06:50Z</time>
      </trkpt>
      <trkpt lat="39.896414" lon="116.64217">
        <time>2020-12-13T11:06:55Z</time>
      </trkpt>
      <trkpt lat="39.896416" lon="116.642151">
        <time>2020-12-13T11:07:00Z</time>
      </trkpt>
      <trkpt lat="39.896418" lon="116.642132">
        <time>2020-12-13T11:07:05Z</time>
      </trkpt>
      <trkpt lat="39.89642" lon="116.642113">
        <time>2020-12-13T11:07:10Z</time>
      </trkpt>
      <trkpt lat="39.896422" lon="116.642094">
        <time>2020-12-13T11:07:15Z</time>
      </trkpt>
      <trkpt lat="39.896424" lon="116.642075">
        <time>2020-12-13T11:07:20Z</time>
      </trkpt>
      <trkpt lat="39.896426" lon="116.642056">
        <time>2020-12-13T11:07:25Z</time>
      </trkpt>
      <trkpt lat="39.896428" lon="116.642037">
        <time>2020-12-13T11:07:30Z</time>
      </trkpt>
      <trkpt lat="39.89643" lon="116.642018">
        <time>2020-12-13T11:07:35Z</time>
      </trkpt>
      <trkpt lat="39.896432" lon="116.641999">
        <time>2020-12-13T11:07:40Z</time>
      </trkpt>
      <trkpt lat="39.896434" lon="116.64198">
        <time>2020-12-13T11:07:45Z</time>
      </trkpt>
      <trkpt lat="39.896436" lon="116.641961">
        <time>2020-12-13T11:07:50Z</time>
      </trkpt>
      <trkpt lat="39.896438" lon="116.641942">
        <time>2020-12-13T11:07:55Z</time>
      </trkpt>
      <trkpt lat="39.89644" lon="116.641923">
        <time>2020-12-13T11:08:00Z</time>
      </trkpt>
      <trkpt lat="39.896442" lon="116.641904">
        <time>2020-12-13T11:08:05Z</time>
      </trkpt>
      <trkpt lat="39.896444" lon="116.641885">
        <time>2020-12-13T11:08:10Z</time>
      </trkpt>
      <trkpt lat="39.896446" lon="116.641866">
        <time>2020-12-13T11:08:15Z</time>
      </trkpt>
      <trkpt lat="39.896448" lon="116.641847">
        <time>2020-12-13T11:08:20Z</time>
      </trkpt>
      <trkpt lat="39.89645" lon="116.641828">
        <time>2020-12-13T11:08:25Z</time>
      </trkpt>
      <trkpt lat="39.896452" lon="116.641809">
        <time>2020-12-13T11:08:30Z</time>
      </trkpt>
      <trkpt lat="39.896454" lon="116.64179">
        <time>2020-12-13T11:08:35Z</time>
      </trkpt>
      <trkpt lat="39.896456" lon="116.641771">
        <time>2020-12-13T11:08:40Z</time>
      </trkpt>
      <trkpt lat="39.896458" lon="116.641752">
        <time>2020-12-13T11:08:45Z</time>
      </trkpt>
      <trkpt lat="39.89646" lon="116.641733">
        <time>2020-12-13T11:08:50Z</time>
      </trkpt>
      <trkpt lat="39.896462" lon="116.641714">
        <time>2020-12-13T11:08:55Z</time>
      </trkpt>
      <trkpt lat="39.896464" lon="116.641695">
        <time>2020-12-13T11:09:00Z</time>
      </trkpt>
      <trkpt lat="39.896466" lon="116.641676">
        <time>2020-12-13T11:09:05Z</time>
      </trkpt>
      <trkpt lat="39.896468" lon="116.641657">
        <time>2020-12-13T11:09:10Z</time>
      </trkpt>
      <trkpt lat="39.89647" lon="116.641638">
        <time>2020-12-13T11:09:15Z</time>
      </trkpt>
      <trkpt lat="39.896472" lon="116.641619">
        <time>2020-12-13T11:09:20Z</time>
      </trkpt>
      <trkpt lat="39.896474" lon="116.6416">
        <time>2020-12-13T11:09:25Z</time>
      </trkpt>
      <trkpt lat="39.896476" lon="116.641581">
        <time>2020-12-13T11:09:30Z</time>
      </trkpt>
      <trkpt lat="39.896478" lon="116.641562">
        <time>2020-12-13T11:09:35Z</time>
      </trkpt>
      <trkpt lat="39.89648" lon="116.641543">
        <time>2020-12-13T11:09:40Z</time>
      </trkpt>
      <trkpt lat="39.896482" lon="116.641524">
        <time>2020-12-13T11:09:45Z</time>
      </trkpt>
      <trkpt lat="39.896484" lon="116.641505">
        <time>2020-12-13T11:09:50Z</time>
      </trkpt>
      <trkpt lat="39.896486" lon="116.641486">
        <time>2020-12-13T11:09:55Z</time>
      </trkpt>
      <trkpt lat="39.896488" lon="116.641467">
        <time>2020-12-13T11:10:00Z</time>
      </trkpt>
      <trkpt lat="39.89649" lon="116.641448">
        <time>2020-12-13T11:10:05Z</time>
      </trkpt>
      <trkpt lat="39.896492" lon="116.641429">
        <time>2020-12-13T11:10:10Z</time>
      </trkpt>
      <trkpt lat="39.896494" lon="116.64141">
        <time>2020-12-13T11:10:15Z</time>
      </trkpt>
      <trkpt lat="39.896496" lon="116.641391">
        <time>2020-12-13T11:10:20Z</time>
      </trkpt>
      <trkpt lat="39.896498" lon="116.641372">
        <time>2020-12-13T11:10:25Z</time>
      </trkpt>
      <trkpt lat="39.8965" lon="116.641353">
        <time>2020-12-13T11:10:30Z</time>
      </trkpt>
      <trkpt lat="39.896502" lon="116.641334">
        <time>2020-12-13T11:10:35Z</time>
      </trkpt>
      <trkpt lat="39.896504" lon="116.641315">
        <time>2020-12-13T11:10:40Z</time>
      </trkpt>
      <trkpt lat="39.896506" lon="116.641296">
        <time>2020-12-13T11:10:45Z</time>
      </trkpt>
      <trkpt lat="39.896508" lon="116.641277">
        <time>2020-12-13T11:10:50Z</time>
      </trkpt>
      <trkpt lat="39.89651" lon="116.641258">
        <time>2020-12-13T11:10:55Z</time>
      </trkpt>
      <trkpt lat="39.896512" lon="116.641239">
        <time>2020-12-13T11:11:00Z</time>
      </trkpt>
      <trkpt lat="39.896514" lon="116.64122">
        <time>2020-12-13T11:11:05Z</time>
      </trkpt>
      <trkpt lat="39.896516" lon="116.641201">
        <time>2020-12-13T11:11:10Z</time>
      </trkpt>
      <trkpt lat="39.896518" lon="116.641182">
        <time>2020-12-13T11:11:15Z</time>
      </trkpt>
      <trkpt lat="39.89652" lon="116.641163">
        <time>2020-12-13T11:11:20Z</time>
      </trkpt>
      <trkpt lat="39.896522" lon="116.641144">
        <time>2020-12-13T11:11:25Z</time>
      </trkpt>
      <trkpt lat="39.896524" lon="116.641125">
        <time>2020-12-13T11:11:30Z</time>
      </trkpt>
      <trkpt lat="39.896526" lon="116.641106">
        <time>2020-12-13T11:11:35Z</time>
      </trkpt>
      <trkpt lat="39.896528" lon="116.641087">
        <time>2020-12-13T11:11:40Z</time>
      </trkpt>
      <trkpt lat="39.89653" lon="116.641068">
        <time>2020-12-13T11:11:45Z</time>
      </trkpt>
      <trkpt lat="39.896532" lon="116.641049">
        <time>2020-12-13T11:11:50Z</time>
      </trkpt>
      <trkpt lat="39.896534" lon="116.64103">
        <time>2020-12-13T11:11:55Z</time>
      </trkpt>
      <trkpt lat="39.896536" lon="116.641011">
        <time>2020-12-13T11:12:00Z</time>
      </trkpt>
      <trkpt lat="39.896538" lon="116.640992">
        <time>2020-12-13T11:12:05Z</time>
      </trkpt>
      <trkpt lat="39.89654" lon="116.640973">
        <time>2020-12-13T11:12:10Z</time>
      </trkpt>
      <trkpt lat="39.896542" lon="116.640954">
        <time>2020-12-13T11:12:15Z</time>
      </trkpt>
      <trkpt lat="39.896544" lon="116.640935">
        <time>2020-12-13T11:12:20Z</time>
      </trkpt>
      <trkpt lat="39.896546" lon="116.640916">
        <time>2020-12-13T11:12:25Z</time>
      </trkpt>
      <trkpt lat="39.896548" lon="116.640897">
        <time>2020-12-13T11:12:30Z</time>
      </trkpt>
      <trkpt lat="39.89655" lon="116.640878">
        <time>2020-12-13T11:12:35Z</time>
      </trkpt>
      <trkpt lat="39.896552" lon="116.640859">
        <time>2020-12-13T11:12:40Z</time>
      </trkpt>
      <trkpt lat="39.896554" lon="116.64084">
        <time>2020-12-13T11:12:45Z</time>
      </trkpt>
      <trkpt lat="39.896556" lon="116.640821">
        <time>2020-12-13T11:12:50Z</time>
      </trkpt>
      <trkpt lat="39.896558" lon="116.640802">
        <time>2020-12-13T11:12:55Z</time>
      </trkpt>
      <trkpt lat="39.89656" lon="116.640783">
        <time>2020-12-13T11:13:00Z</time>
      </trkpt>
      <trkpt lat="39.896562" lon="116.640764">
        <time>2020-12-13T11:13:05Z</time>
      </trkpt>
      <trkpt lat="39.896564" lon="116.640745">
        <time>2020-12-13T11:13:10Z</time>
      </trkpt>
      <trkpt lat="39.896566" lon="116.640726">
        <time>2020-12-13T11:13:15Z</time>
      </trkpt>
      <trkpt lat="39.896568" lon="116.640707">
        <time>2020-12-13T11:13:20Z</time>
      </trkpt>
      <trkpt lat="39.89657" lon="116.640688">
        <time>2020-12-13T11:13:25Z</time>
      </trkpt>
      <trkpt lat="39.896572" lon="116.640669">
        <time>2020-12-13T11:13:30Z</time>
      </trkpt>
      <trkpt lat="39.896574" lon="116.64065">
        <time>2020-12-13T11:13:35Z</time>
      </trkpt>
      <trkpt lat="39.896576" lon="116.640631">
        <time>2020-12-13T11:13:40Z</time>
      </trkpt>
      <trkpt lat="39.896578" lon="116.640612">
        <time>2020-12-13T11:13:45Z</time>
      </trkpt>
      <trkpt lat="39.89658" lon="116.640593">
        <time>2020-12-13T11:13:50Z</time>
      </trkpt>
      <trkpt lat="39.896582" lon="116.640574">
        <time>2020-12-13T11:13:55Z</time>
      </trkpt>
      <trkpt lat="39.896584" lon="116.640555">
        <time>2020-12-13T11:14:00Z</time>
      </trkpt>
      <trkpt lat="39.896586" lon="116.640536">
        <time>2020-12-13T11:14:05Z</time>
      </trkpt>
      <trkpt lat="39.896588" lon="116.640517">
        <time>2020-12-13T11:14:10Z</time>
      </trkpt>
      <trkpt lat="39.89659" lon="116.640498">
        <time>2020-12-13T11:14:15Z</time>
      </trkpt>
      <trkpt lat="39.896592" lon="116.640479">
        <time>2020-12-13T11:14:20Z</time>
      </trkpt>
      <trkpt lat="39.896594" lon="116.64046">
        <time>2020-12-13T11:14:25Z</time>
      </trkpt>
      <trkpt lat="39.896596" lon="116.640441">
        <time>2020-12-13T11:14:30Z</time>
      </trkpt>
      <trkpt lat="39.896598" lon="116.640422">
        <time>2020-12-13T11:14:35Z</time>
      </trkpt>
      <trkpt lat="39.8966" lon="116.640403">
        <time>2020-12-13T11:14:40Z</time>
      </trkpt>
      <trkpt lat="39.896602" lon="116.640384">
        <time>2020-12-13T11:14:45Z</time>
      </trkpt>
      <trkpt lat="39.896604" lon="116.640365">
        <time>2020-12-13T11:14:50Z</time>
      </trkpt>
      <trkpt lat="39.896606" lon="116.640346">
        <time>2020-12-13T11:14:55Z</time>
      </trkpt>
      <trkpt lat="39.896608" lon="116.640327">
        <time>2020-12-13T11:15:00Z</time>
      </trkpt>
      <trkpt lat="39.89661" lon="116.640308">
        <time>2020-12-13T11:15:05Z</time>
      </trkpt>
      <trkpt lat="39.896612" lon="116.640289">
        <time>2020-12-13T11:15:10Z</time>
      </trkpt>
      <trkpt lat="39.896614" lon="116.64027">
        <time>2020-12-13T11:15:15Z</time>
      </trkpt>
      <trkpt lat="39.896616" lon="116.640251">
        <time>2020-12-13T11:15:20Z</time>
      </trkpt>
      <trkpt lat="39.896618" lon="116.640232">
        <time>2020-12-13T11:15:25Z</time>
      </trkpt>
      <trkpt lat="39.89662" lon="116.640213">
        <time>2020-12-13T11:15:30Z</time>
      </trkpt>
      <trkpt lat="39.896622" lon="116.640194">
        <time>2020-12-13T11:15:35Z</time>
      </trkpt>
      <trkpt lat="39.896624" lon="116.640175">
        <time>2020-12-13T11:15:40Z</time>
      </trkpt>
      <trkpt lat="39.896626" lon="116.640156">
        <time>2020-12-13T11:15:45Z</time>
      </trkpt>
      <trkpt lat="39.896628" lon="116.640137">
        <time>2020-12-13T11:15:50Z</time>
      </trkpt>
      <trkpt lat="39.89663" lon="116.640118">
        <time>2020-12-13T11:15:55Z</time>
      </trkpt>
      <trkpt lat="39.896632" lon="116.640099">
        <time>2020-12-13T11:16:00Z</time>
      </trkpt>
      <trkpt lat="39.896634" lon="116.64008">
        <time>2020-12-13T11:16:05Z</time>
      </trkpt>
      <trkpt lat="39.896636" lon="116.640061">
        <time>2020-12-13T11:16:10Z</time>
      </trkpt>
      <trkpt lat="39.896638" lon="116.640042">
        <time>2020-12-13T11:16:15Z</time>
      </trkpt>
      <trkpt lat="39.89664" lon="116.640023">
        <time>2020-12-13T11:16:20Z</time>
      </trkpt>
      <trkpt lat="39.896642" lon="116.640004">
        <time>2020-12-13T11:16:25Z</time>
      </trkpt>
      <trkpt lat="39.896644" lon="116.639985">
        <time>2020-12-13T11:16:30Z</time>
      </trkpt>
      <trkpt lat="39.896646" lon="116.639966">
        <time>2020-12-13T11:16:35Z</time>
      </trkpt>
      <trkpt lat="39.896648" lon="116.639947">
        <time>2020-12-13T11:16:40Z</time>
      </trkpt>
      <trkpt lat="39.89665" lon="116.639928">
        <time>2020-12-13T11:16:45Z</time>
      </trkpt>
      <trkpt lat="39.896652" lon="116.639909">
        <time>2020-12-13T11:16:50Z</time>
      </trkpt>
      <trkpt lat="39.896654" lon="116.63989">
        <time>2020-12-13T11:16:55Z</time>
      </trkpt>
      <trkpt lat="39.896656" lon="116.639871">
        <time>2020-12-13T11:17:00Z</time>
      </trkpt>
      <trkpt lat="39.896658" lon="116.639852">
        <time>2020-12-13T11:17:05Z</time>
      </trkpt>
      <trkpt lat="39.89666" lon="116.639833">
        <time>2020-12-13T11:17:10Z</time>
      </trkpt>
      <trkpt lat="39.896662" lon="116.639814">
        <time>2020-12-13T11:17:15Z</time>
      </trkpt>
      <trkpt lat="39.896664" lon="116.639795">
        <time>2020-12-13T11:17:20Z</time>
      </trkpt>
      <trkpt lat="39.896666" lon="116.639776">
        <time>2020-12-13T11:17:25Z</time>
      </trkpt>
      <trkpt lat="39.896668" lon="116.639757">
        <time>2020-12-13T11:17:30Z</time>
      </trkpt>
      <trkpt lat="39.89667" lon="116.639738">
        <time>2020-12-13T11:17:35Z</time>
      </trkpt>
      <trkpt lat="39.896672" lon="116.639719">
        <time>2020-12-13T11:17:40Z</time>
      </trkpt>
      <trkpt lat="39.896674" lon="116.6397">
        <time>2020-12-13T11:17:45Z</time>
      </trkpt>
      <trkpt lat="39.896676" lon="116.639681">
        <time>2020-12-13T11:17:50Z</time>
      </trkpt>
      <trkpt lat="39.896678" lon="116.639662">
        <time>2020-12-13T11:17:55Z</time>
      </trkpt>
      <trkpt lat="39.89668" lon="116.639643">
        <time>2020-12-13T11:18:00Z</time>
      </trkpt>
      <trkpt lat="39.896682" lon="116.639624">
        <time>2020-12-13T11:18:05Z</time>
      </trkpt>
      <trkpt lat="39.896684" lon="116.639605">
        <time>2020-12-13T11:18:10Z</time>
      </trkpt>
      <trkpt lat="39.896686" lon="116.639586">
        <time>2020-12-13T11:18:15Z</time>
      </trkpt>
      <trkpt lat="39.896688" lon="116.639567">
        <time>2020-12-13T11:18:20Z</time>
      </trkpt>
      <trkpt lat="39.89669" lon="116.639548">
        <time>2020-12-13T11:18:25Z</time>
      </trkpt>
      <trkpt lat="39.896692" lon="116.639529">
        <time>2020-12-13T11:18:30Z</time>
      </trkpt>
      <trkpt lat="39.896694" lon="116.63951">
        <time>2020-12-13T11:18:35Z</time>
      </trkpt>
      <trkpt lat="39.896696" lon="116.639491">
        <time>2020-12-13T11:18:40Z</time>
      </trkpt>
      <trkpt lat="39.896698" lon="116.639472">
        <time>2020-12-13T11:18:45Z</time>
      </trkpt>
      <trkpt lat="39.8967" lon="116.639453">
        <time>2020-12-13T11:18:50Z</time>
      </trkpt>
      <trkpt lat="39.896702" lon="116.639434">
        <time>2020-12-13T11:18:55Z</time>
      </trkpt>
      <trkpt lat="39.896704" lon="116.639415">
        <time>2020-12-13T11:19:00Z</time>
      </trkpt>
      <trkpt lat="39.896706" lon="116.639396">
        <time>2020-12-13T11:19:05Z</time>
      </trkpt>
      <trkpt lat="39.896708" lon="116.639377">
        <time>2020-12-13T11:19:10Z</time>
      </trkpt>
      <trkpt lat="39.89671" lon="116.639358">
        <time>2020-12-13T11:19:15Z</time>
      </trkpt>
      <trkpt lat="39.896712" lon="116.639339">
        <time>2020-12-13T11:19:20Z</time>
      </trkpt>
      <trkpt lat="39.896714" lon="116.63932">
        <time>2020-12-13T11:19:25Z</time>
      </trkpt>
      <trkpt lat="39.896716" lon="116.639301">
        <time>2020-12-13T11:19:30Z</time>
      </trkpt>
      <trkpt lat="39.896718" lon="116.639282">
        <time>2020-12-13T11:19:35Z</time>
      </trkpt>
      <trkpt lat="39.89672" lon="116.639263">
        <time>2020-12-13T11:19:40Z</time>
      </trkpt>
      <trkpt lat="39.896722" lon="116.639244">
        <time>2020-12-13T11:19:45Z</time>
      </trkpt>
      <trkpt lat="39.896724" lon="116.639225">
        <time>2020-12-13T11:19:50Z</time>
      </trkpt>
      <trkpt lat="39.896726" lon="116.639206">
        <time>2020-12-13T11:19:55Z</time>
      </trkpt>
      <trkpt lat="39.896728" lon="116.639187">
        <time>2020-12-13T11:20:00Z</time>
      </trkpt>
      <trkpt lat="39.89673" lon="116.639168">
        <time>2020-12-13T11:20:05Z</time>
      </trkpt>
      <trkpt lat="39.896732" lon="116.639149">
        <time>2020-12-13T11:20:10Z</time>
      </trkpt>
      <trkpt lat="39.896734" lon="116.63913">
        <time>2020-12-13T11:20:15Z</time>
      </trkpt>
      <trkpt lat="39.896736" lon="116.639111">
        <time>2020-12-13T11:20:20Z</time>
      </trkpt>
      <trkpt lat="39.896738" lon="116.639092">
        <time>2020-12-13T11:20:25Z</time>
      </trkpt>
      <trkpt lat="39.89674" lon="116.639073">
        <time>2020-12-13T11:20:30Z</time>
      </trkpt>
      <trkpt lat="39.896742" lon="116.639054">
        <time>2020-12-13T11:20:35Z</time>
      </trkpt>
      <trkpt lat="39.896744" lon="116.639035">
        <time>2020-12-13T11:20:40Z</time>
      </trkpt>
      <trkpt lat="39.896746" lon="116.639016">
        <time>2020-12-13T11:20:45Z</time>
      </trkpt>
      <trkpt lat="39.896748" lon="116.638997">
        <time>2020-12-13T11:20:50Z</time>
      </trkpt>
      <trkpt lat="39.89675" lon="116.638978">
        <time>2020-12-13T11:20:55Z</time>
      </trkpt>
      <trkpt lat="39.896752" lon="116.638959">
        <time>2020-12-13T11:21:00Z</time>
      </trkpt>
      <trkpt lat="39.896754" lon="116.63894">
        <time>2020-12-13T11:21:05Z</time>
      </trkpt>
      <trkpt lat="39.896756" lon="116.638921">
        <time>2020-12-13T11:21:10Z</time>
      </trkpt>
      <trkpt lat="39.896758" lon="116.638902">
        <time>2020-12-13T11:21:15Z</time>
      </trkpt>
      <trkpt lat="39.89676" lon="116.638883">
        <time>2020-12-13T11:21:20Z</time>
      </trkpt>
      <trkpt lat="39.896762" lon="116.638864">
        <time>2020-12-13T11:21:25Z</time>
      </trkpt>
      <trkpt lat="39.896764" lon="116.638845">
        <time>2020-12-13T11:21:30Z</time>
      </trkpt>
      <trkpt lat="39.896766" lon="116.638826">
        <time>2020-12-13T11:21:35Z</time>
      </trkpt>
      <trkpt lat="39.896768" lon="116.638807">
        <time>2020-12-13T11:21:40Z</time>
      </trkpt>
      <trkpt lat="39.89677" lon="116.638788">
        <time>2020-12-13T11:21:45Z</time>
      </trkpt>
      <trkpt lat="39.896772" lon="116.638769">
        <time>2020-12-13T11:21:50Z</time>
      </trkpt>
      <trkpt lat="39.896774" lon="116.63875">
        <time>2020-12-13T11:21:55Z</time>
      </trkpt>
      <trkpt lat="39.896776" lon="116.638731">
        <time>2020-12-13T11:22:00Z</time>
      </trkpt>
      <trkpt lat="39.896778" lon="116.638712">
        <time>2020-12-13T11:22:05Z</time>
      </trkpt>
      <trkpt lat="39.89678" lon="116.638693">
        <time>2020-12-13T11:22:10Z</time>
      </trkpt>
      <trkpt lat="39.896782" lon="116.638674">
        <time>2020-12-13T11:22:15Z</time>
      </trkpt>
      <trkpt lat="39.896784" lon="116.638655">
        <time>2020-12-13T11:22:20Z</time>
      </trkpt>
      <trkpt lat="39.896786" lon="116.638636">
        <time>2020-12-13T11:22:25Z</time>
      </trkpt>
      <trkpt lat="39.896788" lon="116.638617">
        <time>2020-12-13T11:22:30Z</time>
      </trkpt>
      <trkpt lat="39.89679" lon="116.638598">
        <time>2020-12-13T11:22:35Z</time>
      </trkpt>
      <trkpt lat="39.896792" lon="116.638579">
        <time>2020-12-13T11:22:40Z</time>
      </trkpt>
      <trkpt lat="39.896794" lon="116.63856">
        <time>2020-12-13T11:22:45Z</time>
      </trkpt>
      <trkpt lat="39.896796" lon="116.638541">
        <time>2020-12-13T11:22:50Z</time>
      </trkpt>
      <trkpt lat="39.896798" lon="116.638522">
        <time>2020-12-13T11:22:55Z</time>
      </trkpt>
      <trkpt lat="39.8968" lon="116.638503">
        <time>2020-12-13T11:23:00Z</time>
      </trkpt>
      <trkpt lat="39.896802" lon="116.638484">
        <time>2020-12-13T11:23:05Z</time>
      </trkpt>
      <trkpt lat="39.896804" lon="116.638465">
        <time>2020-12-13T11:23:10Z</time>
      </trkpt>
      <trkpt lat="39.896806" lon="116.638446">
        <time>2020-12-13T11:23:15Z</time>
      </trkpt>
      <trkpt lat="39.896808" lon="116.638427">
        <time>2020-12-13T11:23:20Z</time>
      </trkpt>
      <trkpt lat="39.89681" lon="116.638408">
        <time>2020-12-13T11:23:25Z</time>
      </trkpt>
      <trkpt lat="39.896812" lon="116.638389">
        <time>2020-12-13T11:23:30Z</time>
      </trkpt>
      <trkpt lat="39.896814" lon="116.63837">
        <time>2020-12-13T11:23:35Z</time>
      </trkpt>
      <trkpt lat="39.896816" lon="116.638351">
        <time>2020-12-13T11:23:40Z</time>
      </trkpt>
      <trkpt lat="39.896818" lon="116.638332">
        <time>2020-12-13T11:23:45Z</time>
      </trkpt>
      <trkpt lat="39.89682" lon="116.638313">
        <time>2020-12-13T11:23:50Z</time>
      </trkpt>
      <trkpt lat="39.896822" lon="116.638294">
        <time>2020-12-13T11:23:55Z</time>
      </trkpt>
      <trkpt lat="39.896824" lon="116.638275">
        <time>2020-12-13T11:24:00Z</time>
      </trkpt>
      <trkpt lat="39.896826" lon="116.638256">
        <time>2020-12-13T11:24:05Z</time>
      </trkpt>
      <trkpt lat="39.896828" lon="116.638237">
        <time>2020-12-13T11:24:10Z</time>
      </trkpt>
      <trkpt lat="39.89683" lon="116.638218">
        <time>2020-12-13T11:24:15Z</time>
      </trkpt>
      <trkpt lat="39.896832" lon="116.638199">
        <time>2020-12-13T11:24:20Z</time>
      </trkpt>
      <trkpt lat="39.896834" lon="116.63818">
        <time>2020-12-13T11:24:25Z</time>
      </trkpt>
      <trkpt lat="39.896836" lon="116.638161">
        <time>2020-12-13T11:24:30Z</time>
      </trkpt>
      <trkpt lat="39.896838" lon="116.638142">
        <time>2020-12-13T11:24:35Z</time>
      </trkpt>
      <trkpt lat="39.89684" lon="116.638123">
        <time>2020-12-13T11:24:40Z</time>
      </trkpt>
      <trkpt lat="39.896842" lon="116.638104">
        <time>2020-12-13T11:24:45Z</time>
      </trkpt>
      <trkpt lat="39.896844" lon="116.638085">
        <time>2020-12-13T11:24:50Z</time>
      </trkpt>
      <trkpt lat="39.896846" lon="116.638066">
        <time>2020-12-13T11:24:55Z</time>
      </trkpt>
      <trkpt lat="39.896848" lon="116.638047">
        <time>2020-12-13T11:25:00Z</time>
      </trkpt>
      <trkpt lat="39.89685" lon="116.638028">
        <time>2020-12-13T11:25:05Z</time>
      </trkpt>
      <trkpt lat="39.896852" lon="116.638009">
        <time>2020-12-13T11:25:10Z</time>
      </trkpt>
      <trkpt lat="39.896854" lon="116.63799">
        <time>2020-12-13T11:25:15Z</time>
      </trkpt>
      <trkpt lat="39.896856" lon="116.637971">
        <time>2020-12-13T11:25:20Z</time>
      </trkpt>
      <trkpt lat="39.896858" lon="116.637952">
        <time>2020-12-13T11:25:25Z</time>
      </trkpt>
      <trkpt lat="39.89686" lon="116.637933">
        <time>2020-12-13T11:25:30Z</time>
      </trkpt>
      <trkpt lat="39.896862" lon="116.637914">
        <time>2020-12-13T11:25:35Z</time>
      </trkpt>
      <trkpt lat="39.896864" lon="116.637895">
        <time>2020-12-13T11:25:40Z</time>
      </trkpt>
      <trkpt lat="39.896866" lon="116.637876">
        <time>2020-12-13T11:25:45Z</time>
      </trkpt>
      <trkpt lat="39.896868" lon="116.637857">
        <time>2020-12-13T11:25:50Z</time>
      </trkpt>
      <trkpt lat="39.89687" lon="116.637838">
        <time>2020-12-13T11:25:55Z</time>
      </trkpt>
      <trkpt lat="39.896872" lon="116.637819">
        <time>2020-12-13T11:26:00Z</time>
      </trkpt>
      <trkpt lat="39.896874" lon="116.6378">
        <time>2020-12-13T11:26:05Z</time>
      </trkpt>
      <trkpt lat="39.896876" lon="116.637781">
        <time>2020-12-13T11:26:10Z</time>
      </trkpt>
      <trkpt lat="39.896878" lon="116.637762">
        <time>2020-12-13T11:26:15Z</time>
      </trkpt>
      <trkpt lat="39.89688" lon="116.637743">
        <time>2020-12-13T11:26:20Z</time>
      </trkpt>
      <trkpt lat="39.896882" lon="116.637724">
        <time>2020-12-13T11:26:25Z</time>
      </trkpt>
      <trkpt lat="39.896884" lon="116.637705">
        <time>2020-12-13T11:26:30Z</time>
      </trkpt>
      <trkpt lat="39.896886" lon="116.637686">
        <time>2020-12-13T11:26:35Z</time>
      </trkpt>
      <trkpt lat="39.896888" lon="116.637667">
        <time>2020-12-13T11:26:40Z</time>
      </trkpt>
      <trkpt lat="39.89689" lon="116.637648">
        <time>2020-12-13T11:26:45Z</time>
      </trkpt>
      <trkpt lat="39.896892" lon="116.637629">
        <time>2020-12-13T11:26:50Z</time>
      </trkpt>
      <trkpt lat="39.896894" lon="116.63761">
        <time>2020-12-13T11:26:55Z</time>
      </trkpt>
      <trkpt lat="39.896896" lon="116.637591">
        <time>2020-12-13T11:27:00Z</time>
      </trkpt>
      <trkpt lat="39.896898" lon="116.637572">
        <time>2020-12-13T11:27:05Z</time>
      </trkpt>
      <trkpt lat="39.8969" lon="116.637553">
        <time>2020-12-13T11:27:10Z</time>
      </trkpt>
      <trkpt lat="39.896902" lon="116.637534">
        <time>2020-12-13T11:27:15Z</time>
      </trkpt>
      <trkpt lat="39.896904" lon="116.637515">
        <time>2020-12-13T11:27:20Z</time>
      </trkpt>
      <trkpt lat="39.896906" lon="116.637496">
        <time>2020-12-13T11:27:25Z</time>
      </trkpt>
      <trkpt lat="39.896908" lon="116.637477">
        <time>2020-12-13T11:27:30Z</time>
      </trkpt>
      <trkpt lat="39.89691" lon="116.637458">
        <time>2020-12-13T11:27:35Z</time>
      </trkpt>
      <trkpt lat="39.896912" lon="116.637439">
        <time>2020-12-13T11:27:40Z</time>
      </trkpt>
      <trkpt lat="39.896914" lon="116.63742">
        <time>2020-12-13T11:27:45Z</time>
      </trkpt>
      <trkpt lat="39.896916" lon="116.637401">
        <time>2020-12-13T11:27:50Z</time>
      </trkpt>
      <trkpt lat="39.896918" lon="116.637382">
        <time>2020-12-13T11:27:55Z</time>
      </trkpt>
      <trkpt lat="39.89692" lon="116.637363">
        <time>2020-12-13T11:28:00Z</time>
      </trkpt>
      <trkpt lat="39.896922" lon="116.637344">
        <time>2020-12-13T11:28:05Z</time>
      </trkpt>
      <trkpt lat="39.896924" lon="116.637325">
        <time>2020-12-13T11:28:10Z</time>
      </trkpt>
      <trkpt lat="39.896926" lon="116.637306">
        <time>2020-12-13T11:28:15Z</time>
      </trkpt>
      <trkpt lat="39.896928" lon="116.637287">
        <time>2020-12-13T11:28:20Z</time>
      </trkpt>
      <trkpt lat="39.89693" lon="116.637268">
        <time>2020-12-13T11:28:25Z</time>
      </trkpt>
      <trkpt lat="39.896932" lon="116.637249">
        <time>2020-12-13T11:28:30Z</time>
      </trkpt>
      <trkpt lat="39.896934" lon="116.63723">
        <time>2020-12-13T11:28:35Z</time>
      </trkpt>
      <trkpt lat="39.896936" lon="116.637211">
        <time>2020-12-13T11:28:40Z</time>
      </trkpt>
      <trkpt lat="39.896938" lon="116.637192">
        <time>2020-12-13T11:28:45Z</time>
      </trkpt>
      <trkpt lat="39.89694" lon="116.637173">
        <time>2020-12-13T11:28:50Z</time>
      </trkpt>
      <trkpt lat="39.896942" lon="116.637154">
        <time>2020-12-13T11:28:55Z</time>
      </trkpt>
      <trkpt lat="39.896944" lon="116.637135">
        <time>2020-12-13T11:29:00Z</time>
      </trkpt>
      <trkpt lat="39.896946" lon="116.637116">
        <time>2020-12-13T11:29:05Z</time>
      </trkpt>
      <trkpt lat="39.896948" lon="116.637097">
        <time>2020-12-13T11:29:10Z</time>
      </trkpt>
      <trkpt lat="39.89695" lon="116.637078">
        <time>2020-12-13T11:29:15Z</time>
      </trkpt>
      <trkpt lat="39.896952" lon="116.637059">
        <time>2020-12-13T11:29:20Z</time>
      </trkpt>
      <trkpt lat="39.896954" lon="116.63704">
        <time>2020-12-13T11:29:25Z</time>
      </trkpt>
      <trkpt lat="39.896956" lon="116.637021">
        <time>2020-12-13T11:29:30Z</time>
      </trkpt>
      <trkpt lat="39.896958" lon="116.637002">
        <time>2020-12-13T11:29:35Z</time>
      </trkpt>
      <trkpt lat="39.89696" lon="116.636983">
        <time>2020-12-13T11:29:40Z</time>
      </trkpt>
      <trkpt lat="39.896962" lon="116.636964">
        <time>2020-12-13T11:29:45Z</time>
      </trkpt>
      <trkpt lat="39.896964" lon="116.636945">
        <time>2020-12-13T11:29:50Z</time>
      </trkpt>
      <trkpt lat="39.896966" lon="116.636926">
        <time>2020-12-13T11:29:55Z</time>
      </trkpt>
      <trkpt lat="39.896968" lon="116.636907">
        <time>2020-12-13T11:30:00Z</time>
      </trkpt>
      <trkpt lat="39.89697" lon="116.636888">
        <time>2020-12-13T11:30:05Z</time>
      </trkpt>
      <trkpt lat="39.896972" lon="116.636869">
        <time>2020-12-13T11:30:10Z</time>
      </trkpt>
      <trkpt lat="39.896974" lon="116.63685">
        <time>2020-12-13T11:30:15Z</time>
      </trkpt>
      <trkpt lat="39.896976" lon="116.636831">
        <time>2020-12-13T11:30:20Z</time>
      </trkpt>
      <trkpt lat="39.896978" lon="116.636812">
        <time>2020-12-13T11:30:25Z</time>
      </trkpt>
      <trkpt lat="39.89698" lon="116.636793">
        <time>2020-12-13T11:30:30Z</time>
      </trkpt>
      <trkpt lat="39.896982" lon="116.636774">
        <time>2020-12-13T11:30:35Z</time>
      </trkpt>
      <trkpt lat="39.896984" lon="116.636755">
        <time>2020-12-13T11:30:40Z</time>
      </trkpt>
      <trkpt lat="39.896986" lon="116.636736">
        <time>2020-12-13T11:30:45Z</time>
      </trkpt>
      <trkpt lat="39.896988" lon="116.636717">
        <time>2020-12-13T11:30:50Z</time>
      </trkpt>
      <trkpt lat="39.89699" lon="116.636698">
        <time>2020-12-13T11:30:55Z</time>
      </trkpt>
      <trkpt lat="39.896992" lon="116.636679">
        <time>2020-12-13T11:31:00Z</time>
      </trkpt>
      <trkpt lat="39.896994" lon="116.63666">
        <time>2020-12-13T11:31:05Z</time>
      </trkpt>
      <trkpt lat="39.896996" lon="116.636641">
        <time>2020-12-13T11:31:10Z</time>
      </trkpt>
      <trkpt lat="39.896998" lon="116.636622">
        <time>2020-12-13T11:31:15Z</time>
      </trkpt>
      <trkpt lat="39.897" lon="116.636603">
        <time>2020-12-13T11:31:20Z</time>
      </trkpt>
      <trkpt lat="39.897002" lon="116.636584">
        <time>2020-12-13T11:31:25Z</time>
      </trkpt>
      <trkpt lat="39.897004" lon="116.636565">
        <time>2020-12-13T11:31:30Z</time>
      </trkpt>
      <trkpt lat="39.897006" lon="116.636546">
        <time>2020-12-13T11:31:35Z</time>
      </trkpt>
      <trkpt lat="39.897008" lon="116.636527">
        <time>2020-12-13T11:31:40Z</time>
      </trkpt>
      <trkpt lat="39.89701" lon="116.636508">
        <time>2020-12-13T11:31:45Z</time>
      </trkpt>
      <trkpt lat="39.897012" lon="116.636489">
        <time>2020-12-13T11:31:50Z</time>
      </trkpt>
      <trkpt lat="39.897014" lon="116.63647">
        <time>2020-12-13T11:31:55Z</time>
      </trkpt>
      <trkpt lat="39.897016" lon="116.636451">
        <time>2020-12-13T11:32:00Z</time>
      </trkpt>
      <trkpt lat="39.897018" lon="116.636432">
        <time>2020-12-13T11:32:05Z</time>
      </trkpt>
      <trkpt lat="39.89702" lon="116.636413">
        <time>2020-12-13T11:32:10Z</time>
      </trkpt>
      <trkpt lat="39.897022" lon="116.636394">
        <time>2020-12-13T11:32:15Z</time>
      </trkpt>
      <trkpt lat="39.897024" lon="116.636375">
        <time>2020-12-13T11:32:20Z</time>
      </trkpt>
      <trkpt lat="39.897026" lon="116.636356">
        <time>2020-12-13T11:32:25Z</time>
      </trkpt>
      <trkpt lat="39.897028" lon="116.636337">
        <time>2020-12-13T11:32:30Z</time>
      </trkpt>
      <trkpt lat="39.89703" lon="116.636318">
        <time>2020-12-13T11:32:35Z</time>
      </trkpt>
      <trkpt lat="39.897032" lon="116.636299">
        <time>2020-12-13T11:32:40Z</time>
      </trkpt>
      <trkpt lat="39.897034" lon="116.63628">
        <time>2020-12-13T11:32:45Z</time>
      </trkpt>
      <trkpt lat="39.897036" lon="116.636261">
        <time>2020-12-13T11:32:50Z</time>
      </trkpt>
      <trkpt lat="39.897038" lon="116.636242">
        <time>2020-12-13T11:32:55Z</time>
      </trkpt>
      <trkpt lat="39.89704" lon="116.636223">
        <time>2020-12-13T11:33:00Z</time>
      </trkpt>
      <trkpt lat="39.897042" lon="116.636204">
        <time>2020-12-13T11:33:05Z</time>
      </trkpt>
      <trkpt lat="39.897044" lon="116.636185">
        <time>2020-12-13T11:33:10Z</time>
      </trkpt>
      <trkpt lat="39.897046" lon="116.636166">
        <time>2020-12-13T11:33:15Z</time>
      </trkpt>
      <trkpt lat="39.897048" lon="116.636147">
        <time>2020-12-13T11:33:20Z</time>
      </trkpt>
      <trkpt lat="39.89705" lon="116.636128">
        <time>2020-12-13T11:33:25Z</time>
      </trkpt>
      <trkpt lat="39.897052" lon="116.636109">
        <time>2020-12-13T11:33:30Z</time>
      </trkpt>
      <trkpt lat="39.897054" lon="116.63609">
        <time>2020-12-13T11:33:35Z</time>
      </trkpt>
      <trkpt lat="39.897056" lon="116.636071">
        <time>2020-12-13T11:33:40Z</time>
      </trkpt>
      <trkpt lat="39.897058" lon="116.636052">
        <time>2020-12-13T11:33:45Z</time>
      </trkpt>
      <trkpt lat="39.89706" lon="116.636033">
        <time>2020-12-13T11:33:50Z</time>
      </trkpt>
      <trkpt lat="39.897062" lon="116.636014">
        <time>2020-12-13T11:33:55Z</time>
      </trkpt>
      <trkpt lat="39.897064" lon="116.635995">
        <time>2020-12-13T11:34:00Z</time>
      </trkpt>
      <trkpt lat="39.897066" lon="116.635976">
        <time>2020-12-13T11:34:05Z</time>
      </trkpt>
      <trkpt lat="39.897068" lon="116.635957">
        <time>2020-12-13T11:34:10Z</time>
      </trkpt>
      <trkpt lat="39.89707" lon="116.635938">
        <time>2020-12-13T11:34:15Z</time>
      </trkpt>
      <trkpt lat="39.897072" lon="116.635919">
        <time>2020-12-13T11:34:20Z</time>
      </trkpt>
      <trkpt lat="39.897074" lon="116.6359">
        <time>2020-12-13T11:34:25Z</time>
      </trkpt>
      <trkpt lat="39.897076" lon="116.635881">
        <time>2020-12-13T11:34:30Z</time>
      </trkpt>
      <trkpt lat="39.897078" lon="116.635862">
        <time>2020-12-13T11:34:35Z</time>
      </trkpt>
      <trkpt lat="39.89708" lon="116.635843">
        <time>2020-12-13T11:34:40Z</time>
      </trkpt>
      <trkpt lat="39.897082" lon="116.635824">
        <time>2020-12-13T11:34:45Z</time>
      </trkpt>
      <trkpt lat="39.897084" lon="116.635805">
        <time>2020-12-13T11:34:50Z</time>
      </trkpt>
      <trkpt lat="39.897086" lon="116.635786">
        <time>2020-12-13T11:34:55Z</time>
      </trkpt>
      <trkpt lat="39.897088" lon="116.635767">
        <time>2020-12-13T11:35:00Z</time>
      </trkpt>
      <trkpt lat="39.89709" lon="116.635748">
        <time>2020-12-13T11:35:05Z</time>
      </trkpt>
      <trkpt lat="39.897092" lon="116.635729">
        <time>2020-12-13T11:35:10Z</time>
      </trkpt>
      <trkpt lat="39.897094" lon="116.63571">
        <time>2020-12-13T11:35:15Z</time>
      </trkpt>
      <trkpt lat="39.897096" lon="116.635691">
        <time>2020-12-13T11:35:20Z</time>
      </trkpt>
      <trkpt lat="39.897098" lon="116.635672">
        <time>2020-12-13T11:35:25Z</time>
      </trkpt>
      <trkpt lat="39.8971" lon="116.635653">
        <time>2020-12-13T11:35:30Z</time>
      </trkpt>
      <trkpt lat="39.897102" lon="116.635634">
        <time>2020-12-13T11:35:35Z</time>
      </trkpt>
      <trkpt lat="39.897104" lon="116.635615">
        <time>2020-12-13T11:35:40Z</time>
      </trkpt>
      <trkpt lat="39.897106" lon="116.635596">
        <time>2020-12-13T11:35:45Z</time>
      </trkpt>
      <trkpt lat="39.897108" lon="116.635577">
        <time>2020-12-13T11:35:50Z</time>
      </trkpt>
      <trkpt lat="39.89711" lon="116.635558">
        <time>2020-12-13T11:35:55Z</time>
      </trkpt>
      <trkpt lat="39.897112" lon="116.635539">
        <time>2020-12-13T11:36:00Z</time>
      </trkpt>
      <trkpt lat="39.897114" lon="116.63552">
        <time>2020-12-13T11:36:05Z</time>
      </trkpt>
      <trkpt lat="39.897116" lon="116.635501">
        <time>2020-12-13T11:36:10Z</time>
      </trkpt>
      <trkpt lat="39.897118" lon="116.635482">
        <time>2020-12-13T11:36:15Z</time>
      </trkpt>
      <trkpt lat="39.89712" lon="116.635463">
        <time>2020-12-13T11:36:20Z</time>
      </trkpt>
      <trkpt lat="39.897122" lon="116.635444">
        <time>2020-12-13T11:36:25Z</time>
      </trkpt>
      <trkpt lat="39.897124" lon="116.635425">
        <time>2020-12-13T11:36:30Z</time>
      </trkpt>
      <trkpt lat="39.897126" lon="116.635406">
        <time>2020-12-13T11:36:35Z</time>
      </trkpt>
      <trkpt lat="39.897128" lon="116.635387">
        <time>2020-12-13T11:36:40Z</time>
      </trkpt>
      <trkpt lat="39.89713" lon="116.635368">
        <time>2020-12-13T11:36:45Z</time>
      </trkpt>
      <trkpt lat="39.897132" lon="116.635349">
        <time>2020-12-13T11:36:50Z</time>
      </trkpt>
      <trkpt lat="39.897134" lon="116.63533">
        <time>2020-12-13T11:36:55Z</time>
      </trkpt>
      <trkpt lat="39.897136" lon="116.635311">
        <time>2020-12-13T11:37:00Z</time>
      </trkpt>
      <trkpt lat="39.897138" lon="116.635292">
        <time>2020-12-13T11:37:05Z</time>
      </trkpt>
      <trkpt lat="39.89714" lon="116.635273">
        <time>2020-12-13T11:37:10Z</time>
      </trkpt>
      <trkpt lat="39.897142" lon="116.635254">
        <time>2020-12-13T11:37:15Z</time>
      </trkpt>
      <trkpt lat="39.897144" lon="116.635235">
        <time>2020-12-13T11:37:20Z</time>
      </trkpt>
      <trkpt lat="39.897146" lon="116.635216">
        <time>2020-12-13T11:37:25Z</time>
      </trkpt>
      <trkpt lat="39.897148" lon="116.635197">
        <time>2020-12-13T11:37:30Z</time>
      </trkpt>
      <trkpt lat="39.89715" lon="116.635178">
        <time>2020-12-13T11:37:35Z</time>
      </trkpt>
      <trkpt lat="39.897152" lon="116.635159">
        <time>2020-12-13T11:37:40Z</time>
      </trkpt>
      <trkpt lat="39.897154" lon="116.63514">
        <time>2020-12-13T11:37:45Z</time>
      </trkpt>
      <trkpt lat="39.897156" lon="116.635121">
        <time>2020-12-13T11:37:50Z</time>
      </trkpt>
      <trkpt lat="39.897158" lon="116.635102">
        <time>2020-12-13T11:37:55Z</time>
      </trkpt>
      <trkpt lat="39.89716" lon="116.635083">
        <time>2020-12-13T11:38:00Z</time>
      </trkpt>
      <trkpt lat="39.897162" lon="116.635064">
        <time>2020-12-13T11:38:05Z</time>
      </trkpt>
      <trkpt lat="39.897164" lon="116.635045">
        <time>2020-12-13T11:38:10Z</time>
      </trkpt>
      <trkpt lat="39.897166" lon="116.635026">
        <time>2020-12-13T11:38:15Z</time>
      </trkpt>
      <trkpt lat="39.897168" lon="116.635007">
        <time>2020-12-13T11:38:20Z</time>
      </trkpt>
      <trkpt lat="39.89717" lon="116.634988">
        <time>2020-12-13T11:38:25Z</time>
      </trkpt>
      <trkpt lat="39.897172" lon="116.634969">
        <time>2020-12-13T11:38:30Z</time>
      </trkpt>
      <trkpt lat="39.897174" lon="116.63495">
        <time>2020-12-13T11:38:35Z</time>
      </trkpt>
      <trkpt lat="39.897176" lon="116.634931">
        <time>2020-12-13T11:38:40Z</time>
      </trkpt>
      <trkpt lat="39.897178" lon="116.634912">
        <time>2020-12-13T11:38:45Z</time>
      </trkpt>
      <trkpt lat="39.89718" lon="116.634893">
        <time>2020-12-13T11:38:50Z</time>
      </trkpt>
      <trkpt lat="39.897182" lon="116.634874">
        <time>2020-12-13T11:38:55Z</time>
      </trkpt>
      <trkpt lat="39.897184" lon="116.634855">
        <time>2020-12-13T11:39:00Z</time>
      </trkpt>
      <trkpt lat="39.897186" lon="116.634836">
        <time>2020-12-13T11:39:05Z</time>
      </trkpt>
      <trkpt lat="39.897188" lon="116.634817">
        <time>2020-12-13T11:39:10Z</time>
      </trkpt>
      <trkpt lat="39.89719" lon="116.634798">
        <time>2020-12-13T11:39:15Z</time>
      </trkpt>
      <trkpt lat="39.897192" lon="116.634779">
        <time>2020-12-13T11:39:20Z</time>
      </trkpt>
      <trkpt lat="39.897194" lon="116.63476">
        <time>2020-12-13T11:39:25Z</time>
      </trkpt>
      <trkpt lat="39.897196" lon="116.634741">
        <time>2020-12-13T11:39:30Z</time>
      </trkpt>
      <trkpt lat="39.897198" lon="116.634722">
        <time>2020-12-13T11:39:35Z</time>
      </trkpt>
      <trkpt lat="39.8972" lon="116.634703">
        <time>2020-12-13T11:39:40Z</time>
      </trkpt>
      <trkpt lat="39.897202" lon="116.634684">
        <time>2020-12-13T11:39:45Z</time>
      </trkpt>
      <trkpt lat="39.897483" lon="116.634229">
        <time>2020-12-13T11:39:50Z</time>
      </trkpt>
      <trkpt lat="39.897483" lon="116.634229">
        <time>2020-12-13T11:40:01Z</time>
      </trkpt>
    </trkseg>
  </trk>
</gpx>