<?xml version="1.0" encoding="UTF-8"?>
<gpx xmlns="http://www.topografix.com/GPX/1/1" xmlns:gpxtpx="http://www.garmin.com/xmlschemas/TrackPointExtension/v1" xmlns:xsi="http://www.w3.org/2001/XMLSchema-instance" xsi:schemaLocation="http://www.topografix.com/GPX/1/1 http://www.topografix.com/GPX/1/1/gpx.xsd" version="1.1" creator="gpx.py -- https://github.com/tkrajina/gpxpy">
  <trk>
    <name>gpx from keep</name>
    <trkseg>
      <trkpt lat="39.897566" lon="116.633803">
        <time>2020-12-19T10:01:13Z</time>
      </trkpt>
      <trkpt lat="39.897566" lon="116.633803">
        <time>2020-12-19T10:01:18Z</time>
      </trkpt>
      <trkpt lat="39.897582" lon="116.633729">
        <time>2020-12-19T10:01:23Z</time>
      </trkpt>
      <trkpt lat="39.897647" lon="116.633724">
        <time>2020-12-19T10:01:28Z</time>
      </trkpt>
      <trkpt lat="39.89767" lon="116.63376">
        <time>2020-12-19T10:01:33Z</time>
      </trkpt>
      <trkpt lat="39.897681" lon="116.633741">
        <time>2020-12-19T10:01:38Z</time>
      </trkpt>
      <trkpt lat="39.897681" lon="116.633772">
        <time>2020-12-19T10:01:43Z</time>
      </trkpt>
      <trkpt lat="39.897715" lon="116.633794">
        <time>2020-12-19T10:01:48Z</time>
      </trkpt>
      <trkpt lat="39.897751" lon="116.633873">
        <time>2020-12-19T10:01:53Z</time>
      </trkpt>
      <trkpt lat="39.897829" lon="116.634045">
        <time>2020-12-19T10:01:58Z</time>
      </trkpt>
      <trkpt lat="39.897906" lon="116.634144">
        <time>2020-12-19T10:02:03Z</time>
      </trkpt>
      <trkpt lat="39.897939" lon="116.634237">
        <time>2020-12-19T10:02:08Z</time>
      </trkpt>
      <trkpt lat="39.897942" lon="116.634355">
        <time>2020-12-19T10:02:13Z</time>
      </trkpt>
      <trkpt lat="39.89796" lon="116.634449">
        <time>2020-12-19T10:02:18Z</time>
      </trkpt>
      <trkpt lat="39.898009" lon="116.634561">
        <time>2020-12-19T10:02:23Z</time>
      </trkpt>
      <trkpt lat="39.897999" lon="116.634632">
        <time>2020-12-19T10:02:28Z</time>
      </trkpt>
      <trkpt lat="39.898002" lon="116.634653">
        <time>2020-12-19T10:02:33Z</time>
      </trkpt>
      <trkpt lat="39.897996" lon="116.634663">
        <time>2020-12-19T10:02:38Z</time>
      </trkpt>
      <trkpt lat="39.897999" lon="116.634671">
        <time>2020-12-19T10:02:43Z</time>
      </trkpt>
      <trkpt lat="39.898022" lon="116.634711">
        <time>2020-12-19T10:02:48Z</time>
      </trkpt>
      <trkpt lat="39.898036" lon="116.634737">
        <time>2020-12-19T10:02:53Z</time>
      </trkpt>
      <trkpt lat="39.898112" lon="116.634904">
        <time>2020-12-19T10:02:58Z</time>
      </trkpt>
      <trkpt lat="39.898081" lon="116.635094">
        <time>2020-12-19T10:03:03Z</time>
      </trkpt>
      <trkpt lat="39.897978" lon="116.635162">
        <time>2020-12-19T10:03:08Z</time>
      </trkpt>
      <trkpt lat="39.897821" lon="116.635249">
        <time>2020-12-19T10:03:13Z</time>
      </trkpt>
      <trkpt lat="39.897745" lon="116.635286">
        <time>2020-12-19T10:03:18Z</time>
      </trkpt>
      <trkpt lat="39.897652" lon="116.635394">
        <time>2020-12-19T10:03:23Z</time>
      </trkpt>
      <trkpt lat="39.897496" lon="116.635465">
        <time>2020-12-19T10:03:28Z</time>
      </trkpt>
      <trkpt lat="39.897386" lon="116.635531">
        <time>2020-12-19T10:03:33Z</time>
      </trkpt>
      <trkpt lat="39.8973" lon="116.635531">
        <time>2020-12-19T10:03:38Z</time>
      </trkpt>
      <trkpt lat="39.897194" lon="116.635597">
        <time>2020-12-19T10:03:43Z</time>
      </trkpt>
      <trkpt lat="39.897076" lon="116.635678">
        <time>2020-12-19T10:03:48Z</time>
      </trkpt>
      <trkpt lat="39.89691" lon="116.63577">
        <time>2020-12-19T10:03:53Z</time>
      </trkpt>
      <trkpt lat="39.896777" lon="116.635867">
        <time>2020-12-19T10:03:58Z</time>
      </trkpt>
      <trkpt lat="39.896654" lon="116.635954">
        <time>2020-12-19T10:04:03Z</time>
      </trkpt>
      <trkpt lat="39.896526" lon="116.636045">
        <time>2020-12-19T10:04:08Z</time>
      </trkpt>
      <trkpt lat="39.896412" lon="116.636092">
        <time>2020-12-19T10:04:13Z</time>
      </trkpt>
      <trkpt lat="39.896354" lon="116.636112">
        <time>2020-12-19T10:04:18Z</time>
      </trkpt>
      <trkpt lat="39.896237" lon="116.636209">
        <time>2020-12-19T10:04:23Z</time>
      </trkpt>
      <trkpt lat="39.896186" lon="116.636287">
        <time>2020-12-19T10:04:28Z</time>
      </trkpt>
      <trkpt lat="39.896151" lon="116.636372">
        <time>2020-12-19T10:04:33Z</time>
      </trkpt>
      <trkpt lat="39.896088" lon="116.636426">
        <time>2020-12-19T10:04:38Z</time>
      </trkpt>
      <trkpt lat="39.896075" lon="116.636454">
        <time>2020-12-19T10:04:43Z</time>
      </trkpt>
      <trkpt lat="39.896076" lon="116.63648">
        <time>2020-12-19T10:04:48Z</time>
      </trkpt>
      <trkpt lat="39.896067" lon="116.636489">
        <time>2020-12-19T10:04:53Z</time>
      </trkpt>
      <trkpt lat="39.896061" lon="116.636517">
        <time>2020-12-19T10:04:58Z</time>
      </trkpt>
      <trkpt lat="39.896054" lon="116.636536">
        <time>2020-12-19T10:05:03Z</time>
      </trkpt>
      <trkpt lat="39.89605" lon="116.636554">
        <time>2020-12-19T10:05:08Z</time>
      </trkpt>
      <trkpt lat="39.896066" lon="116.636538">
        <time>2020-12-19T10:05:13Z</time>
      </trkpt>
      <trkpt lat="39.896076" lon="116.636528">
        <time>2020-12-19T10:05:18Z</time>
      </trkpt>
      <trkpt lat="39.896067" lon="116.636529">
        <time>2020-12-19T10:05:23Z</time>
      </trkpt>
      <trkpt lat="39.896052" lon="116.636525">
        <time>2020-12-19T10:05:28Z</time>
      </trkpt>
      <trkpt lat="39.896057" lon="116.636506">
        <time>2020-12-19T10:05:33Z</time>
      </trkpt>
      <trkpt lat="39.896055" lon="116.636509">
        <time>2020-12-19T10:05:38Z</time>
      </trkpt>
      <trkpt lat="39.896053" lon="116.63651">
        <time>2020-12-19T10:05:43Z</time>
      </trkpt>
      <trkpt lat="39.896046" lon="116.636544">
        <time>2020-12-19T10:05:48Z</time>
      </trkpt>
      <trkpt lat="39.896046" lon="116.636558">
        <time>2020-12-19T10:05:53Z</time>
      </trkpt>
      <trkpt lat="39.896049" lon="116.636566">
        <time>2020-12-19T10:05:58Z</time>
      </trkpt>
      <trkpt lat="39.896049" lon="116.636565">
        <time>2020-12-19T10:06:03Z</time>
      </trkpt>
      <trkpt lat="39.896053" lon="116.636563">
        <time>2020-12-19T10:06:08Z</time>
      </trkpt>
      <trkpt lat="39.896056" lon="116.636546">
        <time>2020-12-19T10:06:13Z</time>
      </trkpt>
      <trkpt lat="39.896051" lon="116.63652">
        <time>2020-12-19T10:06:18Z</time>
      </trkpt>
      <trkpt lat="39.896063" lon="116.636525">
        <time>2020-12-19T10:06:23Z</time>
      </trkpt>
      <trkpt lat="39.896072" lon="116.636531">
        <time>2020-12-19T10:06:28Z</time>
      </trkpt>
      <trkpt lat="39.896077" lon="116.636542">
        <time>2020-12-19T10:06:33Z</time>
      </trkpt>
      <trkpt lat="39.896069" lon="116.636562">
        <time>2020-12-19T10:06:38Z</time>
      </trkpt>
      <trkpt lat="39.896073" lon="116.636557">
        <time>2020-12-19T10:06:43Z</time>
      </trkpt>
      <trkpt lat="39.896076" lon="116.636544">
        <time>2020-12-19T10:06:48Z</time>
      </trkpt>
      <trkpt lat="39.896089" lon="116.636512">
        <time>2020-12-19T10:06:53Z</time>
      </trkpt>
      <trkpt lat="39.89608" lon="116.6365">
        <time>2020-12-19T10:06:58Z</time>
      </trkpt>
      <trkpt lat="39.896061" lon="116.636511">
        <time>2020-12-19T10:07:03Z</time>
      </trkpt>
      <trkpt lat="39.896064" lon="116.636537">
        <time>2020-12-19T10:07:08Z</time>
      </trkpt>
      <trkpt lat="39.896067" lon="116.636563">
        <time>2020-12-19T10:07:13Z</time>
      </trkpt>
      <trkpt lat="39.896081" lon="116.636574">
        <time>2020-12-19T10:07:18Z</time>
      </trkpt>
      <trkpt lat="39.896081" lon="116.636582">
        <time>2020-12-19T10:07:23Z</time>
      </trkpt>
      <trkpt lat="39.896081" lon="116.63659">
        <time>2020-12-19T10:07:28Z</time>
      </trkpt>
      <trkpt lat="39.896084" lon="116.636586">
        <time>2020-12-19T10:07:33Z</time>
      </trkpt>
      <trkpt lat="39.896087" lon="116.636582">
        <time>2020-12-19T10:07:38Z</time>
      </trkpt>
      <trkpt lat="39.896087" lon="116.636572">
        <time>2020-12-19T10:07:43Z</time>
      </trkpt>
      <trkpt lat="39.896084" lon="116.636566">
        <time>2020-12-19T10:07:48Z</time>
      </trkpt>
      <trkpt lat="39.89608" lon="116.636546">
        <time>2020-12-19T10:07:53Z</time>
      </trkpt>
      <trkpt lat="39.896051" lon="116.63656">
        <time>2020-12-19T10:07:58Z</time>
      </trkpt>
      <trkpt lat="39.89605" lon="116.636557">
        <time>2020-12-19T10:08:03Z</time>
      </trkpt>
      <trkpt lat="39.896052" lon="116.636539">
        <time>2020-12-19T10:08:08Z</time>
      </trkpt>
      <trkpt lat="39.896051" lon="116.636541">
        <time>2020-12-19T10:08:13Z</time>
      </trkpt>
      <trkpt lat="39.896055" lon="116.636541">
        <time>2020-12-19T10:08:18Z</time>
      </trkpt>
      <trkpt lat="39.89606" lon="116.636542">
        <time>2020-12-19T10:08:23Z</time>
      </trkpt>
      <trkpt lat="39.896057" lon="116.636549">
        <time>2020-12-19T10:08:28Z</time>
      </trkpt>
      <trkpt lat="39.896065" lon="116.636562">
        <time>2020-12-19T10:08:33Z</time>
      </trkpt>
      <trkpt lat="39.896043" lon="116.636575">
        <time>2020-12-19T10:08:38Z</time>
      </trkpt>
      <trkpt lat="39.896042" lon="116.636592">
        <time>2020-12-19T10:08:43Z</time>
      </trkpt>
      <trkpt lat="39.896024" lon="116.636602">
        <time>2020-12-19T10:08:48Z</time>
      </trkpt>
      <trkpt lat="39.89599" lon="116.636619">
        <time>2020-12-19T10:08:53Z</time>
      </trkpt>
      <trkpt lat="39.895973" lon="116.636648">
        <time>2020-12-19T10:08:58Z</time>
      </trkpt>
      <trkpt lat="39.895942" lon="116.636681">
        <time>2020-12-19T10:09:03Z</time>
      </trkpt>
      <trkpt lat="39.895976" lon="116.636765">
        <time>2020-12-19T10:09:08Z</time>
      </trkpt>
      <trkpt lat="39.896055" lon="116.636895">
        <time>2020-12-19T10:09:13Z</time>
      </trkpt>
      <trkpt lat="39.896088" lon="116.637048">
        <time>2020-12-19T10:09:18Z</time>
      </trkpt>
      <trkpt lat="39.896092" lon="116.637185">
        <time>2020-12-19T10:09:23Z</time>
      </trkpt>
      <trkpt lat="39.896111" lon="116.637328">
        <time>2020-12-19T10:09:28Z</time>
      </trkpt>
      <trkpt lat="39.896151" lon="116.637461">
        <time>2020-12-19T10:09:33Z</time>
      </trkpt>
      <trkpt lat="39.896178" lon="116.637613">
        <time>2020-12-19T10:09:38Z</time>
      </trkpt>
      <trkpt lat="39.896196" lon="116.637778">
        <time>2020-12-19T10:09:43Z</time>
      </trkpt>
      <trkpt lat="39.896205" lon="116.637957">
        <time>2020-12-19T10:09:48Z</time>
      </trkpt>
      <trkpt lat="39.896213" lon="116.638114">
        <time>2020-12-19T10:09:53Z</time>
      </trkpt>
      <trkpt lat="39.896212" lon="116.638276">
        <time>2020-12-19T10:09:58Z</time>
      </trkpt>
      <trkpt lat="39.896204" lon="116.63842">
        <time>2020-12-19T10:10:03Z</time>
      </trkpt>
      <trkpt lat="39.896208" lon="116.638585">
        <time>2020-12-19T10:10:08Z</time>
      </trkpt>
      <trkpt lat="39.896229" lon="116.638739">
        <time>2020-12-19T10:10:13Z</time>
      </trkpt>
      <trkpt lat="39.896221" lon="116.638895">
        <time>2020-12-19T10:10:18Z</time>
      </trkpt>
      <trkpt lat="39.896213" lon="116.639036">
        <time>2020-12-19T10:10:23Z</time>
      </trkpt>
      <trkpt lat="39.896212" lon="116.639192">
        <time>2020-12-19T10:10:28Z</time>
      </trkpt>
      <trkpt lat="39.896225" lon="116.639343">
        <time>2020-12-19T10:10:33Z</time>
      </trkpt>
      <trkpt lat="39.896243" lon="116.639504">
        <time>2020-12-19T10:10:38Z</time>
      </trkpt>
      <trkpt lat="39.896261" lon="116.63969">
        <time>2020-12-19T10:10:43Z</time>
      </trkpt>
      <trkpt lat="39.896276" lon="116.639845">
        <time>2020-12-19T10:10:48Z</time>
      </trkpt>
      <trkpt lat="39.896273" lon="116.64">
        <time>2020-12-19T10:10:53Z</time>
      </trkpt>
      <trkpt lat="39.896282" lon="116.640139">
        <time>2020-12-19T10:10:58Z</time>
      </trkpt>
      <trkpt lat="39.89628" lon="116.640296">
        <time>2020-12-19T10:11:03Z</time>
      </trkpt>
      <trkpt lat="39.896302" lon="116.640437">
        <time>2020-12-19T10:11:08Z</time>
      </trkpt>
      <trkpt lat="39.896297" lon="116.640595">
        <time>2020-12-19T10:11:13Z</time>
      </trkpt>
      <trkpt lat="39.896306" lon="116.640746">
        <time>2020-12-19T10:11:18Z</time>
      </trkpt>
      <trkpt lat="39.896313" lon="116.640893">
        <time>2020-12-19T10:11:23Z</time>
      </trkpt>
      <trkpt lat="39.896289" lon="116.641043">
        <time>2020-12-19T10:11:28Z</time>
      </trkpt>
      <trkpt lat="39.896263" lon="116.64118">
        <time>2020-12-19T10:11:33Z</time>
      </trkpt>
      <trkpt lat="39.896245" lon="116.641331">
        <time>2020-12-19T10:11:38Z</time>
      </trkpt>
      <trkpt lat="39.896252" lon="116.641467">
        <time>2020-12-19T10:11:43Z</time>
      </trkpt>
      <trkpt lat="39.896244" lon="116.641611">
        <time>2020-12-19T10:11:48Z</time>
      </trkpt>
      <trkpt lat="39.89626" lon="116.641769">
        <time>2020-12-19T10:11:53Z</time>
      </trkpt>
      <trkpt lat="39.896265" lon="116.641911">
        <time>2020-12-19T10:11:58Z</time>
      </trkpt>
      <trkpt lat="39.89625" lon="116.642064">
        <time>2020-12-19T10:12:03Z</time>
      </trkpt>
      <trkpt lat="39.896246" lon="116.642202">
        <time>2020-12-19T10:12:08Z</time>
      </trkpt>
      <trkpt lat="39.896229" lon="116.642371">
        <time>2020-12-19T10:12:13Z</time>
      </trkpt>
      <trkpt lat="39.896196" lon="116.642536">
        <time>2020-12-19T10:12:18Z</time>
      </trkpt>
      <trkpt lat="39.896194" lon="116.642808">
        <time>2020-12-19T10:12:23Z</time>
      </trkpt>
      <trkpt lat="39.8962" lon="116.642868">
        <time>2020-12-19T10:12:28Z</time>
      </trkpt>
      <trkpt lat="39.896195" lon="116.643003">
        <time>2020-12-19T10:12:33Z</time>
      </trkpt>
      <trkpt lat="39.896185" lon="116.643143">
        <time>2020-12-19T10:12:38Z</time>
      </trkpt>
      <trkpt lat="39.896157" lon="116.643292">
        <time>2020-12-19T10:12:43Z</time>
      </trkpt>
      <trkpt lat="39.896173" lon="116.643461">
        <time>2020-12-19T10:12:48Z</time>
      </trkpt>
      <trkpt lat="39.896172" lon="116.643601">
        <time>2020-12-19T10:12:53Z</time>
      </trkpt>
      <trkpt lat="39.896166" lon="116.643729">
        <time>2020-12-19T10:12:58Z</time>
      </trkpt>
      <trkpt lat="39.896159" lon="116.64387">
        <time>2020-12-19T10:13:03Z</time>
      </trkpt>
      <trkpt lat="39.896183" lon="116.644021">
        <time>2020-12-19T10:13:08Z</time>
      </trkpt>
      <trkpt lat="39.896202" lon="116.64416">
        <time>2020-12-19T10:13:13Z</time>
      </trkpt>
      <trkpt lat="39.89621" lon="116.644312">
        <time>2020-12-19T10:13:18Z</time>
      </trkpt>
      <trkpt lat="39.896203" lon="116.644453">
        <time>2020-12-19T10:13:23Z</time>
      </trkpt>
      <trkpt lat="39.896208" lon="116.64458">
        <time>2020-12-19T10:13:28Z</time>
      </trkpt>
      <trkpt lat="39.89622" lon="116.644688">
        <time>2020-12-19T10:13:33Z</time>
      </trkpt>
      <trkpt lat="39.896208" lon="116.64482">
        <time>2020-12-19T10:13:38Z</time>
      </trkpt>
      <trkpt lat="39.896208" lon="116.644955">
        <time>2020-12-19T10:13:43Z</time>
      </trkpt>
      <trkpt lat="39.896187" lon="116.645064">
        <time>2020-12-19T10:13:48Z</time>
      </trkpt>
      <trkpt lat="39.896181" lon="116.645175">
        <time>2020-12-19T10:13:53Z</time>
      </trkpt>
      <trkpt lat="39.896191" lon="116.645302">
        <time>2020-12-19T10:13:58Z</time>
      </trkpt>
      <trkpt lat="39.896169" lon="116.645432">
        <time>2020-12-19T10:14:03Z</time>
      </trkpt>
      <trkpt lat="39.896149" lon="116.645545">
        <time>2020-12-19T10:14:08Z</time>
      </trkpt>
      <trkpt lat="39.896108" lon="116.645658">
        <time>2020-12-19T10:14:13Z</time>
      </trkpt>
      <trkpt lat="39.896089" lon="116.645777">
        <time>2020-12-19T10:14:18Z</time>
      </trkpt>
      <trkpt lat="39.89607" lon="116.645894">
        <time>2020-12-19T10:14:23Z</time>
      </trkpt>
      <trkpt lat="39.896033" lon="116.646025">
        <time>2020-12-19T10:14:28Z</time>
      </trkpt>
      <trkpt lat="39.896034" lon="116.646174">
        <time>2020-12-19T10:14:33Z</time>
      </trkpt>
      <trkpt lat="39.896026" lon="116.646318">
        <time>2020-12-19T10:14:38Z</time>
      </trkpt>
      <trkpt lat="39.896032" lon="116.646482">
        <time>2020-12-19T10:14:43Z</time>
      </trkpt>
      <trkpt lat="39.896025" lon="116.646636">
        <time>2020-12-19T10:14:48Z</time>
      </trkpt>
      <trkpt lat="39.895983" lon="116.646782">
        <time>2020-12-19T10:14:53Z</time>
      </trkpt>
      <trkpt lat="39.895869" lon="116.646808">
        <time>2020-12-19T10:14:58Z</time>
      </trkpt>
      <trkpt lat="39.895748" lon="116.646757">
        <time>2020-12-19T10:15:03Z</time>
      </trkpt>
      <trkpt lat="39.89564" lon="116.646716">
        <time>2020-12-19T10:15:08Z</time>
      </trkpt>
      <trkpt lat="39.895531" lon="116.646653">
        <time>2020-12-19T10:15:13Z</time>
      </trkpt>
      <trkpt lat="39.895414" lon="116.646613">
        <time>2020-12-19T10:15:18Z</time>
      </trkpt>
      <trkpt lat="39.895308" lon="116.646569">
        <time>2020-12-19T10:15:23Z</time>
      </trkpt>
      <trkpt lat="39.895221" lon="116.646539">
        <time>2020-12-19T10:15:28Z</time>
      </trkpt>
      <trkpt lat="39.89513" lon="116.646489">
        <time>2020-12-19T10:15:33Z</time>
      </trkpt>
      <trkpt lat="39.895028" lon="116.646445">
        <time>2020-12-19T10:15:38Z</time>
      </trkpt>
      <trkpt lat="39.894884" lon="116.646376">
        <time>2020-12-19T10:15:43Z</time>
      </trkpt>
      <trkpt lat="39.894845" lon="116.646357">
        <time>2020-12-19T10:15:48Z</time>
      </trkpt>
      <trkpt lat="39.894765" lon="116.646307">
        <time>2020-12-19T10:15:53Z</time>
      </trkpt>
      <trkpt lat="39.894667" lon="116.646265">
        <time>2020-12-19T10:15:58Z</time>
      </trkpt>
      <trkpt lat="39.894588" lon="116.646211">
        <time>2020-12-19T10:16:03Z</time>
      </trkpt>
      <trkpt lat="39.894432" lon="116.646173">
        <time>2020-12-19T10:16:08Z</time>
      </trkpt>
      <trkpt lat="39.894328" lon="116.646127">
        <time>2020-12-19T10:16:13Z</time>
      </trkpt>
      <trkpt lat="39.894237" lon="116.646057">
        <time>2020-12-19T10:16:18Z</time>
      </trkpt>
      <trkpt lat="39.894105" lon="116.64599">
        <time>2020-12-19T10:16:23Z</time>
      </trkpt>
      <trkpt lat="39.894043" lon="116.645935">
        <time>2020-12-19T10:16:28Z</time>
      </trkpt>
      <trkpt lat="39.893952" lon="116.645869">
        <time>2020-12-19T10:16:33Z</time>
      </trkpt>
      <trkpt lat="39.893879" lon="116.645878">
        <time>2020-12-19T10:16:38Z</time>
      </trkpt>
      <trkpt lat="39.893816" lon="116.645992">
        <time>2020-12-19T10:16:43Z</time>
      </trkpt>
      <trkpt lat="39.893773" lon="116.646085">
        <time>2020-12-19T10:16:48Z</time>
      </trkpt>
      <trkpt lat="39.893724" lon="116.646245">
        <time>2020-12-19T10:16:53Z</time>
      </trkpt>
      <trkpt lat="39.893601" lon="116.646368">
        <time>2020-12-19T10:16:58Z</time>
      </trkpt>
      <trkpt lat="39.893518" lon="116.646365">
        <time>2020-12-19T10:17:03Z</time>
      </trkpt>
      <trkpt lat="39.893415" lon="116.646308">
        <time>2020-12-19T10:17:08Z</time>
      </trkpt>
      <trkpt lat="39.893303" lon="116.646262">
        <time>2020-12-19T10:17:13Z</time>
      </trkpt>
      <trkpt lat="39.893222" lon="116.646215">
        <time>2020-12-19T10:17:18Z</time>
      </trkpt>
      <trkpt lat="39.893136" lon="116.646159">
        <time>2020-12-19T10:17:23Z</time>
      </trkpt>
      <trkpt lat="39.893035" lon="116.646074">
        <time>2020-12-19T10:17:28Z</time>
      </trkpt>
      <trkpt lat="39.892924" lon="116.646041">
        <time>2020-12-19T10:17:33Z</time>
      </trkpt>
      <trkpt lat="39.89282" lon="116.646006">
        <time>2020-12-19T10:17:38Z</time>
      </trkpt>
      <trkpt lat="39.892702" lon="116.645946">
        <time>2020-12-19T10:17:43Z</time>
      </trkpt>
      <trkpt lat="39.892577" lon="116.645918">
        <time>2020-12-19T10:17:48Z</time>
      </trkpt>
      <trkpt lat="39.892473" lon="116.645854">
        <time>2020-12-19T10:17:53Z</time>
      </trkpt>
      <trkpt lat="39.892371" lon="116.645805">
        <time>2020-12-19T10:17:58Z</time>
      </trkpt>
      <trkpt lat="39.892253" lon="116.645754">
        <time>2020-12-19T10:18:03Z</time>
      </trkpt>
      <trkpt lat="39.892175" lon="116.645684">
        <time>2020-12-19T10:18:08Z</time>
      </trkpt>
      <trkpt lat="39.892075" lon="116.645606">
        <time>2020-12-19T10:18:13Z</time>
      </trkpt>
      <trkpt lat="39.891959" lon="116.64559">
        <time>2020-12-19T10:18:18Z</time>
      </trkpt>
      <trkpt lat="39.891849" lon="116.645537">
        <time>2020-12-19T10:18:23Z</time>
      </trkpt>
      <trkpt lat="39.891726" lon="116.645503">
        <time>2020-12-19T10:18:28Z</time>
      </trkpt>
      <trkpt lat="39.891627" lon="116.645448">
        <time>2020-12-19T10:18:33Z</time>
      </trkpt>
      <trkpt lat="39.891536" lon="116.645384">
        <time>2020-12-19T10:18:38Z</time>
      </trkpt>
      <trkpt lat="39.891505" lon="116.645379">
        <time>2020-12-19T10:18:43Z</time>
      </trkpt>
      <trkpt lat="39.891583" lon="116.645404">
        <time>2020-12-19T10:18:48Z</time>
      </trkpt>
      <trkpt lat="39.891723" lon="116.645467">
        <time>2020-12-19T10:18:53Z</time>
      </trkpt>
      <trkpt lat="39.891842" lon="116.645477">
        <time>2020-12-19T10:18:58Z</time>
      </trkpt>
      <trkpt lat="39.891986" lon="116.645504">
        <time>2020-12-19T10:19:03Z</time>
      </trkpt>
      <trkpt lat="39.892122" lon="116.645538">
        <time>2020-12-19T10:19:08Z</time>
      </trkpt>
      <trkpt lat="39.892221" lon="116.6456">
        <time>2020-12-19T10:19:13Z</time>
      </trkpt>
      <trkpt lat="39.8923" lon="116.645638">
        <time>2020-12-19T10:19:18Z</time>
      </trkpt>
      <trkpt lat="39.892369" lon="116.6457">
        <time>2020-12-19T10:19:23Z</time>
      </trkpt>
      <trkpt lat="39.89246" lon="116.645747">
        <time>2020-12-19T10:19:28Z</time>
      </trkpt>
      <trkpt lat="39.892538" lon="116.645804">
        <time>2020-12-19T10:19:33Z</time>
      </trkpt>
      <trkpt lat="39.892589" lon="116.645831">
        <time>2020-12-19T10:19:38Z</time>
      </trkpt>
      <trkpt lat="39.89264" lon="116.645858">
        <time>2020-12-19T10:19:43Z</time>
      </trkpt>
      <trkpt lat="39.892735" lon="116.645925">
        <time>2020-12-19T10:19:48Z</time>
      </trkpt>
      <trkpt lat="39.892816" lon="116.645963">
        <time>2020-12-19T10:19:53Z</time>
      </trkpt>
      <trkpt lat="39.892921" lon="116.646009">
        <time>2020-12-19T10:19:58Z</time>
      </trkpt>
      <trkpt lat="39.893041" lon="116.646052">
        <time>2020-12-19T10:20:03Z</time>
      </trkpt>
      <trkpt lat="39.893161" lon="116.646089">
        <time>2020-12-19T10:20:08Z</time>
      </trkpt>
      <trkpt lat="39.893284" lon="116.64612">
        <time>2020-12-19T10:20:13Z</time>
      </trkpt>
      <trkpt lat="39.893398" lon="116.646171">
        <time>2020-12-19T10:20:18Z</time>
      </trkpt>
      <trkpt lat="39.893504" lon="116.646228">
        <time>2020-12-19T10:20:23Z</time>
      </trkpt>
      <trkpt lat="39.893594" lon="116.646293">
        <time>2020-12-19T10:20:28Z</time>
      </trkpt>
      <trkpt lat="39.89368" lon="116.646323">
        <time>2020-12-19T10:20:33Z</time>
      </trkpt>
      <trkpt lat="39.893768" lon="116.646258">
        <time>2020-12-19T10:20:38Z</time>
      </trkpt>
      <trkpt lat="39.89385" lon="116.646168">
        <time>2020-12-19T10:20:43Z</time>
      </trkpt>
      <trkpt lat="39.8939" lon="116.646081">
        <time>2020-12-19T10:20:48Z</time>
      </trkpt>
      <trkpt lat="39.893941" lon="116.645962">
        <time>2020-12-19T10:20:53Z</time>
      </trkpt>
      <trkpt lat="39.894006" lon="116.645924">
        <time>2020-12-19T10:20:58Z</time>
      </trkpt>
      <trkpt lat="39.894092" lon="116.645975">
        <time>2020-12-19T10:21:03Z</time>
      </trkpt>
      <trkpt lat="39.894287" lon="116.64605">
        <time>2020-12-19T10:21:08Z</time>
      </trkpt>
      <trkpt lat="39.894311" lon="116.646068">
        <time>2020-12-19T10:21:13Z</time>
      </trkpt>
      <trkpt lat="39.894417" lon="116.646121">
        <time>2020-12-19T10:21:18Z</time>
      </trkpt>
      <trkpt lat="39.894501" lon="116.64614">
        <time>2020-12-19T10:21:23Z</time>
      </trkpt>
      <trkpt lat="39.894671" lon="116.646231">
        <time>2020-12-19T10:21:28Z</time>
      </trkpt>
      <trkpt lat="39.894696" lon="116.646238">
        <time>2020-12-19T10:21:33Z</time>
      </trkpt>
      <trkpt lat="39.894808" lon="116.646299">
        <time>2020-12-19T10:21:38Z</time>
      </trkpt>
      <trkpt lat="39.894946" lon="116.646353">
        <time>2020-12-19T10:21:43Z</time>
      </trkpt>
      <trkpt lat="39.895086" lon="116.646396">
        <time>2020-12-19T10:21:48Z</time>
      </trkpt>
      <trkpt lat="39.895216" lon="116.646454">
        <time>2020-12-19T10:21:53Z</time>
      </trkpt>
      <trkpt lat="39.89529" lon="116.646468">
        <time>2020-12-19T10:21:58Z</time>
      </trkpt>
      <trkpt lat="39.895362" lon="116.646467">
        <time>2020-12-19T10:22:03Z</time>
      </trkpt>
      <trkpt lat="39.895507" lon="116.646545">
        <time>2020-12-19T10:22:08Z</time>
      </trkpt>
      <trkpt lat="39.895525" lon="116.646558">
        <time>2020-12-19T10:22:13Z</time>
      </trkpt>
      <trkpt lat="39.895605" lon="116.646605">
        <time>2020-12-19T10:22:18Z</time>
      </trkpt>
      <trkpt lat="39.89569" lon="116.646653">
        <time>2020-12-19T10:22:23Z</time>
      </trkpt>
      <trkpt lat="39.895774" lon="116.646718">
        <time>2020-12-19T10:22:28Z</time>
      </trkpt>
      <trkpt lat="39.895886" lon="116.646777">
        <time>2020-12-19T10:22:33Z</time>
      </trkpt>
      <trkpt lat="39.896" lon="116.64682">
        <time>2020-12-19T10:22:38Z</time>
      </trkpt>
      <trkpt lat="39.896084" lon="116.646764">
        <time>2020-12-19T10:22:43Z</time>
      </trkpt>
      <trkpt lat="39.896079" lon="116.646599">
        <time>2020-12-19T10:22:48Z</time>
      </trkpt>
      <trkpt lat="39.896077" lon="116.646437">
        <time>2020-12-19T10:22:53Z</time>
      </trkpt>
      <trkpt lat="39.896059" lon="116.646272">
        <time>2020-12-19T10:22:58Z</time>
      </trkpt>
      <trkpt lat="39.896076" lon="116.646124">
        <time>2020-12-19T10:23:03Z</time>
      </trkpt>
      <trkpt lat="39.896094" lon="116.645988">
        <time>2020-12-19T10:23:08Z</time>
      </trkpt>
      <trkpt lat="39.896095" lon="116.645832">
        <time>2020-12-19T10:23:13Z</time>
      </trkpt>
      <trkpt lat="39.896094" lon="116.645722">
        <time>2020-12-19T10:23:18Z</time>
      </trkpt>
      <trkpt lat="39.89614" lon="116.645607">
        <time>2020-12-19T10:23:23Z</time>
      </trkpt>
      <trkpt lat="39.896155" lon="116.645437">
        <time>2020-12-19T10:23:28Z</time>
      </trkpt>
      <trkpt lat="39.896155" lon="116.645274">
        <time>2020-12-19T10:23:33Z</time>
      </trkpt>
      <trkpt lat="39.896176" lon="116.645147">
        <time>2020-12-19T10:23:38Z</time>
      </trkpt>
      <trkpt lat="39.896194" lon="116.64501">
        <time>2020-12-19T10:23:43Z</time>
      </trkpt>
      <trkpt lat="39.89621" lon="116.644866">
        <time>2020-12-19T10:23:48Z</time>
      </trkpt>
      <trkpt lat="39.896198" lon="116.644735">
        <time>2020-12-19T10:23:53Z</time>
      </trkpt>
      <trkpt lat="39.896183" lon="116.644591">
        <time>2020-12-19T10:23:58Z</time>
      </trkpt>
      <trkpt lat="39.896192" lon="116.644467">
        <time>2020-12-19T10:24:03Z</time>
      </trkpt>
      <trkpt lat="39.896209" lon="116.64434">
        <time>2020-12-19T10:24:08Z</time>
      </trkpt>
      <trkpt lat="39.896199" lon="116.644214">
        <time>2020-12-19T10:24:13Z</time>
      </trkpt>
      <trkpt lat="39.896211" lon="116.644089">
        <time>2020-12-19T10:24:18Z</time>
      </trkpt>
      <trkpt lat="39.896211" lon="116.643967">
        <time>2020-12-19T10:24:23Z</time>
      </trkpt>
      <trkpt lat="39.896199" lon="116.643822">
        <time>2020-12-19T10:24:28Z</time>
      </trkpt>
      <trkpt lat="39.896211" lon="116.643666">
        <time>2020-12-19T10:24:33Z</time>
      </trkpt>
      <trkpt lat="39.896217" lon="116.643526">
        <time>2020-12-19T10:24:38Z</time>
      </trkpt>
      <trkpt lat="39.896215" lon="116.643377">
        <time>2020-12-19T10:24:43Z</time>
      </trkpt>
      <trkpt lat="39.896216" lon="116.643235">
        <time>2020-12-19T10:24:48Z</time>
      </trkpt>
      <trkpt lat="39.896208" lon="116.643104">
        <time>2020-12-19T10:24:53Z</time>
      </trkpt>
      <trkpt lat="39.896198" lon="116.642954">
        <time>2020-12-19T10:24:58Z</time>
      </trkpt>
      <trkpt lat="39.896195" lon="116.64285">
        <time>2020-12-19T10:25:03Z</time>
      </trkpt>
      <trkpt lat="39.896199" lon="116.64274">
        <time>2020-12-19T10:25:08Z</time>
      </trkpt>
      <trkpt lat="39.896218" lon="116.642626">
        <time>2020-12-19T10:25:13Z</time>
      </trkpt>
      <trkpt lat="39.896234" lon="116.642456">
        <time>2020-12-19T10:25:18Z</time>
      </trkpt>
      <trkpt lat="39.896236" lon="116.64229">
        <time>2020-12-19T10:25:23Z</time>
      </trkpt>
      <trkpt lat="39.896249" lon="116.642127">
        <time>2020-12-19T10:25:28Z</time>
      </trkpt>
      <trkpt lat="39.896232" lon="116.64201">
        <time>2020-12-19T10:25:33Z</time>
      </trkpt>
      <trkpt lat="39.896221" lon="116.641887">
        <time>2020-12-19T10:25:38Z</time>
      </trkpt>
      <trkpt lat="39.896207" lon="116.641746">
        <time>2020-12-19T10:25:43Z</time>
      </trkpt>
      <trkpt lat="39.896214" lon="116.64163">
        <time>2020-12-19T10:25:48Z</time>
      </trkpt>
      <trkpt lat="39.896252" lon="116.641525">
        <time>2020-12-19T10:25:53Z</time>
      </trkpt>
      <trkpt lat="39.896268" lon="116.641377">
        <time>2020-12-19T10:25:58Z</time>
      </trkpt>
      <trkpt lat="39.896275" lon="116.641219">
        <time>2020-12-19T10:26:03Z</time>
      </trkpt>
      <trkpt lat="39.896259" lon="116.641067">
        <time>2020-12-19T10:26:08Z</time>
      </trkpt>
      <trkpt lat="39.896254" lon="116.640933">
        <time>2020-12-19T10:26:13Z</time>
      </trkpt>
      <trkpt lat="39.896244" lon="116.640789">
        <time>2020-12-19T10:26:18Z</time>
      </trkpt>
      <trkpt lat="39.896242" lon="116.640642">
        <time>2020-12-19T10:26:23Z</time>
      </trkpt>
      <trkpt lat="39.89623" lon="116.640532">
        <time>2020-12-19T10:26:28Z</time>
      </trkpt>
      <trkpt lat="39.896234" lon="116.640399">
        <time>2020-12-19T10:26:33Z</time>
      </trkpt>
      <trkpt lat="39.896226" lon="116.640291">
        <time>2020-12-19T10:26:38Z</time>
      </trkpt>
      <trkpt lat="39.896223" lon="116.640142">
        <time>2020-12-19T10:26:43Z</time>
      </trkpt>
      <trkpt lat="39.89623" lon="116.640008">
        <time>2020-12-19T10:26:48Z</time>
      </trkpt>
      <trkpt lat="39.896233" lon="116.639837">
        <time>2020-12-19T10:26:53Z</time>
      </trkpt>
      <trkpt lat="39.896216" lon="116.639672">
        <time>2020-12-19T10:26:58Z</time>
      </trkpt>
      <trkpt lat="39.89623" lon="116.639528">
        <time>2020-12-19T10:27:03Z</time>
      </trkpt>
      <trkpt lat="39.896222" lon="116.639403">
        <time>2020-12-19T10:27:08Z</time>
      </trkpt>
      <trkpt lat="39.896207" lon="116.639263">
        <time>2020-12-19T10:27:13Z</time>
      </trkpt>
      <trkpt lat="39.896196" lon="116.639114">
        <time>2020-12-19T10:27:18Z</time>
      </trkpt>
      <trkpt lat="39.896161" lon="116.638949">
        <time>2020-12-19T10:27:23Z</time>
      </trkpt>
      <trkpt lat="39.896149" lon="116.638768">
        <time>2020-12-19T10:27:28Z</time>
      </trkpt>
      <trkpt lat="39.896111" lon="116.638628">
        <time>2020-12-19T10:27:33Z</time>
      </trkpt>
      <trkpt lat="39.896087" lon="116.638485">
        <time>2020-12-19T10:27:38Z</time>
      </trkpt>
      <trkpt lat="39.89609" lon="116.638346">
        <time>2020-12-19T10:27:43Z</time>
      </trkpt>
      <trkpt lat="39.896099" lon="116.638209">
        <time>2020-12-19T10:27:48Z</time>
      </trkpt>
      <trkpt lat="39.896099" lon="116.638064">
        <time>2020-12-19T10:27:53Z</time>
      </trkpt>
      <trkpt lat="39.896132" lon="116.637959">
        <time>2020-12-19T10:27:58Z</time>
      </trkpt>
      <trkpt lat="39.896138" lon="116.637796">
        <time>2020-12-19T10:28:03Z</time>
      </trkpt>
      <trkpt lat="39.896134" lon="116.637643">
        <time>2020-12-19T10:28:08Z</time>
      </trkpt>
      <trkpt lat="39.896139" lon="116.637527">
        <time>2020-12-19T10:28:13Z</time>
      </trkpt>
      <trkpt lat="39.896133" lon="116.63742">
        <time>2020-12-19T10:28:18Z</time>
      </trkpt>
      <trkpt lat="39.896141" lon="116.637324">
        <time>2020-12-19T10:28:23Z</time>
      </trkpt>
      <trkpt lat="39.896124" lon="116.637154">
        <time>2020-12-19T10:28:28Z</time>
      </trkpt>
      <trkpt lat="39.89611" lon="116.636996">
        <time>2020-12-19T10:28:33Z</time>
      </trkpt>
      <trkpt lat="39.896087" lon="116.636846">
        <time>2020-12-19T10:28:38Z</time>
      </trkpt>
      <trkpt lat="39.896046" lon="116.636721">
        <time>2020-12-19T10:28:43Z</time>
      </trkpt>
      <trkpt lat="39.895989" lon="116.636637">
        <time>2020-12-19T10:28:48Z</time>
      </trkpt>
      <trkpt lat="39.895984" lon="116.636767">
        <time>2020-12-19T10:28:53Z</time>
      </trkpt>
      <trkpt lat="39.896047" lon="116.636931">
        <time>2020-12-19T10:28:58Z</time>
      </trkpt>
      <trkpt lat="39.896081" lon="116.637091">
        <time>2020-12-19T10:29:03Z</time>
      </trkpt>
      <trkpt lat="39.896115" lon="116.637237">
        <time>2020-12-19T10:29:08Z</time>
      </trkpt>
      <trkpt lat="39.896117" lon="116.63738">
        <time>2020-12-19T10:29:13Z</time>
      </trkpt>
      <trkpt lat="39.896148" lon="116.637525">
        <time>2020-12-19T10:29:18Z</time>
      </trkpt>
      <trkpt lat="39.896156" lon="116.637663">
        <time>2020-12-19T10:29:23Z</time>
      </trkpt>
      <trkpt lat="39.896146" lon="116.637825">
        <time>2020-12-19T10:29:28Z</time>
      </trkpt>
      <trkpt lat="39.896158" lon="116.637975">
        <time>2020-12-19T10:29:33Z</time>
      </trkpt>
      <trkpt lat="39.896161" lon="116.63812">
        <time>2020-12-19T10:29:38Z</time>
      </trkpt>
      <trkpt lat="39.896169" lon="116.63827">
        <time>2020-12-19T10:29:43Z</time>
      </trkpt>
      <trkpt lat="39.896194" lon="116.638412">
        <time>2020-12-19T10:29:48Z</time>
      </trkpt>
      <trkpt lat="39.896216" lon="116.638561">
        <time>2020-12-19T10:29:53Z</time>
      </trkpt>
      <trkpt lat="39.896227" lon="116.638688">
        <time>2020-12-19T10:29:58Z</time>
      </trkpt>
      <trkpt lat="39.896229" lon="116.638809">
        <time>2020-12-19T10:30:03Z</time>
      </trkpt>
      <trkpt lat="39.896236" lon="116.638929">
        <time>2020-12-19T10:30:08Z</time>
      </trkpt>
      <trkpt lat="39.896241" lon="116.639058">
        <time>2020-12-19T10:30:13Z</time>
      </trkpt>
      <trkpt lat="39.89624" lon="116.639187">
        <time>2020-12-19T10:30:18Z</time>
      </trkpt>
      <trkpt lat="39.896233" lon="116.639308">
        <time>2020-12-19T10:30:23Z</time>
      </trkpt>
      <trkpt lat="39.896228" lon="116.639454">
        <time>2020-12-19T10:30:28Z</time>
      </trkpt>
      <trkpt lat="39.89623" lon="116.639587">
        <time>2020-12-19T10:30:33Z</time>
      </trkpt>
      <trkpt lat="39.896215" lon="116.639732">
        <time>2020-12-19T10:30:38Z</time>
      </trkpt>
      <trkpt lat="39.896177" lon="116.639856">
        <time>2020-12-19T10:30:43Z</time>
      </trkpt>
      <trkpt lat="39.8962" lon="116.63999">
        <time>2020-12-19T10:30:48Z</time>
      </trkpt>
      <trkpt lat="39.896221" lon="116.640152">
        <time>2020-12-19T10:30:53Z</time>
      </trkpt>
      <trkpt lat="39.896222" lon="116.640295">
        <time>2020-12-19T10:30:58Z</time>
      </trkpt>
      <trkpt lat="39.896244" lon="116.640456">
        <time>2020-12-19T10:31:03Z</time>
      </trkpt>
      <trkpt lat="39.896253" lon="116.640629">
        <time>2020-12-19T10:31:08Z</time>
      </trkpt>
      <trkpt lat="39.896268" lon="116.640794">
        <time>2020-12-19T10:31:13Z</time>
      </trkpt>
      <trkpt lat="39.896236" lon="116.640943">
        <time>2020-12-19T10:31:18Z</time>
      </trkpt>
      <trkpt lat="39.896225" lon="116.641103">
        <time>2020-12-19T10:31:23Z</time>
      </trkpt>
      <trkpt lat="39.896264" lon="116.641245">
        <time>2020-12-19T10:31:28Z</time>
      </trkpt>
      <trkpt lat="39.896264" lon="116.6414">
        <time>2020-12-19T10:31:33Z</time>
      </trkpt>
      <trkpt lat="39.89627" lon="116.641568">
        <time>2020-12-19T10:31:38Z</time>
      </trkpt>
      <trkpt lat="39.896283" lon="116.641677">
        <time>2020-12-19T10:31:43Z</time>
      </trkpt>
      <trkpt lat="39.89626" lon="116.641821">
        <time>2020-12-19T10:31:48Z</time>
      </trkpt>
      <trkpt lat="39.896237" lon="116.642028">
        <time>2020-12-19T10:31:53Z</time>
      </trkpt>
      <trkpt lat="39.896229" lon="116.642103">
        <time>2020-12-19T10:31:58Z</time>
      </trkpt>
      <trkpt lat="39.89621" lon="116.642269">
        <time>2020-12-19T10:32:03Z</time>
      </trkpt>
      <trkpt lat="39.896207" lon="116.642408">
        <time>2020-12-19T10:32:08Z</time>
      </trkpt>
      <trkpt lat="39.896204" lon="116.642549">
        <time>2020-12-19T10:32:13Z</time>
      </trkpt>
      <trkpt lat="39.8962" lon="116.642659">
        <time>2020-12-19T10:32:18Z</time>
      </trkpt>
      <trkpt lat="39.896193" lon="116.642802">
        <time>2020-12-19T10:32:23Z</time>
      </trkpt>
      <trkpt lat="39.896177" lon="116.642945">
        <time>2020-12-19T10:32:28Z</time>
      </trkpt>
      <trkpt lat="39.896191" lon="116.643104">
        <time>2020-12-19T10:32:33Z</time>
      </trkpt>
      <trkpt lat="39.896162" lon="116.643223">
        <time>2020-12-19T10:32:38Z</time>
      </trkpt>
      <trkpt lat="39.896178" lon="116.64337">
        <time>2020-12-19T10:32:43Z</time>
      </trkpt>
      <trkpt lat="39.896196" lon="116.643507">
        <time>2020-12-19T10:32:48Z</time>
      </trkpt>
      <trkpt lat="39.896203" lon="116.643661">
        <time>2020-12-19T10:32:53Z</time>
      </trkpt>
      <trkpt lat="39.896212" lon="116.643811">
        <time>2020-12-19T10:32:58Z</time>
      </trkpt>
      <trkpt lat="39.896203" lon="116.643944">
        <time>2020-12-19T10:33:03Z</time>
      </trkpt>
      <trkpt lat="39.896221" lon="116.644085">
        <time>2020-12-19T10:33:08Z</time>
      </trkpt>
      <trkpt lat="39.896224" lon="116.644242">
        <time>2020-12-19T10:33:13Z</time>
      </trkpt>
      <trkpt lat="39.896239" lon="116.644386">
        <time>2020-12-19T10:33:18Z</time>
      </trkpt>
      <trkpt lat="39.896262" lon="116.644513">
        <time>2020-12-19T10:33:23Z</time>
      </trkpt>
      <trkpt lat="39.896278" lon="116.644595">
        <time>2020-12-19T10:33:28Z</time>
      </trkpt>
      <trkpt lat="39.896294" lon="116.644677">
        <time>2020-12-19T10:33:33Z</time>
      </trkpt>
      <trkpt lat="39.896239" lon="116.644953">
        <time>2020-12-19T10:33:38Z</time>
      </trkpt>
      <trkpt lat="39.896242" lon="116.64509">
        <time>2020-12-19T10:33:43Z</time>
      </trkpt>
      <trkpt lat="39.896221" lon="116.645253">
        <time>2020-12-19T10:33:48Z</time>
      </trkpt>
      <trkpt lat="39.896223" lon="116.645377">
        <time>2020-12-19T10:33:53Z</time>
      </trkpt>
      <trkpt lat="39.896142" lon="116.645486">
        <time>2020-12-19T10:33:58Z</time>
      </trkpt>
      <trkpt lat="39.896092" lon="116.645649">
        <time>2020-12-19T10:34:03Z</time>
      </trkpt>
      <trkpt lat="39.896074" lon="116.645844">
        <time>2020-12-19T10:34:08Z</time>
      </trkpt>
      <trkpt lat="39.896062" lon="116.645992">
        <time>2020-12-19T10:34:13Z</time>
      </trkpt>
      <trkpt lat="39.896036" lon="116.646137">
        <time>2020-12-19T10:34:18Z</time>
      </trkpt>
      <trkpt lat="39.89603" lon="116.646309">
        <time>2020-12-19T10:34:23Z</time>
      </trkpt>
      <trkpt lat="39.896018" lon="116.646459">
        <time>2020-12-19T10:34:28Z</time>
      </trkpt>
      <trkpt lat="39.896017" lon="116.646608">
        <time>2020-12-19T10:34:33Z</time>
      </trkpt>
      <trkpt lat="39.895993" lon="116.646741">
        <time>2020-12-19T10:34:38Z</time>
      </trkpt>
      <trkpt lat="39.895893" lon="116.646775">
        <time>2020-12-19T10:34:43Z</time>
      </trkpt>
      <trkpt lat="39.895754" lon="116.646735">
        <time>2020-12-19T10:34:48Z</time>
      </trkpt>
      <trkpt lat="39.895644" lon="116.646678">
        <time>2020-12-19T10:34:53Z</time>
      </trkpt>
      <trkpt lat="39.895546" lon="116.646605">
        <time>2020-12-19T10:34:58Z</time>
      </trkpt>
      <trkpt lat="39.895435" lon="116.646571">
        <time>2020-12-19T10:35:03Z</time>
      </trkpt>
      <trkpt lat="39.895311" lon="116.646528">
        <time>2020-12-19T10:35:08Z</time>
      </trkpt>
      <trkpt lat="39.895206" lon="116.646486">
        <time>2020-12-19T10:35:13Z</time>
      </trkpt>
      <trkpt lat="39.895073" lon="116.646434">
        <time>2020-12-19T10:35:18Z</time>
      </trkpt>
      <trkpt lat="39.894886" lon="116.646373">
        <time>2020-12-19T10:35:23Z</time>
      </trkpt>
      <trkpt lat="39.894859" lon="116.646364">
        <time>2020-12-19T10:35:28Z</time>
      </trkpt>
      <trkpt lat="39.894736" lon="116.646333">
        <time>2020-12-19T10:35:33Z</time>
      </trkpt>
      <trkpt lat="39.894625" lon="116.646258">
        <time>2020-12-19T10:35:38Z</time>
      </trkpt>
      <trkpt lat="39.894446" lon="116.646181">
        <time>2020-12-19T10:35:43Z</time>
      </trkpt>
      <trkpt lat="39.894392" lon="116.646168">
        <time>2020-12-19T10:35:48Z</time>
      </trkpt>
      <trkpt lat="39.894269" lon="116.646122">
        <time>2020-12-19T10:35:53Z</time>
      </trkpt>
      <trkpt lat="39.894185" lon="116.646077">
        <time>2020-12-19T10:35:58Z</time>
      </trkpt>
      <trkpt lat="39.894114" lon="116.645978">
        <time>2020-12-19T10:36:03Z</time>
      </trkpt>
      <trkpt lat="39.894006" lon="116.645923">
        <time>2020-12-19T10:36:08Z</time>
      </trkpt>
      <trkpt lat="39.893905" lon="116.645904">
        <time>2020-12-19T10:36:13Z</time>
      </trkpt>
      <trkpt lat="39.893818" lon="116.646019">
        <time>2020-12-19T10:36:18Z</time>
      </trkpt>
      <trkpt lat="39.893755" lon="116.646138">
        <time>2020-12-19T10:36:23Z</time>
      </trkpt>
      <trkpt lat="39.893716" lon="116.64628">
        <time>2020-12-19T10:36:28Z</time>
      </trkpt>
      <trkpt lat="39.893621" lon="116.646326">
        <time>2020-12-19T10:36:33Z</time>
      </trkpt>
      <trkpt lat="39.893474" lon="116.646288">
        <time>2020-12-19T10:36:38Z</time>
      </trkpt>
      <trkpt lat="39.893345" lon="116.646219">
        <time>2020-12-19T10:36:43Z</time>
      </trkpt>
      <trkpt lat="39.893218" lon="116.646197">
        <time>2020-12-19T10:36:48Z</time>
      </trkpt>
      <trkpt lat="39.893081" lon="116.646152">
        <time>2020-12-19T10:36:53Z</time>
      </trkpt>
      <trkpt lat="39.89296" lon="116.646071">
        <time>2020-12-19T10:36:58Z</time>
      </trkpt>
      <trkpt lat="39.89282" lon="116.646006">
        <time>2020-12-19T10:37:03Z</time>
      </trkpt>
      <trkpt lat="39.892686" lon="116.645957">
        <time>2020-12-19T10:37:08Z</time>
      </trkpt>
      <trkpt lat="39.892579" lon="116.645905">
        <time>2020-12-19T10:37:13Z</time>
      </trkpt>
      <trkpt lat="39.892469" lon="116.645838">
        <time>2020-12-19T10:37:18Z</time>
      </trkpt>
      <trkpt lat="39.892349" lon="116.645791">
        <time>2020-12-19T10:37:23Z</time>
      </trkpt>
      <trkpt lat="39.892236" lon="116.645721">
        <time>2020-12-19T10:37:28Z</time>
      </trkpt>
      <trkpt lat="39.892122" lon="116.645677">
        <time>2020-12-19T10:37:33Z</time>
      </trkpt>
      <trkpt lat="39.892002" lon="116.645601">
        <time>2020-12-19T10:37:38Z</time>
      </trkpt>
      <trkpt lat="39.891902" lon="116.645551">
        <time>2020-12-19T10:37:43Z</time>
      </trkpt>
      <trkpt lat="39.891819" lon="116.645463">
        <time>2020-12-19T10:37:48Z</time>
      </trkpt>
      <trkpt lat="39.891752" lon="116.645451">
        <time>2020-12-19T10:37:53Z</time>
      </trkpt>
      <trkpt lat="39.891667" lon="116.645419">
        <time>2020-12-19T10:37:58Z</time>
      </trkpt>
      <trkpt lat="39.891596" lon="116.645353">
        <time>2020-12-19T10:38:03Z</time>
      </trkpt>
      <trkpt lat="39.891515" lon="116.645312">
        <time>2020-12-19T10:38:08Z</time>
      </trkpt>
      <trkpt lat="39.89149" lon="116.645302">
        <time>2020-12-19T10:38:13Z</time>
      </trkpt>
      <trkpt lat="39.891598" lon="116.64535">
        <time>2020-12-19T10:38:18Z</time>
      </trkpt>
      <trkpt lat="39.891727" lon="116.645443">
        <time>2020-12-19T10:38:23Z</time>
      </trkpt>
      <trkpt lat="39.89188" lon="116.645483">
        <time>2020-12-19T10:38:28Z</time>
      </trkpt>
      <trkpt lat="39.891991" lon="116.645516">
        <time>2020-12-19T10:38:33Z</time>
      </trkpt>
      <trkpt lat="39.892088" lon="116.64559">
        <time>2020-12-19T10:38:38Z</time>
      </trkpt>
      <trkpt lat="39.892213" lon="116.645659">
        <time>2020-12-19T10:38:43Z</time>
      </trkpt>
      <trkpt lat="39.892348" lon="116.6457">
        <time>2020-12-19T10:38:48Z</time>
      </trkpt>
      <trkpt lat="39.892472" lon="116.645771">
        <time>2020-12-19T10:38:53Z</time>
      </trkpt>
      <trkpt lat="39.892557" lon="116.645809">
        <time>2020-12-19T10:38:58Z</time>
      </trkpt>
      <trkpt lat="39.892674" lon="116.645868">
        <time>2020-12-19T10:39:03Z</time>
      </trkpt>
      <trkpt lat="39.892792" lon="116.64592">
        <time>2020-12-19T10:39:08Z</time>
      </trkpt>
      <trkpt lat="39.892928" lon="116.645934">
        <time>2020-12-19T10:39:13Z</time>
      </trkpt>
      <trkpt lat="39.893062" lon="116.645976">
        <time>2020-12-19T10:39:18Z</time>
      </trkpt>
      <trkpt lat="39.893183" lon="116.646035">
        <time>2020-12-19T10:39:23Z</time>
      </trkpt>
      <trkpt lat="39.8933" lon="116.646075">
        <time>2020-12-19T10:39:28Z</time>
      </trkpt>
      <trkpt lat="39.893422" lon="116.646161">
        <time>2020-12-19T10:39:33Z</time>
      </trkpt>
      <trkpt lat="39.893561" lon="116.646338">
        <time>2020-12-19T10:39:38Z</time>
      </trkpt>
      <trkpt lat="39.893619" lon="116.646342">
        <time>2020-12-19T10:39:43Z</time>
      </trkpt>
      <trkpt lat="39.893753" lon="116.646285">
        <time>2020-12-19T10:39:48Z</time>
      </trkpt>
      <trkpt lat="39.893839" lon="116.646128">
        <time>2020-12-19T10:39:53Z</time>
      </trkpt>
      <trkpt lat="39.89392" lon="116.645955">
        <time>2020-12-19T10:39:58Z</time>
      </trkpt>
      <trkpt lat="39.894" lon="116.645876">
        <time>2020-12-19T10:40:03Z</time>
      </trkpt>
      <trkpt lat="39.894089" lon="116.645904">
        <time>2020-12-19T10:40:08Z</time>
      </trkpt>
      <trkpt lat="39.894174" lon="116.645954">
        <time>2020-12-19T10:40:13Z</time>
      </trkpt>
      <trkpt lat="39.894277" lon="116.646031">
        <time>2020-12-19T10:40:18Z</time>
      </trkpt>
      <trkpt lat="39.894404" lon="116.646102">
        <time>2020-12-19T10:40:23Z</time>
      </trkpt>
      <trkpt lat="39.894527" lon="116.646156">
        <time>2020-12-19T10:40:28Z</time>
      </trkpt>
      <trkpt lat="39.894678" lon="116.646196">
        <time>2020-12-19T10:40:33Z</time>
      </trkpt>
      <trkpt lat="39.894733" lon="116.646231">
        <time>2020-12-19T10:40:38Z</time>
      </trkpt>
      <trkpt lat="39.894851" lon="116.646338">
        <time>2020-12-19T10:40:43Z</time>
      </trkpt>
      <trkpt lat="39.894974" lon="116.646394">
        <time>2020-12-19T10:40:48Z</time>
      </trkpt>
      <trkpt lat="39.895056" lon="116.646432">
        <time>2020-12-19T10:40:53Z</time>
      </trkpt>
      <trkpt lat="39.895171" lon="116.646482">
        <time>2020-12-19T10:40:58Z</time>
      </trkpt>
      <trkpt lat="39.895295" lon="116.646497">
        <time>2020-12-19T10:41:03Z</time>
      </trkpt>
      <trkpt lat="39.895453" lon="116.646564">
        <time>2020-12-19T10:41:08Z</time>
      </trkpt>
      <trkpt lat="39.895512" lon="116.64658">
        <time>2020-12-19T10:41:13Z</time>
      </trkpt>
      <trkpt lat="39.895641" lon="116.646628">
        <time>2020-12-19T10:41:18Z</time>
      </trkpt>
      <trkpt lat="39.895758" lon="116.646673">
        <time>2020-12-19T10:41:23Z</time>
      </trkpt>
      <trkpt lat="39.895864" lon="116.646726">
        <time>2020-12-19T10:41:28Z</time>
      </trkpt>
      <trkpt lat="39.89597" lon="116.646772">
        <time>2020-12-19T10:41:33Z</time>
      </trkpt>
      <trkpt lat="39.896067" lon="116.646808">
        <time>2020-12-19T10:41:38Z</time>
      </trkpt>
      <trkpt lat="39.896133" lon="116.646736">
        <time>2020-12-19T10:41:43Z</time>
      </trkpt>
      <trkpt lat="39.896112" lon="116.646597">
        <time>2020-12-19T10:41:48Z</time>
      </trkpt>
      <trkpt lat="39.896087" lon="116.646436">
        <time>2020-12-19T10:41:53Z</time>
      </trkpt>
      <trkpt lat="39.896077" lon="116.64626">
        <time>2020-12-19T10:41:58Z</time>
      </trkpt>
      <trkpt lat="39.896088" lon="116.646103">
        <time>2020-12-19T10:42:03Z</time>
      </trkpt>
      <trkpt lat="39.896094" lon="116.64592">
        <time>2020-12-19T10:42:08Z</time>
      </trkpt>
      <trkpt lat="39.896105" lon="116.645751">
        <time>2020-12-19T10:42:13Z</time>
      </trkpt>
      <trkpt lat="39.896098" lon="116.645648">
        <time>2020-12-19T10:42:18Z</time>
      </trkpt>
      <trkpt lat="39.896127" lon="116.645536">
        <time>2020-12-19T10:42:23Z</time>
      </trkpt>
      <trkpt lat="39.896143" lon="116.645418">
        <time>2020-12-19T10:42:28Z</time>
      </trkpt>
      <trkpt lat="39.896148" lon="116.645278">
        <time>2020-12-19T10:42:33Z</time>
      </trkpt>
      <trkpt lat="39.896144" lon="116.645127">
        <time>2020-12-19T10:42:38Z</time>
      </trkpt>
      <trkpt lat="39.896144" lon="116.64498">
        <time>2020-12-19T10:42:43Z</time>
      </trkpt>
      <trkpt lat="39.896152" lon="116.644823">
        <time>2020-12-19T10:42:48Z</time>
      </trkpt>
      <trkpt lat="39.896172" lon="116.644714">
        <time>2020-12-19T10:42:53Z</time>
      </trkpt>
      <trkpt lat="39.896178" lon="116.644632">
        <time>2020-12-19T10:42:58Z</time>
      </trkpt>
      <trkpt lat="39.896183" lon="116.644533">
        <time>2020-12-19T10:43:03Z</time>
      </trkpt>
      <trkpt lat="39.896181" lon="116.644393">
        <time>2020-12-19T10:43:08Z</time>
      </trkpt>
      <trkpt lat="39.896176" lon="116.644256">
        <time>2020-12-19T10:43:13Z</time>
      </trkpt>
      <trkpt lat="39.896185" lon="116.644117">
        <time>2020-12-19T10:43:18Z</time>
      </trkpt>
      <trkpt lat="39.896166" lon="116.643958">
        <time>2020-12-19T10:43:23Z</time>
      </trkpt>
      <trkpt lat="39.89615" lon="116.643811">
        <time>2020-12-19T10:43:28Z</time>
      </trkpt>
      <trkpt lat="39.896165" lon="116.643702">
        <time>2020-12-19T10:43:33Z</time>
      </trkpt>
      <trkpt lat="39.896179" lon="116.643554">
        <time>2020-12-19T10:43:38Z</time>
      </trkpt>
      <trkpt lat="39.896173" lon="116.643406">
        <time>2020-12-19T10:43:43Z</time>
      </trkpt>
      <trkpt lat="39.896159" lon="116.643252">
        <time>2020-12-19T10:43:48Z</time>
      </trkpt>
      <trkpt lat="39.896165" lon="116.643099">
        <time>2020-12-19T10:43:53Z</time>
      </trkpt>
      <trkpt lat="39.896154" lon="116.64294">
        <time>2020-12-19T10:43:58Z</time>
      </trkpt>
      <trkpt lat="39.896162" lon="116.642769">
        <time>2020-12-19T10:44:03Z</time>
      </trkpt>
      <trkpt lat="39.896166" lon="116.642503">
        <time>2020-12-19T10:44:08Z</time>
      </trkpt>
      <trkpt lat="39.896169" lon="116.642478">
        <time>2020-12-19T10:44:13Z</time>
      </trkpt>
      <trkpt lat="39.896165" lon="116.642317">
        <time>2020-12-19T10:44:18Z</time>
      </trkpt>
      <trkpt lat="39.896173" lon="116.642168">
        <time>2020-12-19T10:44:23Z</time>
      </trkpt>
      <trkpt lat="39.896173" lon="116.64202">
        <time>2020-12-19T10:44:28Z</time>
      </trkpt>
      <trkpt lat="39.896179" lon="116.641943">
        <time>2020-12-19T10:44:33Z</time>
      </trkpt>
      <trkpt lat="39.896202" lon="116.641824">
        <time>2020-12-19T10:44:38Z</time>
      </trkpt>
      <trkpt lat="39.896211" lon="116.641627">
        <time>2020-12-19T10:44:43Z</time>
      </trkpt>
      <trkpt lat="39.896211" lon="116.641567">
        <time>2020-12-19T10:44:48Z</time>
      </trkpt>
      <trkpt lat="39.896194" lon="116.641402">
        <time>2020-12-19T10:44:53Z</time>
      </trkpt>
      <trkpt lat="39.896189" lon="116.641235">
        <time>2020-12-19T10:44:58Z</time>
      </trkpt>
      <trkpt lat="39.896187" lon="116.641078">
        <time>2020-12-19T10:45:03Z</time>
      </trkpt>
      <trkpt lat="39.896191" lon="116.640951">
        <time>2020-12-19T10:45:08Z</time>
      </trkpt>
      <trkpt lat="39.896203" lon="116.640871">
        <time>2020-12-19T10:45:13Z</time>
      </trkpt>
      <trkpt lat="39.896218" lon="116.640768">
        <time>2020-12-19T10:45:18Z</time>
      </trkpt>
      <trkpt lat="39.896216" lon="116.640632">
        <time>2020-12-19T10:45:23Z</time>
      </trkpt>
      <trkpt lat="39.896233" lon="116.640517">
        <time>2020-12-19T10:45:28Z</time>
      </trkpt>
      <trkpt lat="39.896267" lon="116.640334">
        <time>2020-12-19T10:45:33Z</time>
      </trkpt>
      <trkpt lat="39.896257" lon="116.640168">
        <time>2020-12-19T10:45:38Z</time>
      </trkpt>
      <trkpt lat="39.896236" lon="116.640003">
        <time>2020-12-19T10:45:43Z</time>
      </trkpt>
      <trkpt lat="39.896205" lon="116.639859">
        <time>2020-12-19T10:45:48Z</time>
      </trkpt>
      <trkpt lat="39.896201" lon="116.639738">
        <time>2020-12-19T10:45:53Z</time>
      </trkpt>
      <trkpt lat="39.896194" lon="116.639585">
        <time>2020-12-19T10:45:58Z</time>
      </trkpt>
      <trkpt lat="39.89619" lon="116.639407">
        <time>2020-12-19T10:46:03Z</time>
      </trkpt>
      <trkpt lat="39.896184" lon="116.639268">
        <time>2020-12-19T10:46:08Z</time>
      </trkpt>
      <trkpt lat="39.896183" lon="116.639113">
        <time>2020-12-19T10:46:13Z</time>
      </trkpt>
      <trkpt lat="39.896164" lon="116.638953">
        <time>2020-12-19T10:46:18Z</time>
      </trkpt>
      <trkpt lat="39.896152" lon="116.638794">
        <time>2020-12-19T10:46:23Z</time>
      </trkpt>
      <trkpt lat="39.89615" lon="116.638639">
        <time>2020-12-19T10:46:28Z</time>
      </trkpt>
      <trkpt lat="39.89614" lon="116.63852">
        <time>2020-12-19T10:46:33Z</time>
      </trkpt>
      <trkpt lat="39.89611" lon="116.638305">
        <time>2020-12-19T10:46:38Z</time>
      </trkpt>
      <trkpt lat="39.896121" lon="116.638173">
        <time>2020-12-19T10:46:43Z</time>
      </trkpt>
      <trkpt lat="39.896119" lon="116.638014">
        <time>2020-12-19T10:46:48Z</time>
      </trkpt>
      <trkpt lat="39.89609" lon="116.637857">
        <time>2020-12-19T10:46:53Z</time>
      </trkpt>
      <trkpt lat="39.896085" lon="116.637711">
        <time>2020-12-19T10:46:58Z</time>
      </trkpt>
      <trkpt lat="39.896087" lon="116.637546">
        <time>2020-12-19T10:47:03Z</time>
      </trkpt>
      <trkpt lat="39.896102" lon="116.637464">
        <time>2020-12-19T10:47:08Z</time>
      </trkpt>
      <trkpt lat="39.89611" lon="116.63737">
        <time>2020-12-19T10:47:13Z</time>
      </trkpt>
      <trkpt lat="39.896112" lon="116.637273">
        <time>2020-12-19T10:47:18Z</time>
      </trkpt>
      <trkpt lat="39.896119" lon="116.637157">
        <time>2020-12-19T10:47:23Z</time>
      </trkpt>
      <trkpt lat="39.896111" lon="116.637038">
        <time>2020-12-19T10:47:28Z</time>
      </trkpt>
      <trkpt lat="39.896094" lon="116.63694">
        <time>2020-12-19T10:47:33Z</time>
      </trkpt>
      <trkpt lat="39.896078" lon="116.636821">
        <time>2020-12-19T10:47:38Z</time>
      </trkpt>
      <trkpt lat="39.896057" lon="116.636727">
        <time>2020-12-19T10:47:43Z</time>
      </trkpt>
      <trkpt lat="39.896014" lon="116.636653">
        <time>2020-12-19T10:47:48Z</time>
      </trkpt>
      <trkpt lat="39.896025" lon="116.636784">
        <time>2020-12-19T10:47:53Z</time>
      </trkpt>
      <trkpt lat="39.896065" lon="116.63692">
        <time>2020-12-19T10:47:58Z</time>
      </trkpt>
      <trkpt lat="39.896087" lon="116.637076">
        <time>2020-12-19T10:48:03Z</time>
      </trkpt>
      <trkpt lat="39.896138" lon="116.63724">
        <time>2020-12-19T10:48:08Z</time>
      </trkpt>
      <trkpt lat="39.896171" lon="116.637399">
        <time>2020-12-19T10:48:13Z</time>
      </trkpt>
      <trkpt lat="39.896195" lon="116.637556">
        <time>2020-12-19T10:48:18Z</time>
      </trkpt>
      <trkpt lat="39.896216" lon="116.637716">
        <time>2020-12-19T10:48:23Z</time>
      </trkpt>
      <trkpt lat="39.896221" lon="116.637863">
        <time>2020-12-19T10:48:28Z</time>
      </trkpt>
      <trkpt lat="39.896235" lon="116.637969">
        <time>2020-12-19T10:48:33Z</time>
      </trkpt>
      <trkpt lat="39.896204" lon="116.638074">
        <time>2020-12-19T10:48:38Z</time>
      </trkpt>
      <trkpt lat="39.896196" lon="116.638212">
        <time>2020-12-19T10:48:43Z</time>
      </trkpt>
      <trkpt lat="39.896215" lon="116.63835">
        <time>2020-12-19T10:48:48Z</time>
      </trkpt>
      <trkpt lat="39.896225" lon="116.638501">
        <time>2020-12-19T10:48:53Z</time>
      </trkpt>
      <trkpt lat="39.896248" lon="116.63865">
        <time>2020-12-19T10:48:58Z</time>
      </trkpt>
      <trkpt lat="39.896258" lon="116.638779">
        <time>2020-12-19T10:49:03Z</time>
      </trkpt>
      <trkpt lat="39.89627" lon="116.638922">
        <time>2020-12-19T10:49:08Z</time>
      </trkpt>
      <trkpt lat="39.896274" lon="116.63905">
        <time>2020-12-19T10:49:13Z</time>
      </trkpt>
      <trkpt lat="39.896278" lon="116.639139">
        <time>2020-12-19T10:49:18Z</time>
      </trkpt>
      <trkpt lat="39.896282" lon="116.639238">
        <time>2020-12-19T10:49:23Z</time>
      </trkpt>
      <trkpt lat="39.896287" lon="116.639326">
        <time>2020-12-19T10:49:28Z</time>
      </trkpt>
      <trkpt lat="39.896292" lon="116.639436">
        <time>2020-12-19T10:49:33Z</time>
      </trkpt>
      <trkpt lat="39.896299" lon="116.639551">
        <time>2020-12-19T10:49:38Z</time>
      </trkpt>
      <trkpt lat="39.896276" lon="116.639692">
        <time>2020-12-19T10:49:43Z</time>
      </trkpt>
      <trkpt lat="39.896265" lon="116.63984">
        <time>2020-12-19T10:49:48Z</time>
      </trkpt>
      <trkpt lat="39.896259" lon="116.640001">
        <time>2020-12-19T10:49:53Z</time>
      </trkpt>
      <trkpt lat="39.896261" lon="116.640174">
        <time>2020-12-19T10:49:58Z</time>
      </trkpt>
      <trkpt lat="39.896252" lon="116.640352">
        <time>2020-12-19T10:50:03Z</time>
      </trkpt>
      <trkpt lat="39.896249" lon="116.640508">
        <time>2020-12-19T10:50:08Z</time>
      </trkpt>
      <trkpt lat="39.896266" lon="116.640671">
        <time>2020-12-19T10:50:13Z</time>
      </trkpt>
      <trkpt lat="39.896255" lon="116.640839">
        <time>2020-12-19T10:50:18Z</time>
      </trkpt>
      <trkpt lat="39.896261" lon="116.640992">
        <time>2020-12-19T10:50:23Z</time>
      </trkpt>
      <trkpt lat="39.896262" lon="116.641149">
        <time>2020-12-19T10:50:28Z</time>
      </trkpt>
      <trkpt lat="39.89625" lon="116.641302">
        <time>2020-12-19T10:50:33Z</time>
      </trkpt>
      <trkpt lat="39.896232" lon="116.641446">
        <time>2020-12-19T10:50:38Z</time>
      </trkpt>
      <trkpt lat="39.896246" lon="116.641607">
        <time>2020-12-19T10:50:43Z</time>
      </trkpt>
      <trkpt lat="39.896228" lon="116.641745">
        <time>2020-12-19T10:50:48Z</time>
      </trkpt>
      <trkpt lat="39.896198" lon="116.641873">
        <time>2020-12-19T10:50:53Z</time>
      </trkpt>
      <trkpt lat="39.89622" lon="116.642091">
        <time>2020-12-19T10:50:58Z</time>
      </trkpt>
      <trkpt lat="39.896241" lon="116.642156">
        <time>2020-12-19T10:51:03Z</time>
      </trkpt>
      <trkpt lat="39.89626" lon="116.642268">
        <time>2020-12-19T10:51:08Z</time>
      </trkpt>
      <trkpt lat="39.896236" lon="116.642385">
        <time>2020-12-19T10:51:13Z</time>
      </trkpt>
      <trkpt lat="39.896244" lon="116.642496">
        <time>2020-12-19T10:51:18Z</time>
      </trkpt>
      <trkpt lat="39.89624" lon="116.642604">
        <time>2020-12-19T10:51:23Z</time>
      </trkpt>
      <trkpt lat="39.896244" lon="116.642713">
        <time>2020-12-19T10:51:28Z</time>
      </trkpt>
      <trkpt lat="39.896233" lon="116.642841">
        <time>2020-12-19T10:51:33Z</time>
      </trkpt>
      <trkpt lat="39.896236" lon="116.642958">
        <time>2020-12-19T10:51:38Z</time>
      </trkpt>
      <trkpt lat="39.896188" lon="116.643094">
        <time>2020-12-19T10:51:43Z</time>
      </trkpt>
      <trkpt lat="39.896163" lon="116.643258">
        <time>2020-12-19T10:51:48Z</time>
      </trkpt>
      <trkpt lat="39.896149" lon="116.643419">
        <time>2020-12-19T10:51:53Z</time>
      </trkpt>
      <trkpt lat="39.896177" lon="116.643525">
        <time>2020-12-19T10:51:58Z</time>
      </trkpt>
      <trkpt lat="39.896194" lon="116.643656">
        <time>2020-12-19T10:52:03Z</time>
      </trkpt>
      <trkpt lat="39.896181" lon="116.643769">
        <time>2020-12-19T10:52:08Z</time>
      </trkpt>
      <trkpt lat="39.896204" lon="116.643885">
        <time>2020-12-19T10:52:13Z</time>
      </trkpt>
      <trkpt lat="39.896222" lon="116.64398">
        <time>2020-12-19T10:52:18Z</time>
      </trkpt>
      <trkpt lat="39.896221" lon="116.644112">
        <time>2020-12-19T10:52:23Z</time>
      </trkpt>
      <trkpt lat="39.896231" lon="116.644246">
        <time>2020-12-19T10:52:28Z</time>
      </trkpt>
      <trkpt lat="39.896229" lon="116.644368">
        <time>2020-12-19T10:52:33Z</time>
      </trkpt>
      <trkpt lat="39.896214" lon="116.644505">
        <time>2020-12-19T10:52:38Z</time>
      </trkpt>
      <trkpt lat="39.896222" lon="116.644639">
        <time>2020-12-19T10:52:43Z</time>
      </trkpt>
      <trkpt lat="39.896217" lon="116.644788">
        <time>2020-12-19T10:52:48Z</time>
      </trkpt>
      <trkpt lat="39.896228" lon="116.644945">
        <time>2020-12-19T10:52:53Z</time>
      </trkpt>
      <trkpt lat="39.896183" lon="116.645073">
        <time>2020-12-19T10:52:58Z</time>
      </trkpt>
      <trkpt lat="39.896205" lon="116.645231">
        <time>2020-12-19T10:53:03Z</time>
      </trkpt>
      <trkpt lat="39.89622" lon="116.645427">
        <time>2020-12-19T10:53:08Z</time>
      </trkpt>
      <trkpt lat="39.896215" lon="116.645562">
        <time>2020-12-19T10:53:13Z</time>
      </trkpt>
      <trkpt lat="39.896158" lon="116.645693">
        <time>2020-12-19T10:53:18Z</time>
      </trkpt>
      <trkpt lat="39.896105" lon="116.645852">
        <time>2020-12-19T10:53:23Z</time>
      </trkpt>
      <trkpt lat="39.89608" lon="116.646035">
        <time>2020-12-19T10:53:28Z</time>
      </trkpt>
      <trkpt lat="39.896042" lon="116.646185">
        <time>2020-12-19T10:53:33Z</time>
      </trkpt>
      <trkpt lat="39.896036" lon="116.646333">
        <time>2020-12-19T10:53:38Z</time>
      </trkpt>
      <trkpt lat="39.896063" lon="116.646482">
        <time>2020-12-19T10:53:43Z</time>
      </trkpt>
      <trkpt lat="39.89606" lon="116.646688">
        <time>2020-12-19T10:53:48Z</time>
      </trkpt>
      <trkpt lat="39.895925" lon="116.646791">
        <time>2020-12-19T10:53:53Z</time>
      </trkpt>
      <trkpt lat="39.895759" lon="116.646753">
        <time>2020-12-19T10:53:58Z</time>
      </trkpt>
      <trkpt lat="39.89562" lon="116.646705">
        <time>2020-12-19T10:54:03Z</time>
      </trkpt>
      <trkpt lat="39.895527" lon="116.646669">
        <time>2020-12-19T10:54:08Z</time>
      </trkpt>
      <trkpt lat="39.89541" lon="116.646627">
        <time>2020-12-19T10:54:13Z</time>
      </trkpt>
      <trkpt lat="39.89531" lon="116.64657">
        <time>2020-12-19T10:54:18Z</time>
      </trkpt>
      <trkpt lat="39.895208" lon="116.646533">
        <time>2020-12-19T10:54:23Z</time>
      </trkpt>
      <trkpt lat="39.895091" lon="116.646476">
        <time>2020-12-19T10:54:28Z</time>
      </trkpt>
      <trkpt lat="39.894859" lon="116.646383">
        <time>2020-12-19T10:54:33Z</time>
      </trkpt>
      <trkpt lat="39.894826" lon="116.646377">
        <time>2020-12-19T10:54:38Z</time>
      </trkpt>
      <trkpt lat="39.894714" lon="116.646332">
        <time>2020-12-19T10:54:43Z</time>
      </trkpt>
      <trkpt lat="39.894587" lon="116.646268">
        <time>2020-12-19T10:54:48Z</time>
      </trkpt>
      <trkpt lat="39.894427" lon="116.64617">
        <time>2020-12-19T10:54:53Z</time>
      </trkpt>
      <trkpt lat="39.8944" lon="116.64615">
        <time>2020-12-19T10:54:58Z</time>
      </trkpt>
      <trkpt lat="39.894288" lon="116.646094">
        <time>2020-12-19T10:55:03Z</time>
      </trkpt>
      <trkpt lat="39.894081" lon="116.646021">
        <time>2020-12-19T10:55:08Z</time>
      </trkpt>
      <trkpt lat="39.89403" lon="116.646001">
        <time>2020-12-19T10:55:13Z</time>
      </trkpt>
      <trkpt lat="39.893929" lon="116.64597">
        <time>2020-12-19T10:55:18Z</time>
      </trkpt>
      <trkpt lat="39.893874" lon="116.645975">
        <time>2020-12-19T10:55:23Z</time>
      </trkpt>
      <trkpt lat="39.893845" lon="116.646039">
        <time>2020-12-19T10:55:28Z</time>
      </trkpt>
      <trkpt lat="39.893823" lon="116.64612">
        <time>2020-12-19T10:55:33Z</time>
      </trkpt>
      <trkpt lat="39.893818" lon="116.64616">
        <time>2020-12-19T10:55:38Z</time>
      </trkpt>
      <trkpt lat="39.893771" lon="116.646226">
        <time>2020-12-19T10:55:43Z</time>
      </trkpt>
      <trkpt lat="39.893692" lon="116.646277">
        <time>2020-12-19T10:55:48Z</time>
      </trkpt>
      <trkpt lat="39.89356" lon="116.646245">
        <time>2020-12-19T10:55:53Z</time>
      </trkpt>
      <trkpt lat="39.893473" lon="116.646189">
        <time>2020-12-19T10:55:58Z</time>
      </trkpt>
      <trkpt lat="39.893339" lon="116.646152">
        <time>2020-12-19T10:56:03Z</time>
      </trkpt>
      <trkpt lat="39.893186" lon="116.64613">
        <time>2020-12-19T10:56:08Z</time>
      </trkpt>
      <trkpt lat="39.893038" lon="116.646107">
        <time>2020-12-19T10:56:13Z</time>
      </trkpt>
      <trkpt lat="39.892929" lon="116.646058">
        <time>2020-12-19T10:56:18Z</time>
      </trkpt>
      <trkpt lat="39.892802" lon="116.646">
        <time>2020-12-19T10:56:23Z</time>
      </trkpt>
      <trkpt lat="39.892646" lon="116.645982">
        <time>2020-12-19T10:56:28Z</time>
      </trkpt>
      <trkpt lat="39.89254" lon="116.645906">
        <time>2020-12-19T10:56:33Z</time>
      </trkpt>
      <trkpt lat="39.892501" lon="116.645825">
        <time>2020-12-19T10:56:38Z</time>
      </trkpt>
      <trkpt lat="39.892381" lon="116.645787">
        <time>2020-12-19T10:56:43Z</time>
      </trkpt>
      <trkpt lat="39.892289" lon="116.645718">
        <time>2020-12-19T10:56:48Z</time>
      </trkpt>
      <trkpt lat="39.892217" lon="116.645647">
        <time>2020-12-19T10:56:53Z</time>
      </trkpt>
      <trkpt lat="39.892076" lon="116.645625">
        <time>2020-12-19T10:56:58Z</time>
      </trkpt>
      <trkpt lat="39.891968" lon="116.645557">
        <time>2020-12-19T10:57:03Z</time>
      </trkpt>
      <trkpt lat="39.891834" lon="116.645517">
        <time>2020-12-19T10:57:08Z</time>
      </trkpt>
      <trkpt lat="39.891735" lon="116.645457">
        <time>2020-12-19T10:57:13Z</time>
      </trkpt>
      <trkpt lat="39.891603" lon="116.645377">
        <time>2020-12-19T10:57:18Z</time>
      </trkpt>
      <trkpt lat="39.891522" lon="116.645331">
        <time>2020-12-19T10:57:23Z</time>
      </trkpt>
      <trkpt lat="39.891603" lon="116.645396">
        <time>2020-12-19T10:57:28Z</time>
      </trkpt>
      <trkpt lat="39.891726" lon="116.645455">
        <time>2020-12-19T10:57:33Z</time>
      </trkpt>
      <trkpt lat="39.89184" lon="116.645503">
        <time>2020-12-19T10:57:38Z</time>
      </trkpt>
      <trkpt lat="39.891947" lon="116.645527">
        <time>2020-12-19T10:57:43Z</time>
      </trkpt>
      <trkpt lat="39.89205" lon="116.645569">
        <time>2020-12-19T10:57:48Z</time>
      </trkpt>
      <trkpt lat="39.892158" lon="116.645641">
        <time>2020-12-19T10:57:53Z</time>
      </trkpt>
      <trkpt lat="39.892301" lon="116.645713">
        <time>2020-12-19T10:57:58Z</time>
      </trkpt>
      <trkpt lat="39.892385" lon="116.645753">
        <time>2020-12-19T10:58:03Z</time>
      </trkpt>
      <trkpt lat="39.892505" lon="116.645808">
        <time>2020-12-19T10:58:08Z</time>
      </trkpt>
      <trkpt lat="39.892599" lon="116.645856">
        <time>2020-12-19T10:58:13Z</time>
      </trkpt>
      <trkpt lat="39.892664" lon="116.645868">
        <time>2020-12-19T10:58:18Z</time>
      </trkpt>
      <trkpt lat="39.892719" lon="116.645915">
        <time>2020-12-19T10:58:23Z</time>
      </trkpt>
      <trkpt lat="39.892826" lon="116.645956">
        <time>2020-12-19T10:58:28Z</time>
      </trkpt>
      <trkpt lat="39.892893" lon="116.645993">
        <time>2020-12-19T10:58:33Z</time>
      </trkpt>
      <trkpt lat="39.893034" lon="116.646022">
        <time>2020-12-19T10:58:38Z</time>
      </trkpt>
      <trkpt lat="39.893158" lon="116.646112">
        <time>2020-12-19T10:58:43Z</time>
      </trkpt>
      <trkpt lat="39.893343" lon="116.646161">
        <time>2020-12-19T10:58:48Z</time>
      </trkpt>
      <trkpt lat="39.893465" lon="116.64624">
        <time>2020-12-19T10:58:53Z</time>
      </trkpt>
      <trkpt lat="39.893599" lon="116.646324">
        <time>2020-12-19T10:58:58Z</time>
      </trkpt>
      <trkpt lat="39.893741" lon="116.646355">
        <time>2020-12-19T10:59:03Z</time>
      </trkpt>
      <trkpt lat="39.893848" lon="116.646164">
        <time>2020-12-19T10:59:08Z</time>
      </trkpt>
      <trkpt lat="39.893894" lon="116.646055">
        <time>2020-12-19T10:59:13Z</time>
      </trkpt>
      <trkpt lat="39.893986" lon="116.645931">
        <time>2020-12-19T10:59:18Z</time>
      </trkpt>
      <trkpt lat="39.894066" lon="116.645874">
        <time>2020-12-19T10:59:23Z</time>
      </trkpt>
      <trkpt lat="39.894187" lon="116.645936">
        <time>2020-12-19T10:59:28Z</time>
      </trkpt>
      <trkpt lat="39.89427" lon="116.646034">
        <time>2020-12-19T10:59:33Z</time>
      </trkpt>
      <trkpt lat="39.894359" lon="116.646102">
        <time>2020-12-19T10:59:38Z</time>
      </trkpt>
      <trkpt lat="39.8945" lon="116.646154">
        <time>2020-12-19T10:59:43Z</time>
      </trkpt>
      <trkpt lat="39.894673" lon="116.646229">
        <time>2020-12-19T10:59:48Z</time>
      </trkpt>
      <trkpt lat="39.894768" lon="116.646291">
        <time>2020-12-19T10:59:53Z</time>
      </trkpt>
      <trkpt lat="39.894885" lon="116.646396">
        <time>2020-12-19T10:59:58Z</time>
      </trkpt>
      <trkpt lat="39.894989" lon="116.646426">
        <time>2020-12-19T11:00:03Z</time>
      </trkpt>
      <trkpt lat="39.895152" lon="116.646477">
        <time>2020-12-19T11:00:08Z</time>
      </trkpt>
      <trkpt lat="39.895306" lon="116.646522">
        <time>2020-12-19T11:00:13Z</time>
      </trkpt>
      <trkpt lat="39.895441" lon="116.646581">
        <time>2020-12-19T11:00:18Z</time>
      </trkpt>
      <trkpt lat="39.895523" lon="116.646627">
        <time>2020-12-19T11:00:23Z</time>
      </trkpt>
      <trkpt lat="39.895643" lon="116.64669">
        <time>2020-12-19T11:00:28Z</time>
      </trkpt>
      <trkpt lat="39.895763" lon="116.64675">
        <time>2020-12-19T11:00:33Z</time>
      </trkpt>
      <trkpt lat="39.895868" lon="116.646776">
        <time>2020-12-19T11:00:38Z</time>
      </trkpt>
      <trkpt lat="39.895976" lon="116.646798">
        <time>2020-12-19T11:00:43Z</time>
      </trkpt>
      <trkpt lat="39.896056" lon="116.646799">
        <time>2020-12-19T11:00:48Z</time>
      </trkpt>
      <trkpt lat="39.896092" lon="116.64674">
        <time>2020-12-19T11:00:53Z</time>
      </trkpt>
      <trkpt lat="39.896096" lon="116.646644">
        <time>2020-12-19T11:00:58Z</time>
      </trkpt>
      <trkpt lat="39.896097" lon="116.646532">
        <time>2020-12-19T11:01:03Z</time>
      </trkpt>
      <trkpt lat="39.896101" lon="116.646402">
        <time>2020-12-19T11:01:08Z</time>
      </trkpt>
      <trkpt lat="39.896114" lon="116.646255">
        <time>2020-12-19T11:01:13Z</time>
      </trkpt>
      <trkpt lat="39.896124" lon="116.646108">
        <time>2020-12-19T11:01:18Z</time>
      </trkpt>
      <trkpt lat="39.896137" lon="116.645959">
        <time>2020-12-19T11:01:23Z</time>
      </trkpt>
      <trkpt lat="39.896142" lon="116.645783">
        <time>2020-12-19T11:01:28Z</time>
      </trkpt>
      <trkpt lat="39.89615" lon="116.645599">
        <time>2020-12-19T11:01:33Z</time>
      </trkpt>
      <trkpt lat="39.896146" lon="116.645426">
        <time>2020-12-19T11:01:38Z</time>
      </trkpt>
      <trkpt lat="39.896159" lon="116.645293">
        <time>2020-12-19T11:01:43Z</time>
      </trkpt>
      <trkpt lat="39.89617" lon="116.645155">
        <time>2020-12-19T11:01:48Z</time>
      </trkpt>
      <trkpt lat="39.896179" lon="116.645035">
        <time>2020-12-19T11:01:53Z</time>
      </trkpt>
      <trkpt lat="39.896205" lon="116.644885">
        <time>2020-12-19T11:01:58Z</time>
      </trkpt>
      <trkpt lat="39.896226" lon="116.644752">
        <time>2020-12-19T11:02:03Z</time>
      </trkpt>
      <trkpt lat="39.896216" lon="116.644563">
        <time>2020-12-19T11:02:08Z</time>
      </trkpt>
      <trkpt lat="39.896218" lon="116.64438">
        <time>2020-12-19T11:02:13Z</time>
      </trkpt>
      <trkpt lat="39.896248" lon="116.644245">
        <time>2020-12-19T11:02:18Z</time>
      </trkpt>
      <trkpt lat="39.896252" lon="116.644099">
        <time>2020-12-19T11:02:23Z</time>
      </trkpt>
      <trkpt lat="39.89624" lon="116.643948">
        <time>2020-12-19T11:02:28Z</time>
      </trkpt>
      <trkpt lat="39.896231" lon="116.643795">
        <time>2020-12-19T11:02:33Z</time>
      </trkpt>
      <trkpt lat="39.896226" lon="116.643627">
        <time>2020-12-19T11:02:38Z</time>
      </trkpt>
      <trkpt lat="39.896205" lon="116.64348">
        <time>2020-12-19T11:02:43Z</time>
      </trkpt>
      <trkpt lat="39.896213" lon="116.643345">
        <time>2020-12-19T11:02:48Z</time>
      </trkpt>
      <trkpt lat="39.896208" lon="116.643239">
        <time>2020-12-19T11:02:53Z</time>
      </trkpt>
      <trkpt lat="39.896203" lon="116.643108">
        <time>2020-12-19T11:02:58Z</time>
      </trkpt>
      <trkpt lat="39.896196" lon="116.642934">
        <time>2020-12-19T11:03:03Z</time>
      </trkpt>
      <trkpt lat="39.896195" lon="116.642764">
        <time>2020-12-19T11:03:08Z</time>
      </trkpt>
      <trkpt lat="39.896167" lon="116.642508">
        <time>2020-12-19T11:03:13Z</time>
      </trkpt>
      <trkpt lat="39.896185" lon="116.642406">
        <time>2020-12-19T11:03:18Z</time>
      </trkpt>
      <trkpt lat="39.896195" lon="116.64226">
        <time>2020-12-19T11:03:23Z</time>
      </trkpt>
      <trkpt lat="39.896177" lon="116.642124">
        <time>2020-12-19T11:03:28Z</time>
      </trkpt>
      <trkpt lat="39.896178" lon="116.642002">
        <time>2020-12-19T11:03:33Z</time>
      </trkpt>
      <trkpt lat="39.896205" lon="116.641923">
        <time>2020-12-19T11:03:38Z</time>
      </trkpt>
      <trkpt lat="39.89621" lon="116.641855">
        <time>2020-12-19T11:03:43Z</time>
      </trkpt>
      <trkpt lat="39.896231" lon="116.641674">
        <time>2020-12-19T11:03:48Z</time>
      </trkpt>
      <trkpt lat="39.896233" lon="116.64163">
        <time>2020-12-19T11:03:53Z</time>
      </trkpt>
      <trkpt lat="39.896265" lon="116.641544">
        <time>2020-12-19T11:03:58Z</time>
      </trkpt>
      <trkpt lat="39.896264" lon="116.641445">
        <time>2020-12-19T11:04:03Z</time>
      </trkpt>
      <trkpt lat="39.896255" lon="116.641299">
        <time>2020-12-19T11:04:08Z</time>
      </trkpt>
      <trkpt lat="39.896247" lon="116.641111">
        <time>2020-12-19T11:04:13Z</time>
      </trkpt>
      <trkpt lat="39.896247" lon="116.640968">
        <time>2020-12-19T11:04:18Z</time>
      </trkpt>
      <trkpt lat="39.896263" lon="116.640816">
        <time>2020-12-19T11:04:23Z</time>
      </trkpt>
      <trkpt lat="39.896266" lon="116.640665">
        <time>2020-12-19T11:04:28Z</time>
      </trkpt>
      <trkpt lat="39.896257" lon="116.640506">
        <time>2020-12-19T11:04:33Z</time>
      </trkpt>
      <trkpt lat="39.896284" lon="116.640335">
        <time>2020-12-19T11:04:38Z</time>
      </trkpt>
      <trkpt lat="39.896298" lon="116.640186">
        <time>2020-12-19T11:04:43Z</time>
      </trkpt>
      <trkpt lat="39.896282" lon="116.639983">
        <time>2020-12-19T11:04:48Z</time>
      </trkpt>
      <trkpt lat="39.896263" lon="116.639821">
        <time>2020-12-19T11:04:53Z</time>
      </trkpt>
      <trkpt lat="39.896216" lon="116.639656">
        <time>2020-12-19T11:04:58Z</time>
      </trkpt>
      <trkpt lat="39.896197" lon="116.639471">
        <time>2020-12-19T11:05:03Z</time>
      </trkpt>
      <trkpt lat="39.896186" lon="116.639307">
        <time>2020-12-19T11:05:08Z</time>
      </trkpt>
      <trkpt lat="39.896153" lon="116.639129">
        <time>2020-12-19T11:05:13Z</time>
      </trkpt>
      <trkpt lat="39.896135" lon="116.638967">
        <time>2020-12-19T11:05:18Z</time>
      </trkpt>
      <trkpt lat="39.896158" lon="116.638804">
        <time>2020-12-19T11:05:23Z</time>
      </trkpt>
      <trkpt lat="39.896152" lon="116.638627">
        <time>2020-12-19T11:05:28Z</time>
      </trkpt>
      <trkpt lat="39.896133" lon="116.638442">
        <time>2020-12-19T11:05:33Z</time>
      </trkpt>
      <trkpt lat="39.896134" lon="116.638306">
        <time>2020-12-19T11:05:38Z</time>
      </trkpt>
      <trkpt lat="39.896143" lon="116.638188">
        <time>2020-12-19T11:05:43Z</time>
      </trkpt>
      <trkpt lat="39.896145" lon="116.638099">
        <time>2020-12-19T11:05:48Z</time>
      </trkpt>
      <trkpt lat="39.896148" lon="116.638014">
        <time>2020-12-19T11:05:53Z</time>
      </trkpt>
      <trkpt lat="39.896163" lon="116.637925">
        <time>2020-12-19T11:05:58Z</time>
      </trkpt>
      <trkpt lat="39.89616" lon="116.637807">
        <time>2020-12-19T11:06:03Z</time>
      </trkpt>
      <trkpt lat="39.896159" lon="116.637703">
        <time>2020-12-19T11:06:08Z</time>
      </trkpt>
      <trkpt lat="39.896147" lon="116.637619">
        <time>2020-12-19T11:06:13Z</time>
      </trkpt>
      <trkpt lat="39.896155" lon="116.637539">
        <time>2020-12-19T11:06:18Z</time>
      </trkpt>
      <trkpt lat="39.896142" lon="116.63744">
        <time>2020-12-19T11:06:23Z</time>
      </trkpt>
      <trkpt lat="39.896151" lon="116.637312">
        <time>2020-12-19T11:06:28Z</time>
      </trkpt>
      <trkpt lat="39.896159" lon="116.637195">
        <time>2020-12-19T11:06:33Z</time>
      </trkpt>
      <trkpt lat="39.896147" lon="116.637058">
        <time>2020-12-19T11:06:38Z</time>
      </trkpt>
      <trkpt lat="39.896099" lon="116.636813">
        <time>2020-12-19T11:06:43Z</time>
      </trkpt>
      <trkpt lat="39.89604" lon="116.636687">
        <time>2020-12-19T11:06:48Z</time>
      </trkpt>
      <trkpt lat="39.89607" lon="116.636813">
        <time>2020-12-19T11:06:53Z</time>
      </trkpt>
      <trkpt lat="39.89612" lon="116.636983">
        <time>2020-12-19T11:06:58Z</time>
      </trkpt>
      <trkpt lat="39.896133" lon="116.637159">
        <time>2020-12-19T11:07:03Z</time>
      </trkpt>
      <trkpt lat="39.896153" lon="116.637329">
        <time>2020-12-19T11:07:08Z</time>
      </trkpt>
      <trkpt lat="39.896195" lon="116.637501">
        <time>2020-12-19T11:07:13Z</time>
      </trkpt>
      <trkpt lat="39.896194" lon="116.63767">
        <time>2020-12-19T11:07:18Z</time>
      </trkpt>
      <trkpt lat="39.896203" lon="116.637854">
        <time>2020-12-19T11:07:23Z</time>
      </trkpt>
      <trkpt lat="39.896224" lon="116.638026">
        <time>2020-12-19T11:07:28Z</time>
      </trkpt>
      <trkpt lat="39.896237" lon="116.638194">
        <time>2020-12-19T11:07:33Z</time>
      </trkpt>
      <trkpt lat="39.896245" lon="116.638372">
        <time>2020-12-19T11:07:38Z</time>
      </trkpt>
      <trkpt lat="39.896264" lon="116.638556">
        <time>2020-12-19T11:07:43Z</time>
      </trkpt>
      <trkpt lat="39.896258" lon="116.638719">
        <time>2020-12-19T11:07:48Z</time>
      </trkpt>
      <trkpt lat="39.89626" lon="116.638856">
        <time>2020-12-19T11:07:53Z</time>
      </trkpt>
      <trkpt lat="39.896256" lon="116.638952">
        <time>2020-12-19T11:07:58Z</time>
      </trkpt>
      <trkpt lat="39.896233" lon="116.639052">
        <time>2020-12-19T11:08:03Z</time>
      </trkpt>
      <trkpt lat="39.896244" lon="116.639158">
        <time>2020-12-19T11:08:08Z</time>
      </trkpt>
      <trkpt lat="39.896249" lon="116.639262">
        <time>2020-12-19T11:08:13Z</time>
      </trkpt>
      <trkpt lat="39.89627" lon="116.639345">
        <time>2020-12-19T11:08:18Z</time>
      </trkpt>
      <trkpt lat="39.896271" lon="116.639489">
        <time>2020-12-19T11:08:23Z</time>
      </trkpt>
      <trkpt lat="39.896284" lon="116.639663">
        <time>2020-12-19T11:08:28Z</time>
      </trkpt>
      <trkpt lat="39.896282" lon="116.639835">
        <time>2020-12-19T11:08:33Z</time>
      </trkpt>
      <trkpt lat="39.896283" lon="116.639995">
        <time>2020-12-19T11:08:38Z</time>
      </trkpt>
      <trkpt lat="39.896314" lon="116.640167">
        <time>2020-12-19T11:08:43Z</time>
      </trkpt>
      <trkpt lat="39.896327" lon="116.640351">
        <time>2020-12-19T11:08:48Z</time>
      </trkpt>
      <trkpt lat="39.896319" lon="116.640533">
        <time>2020-12-19T11:08:53Z</time>
      </trkpt>
      <trkpt lat="39.896313" lon="116.640724">
        <time>2020-12-19T11:08:58Z</time>
      </trkpt>
      <trkpt lat="39.896314" lon="116.640873">
        <time>2020-12-19T11:09:03Z</time>
      </trkpt>
      <trkpt lat="39.896315" lon="116.640957">
        <time>2020-12-19T11:09:08Z</time>
      </trkpt>
      <trkpt lat="39.896291" lon="116.641062">
        <time>2020-12-19T11:09:13Z</time>
      </trkpt>
      <trkpt lat="39.896282" lon="116.641178">
        <time>2020-12-19T11:09:18Z</time>
      </trkpt>
      <trkpt lat="39.896284" lon="116.641301">
        <time>2020-12-19T11:09:23Z</time>
      </trkpt>
      <trkpt lat="39.896277" lon="116.641426">
        <time>2020-12-19T11:09:28Z</time>
      </trkpt>
      <trkpt lat="39.896277" lon="116.641595">
        <time>2020-12-19T11:09:33Z</time>
      </trkpt>
      <trkpt lat="39.896275" lon="116.641737">
        <time>2020-12-19T11:09:38Z</time>
      </trkpt>
      <trkpt lat="39.896291" lon="116.641887">
        <time>2020-12-19T11:09:43Z</time>
      </trkpt>
      <trkpt lat="39.896236" lon="116.642026">
        <time>2020-12-19T11:09:48Z</time>
      </trkpt>
      <trkpt lat="39.896207" lon="116.642168">
        <time>2020-12-19T11:09:53Z</time>
      </trkpt>
      <trkpt lat="39.896219" lon="116.642322">
        <time>2020-12-19T11:09:58Z</time>
      </trkpt>
      <trkpt lat="39.896228" lon="116.642478">
        <time>2020-12-19T11:10:03Z</time>
      </trkpt>
      <trkpt lat="39.896225" lon="116.642645">
        <time>2020-12-19T11:10:08Z</time>
      </trkpt>
      <trkpt lat="39.896213" lon="116.642802">
        <time>2020-12-19T11:10:13Z</time>
      </trkpt>
      <trkpt lat="39.896198" lon="116.642945">
        <time>2020-12-19T11:10:18Z</time>
      </trkpt>
      <trkpt lat="39.896225" lon="116.643102">
        <time>2020-12-19T11:10:23Z</time>
      </trkpt>
      <trkpt lat="39.896228" lon="116.643266">
        <time>2020-12-19T11:10:28Z</time>
      </trkpt>
      <trkpt lat="39.896234" lon="116.643419">
        <time>2020-12-19T11:10:33Z</time>
      </trkpt>
      <trkpt lat="39.896241" lon="116.643529">
        <time>2020-12-19T11:10:38Z</time>
      </trkpt>
      <trkpt lat="39.896228" lon="116.643613">
        <time>2020-12-19T11:10:43Z</time>
      </trkpt>
      <trkpt lat="39.896214" lon="116.643759">
        <time>2020-12-19T11:10:48Z</time>
      </trkpt>
      <trkpt lat="39.89621" lon="116.64391">
        <time>2020-12-19T11:10:53Z</time>
      </trkpt>
      <trkpt lat="39.896211" lon="116.644045">
        <time>2020-12-19T11:10:58Z</time>
      </trkpt>
      <trkpt lat="39.896212" lon="116.644208">
        <time>2020-12-19T11:11:03Z</time>
      </trkpt>
      <trkpt lat="39.896189" lon="116.644361">
        <time>2020-12-19T11:11:08Z</time>
      </trkpt>
      <trkpt lat="39.896198" lon="116.64452">
        <time>2020-12-19T11:11:13Z</time>
      </trkpt>
      <trkpt lat="39.896227" lon="116.64466">
        <time>2020-12-19T11:11:18Z</time>
      </trkpt>
      <trkpt lat="39.896198" lon="116.64477">
        <time>2020-12-19T11:11:23Z</time>
      </trkpt>
      <trkpt lat="39.896209" lon="116.644924">
        <time>2020-12-19T11:11:28Z</time>
      </trkpt>
      <trkpt lat="39.896204" lon="116.64508">
        <time>2020-12-19T11:11:33Z</time>
      </trkpt>
      <trkpt lat="39.896195" lon="116.645224">
        <time>2020-12-19T11:11:38Z</time>
      </trkpt>
      <trkpt lat="39.89618" lon="116.645349">
        <time>2020-12-19T11:11:43Z</time>
      </trkpt>
      <trkpt lat="39.896109" lon="116.645477">
        <time>2020-12-19T11:11:48Z</time>
      </trkpt>
      <trkpt lat="39.896097" lon="116.645603">
        <time>2020-12-19T11:11:53Z</time>
      </trkpt>
      <trkpt lat="39.896128" lon="116.645753">
        <time>2020-12-19T11:11:58Z</time>
      </trkpt>
      <trkpt lat="39.896135" lon="116.645936">
        <time>2020-12-19T11:12:03Z</time>
      </trkpt>
      <trkpt lat="39.896134" lon="116.646104">
        <time>2020-12-19T11:12:08Z</time>
      </trkpt>
      <trkpt lat="39.896093" lon="116.646253">
        <time>2020-12-19T11:12:13Z</time>
      </trkpt>
      <trkpt lat="39.896055" lon="116.646391">
        <time>2020-12-19T11:12:18Z</time>
      </trkpt>
      <trkpt lat="39.89603" lon="116.646538">
        <time>2020-12-19T11:12:23Z</time>
      </trkpt>
      <trkpt lat="39.89599" lon="116.646672">
        <time>2020-12-19T11:12:28Z</time>
      </trkpt>
      <trkpt lat="39.895921" lon="116.646739">
        <time>2020-12-19T11:12:33Z</time>
      </trkpt>
      <trkpt lat="39.895836" lon="116.646751">
        <time>2020-12-19T11:12:38Z</time>
      </trkpt>
      <trkpt lat="39.89575" lon="116.646742">
        <time>2020-12-19T11:12:43Z</time>
      </trkpt>
      <trkpt lat="39.895683" lon="116.646717">
        <time>2020-12-19T11:12:48Z</time>
      </trkpt>
      <trkpt lat="39.895606" lon="116.646674">
        <time>2020-12-19T11:12:53Z</time>
      </trkpt>
      <trkpt lat="39.895509" lon="116.646648">
        <time>2020-12-19T11:12:58Z</time>
      </trkpt>
      <trkpt lat="39.895404" lon="116.646606">
        <time>2020-12-19T11:13:03Z</time>
      </trkpt>
      <trkpt lat="39.895295" lon="116.64657">
        <time>2020-12-19T11:13:08Z</time>
      </trkpt>
      <trkpt lat="39.895191" lon="116.64653">
        <time>2020-12-19T11:13:13Z</time>
      </trkpt>
      <trkpt lat="39.895085" lon="116.646478">
        <time>2020-12-19T11:13:18Z</time>
      </trkpt>
      <trkpt lat="39.894908" lon="116.646359">
        <time>2020-12-19T11:13:23Z</time>
      </trkpt>
      <trkpt lat="39.89486" lon="116.646342">
        <time>2020-12-19T11:13:28Z</time>
      </trkpt>
      <trkpt lat="39.894728" lon="116.646299">
        <time>2020-12-19T11:13:33Z</time>
      </trkpt>
      <trkpt lat="39.894613" lon="116.646232">
        <time>2020-12-19T11:13:38Z</time>
      </trkpt>
      <trkpt lat="39.894456" lon="116.646139">
        <time>2020-12-19T11:13:43Z</time>
      </trkpt>
      <trkpt lat="39.894384" lon="116.646126">
        <time>2020-12-19T11:13:48Z</time>
      </trkpt>
      <trkpt lat="39.894268" lon="116.646077">
        <time>2020-12-19T11:13:53Z</time>
      </trkpt>
      <trkpt lat="39.894078" lon="116.64601">
        <time>2020-12-19T11:13:58Z</time>
      </trkpt>
      <trkpt lat="39.893998" lon="116.645963">
        <time>2020-12-19T11:14:03Z</time>
      </trkpt>
      <trkpt lat="39.893869" lon="116.645961">
        <time>2020-12-19T11:14:08Z</time>
      </trkpt>
      <trkpt lat="39.893805" lon="116.646113">
        <time>2020-12-19T11:14:13Z</time>
      </trkpt>
      <trkpt lat="39.893775" lon="116.646197">
        <time>2020-12-19T11:14:18Z</time>
      </trkpt>
      <trkpt lat="39.893746" lon="116.646256">
        <time>2020-12-19T11:14:23Z</time>
      </trkpt>
      <trkpt lat="39.893624" lon="116.6463">
        <time>2020-12-19T11:14:28Z</time>
      </trkpt>
      <trkpt lat="39.893408" lon="116.646274">
        <time>2020-12-19T11:14:33Z</time>
      </trkpt>
      <trkpt lat="39.89335" lon="116.646246">
        <time>2020-12-19T11:14:38Z</time>
      </trkpt>
      <trkpt lat="39.893255" lon="116.646184">
        <time>2020-12-19T11:14:43Z</time>
      </trkpt>
      <trkpt lat="39.893125" lon="116.646123">
        <time>2020-12-19T11:14:48Z</time>
      </trkpt>
      <trkpt lat="39.892976" lon="116.64607">
        <time>2020-12-19T11:14:53Z</time>
      </trkpt>
      <trkpt lat="39.892845" lon="116.646027">
        <time>2020-12-19T11:14:58Z</time>
      </trkpt>
      <trkpt lat="39.892727" lon="116.646002">
        <time>2020-12-19T11:15:03Z</time>
      </trkpt>
      <trkpt lat="39.892593" lon="116.645952">
        <time>2020-12-19T11:15:08Z</time>
      </trkpt>
      <trkpt lat="39.892498" lon="116.645864">
        <time>2020-12-19T11:15:13Z</time>
      </trkpt>
      <trkpt lat="39.892374" lon="116.645817">
        <time>2020-12-19T11:15:18Z</time>
      </trkpt>
      <trkpt lat="39.892236" lon="116.645775">
        <time>2020-12-19T11:15:23Z</time>
      </trkpt>
      <trkpt lat="39.892111" lon="116.645706">
        <time>2020-12-19T11:15:28Z</time>
      </trkpt>
      <trkpt lat="39.892" lon="116.645652">
        <time>2020-12-19T11:15:33Z</time>
      </trkpt>
      <trkpt lat="39.891895" lon="116.645579">
        <time>2020-12-19T11:15:38Z</time>
      </trkpt>
      <trkpt lat="39.891784" lon="116.645508">
        <time>2020-12-19T11:15:43Z</time>
      </trkpt>
      <trkpt lat="39.891653" lon="116.645458">
        <time>2020-12-19T11:15:48Z</time>
      </trkpt>
      <trkpt lat="39.891565" lon="116.645381">
        <time>2020-12-19T11:15:53Z</time>
      </trkpt>
      <trkpt lat="39.89151" lon="116.64535">
        <time>2020-12-19T11:15:58Z</time>
      </trkpt>
      <trkpt lat="39.891601" lon="116.645418">
        <time>2020-12-19T11:16:03Z</time>
      </trkpt>
      <trkpt lat="39.891658" lon="116.645422">
        <time>2020-12-19T11:16:08Z</time>
      </trkpt>
      <trkpt lat="39.891736" lon="116.645449">
        <time>2020-12-19T11:16:13Z</time>
      </trkpt>
      <trkpt lat="39.89183" lon="116.64548">
        <time>2020-12-19T11:16:18Z</time>
      </trkpt>
      <trkpt lat="39.891914" lon="116.645505">
        <time>2020-12-19T11:16:23Z</time>
      </trkpt>
      <trkpt lat="39.891981" lon="116.645532">
        <time>2020-12-19T11:16:28Z</time>
      </trkpt>
      <trkpt lat="39.892046" lon="116.645571">
        <time>2020-12-19T11:16:33Z</time>
      </trkpt>
      <trkpt lat="39.892119" lon="116.645613">
        <time>2020-12-19T11:16:38Z</time>
      </trkpt>
      <trkpt lat="39.892187" lon="116.645657">
        <time>2020-12-19T11:16:43Z</time>
      </trkpt>
      <trkpt lat="39.892272" lon="116.645704">
        <time>2020-12-19T11:16:48Z</time>
      </trkpt>
      <trkpt lat="39.892397" lon="116.645757">
        <time>2020-12-19T11:16:53Z</time>
      </trkpt>
      <trkpt lat="39.892548" lon="116.645802">
        <time>2020-12-19T11:16:58Z</time>
      </trkpt>
      <trkpt lat="39.892672" lon="116.645823">
        <time>2020-12-19T11:17:03Z</time>
      </trkpt>
      <trkpt lat="39.892779" lon="116.645881">
        <time>2020-12-19T11:17:08Z</time>
      </trkpt>
      <trkpt lat="39.892906" lon="116.645915">
        <time>2020-12-19T11:17:13Z</time>
      </trkpt>
      <trkpt lat="39.893019" lon="116.645952">
        <time>2020-12-19T11:17:18Z</time>
      </trkpt>
      <trkpt lat="39.893145" lon="116.646002">
        <time>2020-12-19T11:17:23Z</time>
      </trkpt>
      <trkpt lat="39.893265" lon="116.64606">
        <time>2020-12-19T11:17:28Z</time>
      </trkpt>
      <trkpt lat="39.893357" lon="116.646142">
        <time>2020-12-19T11:17:33Z</time>
      </trkpt>
      <trkpt lat="39.893489" lon="116.646197">
        <time>2020-12-19T11:17:38Z</time>
      </trkpt>
      <trkpt lat="39.893612" lon="116.646288">
        <time>2020-12-19T11:17:43Z</time>
      </trkpt>
      <trkpt lat="39.893731" lon="116.646333">
        <time>2020-12-19T11:17:48Z</time>
      </trkpt>
      <trkpt lat="39.893854" lon="116.64616">
        <time>2020-12-19T11:17:53Z</time>
      </trkpt>
      <trkpt lat="39.893891" lon="116.646071">
        <time>2020-12-19T11:17:58Z</time>
      </trkpt>
      <trkpt lat="39.893948" lon="116.645925">
        <time>2020-12-19T11:18:03Z</time>
      </trkpt>
      <trkpt lat="39.894038" lon="116.645829">
        <time>2020-12-19T11:18:08Z</time>
      </trkpt>
      <trkpt lat="39.894089" lon="116.645859">
        <time>2020-12-19T11:18:13Z</time>
      </trkpt>
      <trkpt lat="39.89414" lon="116.645889">
        <time>2020-12-19T11:18:18Z</time>
      </trkpt>
      <trkpt lat="39.894288" lon="116.645992">
        <time>2020-12-19T11:18:23Z</time>
      </trkpt>
      <trkpt lat="39.894361" lon="116.64606">
        <time>2020-12-19T11:18:28Z</time>
      </trkpt>
      <trkpt lat="39.894486" lon="116.646113">
        <time>2020-12-19T11:18:33Z</time>
      </trkpt>
      <trkpt lat="39.894689" lon="116.646226">
        <time>2020-12-19T11:18:38Z</time>
      </trkpt>
      <trkpt lat="39.894713" lon="116.646236">
        <time>2020-12-19T11:18:43Z</time>
      </trkpt>
      <trkpt lat="39.894801" lon="116.646304">
        <time>2020-12-19T11:18:48Z</time>
      </trkpt>
      <trkpt lat="39.89485" lon="116.646334">
        <time>2020-12-19T11:18:53Z</time>
      </trkpt>
      <trkpt lat="39.894899" lon="116.646364">
        <time>2020-12-19T11:18:58Z</time>
      </trkpt>
      <trkpt lat="39.895079" lon="116.646463">
        <time>2020-12-19T11:19:03Z</time>
      </trkpt>
      <trkpt lat="39.895199" lon="116.646505">
        <time>2020-12-19T11:19:08Z</time>
      </trkpt>
      <trkpt lat="39.895317" lon="116.646534">
        <time>2020-12-19T11:19:13Z</time>
      </trkpt>
      <trkpt lat="39.895453" lon="116.646582">
        <time>2020-12-19T11:19:18Z</time>
      </trkpt>
      <trkpt lat="39.895488" lon="116.646588">
        <time>2020-12-19T11:19:23Z</time>
      </trkpt>
      <trkpt lat="39.895565" lon="116.646599">
        <time>2020-12-19T11:19:28Z</time>
      </trkpt>
      <trkpt lat="39.895607" lon="116.646632">
        <time>2020-12-19T11:19:33Z</time>
      </trkpt>
      <trkpt lat="39.895654" lon="116.646671">
        <time>2020-12-19T11:19:38Z</time>
      </trkpt>
      <trkpt lat="39.89573" lon="116.646708">
        <time>2020-12-19T11:19:43Z</time>
      </trkpt>
      <trkpt lat="39.895824" lon="116.646746">
        <time>2020-12-19T11:19:48Z</time>
      </trkpt>
      <trkpt lat="39.895892" lon="116.646768">
        <time>2020-12-19T11:19:53Z</time>
      </trkpt>
      <trkpt lat="39.895976" lon="116.646782">
        <time>2020-12-19T11:19:58Z</time>
      </trkpt>
      <trkpt lat="39.896074" lon="116.646763">
        <time>2020-12-19T11:20:03Z</time>
      </trkpt>
      <trkpt lat="39.896093" lon="116.646636">
        <time>2020-12-19T11:20:08Z</time>
      </trkpt>
      <trkpt lat="39.896088" lon="116.646494">
        <time>2020-12-19T11:20:13Z</time>
      </trkpt>
      <trkpt lat="39.896074" lon="116.646335">
        <time>2020-12-19T11:20:18Z</time>
      </trkpt>
      <trkpt lat="39.896104" lon="116.646186">
        <time>2020-12-19T11:20:23Z</time>
      </trkpt>
      <trkpt lat="39.896123" lon="116.646051">
        <time>2020-12-19T11:20:28Z</time>
      </trkpt>
      <trkpt lat="39.896138" lon="116.645864">
        <time>2020-12-19T11:20:33Z</time>
      </trkpt>
      <trkpt lat="39.89614" lon="116.645651">
        <time>2020-12-19T11:20:38Z</time>
      </trkpt>
      <trkpt lat="39.896164" lon="116.645481">
        <time>2020-12-19T11:20:43Z</time>
      </trkpt>
      <trkpt lat="39.896184" lon="116.645257">
        <time>2020-12-19T11:20:48Z</time>
      </trkpt>
      <trkpt lat="39.896202" lon="116.64508">
        <time>2020-12-19T11:20:53Z</time>
      </trkpt>
      <trkpt lat="39.89621" lon="116.644903">
        <time>2020-12-19T11:20:58Z</time>
      </trkpt>
      <trkpt lat="39.896215" lon="116.644808">
        <time>2020-12-19T11:21:03Z</time>
      </trkpt>
      <trkpt lat="39.89622" lon="116.644713">
        <time>2020-12-19T11:21:08Z</time>
      </trkpt>
      <trkpt lat="39.89619" lon="116.644503">
        <time>2020-12-19T11:21:13Z</time>
      </trkpt>
      <trkpt lat="39.896193" lon="116.644291">
        <time>2020-12-19T11:21:18Z</time>
      </trkpt>
      <trkpt lat="39.896177" lon="116.644035">
        <time>2020-12-19T11:21:23Z</time>
      </trkpt>
      <trkpt lat="39.896179" lon="116.643881">
        <time>2020-12-19T11:21:28Z</time>
      </trkpt>
      <trkpt lat="39.896189" lon="116.643719">
        <time>2020-12-19T11:21:33Z</time>
      </trkpt>
      <trkpt lat="39.896191" lon="116.643556">
        <time>2020-12-19T11:21:38Z</time>
      </trkpt>
      <trkpt lat="39.896184" lon="116.643424">
        <time>2020-12-19T11:21:43Z</time>
      </trkpt>
      <trkpt lat="39.896174" lon="116.643267">
        <time>2020-12-19T11:21:48Z</time>
      </trkpt>
      <trkpt lat="39.89618" lon="116.643117">
        <time>2020-12-19T11:21:53Z</time>
      </trkpt>
      <trkpt lat="39.896188" lon="116.642961">
        <time>2020-12-19T11:21:58Z</time>
      </trkpt>
      <trkpt lat="39.896197" lon="116.64267">
        <time>2020-12-19T11:22:03Z</time>
      </trkpt>
      <trkpt lat="39.896199" lon="116.642638">
        <time>2020-12-19T11:22:08Z</time>
      </trkpt>
      <trkpt lat="39.896219" lon="116.642482">
        <time>2020-12-19T11:22:13Z</time>
      </trkpt>
      <trkpt lat="39.896222" lon="116.64241">
        <time>2020-12-19T11:22:18Z</time>
      </trkpt>
      <trkpt lat="39.896219" lon="116.642348">
        <time>2020-12-19T11:22:23Z</time>
      </trkpt>
      <trkpt lat="39.896227" lon="116.64228">
        <time>2020-12-19T11:22:28Z</time>
      </trkpt>
      <trkpt lat="39.896229" lon="116.642177">
        <time>2020-12-19T11:22:33Z</time>
      </trkpt>
      <trkpt lat="39.896237" lon="116.642063">
        <time>2020-12-19T11:22:38Z</time>
      </trkpt>
      <trkpt lat="39.896229" lon="116.641966">
        <time>2020-12-19T11:22:43Z</time>
      </trkpt>
      <trkpt lat="39.896235" lon="116.641861">
        <time>2020-12-19T11:22:48Z</time>
      </trkpt>
      <trkpt lat="39.896239" lon="116.64175">
        <time>2020-12-19T11:22:53Z</time>
      </trkpt>
      <trkpt lat="39.896243" lon="116.641675">
        <time>2020-12-19T11:22:58Z</time>
      </trkpt>
      <trkpt lat="39.896254" lon="116.64158">
        <time>2020-12-19T11:23:03Z</time>
      </trkpt>
      <trkpt lat="39.896245" lon="116.641438">
        <time>2020-12-19T11:23:08Z</time>
      </trkpt>
      <trkpt lat="39.896227" lon="116.641283">
        <time>2020-12-19T11:23:13Z</time>
      </trkpt>
      <trkpt lat="39.896222" lon="116.641134">
        <time>2020-12-19T11:23:18Z</time>
      </trkpt>
      <trkpt lat="39.89623" lon="116.640979">
        <time>2020-12-19T11:23:23Z</time>
      </trkpt>
      <trkpt lat="39.896247" lon="116.640835">
        <time>2020-12-19T11:23:28Z</time>
      </trkpt>
      <trkpt lat="39.896248" lon="116.640687">
        <time>2020-12-19T11:23:33Z</time>
      </trkpt>
      <trkpt lat="39.896255" lon="116.640525">
        <time>2020-12-19T11:23:38Z</time>
      </trkpt>
      <trkpt lat="39.896277" lon="116.640348">
        <time>2020-12-19T11:23:43Z</time>
      </trkpt>
      <trkpt lat="39.896283" lon="116.640182">
        <time>2020-12-19T11:23:48Z</time>
      </trkpt>
      <trkpt lat="39.896261" lon="116.640015">
        <time>2020-12-19T11:23:53Z</time>
      </trkpt>
      <trkpt lat="39.896248" lon="116.639897">
        <time>2020-12-19T11:23:58Z</time>
      </trkpt>
      <trkpt lat="39.89624" lon="116.63981">
        <time>2020-12-19T11:24:03Z</time>
      </trkpt>
      <trkpt lat="39.896217" lon="116.639699">
        <time>2020-12-19T11:24:08Z</time>
      </trkpt>
      <trkpt lat="39.896222" lon="116.63958">
        <time>2020-12-19T11:24:13Z</time>
      </trkpt>
      <trkpt lat="39.896216" lon="116.639435">
        <time>2020-12-19T11:24:18Z</time>
      </trkpt>
      <trkpt lat="39.896208" lon="116.639305">
        <time>2020-12-19T11:24:23Z</time>
      </trkpt>
      <trkpt lat="39.896178" lon="116.639185">
        <time>2020-12-19T11:24:28Z</time>
      </trkpt>
      <trkpt lat="39.896136" lon="116.639011">
        <time>2020-12-19T11:24:33Z</time>
      </trkpt>
      <trkpt lat="39.896105" lon="116.638854">
        <time>2020-12-19T11:24:38Z</time>
      </trkpt>
      <trkpt lat="39.896089" lon="116.638722">
        <time>2020-12-19T11:24:43Z</time>
      </trkpt>
      <trkpt lat="39.896079" lon="116.638573">
        <time>2020-12-19T11:24:48Z</time>
      </trkpt>
      <trkpt lat="39.896074" lon="116.638413">
        <time>2020-12-19T11:24:53Z</time>
      </trkpt>
      <trkpt lat="39.896075" lon="116.638228">
        <time>2020-12-19T11:24:58Z</time>
      </trkpt>
      <trkpt lat="39.896114" lon="116.638057">
        <time>2020-12-19T11:25:03Z</time>
      </trkpt>
      <trkpt lat="39.896128" lon="116.637902">
        <time>2020-12-19T11:25:08Z</time>
      </trkpt>
      <trkpt lat="39.896134" lon="116.637769">
        <time>2020-12-19T11:25:13Z</time>
      </trkpt>
      <trkpt lat="39.896142" lon="116.637615">
        <time>2020-12-19T11:25:18Z</time>
      </trkpt>
      <trkpt lat="39.896133" lon="116.637454">
        <time>2020-12-19T11:25:23Z</time>
      </trkpt>
      <trkpt lat="39.896148" lon="116.637299">
        <time>2020-12-19T11:25:28Z</time>
      </trkpt>
      <trkpt lat="39.896141" lon="116.63713">
        <time>2020-12-19T11:25:33Z</time>
      </trkpt>
      <trkpt lat="39.896135" lon="116.636955">
        <time>2020-12-19T11:25:38Z</time>
      </trkpt>
      <trkpt lat="39.896083" lon="116.636819">
        <time>2020-12-19T11:25:43Z</time>
      </trkpt>
      <trkpt lat="39.895993" lon="116.636693">
        <time>2020-12-19T11:25:48Z</time>
      </trkpt>
      <trkpt lat="39.89592" lon="116.636625">
        <time>2020-12-19T11:25:53Z</time>
      </trkpt>
      <trkpt lat="39.895869" lon="116.636546">
        <time>2020-12-19T11:25:58Z</time>
      </trkpt>
      <trkpt lat="39.895858" lon="116.636478">
        <time>2020-12-19T11:26:03Z</time>
      </trkpt>
      <trkpt lat="39.895935" lon="116.636406">
        <time>2020-12-19T11:26:08Z</time>
      </trkpt>
      <trkpt lat="39.895993" lon="116.636347">
        <time>2020-12-19T11:26:13Z</time>
      </trkpt>
      <trkpt lat="39.896073" lon="116.636295">
        <time>2020-12-19T11:26:18Z</time>
      </trkpt>
      <trkpt lat="39.896133" lon="116.636241">
        <time>2020-12-19T11:26:23Z</time>
      </trkpt>
      <trkpt lat="39.896173" lon="116.636178">
        <time>2020-12-19T11:26:28Z</time>
      </trkpt>
      <trkpt lat="39.896236" lon="116.636122">
        <time>2020-12-19T11:26:33Z</time>
      </trkpt>
      <trkpt lat="39.896297" lon="116.636066">
        <time>2020-12-19T11:26:38Z</time>
      </trkpt>
      <trkpt lat="39.89636" lon="116.636034">
        <time>2020-12-19T11:26:43Z</time>
      </trkpt>
      <trkpt lat="39.896439" lon="116.636044">
        <time>2020-12-19T11:26:48Z</time>
      </trkpt>
      <trkpt lat="39.896517" lon="116.636">
        <time>2020-12-19T11:26:53Z</time>
      </trkpt>
      <trkpt lat="39.89659" lon="116.635965">
        <time>2020-12-19T11:26:58Z</time>
      </trkpt>
      <trkpt lat="39.896702" lon="116.63592">
        <time>2020-12-19T11:27:03Z</time>
      </trkpt>
      <trkpt lat="39.896804" lon="116.635865">
        <time>2020-12-19T11:27:08Z</time>
      </trkpt>
      <trkpt lat="39.896875" lon="116.635806">
        <time>2020-12-19T11:27:13Z</time>
      </trkpt>
      <trkpt lat="39.89696" lon="116.635774">
        <time>2020-12-19T11:27:18Z</time>
      </trkpt>
      <trkpt lat="39.89701" lon="116.635748">
        <time>2020-12-19T11:27:23Z</time>
      </trkpt>
      <trkpt lat="39.89706" lon="116.635722">
        <time>2020-12-19T11:27:28Z</time>
      </trkpt>
      <trkpt lat="39.897155" lon="116.63563">
        <time>2020-12-19T11:27:33Z</time>
      </trkpt>
      <trkpt lat="39.897213" lon="116.635604">
        <time>2020-12-19T11:27:38Z</time>
      </trkpt>
      <trkpt lat="39.897289" lon="116.635579">
        <time>2020-12-19T11:27:43Z</time>
      </trkpt>
      <trkpt lat="39.897371" lon="116.635568">
        <time>2020-12-19T11:27:48Z</time>
      </trkpt>
      <trkpt lat="39.897419" lon="116.635523">
        <time>2020-12-19T11:27:53Z</time>
      </trkpt>
      <trkpt lat="39.897511" lon="116.635458">
        <time>2020-12-19T11:27:58Z</time>
      </trkpt>
      <trkpt lat="39.897586" lon="116.635419">
        <time>2020-12-19T11:28:03Z</time>
      </trkpt>
      <trkpt lat="39.897638" lon="116.635356">
        <time>2020-12-19T11:28:08Z</time>
      </trkpt>
      <trkpt lat="39.897705" lon="116.635298">
        <time>2020-12-19T11:28:13Z</time>
      </trkpt>
      <trkpt lat="39.897783" lon="116.635248">
        <time>2020-12-19T11:28:18Z</time>
      </trkpt>
      <trkpt lat="39.897851" lon="116.635205">
        <time>2020-12-19T11:28:23Z</time>
      </trkpt>
      <trkpt lat="39.897942" lon="116.635132">
        <time>2020-12-19T11:28:28Z</time>
      </trkpt>
      <trkpt lat="39.898046" lon="116.635059">
        <time>2020-12-19T11:28:33Z</time>
      </trkpt>
      <trkpt lat="39.898107" lon="116.634889">
        <time>2020-12-19T11:28:38Z</time>
      </trkpt>
      <trkpt lat="39.898069" lon="116.634772">
        <time>2020-12-19T11:28:43Z</time>
      </trkpt>
      <trkpt lat="39.89806" lon="116.634652">
        <time>2020-12-19T11:28:48Z</time>
      </trkpt>
      <trkpt lat="39.898019" lon="116.63455">
        <time>2020-12-19T11:28:53Z</time>
      </trkpt>
      <trkpt lat="39.897977" lon="116.63447">
        <time>2020-12-19T11:28:58Z</time>
      </trkpt>
      <trkpt lat="39.897934" lon="116.634395">
        <time>2020-12-19T11:29:03Z</time>
      </trkpt>
      <trkpt lat="39.897857" lon="116.63432">
        <time>2020-12-19T11:29:08Z</time>
      </trkpt>
      <trkpt lat="39.897806" lon="116.634242">
        <time>2020-12-19T11:29:13Z</time>
      </trkpt>
      <trkpt lat="39.897757" lon="116.63417">
        <time>2020-12-19T11:29:18Z</time>
      </trkpt>
      <trkpt lat="39.897712" lon="116.63407">
        <time>2020-12-19T11:29:23Z</time>
      </trkpt>
      <trkpt lat="39.897682" lon="116.633958">
        <time>2020-12-19T11:29:28Z</time>
      </trkpt>
      <trkpt lat="39.897643" lon="116.63387">
        <time>2020-12-19T11:29:33Z</time>
      </trkpt>
      <trkpt lat="39.897616" lon="116.633735">
        <time>2020-12-19T11:29:38Z</time>
      </trkpt>
      <trkpt lat="39.897598" lon="116.633678">
        <time>2020-12-19T11:29:43Z</time>
      </trkpt>
      <trkpt lat="39.897613" lon="116.633668">
        <time>2020-12-19T11:29:48Z</time>
      </trkpt>
      <trkpt lat="39.897513" lon="116.633727">
        <time>2020-12-19T11:29:53Z</time>
      </trkpt>
      <trkpt lat="39.897442" lon="116.633808">
        <time>2020-12-19T11:29:58Z</time>
      </trkpt>
      <trkpt lat="39.897422" lon="116.633879">
        <time>2020-12-19T11:30:03Z</time>
      </trkpt>
      <trkpt lat="39.897422" lon="116.633974">
        <time>2020-12-19T11:30:08Z</time>
      </trkpt>
      <trkpt lat="39.89745" lon="116.634015">
        <time>2020-12-19T11:30:13Z</time>
      </trkpt>
      <trkpt lat="39.897462" lon="116.634056">
        <time>2020-12-19T11:30:18Z</time>
      </trkpt>
      <trkpt lat="39.897449" lon="116.634141">
        <time>2020-12-19T11:30:23Z</time>
      </trkpt>
      <trkpt lat="39.897444" lon="116.634188">
        <time>2020-12-19T11:30:28Z</time>
      </trkpt>
      <trkpt lat="39.897451" lon="116.634218">
        <time>2020-12-19T11:30:33Z</time>
      </trkpt>
      <trkpt lat="39.897451" lon="116.634218">
        <time>2020-12-19T11:30:57Z</time>
      </trkpt>
    </trkseg>
  </trk>
</gpx>