<?xml version="1.0" encoding="UTF-8"?>
<gpx xmlns="http://www.topografix.com/GPX/1/1" xmlns:gpxtpx="http://www.garmin.com/xmlschemas/TrackPointExtension/v1" xmlns:xsi="http://www.w3.org/2001/XMLSchema-instance" xsi:schemaLocation="http://www.topografix.com/GPX/1/1 http://www.topografix.com/GPX/1/1/gpx.xsd" version="1.1" creator="gpx.py -- https://github.com/tkrajina/gpxpy">
  <trk>
    <name>gpx from keep</name>
    <trkseg>
      <trkpt lat="39.897899" lon="116.634513">
        <time>2020-12-19T10:02:21Z</time>
      </trkpt>
      <trkpt lat="39.897918" lon="116.634559">
        <time>2020-12-19T10:02:26Z</time>
      </trkpt>
      <trkpt lat="39.897941" lon="116.634605">
        <time>2020-12-19T10:02:31Z</time>
      </trkpt>
      <trkpt lat="39.897975" lon="116.634666">
        <time>2020-12-19T10:02:36Z</time>
      </trkpt>
      <trkpt lat="39.898006" lon="116.634712">
        <time>2020-12-19T10:02:41Z</time>
      </trkpt>
      <trkpt lat="39.898056" lon="116.634796">
        <time>2020-12-19T10:02:46Z</time>
      </trkpt>
      <trkpt lat="39.898082" lon="116.63491">
        <time>2020-12-19T10:02:51Z</time>
      </trkpt>
      <trkpt lat="39.898033" lon="116.63504">
        <time>2020-12-19T10:02:56Z</time>
      </trkpt>
      <trkpt lat="39.897926" lon="116.635139">
        <time>2020-12-19T10:03:01Z</time>
      </trkpt>
      <trkpt lat="39.897819" lon="116.6352">
        <time>2020-12-19T10:03:06Z</time>
      </trkpt>
      <trkpt lat="39.897731" lon="116.635253">
        <time>2020-12-19T10:03:11Z</time>
      </trkpt>
      <trkpt lat="39.897624" lon="116.635307">
        <time>2020-12-19T10:03:16Z</time>
      </trkpt>
      <trkpt lat="39.897514" lon="116.63536">
        <time>2020-12-19T10:03:21Z</time>
      </trkpt>
      <trkpt lat="39.897407" lon="116.635437">
        <time>2020-12-19T10:03:26Z</time>
      </trkpt>
      <trkpt lat="39.897289" lon="116.63552">
        <time>2020-12-19T10:03:31Z</time>
      </trkpt>
      <trkpt lat="39.897167" lon="116.635612">
        <time>2020-12-19T10:03:36Z</time>
      </trkpt>
      <trkpt lat="39.897041" lon="116.635711">
        <time>2020-12-19T10:03:41Z</time>
      </trkpt>
      <trkpt lat="39.896934" lon="116.635787">
        <time>2020-12-19T10:03:46Z</time>
      </trkpt>
      <trkpt lat="39.89682" lon="116.635864">
        <time>2020-12-19T10:03:51Z</time>
      </trkpt>
      <trkpt lat="39.896694" lon="116.635955">
        <time>2020-12-19T10:03:56Z</time>
      </trkpt>
      <trkpt lat="39.896575" lon="116.636039">
        <time>2020-12-19T10:04:01Z</time>
      </trkpt>
      <trkpt lat="39.896369" lon="116.636238">
        <time>2020-12-19T10:04:06Z</time>
      </trkpt>
      <trkpt lat="39.896175" lon="116.636428">
        <time>2020-12-19T10:04:11Z</time>
      </trkpt>
      <trkpt lat="39.896114" lon="116.636489">
        <time>2020-12-19T10:04:16Z</time>
      </trkpt>
      <trkpt lat="39.896106" lon="116.636505">
        <time>2020-12-19T10:04:21Z</time>
      </trkpt>
      <trkpt lat="39.896091" lon="116.63652">
        <time>2020-12-19T10:04:26Z</time>
      </trkpt>
      <trkpt lat="39.896068" lon="116.636512">
        <time>2020-12-19T10:04:31Z</time>
      </trkpt>
      <trkpt lat="39.896053" lon="116.63652">
        <time>2020-12-19T10:04:36Z</time>
      </trkpt>
      <trkpt lat="39.896068" lon="116.636589">
        <time>2020-12-19T10:04:41Z</time>
      </trkpt>
      <trkpt lat="39.896049" lon="116.636596">
        <time>2020-12-19T10:04:46Z</time>
      </trkpt>
      <trkpt lat="39.896015" lon="116.636596">
        <time>2020-12-19T10:04:51Z</time>
      </trkpt>
      <trkpt lat="39.895984" lon="116.636627">
        <time>2020-12-19T10:04:56Z</time>
      </trkpt>
      <trkpt lat="39.896007" lon="116.636711">
        <time>2020-12-19T10:05:01Z</time>
      </trkpt>
      <trkpt lat="39.896057" lon="116.636833">
        <time>2020-12-19T10:05:06Z</time>
      </trkpt>
      <trkpt lat="39.89611" lon="116.63697">
        <time>2020-12-19T10:05:11Z</time>
      </trkpt>
      <trkpt lat="39.896144" lon="116.637107">
        <time>2020-12-19T10:05:16Z</time>
      </trkpt>
      <trkpt lat="39.896179" lon="116.637245">
        <time>2020-12-19T10:05:21Z</time>
      </trkpt>
      <trkpt lat="39.896209" lon="116.63739">
        <time>2020-12-19T10:05:26Z</time>
      </trkpt>
      <trkpt lat="39.896224" lon="116.637527">
        <time>2020-12-19T10:05:31Z</time>
      </trkpt>
      <trkpt lat="39.896232" lon="116.637664">
        <time>2020-12-19T10:05:36Z</time>
      </trkpt>
      <trkpt lat="39.896228" lon="116.637802">
        <time>2020-12-19T10:05:41Z</time>
      </trkpt>
      <trkpt lat="39.896224" lon="116.637962">
        <time>2020-12-19T10:05:46Z</time>
      </trkpt>
      <trkpt lat="39.89624" lon="116.638145">
        <time>2020-12-19T10:05:51Z</time>
      </trkpt>
      <trkpt lat="39.896251" lon="116.638366">
        <time>2020-12-19T10:05:56Z</time>
      </trkpt>
      <trkpt lat="39.896266" lon="116.638626">
        <time>2020-12-19T10:06:01Z</time>
      </trkpt>
      <trkpt lat="39.896289" lon="116.638824">
        <time>2020-12-19T10:06:06Z</time>
      </trkpt>
      <trkpt lat="39.896305" lon="116.638999">
        <time>2020-12-19T10:06:11Z</time>
      </trkpt>
      <trkpt lat="39.896305" lon="116.639144">
        <time>2020-12-19T10:06:16Z</time>
      </trkpt>
      <trkpt lat="39.896282" lon="116.639297">
        <time>2020-12-19T10:06:21Z</time>
      </trkpt>
      <trkpt lat="39.896266" lon="116.639442">
        <time>2020-12-19T10:06:26Z</time>
      </trkpt>
      <trkpt lat="39.89627" lon="116.639617">
        <time>2020-12-19T10:06:31Z</time>
      </trkpt>
      <trkpt lat="39.896278" lon="116.639778">
        <time>2020-12-19T10:06:36Z</time>
      </trkpt>
      <trkpt lat="39.896278" lon="116.639945">
        <time>2020-12-19T10:06:41Z</time>
      </trkpt>
      <trkpt lat="39.896278" lon="116.640113">
        <time>2020-12-19T10:06:46Z</time>
      </trkpt>
      <trkpt lat="39.896274" lon="116.640266">
        <time>2020-12-19T10:06:51Z</time>
      </trkpt>
      <trkpt lat="39.896289" lon="116.640419">
        <time>2020-12-19T10:06:56Z</time>
      </trkpt>
      <trkpt lat="39.896301" lon="116.640556">
        <time>2020-12-19T10:07:01Z</time>
      </trkpt>
      <trkpt lat="39.896293" lon="116.640693">
        <time>2020-12-19T10:07:06Z</time>
      </trkpt>
      <trkpt lat="39.89627" lon="116.640823">
        <time>2020-12-19T10:07:11Z</time>
      </trkpt>
      <trkpt lat="39.896263" lon="116.640991">
        <time>2020-12-19T10:07:16Z</time>
      </trkpt>
      <trkpt lat="39.896263" lon="116.641174">
        <time>2020-12-19T10:07:21Z</time>
      </trkpt>
      <trkpt lat="39.896244" lon="116.641334">
        <time>2020-12-19T10:07:26Z</time>
      </trkpt>
      <trkpt lat="39.896209" lon="116.641471">
        <time>2020-12-19T10:07:31Z</time>
      </trkpt>
      <trkpt lat="39.896198" lon="116.641624">
        <time>2020-12-19T10:07:36Z</time>
      </trkpt>
      <trkpt lat="39.896202" lon="116.641815">
        <time>2020-12-19T10:07:41Z</time>
      </trkpt>
      <trkpt lat="39.896202" lon="116.642005">
        <time>2020-12-19T10:07:46Z</time>
      </trkpt>
      <trkpt lat="39.896205" lon="116.642204">
        <time>2020-12-19T10:07:51Z</time>
      </trkpt>
      <trkpt lat="39.896213" lon="116.642379">
        <time>2020-12-19T10:07:56Z</time>
      </trkpt>
      <trkpt lat="39.896221" lon="116.642539">
        <time>2020-12-19T10:08:01Z</time>
      </trkpt>
      <trkpt lat="39.896224" lon="116.642684">
        <time>2020-12-19T10:08:06Z</time>
      </trkpt>
      <trkpt lat="39.896209" lon="116.642837">
        <time>2020-12-19T10:08:11Z</time>
      </trkpt>
      <trkpt lat="39.896198" lon="116.642974">
        <time>2020-12-19T10:08:16Z</time>
      </trkpt>
      <trkpt lat="39.896202" lon="116.643135">
        <time>2020-12-19T10:08:21Z</time>
      </trkpt>
      <trkpt lat="39.896205" lon="116.643318">
        <time>2020-12-19T10:08:26Z</time>
      </trkpt>
      <trkpt lat="39.896221" lon="116.643478">
        <time>2020-12-19T10:08:31Z</time>
      </trkpt>
      <trkpt lat="39.896236" lon="116.643615">
        <time>2020-12-19T10:08:36Z</time>
      </trkpt>
      <trkpt lat="39.896236" lon="116.643753">
        <time>2020-12-19T10:08:41Z</time>
      </trkpt>
      <trkpt lat="39.89624" lon="116.64389">
        <time>2020-12-19T10:08:46Z</time>
      </trkpt>
      <trkpt lat="39.89624" lon="116.644042">
        <time>2020-12-19T10:08:51Z</time>
      </trkpt>
      <trkpt lat="39.896244" lon="116.644172">
        <time>2020-12-19T10:08:56Z</time>
      </trkpt>
      <trkpt lat="39.896244" lon="116.644309">
        <time>2020-12-19T10:09:01Z</time>
      </trkpt>
      <trkpt lat="39.896236" lon="116.644454">
        <time>2020-12-19T10:09:06Z</time>
      </trkpt>
      <trkpt lat="39.896236" lon="116.644584">
        <time>2020-12-19T10:09:11Z</time>
      </trkpt>
      <trkpt lat="39.89624" lon="116.644714">
        <time>2020-12-19T10:09:16Z</time>
      </trkpt>
      <trkpt lat="39.896244" lon="116.644851">
        <time>2020-12-19T10:09:21Z</time>
      </trkpt>
      <trkpt lat="39.896236" lon="116.644981">
        <time>2020-12-19T10:09:26Z</time>
      </trkpt>
      <trkpt lat="39.896217" lon="116.645095">
        <time>2020-12-19T10:09:31Z</time>
      </trkpt>
      <trkpt lat="39.896209" lon="116.645217">
        <time>2020-12-19T10:09:36Z</time>
      </trkpt>
      <trkpt lat="39.896209" lon="116.645347">
        <time>2020-12-19T10:09:41Z</time>
      </trkpt>
      <trkpt lat="39.89619" lon="116.645469">
        <time>2020-12-19T10:09:46Z</time>
      </trkpt>
      <trkpt lat="39.896144" lon="116.645606">
        <time>2020-12-19T10:09:51Z</time>
      </trkpt>
      <trkpt lat="39.896099" lon="116.645736">
        <time>2020-12-19T10:09:56Z</time>
      </trkpt>
      <trkpt lat="39.896057" lon="116.645843">
        <time>2020-12-19T10:10:01Z</time>
      </trkpt>
      <trkpt lat="39.896034" lon="116.645965">
        <time>2020-12-19T10:10:06Z</time>
      </trkpt>
      <trkpt lat="39.896015" lon="116.646087">
        <time>2020-12-19T10:10:11Z</time>
      </trkpt>
      <trkpt lat="39.895996" lon="116.646232">
        <time>2020-12-19T10:10:16Z</time>
      </trkpt>
      <trkpt lat="39.895996" lon="116.646377">
        <time>2020-12-19T10:10:21Z</time>
      </trkpt>
      <trkpt lat="39.896007" lon="116.646537">
        <time>2020-12-19T10:10:26Z</time>
      </trkpt>
      <trkpt lat="39.895988" lon="116.646675">
        <time>2020-12-19T10:10:31Z</time>
      </trkpt>
      <trkpt lat="39.895908" lon="116.646759">
        <time>2020-12-19T10:10:36Z</time>
      </trkpt>
      <trkpt lat="39.89579" lon="116.646759">
        <time>2020-12-19T10:10:41Z</time>
      </trkpt>
      <trkpt lat="39.895671" lon="116.64672">
        <time>2020-12-19T10:10:46Z</time>
      </trkpt>
      <trkpt lat="39.895568" lon="116.646652">
        <time>2020-12-19T10:10:51Z</time>
      </trkpt>
      <trkpt lat="39.895473" lon="116.646621">
        <time>2020-12-19T10:10:56Z</time>
      </trkpt>
      <trkpt lat="39.895359" lon="116.646591">
        <time>2020-12-19T10:11:01Z</time>
      </trkpt>
      <trkpt lat="39.895259" lon="116.64656">
        <time>2020-12-19T10:11:06Z</time>
      </trkpt>
      <trkpt lat="39.895175" lon="116.646507">
        <time>2020-12-19T10:11:11Z</time>
      </trkpt>
      <trkpt lat="39.895092" lon="116.646461">
        <time>2020-12-19T10:11:16Z</time>
      </trkpt>
      <trkpt lat="39.895" lon="116.646408">
        <time>2020-12-19T10:11:21Z</time>
      </trkpt>
      <trkpt lat="39.894905" lon="116.646354">
        <time>2020-12-19T10:11:26Z</time>
      </trkpt>
      <trkpt lat="39.894817" lon="116.646301">
        <time>2020-12-19T10:11:31Z</time>
      </trkpt>
      <trkpt lat="39.894737" lon="116.646263">
        <time>2020-12-19T10:11:36Z</time>
      </trkpt>
      <trkpt lat="39.894641" lon="116.646232">
        <time>2020-12-19T10:11:41Z</time>
      </trkpt>
      <trkpt lat="39.894535" lon="116.646186">
        <time>2020-12-19T10:11:46Z</time>
      </trkpt>
      <trkpt lat="39.894416" lon="116.646156">
        <time>2020-12-19T10:11:51Z</time>
      </trkpt>
      <trkpt lat="39.894313" lon="116.646102">
        <time>2020-12-19T10:11:56Z</time>
      </trkpt>
      <trkpt lat="39.894214" lon="116.646026">
        <time>2020-12-19T10:12:01Z</time>
      </trkpt>
      <trkpt lat="39.894126" lon="116.64595">
        <time>2020-12-19T10:12:06Z</time>
      </trkpt>
      <trkpt lat="39.894031" lon="116.645912">
        <time>2020-12-19T10:12:11Z</time>
      </trkpt>
      <trkpt lat="39.893947" lon="116.645889">
        <time>2020-12-19T10:12:16Z</time>
      </trkpt>
      <trkpt lat="39.893878" lon="116.645919">
        <time>2020-12-19T10:12:21Z</time>
      </trkpt>
      <trkpt lat="39.893829" lon="116.645996">
        <time>2020-12-19T10:12:26Z</time>
      </trkpt>
      <trkpt lat="39.893787" lon="116.646087">
        <time>2020-12-19T10:12:31Z</time>
      </trkpt>
      <trkpt lat="39.893726" lon="116.646163">
        <time>2020-12-19T10:12:36Z</time>
      </trkpt>
      <trkpt lat="39.893634" lon="116.646209">
        <time>2020-12-19T10:12:41Z</time>
      </trkpt>
      <trkpt lat="39.893539" lon="116.646186">
        <time>2020-12-19T10:12:46Z</time>
      </trkpt>
      <trkpt lat="39.893455" lon="116.646133">
        <time>2020-12-19T10:12:51Z</time>
      </trkpt>
      <trkpt lat="39.893356" lon="116.646102">
        <time>2020-12-19T10:12:56Z</time>
      </trkpt>
      <trkpt lat="39.893238" lon="116.64608">
        <time>2020-12-19T10:13:01Z</time>
      </trkpt>
      <trkpt lat="39.893123" lon="116.646049">
        <time>2020-12-19T10:13:06Z</time>
      </trkpt>
      <trkpt lat="39.893013" lon="116.646018">
        <time>2020-12-19T10:13:11Z</time>
      </trkpt>
      <trkpt lat="39.892894" lon="116.645973">
        <time>2020-12-19T10:13:16Z</time>
      </trkpt>
      <trkpt lat="39.892765" lon="116.645942">
        <time>2020-12-19T10:13:21Z</time>
      </trkpt>
      <trkpt lat="39.892646" lon="116.645896">
        <time>2020-12-19T10:13:26Z</time>
      </trkpt>
      <trkpt lat="39.892536" lon="116.645866">
        <time>2020-12-19T10:13:31Z</time>
      </trkpt>
      <trkpt lat="39.892414" lon="116.645835">
        <time>2020-12-19T10:13:36Z</time>
      </trkpt>
      <trkpt lat="39.892299" lon="116.645805">
        <time>2020-12-19T10:13:41Z</time>
      </trkpt>
      <trkpt lat="39.892189" lon="116.645759">
        <time>2020-12-19T10:13:46Z</time>
      </trkpt>
      <trkpt lat="39.892078" lon="116.645706">
        <time>2020-12-19T10:13:51Z</time>
      </trkpt>
      <trkpt lat="39.891975" lon="116.645652">
        <time>2020-12-19T10:13:56Z</time>
      </trkpt>
      <trkpt lat="39.89188" lon="116.645591">
        <time>2020-12-19T10:14:01Z</time>
      </trkpt>
      <trkpt lat="39.891788" lon="116.645545">
        <time>2020-12-19T10:14:06Z</time>
      </trkpt>
      <trkpt lat="39.891708" lon="116.645469">
        <time>2020-12-19T10:14:11Z</time>
      </trkpt>
      <trkpt lat="39.89162" lon="116.645408">
        <time>2020-12-19T10:14:16Z</time>
      </trkpt>
      <trkpt lat="39.891582" lon="116.645378">
        <time>2020-12-19T10:14:21Z</time>
      </trkpt>
      <trkpt lat="39.891635" lon="116.645401">
        <time>2020-12-19T10:14:26Z</time>
      </trkpt>
      <trkpt lat="39.891735" lon="116.645439">
        <time>2020-12-19T10:14:31Z</time>
      </trkpt>
      <trkpt lat="39.891841" lon="116.645484">
        <time>2020-12-19T10:14:36Z</time>
      </trkpt>
      <trkpt lat="39.891948" lon="116.645545">
        <time>2020-12-19T10:14:41Z</time>
      </trkpt>
      <trkpt lat="39.892055" lon="116.645599">
        <time>2020-12-19T10:14:46Z</time>
      </trkpt>
      <trkpt lat="39.892173" lon="116.645652">
        <time>2020-12-19T10:14:51Z</time>
      </trkpt>
      <trkpt lat="39.892307" lon="116.645706">
        <time>2020-12-19T10:14:56Z</time>
      </trkpt>
      <trkpt lat="39.892433" lon="116.645759">
        <time>2020-12-19T10:15:01Z</time>
      </trkpt>
      <trkpt lat="39.892528" lon="116.645812">
        <time>2020-12-19T10:15:06Z</time>
      </trkpt>
      <trkpt lat="39.892601" lon="116.645858">
        <time>2020-12-19T10:15:11Z</time>
      </trkpt>
      <trkpt lat="39.892669" lon="116.645896">
        <time>2020-12-19T10:15:16Z</time>
      </trkpt>
      <trkpt lat="39.892753" lon="116.64595">
        <time>2020-12-19T10:15:21Z</time>
      </trkpt>
      <trkpt lat="39.89286" lon="116.64598">
        <time>2020-12-19T10:15:26Z</time>
      </trkpt>
      <trkpt lat="39.892982" lon="116.646018">
        <time>2020-12-19T10:15:31Z</time>
      </trkpt>
      <trkpt lat="39.893089" lon="116.646049">
        <time>2020-12-19T10:15:36Z</time>
      </trkpt>
      <trkpt lat="39.893192" lon="116.64611">
        <time>2020-12-19T10:15:41Z</time>
      </trkpt>
      <trkpt lat="39.893299" lon="116.646163">
        <time>2020-12-19T10:15:46Z</time>
      </trkpt>
      <trkpt lat="39.89339" lon="116.646217">
        <time>2020-12-19T10:15:51Z</time>
      </trkpt>
      <trkpt lat="39.89347" lon="116.64627">
        <time>2020-12-19T10:15:56Z</time>
      </trkpt>
      <trkpt lat="39.89355" lon="116.646316">
        <time>2020-12-19T10:16:01Z</time>
      </trkpt>
      <trkpt lat="39.89363" lon="116.646293">
        <time>2020-12-19T10:16:06Z</time>
      </trkpt>
      <trkpt lat="39.893714" lon="116.646209">
        <time>2020-12-19T10:16:11Z</time>
      </trkpt>
      <trkpt lat="39.893791" lon="116.646102">
        <time>2020-12-19T10:16:16Z</time>
      </trkpt>
      <trkpt lat="39.893859" lon="116.645996">
        <time>2020-12-19T10:16:21Z</time>
      </trkpt>
      <trkpt lat="39.893939" lon="116.645912">
        <time>2020-12-19T10:16:26Z</time>
      </trkpt>
      <trkpt lat="39.894031" lon="116.645896">
        <time>2020-12-19T10:16:31Z</time>
      </trkpt>
      <trkpt lat="39.894119" lon="116.645919">
        <time>2020-12-19T10:16:36Z</time>
      </trkpt>
      <trkpt lat="39.89421" lon="116.645973">
        <time>2020-12-19T10:16:41Z</time>
      </trkpt>
      <trkpt lat="39.894313" lon="116.646034">
        <time>2020-12-19T10:16:46Z</time>
      </trkpt>
      <trkpt lat="39.894409" lon="116.64608">
        <time>2020-12-19T10:16:51Z</time>
      </trkpt>
      <trkpt lat="39.894493" lon="116.646125">
        <time>2020-12-19T10:16:56Z</time>
      </trkpt>
      <trkpt lat="39.894569" lon="116.646163">
        <time>2020-12-19T10:17:01Z</time>
      </trkpt>
      <trkpt lat="39.894649" lon="116.646194">
        <time>2020-12-19T10:17:06Z</time>
      </trkpt>
      <trkpt lat="39.894729" lon="116.646217">
        <time>2020-12-19T10:17:11Z</time>
      </trkpt>
      <trkpt lat="39.894817" lon="116.64627">
        <time>2020-12-19T10:17:16Z</time>
      </trkpt>
      <trkpt lat="39.894905" lon="116.646324">
        <time>2020-12-19T10:17:21Z</time>
      </trkpt>
      <trkpt lat="39.894992" lon="116.646377">
        <time>2020-12-19T10:17:26Z</time>
      </trkpt>
      <trkpt lat="39.895095" lon="116.646423">
        <time>2020-12-19T10:17:31Z</time>
      </trkpt>
      <trkpt lat="39.895206" lon="116.646453">
        <time>2020-12-19T10:17:36Z</time>
      </trkpt>
      <trkpt lat="39.89532" lon="116.646507">
        <time>2020-12-19T10:17:41Z</time>
      </trkpt>
      <trkpt lat="39.895439" lon="116.646553">
        <time>2020-12-19T10:17:46Z</time>
      </trkpt>
      <trkpt lat="39.895553" lon="116.646606">
        <time>2020-12-19T10:17:51Z</time>
      </trkpt>
      <trkpt lat="39.89566" lon="116.646667">
        <time>2020-12-19T10:17:56Z</time>
      </trkpt>
      <trkpt lat="39.895774" lon="116.646743">
        <time>2020-12-19T10:18:01Z</time>
      </trkpt>
      <trkpt lat="39.895889" lon="116.646812">
        <time>2020-12-19T10:18:06Z</time>
      </trkpt>
      <trkpt lat="39.89598" lon="116.646804">
        <time>2020-12-19T10:18:11Z</time>
      </trkpt>
      <trkpt lat="39.896022" lon="116.646705">
        <time>2020-12-19T10:18:16Z</time>
      </trkpt>
      <trkpt lat="39.896034" lon="116.646568">
        <time>2020-12-19T10:18:21Z</time>
      </trkpt>
      <trkpt lat="39.896045" lon="116.646423">
        <time>2020-12-19T10:18:26Z</time>
      </trkpt>
      <trkpt lat="39.896064" lon="116.646286">
        <time>2020-12-19T10:18:31Z</time>
      </trkpt>
      <trkpt lat="39.89608" lon="116.646133">
        <time>2020-12-19T10:18:36Z</time>
      </trkpt>
      <trkpt lat="39.896099" lon="116.645996">
        <time>2020-12-19T10:18:41Z</time>
      </trkpt>
      <trkpt lat="39.896121" lon="116.645866">
        <time>2020-12-19T10:18:46Z</time>
      </trkpt>
      <trkpt lat="39.896156" lon="116.645729">
        <time>2020-12-19T10:18:51Z</time>
      </trkpt>
      <trkpt lat="39.896186" lon="116.645591">
        <time>2020-12-19T10:18:56Z</time>
      </trkpt>
      <trkpt lat="39.896205" lon="116.645462">
        <time>2020-12-19T10:19:01Z</time>
      </trkpt>
      <trkpt lat="39.896205" lon="116.645324">
        <time>2020-12-19T10:19:06Z</time>
      </trkpt>
      <trkpt lat="39.896202" lon="116.645172">
        <time>2020-12-19T10:19:11Z</time>
      </trkpt>
      <trkpt lat="39.896213" lon="116.645027">
        <time>2020-12-19T10:19:16Z</time>
      </trkpt>
      <trkpt lat="39.896236" lon="116.644874">
        <time>2020-12-19T10:19:21Z</time>
      </trkpt>
      <trkpt lat="39.896251" lon="116.644744">
        <time>2020-12-19T10:19:26Z</time>
      </trkpt>
      <trkpt lat="39.896263" lon="116.644607">
        <time>2020-12-19T10:19:31Z</time>
      </trkpt>
      <trkpt lat="39.896255" lon="116.644454">
        <time>2020-12-19T10:19:36Z</time>
      </trkpt>
      <trkpt lat="39.896236" lon="116.644279">
        <time>2020-12-19T10:19:41Z</time>
      </trkpt>
      <trkpt lat="39.896217" lon="116.644104">
        <time>2020-12-19T10:19:46Z</time>
      </trkpt>
      <trkpt lat="39.896209" lon="116.643966">
        <time>2020-12-19T10:19:51Z</time>
      </trkpt>
      <trkpt lat="39.896217" lon="116.643829">
        <time>2020-12-19T10:19:56Z</time>
      </trkpt>
      <trkpt lat="39.896221" lon="116.643692">
        <time>2020-12-19T10:20:01Z</time>
      </trkpt>
      <trkpt lat="39.896217" lon="116.643554">
        <time>2020-12-19T10:20:06Z</time>
      </trkpt>
      <trkpt lat="39.896202" lon="116.643302">
        <time>2020-12-19T10:20:11Z</time>
      </trkpt>
      <trkpt lat="39.896205" lon="116.64302">
        <time>2020-12-19T10:20:16Z</time>
      </trkpt>
      <trkpt lat="39.896221" lon="116.64286">
        <time>2020-12-19T10:20:21Z</time>
      </trkpt>
      <trkpt lat="39.896236" lon="116.64273">
        <time>2020-12-19T10:20:26Z</time>
      </trkpt>
      <trkpt lat="39.896244" lon="116.642578">
        <time>2020-12-19T10:20:31Z</time>
      </trkpt>
      <trkpt lat="39.896232" lon="116.64241">
        <time>2020-12-19T10:20:36Z</time>
      </trkpt>
      <trkpt lat="39.896224" lon="116.642242">
        <time>2020-12-19T10:20:41Z</time>
      </trkpt>
      <trkpt lat="39.896224" lon="116.642089">
        <time>2020-12-19T10:20:46Z</time>
      </trkpt>
      <trkpt lat="39.896224" lon="116.641952">
        <time>2020-12-19T10:20:51Z</time>
      </trkpt>
      <trkpt lat="39.896228" lon="116.641845">
        <time>2020-12-19T10:20:56Z</time>
      </trkpt>
      <trkpt lat="39.89624" lon="116.641731">
        <time>2020-12-19T10:21:01Z</time>
      </trkpt>
      <trkpt lat="39.89624" lon="116.641586">
        <time>2020-12-19T10:21:06Z</time>
      </trkpt>
      <trkpt lat="39.896236" lon="116.641448">
        <time>2020-12-19T10:21:11Z</time>
      </trkpt>
      <trkpt lat="39.896232" lon="116.641311">
        <time>2020-12-19T10:21:16Z</time>
      </trkpt>
      <trkpt lat="39.896228" lon="116.641174">
        <time>2020-12-19T10:21:21Z</time>
      </trkpt>
      <trkpt lat="39.896232" lon="116.641014">
        <time>2020-12-19T10:21:26Z</time>
      </trkpt>
      <trkpt lat="39.89624" lon="116.640876">
        <time>2020-12-19T10:21:31Z</time>
      </trkpt>
      <trkpt lat="39.896244" lon="116.640747">
        <time>2020-12-19T10:21:36Z</time>
      </trkpt>
      <trkpt lat="39.896255" lon="116.640617">
        <time>2020-12-19T10:21:41Z</time>
      </trkpt>
      <trkpt lat="39.896278" lon="116.640502">
        <time>2020-12-19T10:21:46Z</time>
      </trkpt>
      <trkpt lat="39.896289" lon="116.640365">
        <time>2020-12-19T10:21:51Z</time>
      </trkpt>
      <trkpt lat="39.896297" lon="116.640213">
        <time>2020-12-19T10:21:56Z</time>
      </trkpt>
      <trkpt lat="39.896305" lon="116.640075">
        <time>2020-12-19T10:22:01Z</time>
      </trkpt>
      <trkpt lat="39.896297" lon="116.639923">
        <time>2020-12-19T10:22:06Z</time>
      </trkpt>
      <trkpt lat="39.896289" lon="116.639801">
        <time>2020-12-19T10:22:11Z</time>
      </trkpt>
      <trkpt lat="39.896278" lon="116.639678">
        <time>2020-12-19T10:22:16Z</time>
      </trkpt>
      <trkpt lat="39.896263" lon="116.639541">
        <time>2020-12-19T10:22:21Z</time>
      </trkpt>
      <trkpt lat="39.896244" lon="116.639381">
        <time>2020-12-19T10:22:26Z</time>
      </trkpt>
      <trkpt lat="39.896236" lon="116.639228">
        <time>2020-12-19T10:22:31Z</time>
      </trkpt>
      <trkpt lat="39.896224" lon="116.639083">
        <time>2020-12-19T10:22:36Z</time>
      </trkpt>
      <trkpt lat="39.896217" lon="116.638931">
        <time>2020-12-19T10:22:41Z</time>
      </trkpt>
      <trkpt lat="39.896217" lon="116.638801">
        <time>2020-12-19T10:22:46Z</time>
      </trkpt>
      <trkpt lat="39.896221" lon="116.638679">
        <time>2020-12-19T10:22:51Z</time>
      </trkpt>
      <trkpt lat="39.896217" lon="116.638542">
        <time>2020-12-19T10:22:56Z</time>
      </trkpt>
      <trkpt lat="39.896198" lon="116.638381">
        <time>2020-12-19T10:23:01Z</time>
      </trkpt>
      <trkpt lat="39.896183" lon="116.638221">
        <time>2020-12-19T10:23:06Z</time>
      </trkpt>
      <trkpt lat="39.896186" lon="116.638069">
        <time>2020-12-19T10:23:11Z</time>
      </trkpt>
      <trkpt lat="39.896183" lon="116.637931">
        <time>2020-12-19T10:23:16Z</time>
      </trkpt>
      <trkpt lat="39.896171" lon="116.637802">
        <time>2020-12-19T10:23:21Z</time>
      </trkpt>
      <trkpt lat="39.896163" lon="116.637687">
        <time>2020-12-19T10:23:26Z</time>
      </trkpt>
      <trkpt lat="39.896152" lon="116.637557">
        <time>2020-12-19T10:23:31Z</time>
      </trkpt>
      <trkpt lat="39.896141" lon="116.63739">
        <time>2020-12-19T10:23:36Z</time>
      </trkpt>
      <trkpt lat="39.896133" lon="116.637207">
        <time>2020-12-19T10:23:41Z</time>
      </trkpt>
      <trkpt lat="39.896118" lon="116.637054">
        <time>2020-12-19T10:23:46Z</time>
      </trkpt>
      <trkpt lat="39.896091" lon="116.636886">
        <time>2020-12-19T10:23:51Z</time>
      </trkpt>
      <trkpt lat="39.896091" lon="116.636833">
        <time>2020-12-19T10:23:56Z</time>
      </trkpt>
      <trkpt lat="39.896118" lon="116.636947">
        <time>2020-12-19T10:24:01Z</time>
      </trkpt>
      <trkpt lat="39.896144" lon="116.6371">
        <time>2020-12-19T10:24:06Z</time>
      </trkpt>
      <trkpt lat="39.896163" lon="116.63726">
        <time>2020-12-19T10:24:11Z</time>
      </trkpt>
      <trkpt lat="39.896186" lon="116.63742">
        <time>2020-12-19T10:24:16Z</time>
      </trkpt>
      <trkpt lat="39.896213" lon="116.63758">
        <time>2020-12-19T10:24:21Z</time>
      </trkpt>
      <trkpt lat="39.896244" lon="116.637741">
        <time>2020-12-19T10:24:26Z</time>
      </trkpt>
      <trkpt lat="39.896259" lon="116.637916">
        <time>2020-12-19T10:24:31Z</time>
      </trkpt>
      <trkpt lat="39.896274" lon="116.638076">
        <time>2020-12-19T10:24:36Z</time>
      </trkpt>
      <trkpt lat="39.896289" lon="116.638229">
        <time>2020-12-19T10:24:41Z</time>
      </trkpt>
      <trkpt lat="39.896301" lon="116.638381">
        <time>2020-12-19T10:24:46Z</time>
      </trkpt>
      <trkpt lat="39.896308" lon="116.638519">
        <time>2020-12-19T10:24:51Z</time>
      </trkpt>
      <trkpt lat="39.896297" lon="116.638664">
        <time>2020-12-19T10:24:56Z</time>
      </trkpt>
      <trkpt lat="39.896282" lon="116.638816">
        <time>2020-12-19T10:25:01Z</time>
      </trkpt>
      <trkpt lat="39.896286" lon="116.638954">
        <time>2020-12-19T10:25:06Z</time>
      </trkpt>
      <trkpt lat="39.896305" lon="116.639083">
        <time>2020-12-19T10:25:11Z</time>
      </trkpt>
      <trkpt lat="39.896327" lon="116.639198">
        <time>2020-12-19T10:25:16Z</time>
      </trkpt>
      <trkpt lat="39.896339" lon="116.63932">
        <time>2020-12-19T10:25:21Z</time>
      </trkpt>
      <trkpt lat="39.89635" lon="116.639457">
        <time>2020-12-19T10:25:26Z</time>
      </trkpt>
      <trkpt lat="39.896369" lon="116.639602">
        <time>2020-12-19T10:25:31Z</time>
      </trkpt>
      <trkpt lat="39.896389" lon="116.639755">
        <time>2020-12-19T10:25:36Z</time>
      </trkpt>
      <trkpt lat="39.896404" lon="116.639892">
        <time>2020-12-19T10:25:41Z</time>
      </trkpt>
      <trkpt lat="39.896411" lon="116.640029">
        <time>2020-12-19T10:25:46Z</time>
      </trkpt>
      <trkpt lat="39.896419" lon="116.640159">
        <time>2020-12-19T10:25:51Z</time>
      </trkpt>
      <trkpt lat="39.896438" lon="116.640296">
        <time>2020-12-19T10:25:56Z</time>
      </trkpt>
      <trkpt lat="39.89645" lon="116.640457">
        <time>2020-12-19T10:26:01Z</time>
      </trkpt>
      <trkpt lat="39.896438" lon="116.640609">
        <time>2020-12-19T10:26:06Z</time>
      </trkpt>
      <trkpt lat="39.896442" lon="116.640747">
        <time>2020-12-19T10:26:11Z</time>
      </trkpt>
      <trkpt lat="39.896446" lon="116.640907">
        <time>2020-12-19T10:26:16Z</time>
      </trkpt>
      <trkpt lat="39.896423" lon="116.641052">
        <time>2020-12-19T10:26:21Z</time>
      </trkpt>
      <trkpt lat="39.896385" lon="116.641204">
        <time>2020-12-19T10:26:26Z</time>
      </trkpt>
      <trkpt lat="39.896354" lon="116.641357">
        <time>2020-12-19T10:26:31Z</time>
      </trkpt>
      <trkpt lat="39.896335" lon="116.641494">
        <time>2020-12-19T10:26:36Z</time>
      </trkpt>
      <trkpt lat="39.896316" lon="116.641654">
        <time>2020-12-19T10:26:41Z</time>
      </trkpt>
      <trkpt lat="39.896293" lon="116.641799">
        <time>2020-12-19T10:26:46Z</time>
      </trkpt>
      <trkpt lat="39.89627" lon="116.64196">
        <time>2020-12-19T10:26:51Z</time>
      </trkpt>
      <trkpt lat="39.896251" lon="116.642112">
        <time>2020-12-19T10:26:56Z</time>
      </trkpt>
      <trkpt lat="39.896251" lon="116.64225">
        <time>2020-12-19T10:27:01Z</time>
      </trkpt>
      <trkpt lat="39.896274" lon="116.642387">
        <time>2020-12-19T10:27:06Z</time>
      </trkpt>
      <trkpt lat="39.896289" lon="116.642539">
        <time>2020-12-19T10:27:11Z</time>
      </trkpt>
      <trkpt lat="39.896278" lon="116.642677">
        <time>2020-12-19T10:27:16Z</time>
      </trkpt>
      <trkpt lat="39.89627" lon="116.642807">
        <time>2020-12-19T10:27:21Z</time>
      </trkpt>
      <trkpt lat="39.896282" lon="116.642936">
        <time>2020-12-19T10:27:26Z</time>
      </trkpt>
      <trkpt lat="39.896286" lon="116.643081">
        <time>2020-12-19T10:27:31Z</time>
      </trkpt>
      <trkpt lat="39.896289" lon="116.643241">
        <time>2020-12-19T10:27:36Z</time>
      </trkpt>
      <trkpt lat="39.896297" lon="116.643402">
        <time>2020-12-19T10:27:41Z</time>
      </trkpt>
      <trkpt lat="39.896305" lon="116.643539">
        <time>2020-12-19T10:27:46Z</time>
      </trkpt>
      <trkpt lat="39.896312" lon="116.643676">
        <time>2020-12-19T10:27:51Z</time>
      </trkpt>
      <trkpt lat="39.896324" lon="116.643829">
        <time>2020-12-19T10:27:56Z</time>
      </trkpt>
      <trkpt lat="39.896339" lon="116.643981">
        <time>2020-12-19T10:28:01Z</time>
      </trkpt>
      <trkpt lat="39.896335" lon="116.644119">
        <time>2020-12-19T10:28:06Z</time>
      </trkpt>
      <trkpt lat="39.89632" lon="116.644264">
        <time>2020-12-19T10:28:11Z</time>
      </trkpt>
      <trkpt lat="39.896316" lon="116.644416">
        <time>2020-12-19T10:28:16Z</time>
      </trkpt>
      <trkpt lat="39.896324" lon="116.644561">
        <time>2020-12-19T10:28:21Z</time>
      </trkpt>
      <trkpt lat="39.896331" lon="116.644714">
        <time>2020-12-19T10:28:26Z</time>
      </trkpt>
      <trkpt lat="39.896327" lon="116.644874">
        <time>2020-12-19T10:28:31Z</time>
      </trkpt>
      <trkpt lat="39.896305" lon="116.645034">
        <time>2020-12-19T10:28:36Z</time>
      </trkpt>
      <trkpt lat="39.89627" lon="116.645172">
        <time>2020-12-19T10:28:41Z</time>
      </trkpt>
      <trkpt lat="39.89627" lon="116.645301">
        <time>2020-12-19T10:28:46Z</time>
      </trkpt>
      <trkpt lat="39.896278" lon="116.645431">
        <time>2020-12-19T10:28:51Z</time>
      </trkpt>
      <trkpt lat="39.896255" lon="116.645545">
        <time>2020-12-19T10:28:56Z</time>
      </trkpt>
      <trkpt lat="39.896209" lon="116.64566">
        <time>2020-12-19T10:29:01Z</time>
      </trkpt>
      <trkpt lat="39.896171" lon="116.64579">
        <time>2020-12-19T10:29:06Z</time>
      </trkpt>
      <trkpt lat="39.896144" lon="116.64595">
        <time>2020-12-19T10:29:11Z</time>
      </trkpt>
      <trkpt lat="39.896118" lon="116.646125">
        <time>2020-12-19T10:29:16Z</time>
      </trkpt>
      <trkpt lat="39.896106" lon="116.646286">
        <time>2020-12-19T10:29:21Z</time>
      </trkpt>
      <trkpt lat="39.896102" lon="116.64643">
        <time>2020-12-19T10:29:26Z</time>
      </trkpt>
      <trkpt lat="39.896099" lon="116.646606">
        <time>2020-12-19T10:29:31Z</time>
      </trkpt>
      <trkpt lat="39.896068" lon="116.646728">
        <time>2020-12-19T10:29:36Z</time>
      </trkpt>
      <trkpt lat="39.895961" lon="116.646804">
        <time>2020-12-19T10:29:41Z</time>
      </trkpt>
      <trkpt lat="39.895824" lon="116.646797">
        <time>2020-12-19T10:29:46Z</time>
      </trkpt>
      <trkpt lat="39.895694" lon="116.646728">
        <time>2020-12-19T10:29:51Z</time>
      </trkpt>
      <trkpt lat="39.89558" lon="116.646667">
        <time>2020-12-19T10:29:56Z</time>
      </trkpt>
      <trkpt lat="39.895465" lon="116.646614">
        <time>2020-12-19T10:30:01Z</time>
      </trkpt>
      <trkpt lat="39.895362" lon="116.646568">
        <time>2020-12-19T10:30:06Z</time>
      </trkpt>
      <trkpt lat="39.895252" lon="116.646514">
        <time>2020-12-19T10:30:11Z</time>
      </trkpt>
      <trkpt lat="39.895141" lon="116.646476">
        <time>2020-12-19T10:30:16Z</time>
      </trkpt>
      <trkpt lat="39.895038" lon="116.646423">
        <time>2020-12-19T10:30:21Z</time>
      </trkpt>
      <trkpt lat="39.894935" lon="116.646354">
        <time>2020-12-19T10:30:26Z</time>
      </trkpt>
      <trkpt lat="39.894851" lon="116.646316">
        <time>2020-12-19T10:30:31Z</time>
      </trkpt>
      <trkpt lat="39.894756" lon="116.64627">
        <time>2020-12-19T10:30:36Z</time>
      </trkpt>
      <trkpt lat="39.894641" lon="116.646232">
        <time>2020-12-19T10:30:41Z</time>
      </trkpt>
      <trkpt lat="39.894508" lon="116.646163">
        <time>2020-12-19T10:30:46Z</time>
      </trkpt>
      <trkpt lat="39.894382" lon="116.64611">
        <time>2020-12-19T10:30:51Z</time>
      </trkpt>
      <trkpt lat="39.894275" lon="116.646057">
        <time>2020-12-19T10:30:56Z</time>
      </trkpt>
      <trkpt lat="39.894165" lon="116.646018">
        <time>2020-12-19T10:31:01Z</time>
      </trkpt>
      <trkpt lat="39.894054" lon="116.645996">
        <time>2020-12-19T10:31:06Z</time>
      </trkpt>
      <trkpt lat="39.893947" lon="116.645996">
        <time>2020-12-19T10:31:11Z</time>
      </trkpt>
      <trkpt lat="39.893863" lon="116.646034">
        <time>2020-12-19T10:31:16Z</time>
      </trkpt>
      <trkpt lat="39.893798" lon="116.64611">
        <time>2020-12-19T10:31:21Z</time>
      </trkpt>
      <trkpt lat="39.893737" lon="116.646209">
        <time>2020-12-19T10:31:26Z</time>
      </trkpt>
      <trkpt lat="39.893646" lon="116.646247">
        <time>2020-12-19T10:31:31Z</time>
      </trkpt>
      <trkpt lat="39.89352" lon="116.646217">
        <time>2020-12-19T10:31:36Z</time>
      </trkpt>
      <trkpt lat="39.89339" lon="116.646163">
        <time>2020-12-19T10:31:41Z</time>
      </trkpt>
      <trkpt lat="39.893268" lon="116.646102">
        <time>2020-12-19T10:31:46Z</time>
      </trkpt>
      <trkpt lat="39.89315" lon="116.646049">
        <time>2020-12-19T10:31:51Z</time>
      </trkpt>
      <trkpt lat="39.893009" lon="116.646003">
        <time>2020-12-19T10:31:56Z</time>
      </trkpt>
      <trkpt lat="39.892852" lon="116.64598">
        <time>2020-12-19T10:32:01Z</time>
      </trkpt>
      <trkpt lat="39.892707" lon="116.645965">
        <time>2020-12-19T10:32:06Z</time>
      </trkpt>
      <trkpt lat="39.892593" lon="116.645919">
        <time>2020-12-19T10:32:11Z</time>
      </trkpt>
      <trkpt lat="39.892494" lon="116.645866">
        <time>2020-12-19T10:32:16Z</time>
      </trkpt>
      <trkpt lat="39.892391" lon="116.645805">
        <time>2020-12-19T10:32:21Z</time>
      </trkpt>
      <trkpt lat="39.892272" lon="116.645736">
        <time>2020-12-19T10:32:26Z</time>
      </trkpt>
      <trkpt lat="39.892139" lon="116.645698">
        <time>2020-12-19T10:32:31Z</time>
      </trkpt>
      <trkpt lat="39.892005" lon="116.645652">
        <time>2020-12-19T10:32:36Z</time>
      </trkpt>
      <trkpt lat="39.891891" lon="116.645591">
        <time>2020-12-19T10:32:41Z</time>
      </trkpt>
      <trkpt lat="39.891803" lon="116.645523">
        <time>2020-12-19T10:32:46Z</time>
      </trkpt>
      <trkpt lat="39.891735" lon="116.645484">
        <time>2020-12-19T10:32:51Z</time>
      </trkpt>
      <trkpt lat="39.89167" lon="116.645416">
        <time>2020-12-19T10:32:56Z</time>
      </trkpt>
      <trkpt lat="39.891613" lon="116.645378">
        <time>2020-12-19T10:33:01Z</time>
      </trkpt>
      <trkpt lat="39.891624" lon="116.645378">
        <time>2020-12-19T10:33:06Z</time>
      </trkpt>
      <trkpt lat="39.891708" lon="116.645431">
        <time>2020-12-19T10:33:11Z</time>
      </trkpt>
      <trkpt lat="39.891803" lon="116.645507">
        <time>2020-12-19T10:33:16Z</time>
      </trkpt>
      <trkpt lat="39.891921" lon="116.645568">
        <time>2020-12-19T10:33:21Z</time>
      </trkpt>
      <trkpt lat="39.892044" lon="116.645606">
        <time>2020-12-19T10:33:26Z</time>
      </trkpt>
      <trkpt lat="39.892158" lon="116.645652">
        <time>2020-12-19T10:33:31Z</time>
      </trkpt>
      <trkpt lat="39.892288" lon="116.645698">
        <time>2020-12-19T10:33:36Z</time>
      </trkpt>
      <trkpt lat="39.892429" lon="116.645736">
        <time>2020-12-19T10:33:41Z</time>
      </trkpt>
      <trkpt lat="39.892559" lon="116.645805">
        <time>2020-12-19T10:33:46Z</time>
      </trkpt>
      <trkpt lat="39.892673" lon="116.645858">
        <time>2020-12-19T10:33:51Z</time>
      </trkpt>
      <trkpt lat="39.892784" lon="116.645896">
        <time>2020-12-19T10:33:56Z</time>
      </trkpt>
      <trkpt lat="39.892894" lon="116.645927">
        <time>2020-12-19T10:34:01Z</time>
      </trkpt>
      <trkpt lat="39.893009" lon="116.64598">
        <time>2020-12-19T10:34:06Z</time>
      </trkpt>
      <trkpt lat="39.893115" lon="116.646034">
        <time>2020-12-19T10:34:11Z</time>
      </trkpt>
      <trkpt lat="39.89323" lon="116.64611">
        <time>2020-12-19T10:34:16Z</time>
      </trkpt>
      <trkpt lat="39.89336" lon="116.646186">
        <time>2020-12-19T10:34:21Z</time>
      </trkpt>
      <trkpt lat="39.893489" lon="116.646286">
        <time>2020-12-19T10:34:26Z</time>
      </trkpt>
      <trkpt lat="39.893604" lon="116.646354">
        <time>2020-12-19T10:34:31Z</time>
      </trkpt>
      <trkpt lat="39.893699" lon="116.646377">
        <time>2020-12-19T10:34:36Z</time>
      </trkpt>
      <trkpt lat="39.893779" lon="116.646293">
        <time>2020-12-19T10:34:41Z</time>
      </trkpt>
      <trkpt lat="39.89384" lon="116.646156">
        <time>2020-12-19T10:34:46Z</time>
      </trkpt>
      <trkpt lat="39.893924" lon="116.646026">
        <time>2020-12-19T10:34:51Z</time>
      </trkpt>
      <trkpt lat="39.894035" lon="116.645973">
        <time>2020-12-19T10:34:56Z</time>
      </trkpt>
      <trkpt lat="39.894165" lon="116.645996">
        <time>2020-12-19T10:35:01Z</time>
      </trkpt>
      <trkpt lat="39.894302" lon="116.646034">
        <time>2020-12-19T10:35:06Z</time>
      </trkpt>
      <trkpt lat="39.894439" lon="116.64608">
        <time>2020-12-19T10:35:11Z</time>
      </trkpt>
      <trkpt lat="39.894557" lon="116.646125">
        <time>2020-12-19T10:35:16Z</time>
      </trkpt>
      <trkpt lat="39.894672" lon="116.646179">
        <time>2020-12-19T10:35:21Z</time>
      </trkpt>
      <trkpt lat="39.89479" lon="116.646217">
        <time>2020-12-19T10:35:26Z</time>
      </trkpt>
      <trkpt lat="39.894905" lon="116.64627">
        <time>2020-12-19T10:35:31Z</time>
      </trkpt>
      <trkpt lat="39.895019" lon="116.646324">
        <time>2020-12-19T10:35:36Z</time>
      </trkpt>
      <trkpt lat="39.895126" lon="116.646377">
        <time>2020-12-19T10:35:41Z</time>
      </trkpt>
      <trkpt lat="39.895221" lon="116.64643">
        <time>2020-12-19T10:35:46Z</time>
      </trkpt>
      <trkpt lat="39.895324" lon="116.646499">
        <time>2020-12-19T10:35:51Z</time>
      </trkpt>
      <trkpt lat="39.895439" lon="116.646553">
        <time>2020-12-19T10:35:56Z</time>
      </trkpt>
      <trkpt lat="39.895545" lon="116.646583">
        <time>2020-12-19T10:36:01Z</time>
      </trkpt>
      <trkpt lat="39.895648" lon="116.646606">
        <time>2020-12-19T10:36:06Z</time>
      </trkpt>
      <trkpt lat="39.895748" lon="116.646644">
        <time>2020-12-19T10:36:11Z</time>
      </trkpt>
      <trkpt lat="39.895824" lon="116.646697">
        <time>2020-12-19T10:36:16Z</time>
      </trkpt>
      <trkpt lat="39.895889" lon="116.646751">
        <time>2020-12-19T10:36:21Z</time>
      </trkpt>
      <trkpt lat="39.895969" lon="116.646781">
        <time>2020-12-19T10:36:26Z</time>
      </trkpt>
      <trkpt lat="39.896038" lon="116.646728">
        <time>2020-12-19T10:36:31Z</time>
      </trkpt>
      <trkpt lat="39.896076" lon="116.646614">
        <time>2020-12-19T10:36:36Z</time>
      </trkpt>
      <trkpt lat="39.896091" lon="116.646461">
        <time>2020-12-19T10:36:41Z</time>
      </trkpt>
      <trkpt lat="39.896091" lon="116.646316">
        <time>2020-12-19T10:36:46Z</time>
      </trkpt>
      <trkpt lat="39.896095" lon="116.646156">
        <time>2020-12-19T10:36:51Z</time>
      </trkpt>
      <trkpt lat="39.896114" lon="116.645996">
        <time>2020-12-19T10:36:56Z</time>
      </trkpt>
      <trkpt lat="39.896129" lon="116.645858">
        <time>2020-12-19T10:37:01Z</time>
      </trkpt>
      <trkpt lat="39.896129" lon="116.645736">
        <time>2020-12-19T10:37:06Z</time>
      </trkpt>
      <trkpt lat="39.896141" lon="116.645645">
        <time>2020-12-19T10:37:11Z</time>
      </trkpt>
      <trkpt lat="39.89616" lon="116.645515">
        <time>2020-12-19T10:37:16Z</time>
      </trkpt>
      <trkpt lat="39.896175" lon="116.645362">
        <time>2020-12-19T10:37:21Z</time>
      </trkpt>
      <trkpt lat="39.896194" lon="116.645217">
        <time>2020-12-19T10:37:26Z</time>
      </trkpt>
      <trkpt lat="39.896209" lon="116.645065">
        <time>2020-12-19T10:37:31Z</time>
      </trkpt>
      <trkpt lat="39.896224" lon="116.644927">
        <time>2020-12-19T10:37:36Z</time>
      </trkpt>
      <trkpt lat="39.896232" lon="116.644813">
        <time>2020-12-19T10:37:41Z</time>
      </trkpt>
      <trkpt lat="39.896232" lon="116.644714">
        <time>2020-12-19T10:37:46Z</time>
      </trkpt>
      <trkpt lat="39.896224" lon="116.644615">
        <time>2020-12-19T10:37:51Z</time>
      </trkpt>
      <trkpt lat="39.896217" lon="116.6445">
        <time>2020-12-19T10:37:56Z</time>
      </trkpt>
      <trkpt lat="39.896205" lon="116.644355">
        <time>2020-12-19T10:38:01Z</time>
      </trkpt>
      <trkpt lat="39.896194" lon="116.644203">
        <time>2020-12-19T10:38:06Z</time>
      </trkpt>
      <trkpt lat="39.89619" lon="116.644065">
        <time>2020-12-19T10:38:11Z</time>
      </trkpt>
      <trkpt lat="39.89619" lon="116.643913">
        <time>2020-12-19T10:38:16Z</time>
      </trkpt>
      <trkpt lat="39.89619" lon="116.643753">
        <time>2020-12-19T10:38:21Z</time>
      </trkpt>
      <trkpt lat="39.89619" lon="116.643608">
        <time>2020-12-19T10:38:26Z</time>
      </trkpt>
      <trkpt lat="39.89619" lon="116.643455">
        <time>2020-12-19T10:38:31Z</time>
      </trkpt>
      <trkpt lat="39.89619" lon="116.643318">
        <time>2020-12-19T10:38:36Z</time>
      </trkpt>
      <trkpt lat="39.896198" lon="116.643165">
        <time>2020-12-19T10:38:41Z</time>
      </trkpt>
      <trkpt lat="39.896202" lon="116.642997">
        <time>2020-12-19T10:38:46Z</time>
      </trkpt>
      <trkpt lat="39.896205" lon="116.642837">
        <time>2020-12-19T10:38:51Z</time>
      </trkpt>
      <trkpt lat="39.896209" lon="116.642684">
        <time>2020-12-19T10:38:56Z</time>
      </trkpt>
      <trkpt lat="39.896221" lon="116.642524">
        <time>2020-12-19T10:39:01Z</time>
      </trkpt>
      <trkpt lat="39.896228" lon="116.642379">
        <time>2020-12-19T10:39:06Z</time>
      </trkpt>
      <trkpt lat="39.896232" lon="116.642242">
        <time>2020-12-19T10:39:11Z</time>
      </trkpt>
      <trkpt lat="39.896228" lon="116.642112">
        <time>2020-12-19T10:39:16Z</time>
      </trkpt>
      <trkpt lat="39.896224" lon="116.642005">
        <time>2020-12-19T10:39:21Z</time>
      </trkpt>
      <trkpt lat="39.896224" lon="116.641876">
        <time>2020-12-19T10:39:26Z</time>
      </trkpt>
      <trkpt lat="39.896224" lon="116.641731">
        <time>2020-12-19T10:39:31Z</time>
      </trkpt>
      <trkpt lat="39.896228" lon="116.641571">
        <time>2020-12-19T10:39:36Z</time>
      </trkpt>
      <trkpt lat="39.896228" lon="116.641418">
        <time>2020-12-19T10:39:41Z</time>
      </trkpt>
      <trkpt lat="39.896236" lon="116.641265">
        <time>2020-12-19T10:39:46Z</time>
      </trkpt>
      <trkpt lat="39.896244" lon="116.641128">
        <time>2020-12-19T10:39:51Z</time>
      </trkpt>
      <trkpt lat="39.896255" lon="116.641014">
        <time>2020-12-19T10:39:56Z</time>
      </trkpt>
      <trkpt lat="39.89627" lon="116.640907">
        <time>2020-12-19T10:40:01Z</time>
      </trkpt>
      <trkpt lat="39.89627" lon="116.640792">
        <time>2020-12-19T10:40:06Z</time>
      </trkpt>
      <trkpt lat="39.896263" lon="116.640647">
        <time>2020-12-19T10:40:11Z</time>
      </trkpt>
      <trkpt lat="39.896263" lon="116.64048">
        <time>2020-12-19T10:40:16Z</time>
      </trkpt>
      <trkpt lat="39.896274" lon="116.640312">
        <time>2020-12-19T10:40:21Z</time>
      </trkpt>
      <trkpt lat="39.896282" lon="116.640151">
        <time>2020-12-19T10:40:26Z</time>
      </trkpt>
      <trkpt lat="39.896282" lon="116.640007">
        <time>2020-12-19T10:40:31Z</time>
      </trkpt>
      <trkpt lat="39.896274" lon="116.639869">
        <time>2020-12-19T10:40:36Z</time>
      </trkpt>
      <trkpt lat="39.896266" lon="116.639732">
        <time>2020-12-19T10:40:41Z</time>
      </trkpt>
      <trkpt lat="39.896255" lon="116.639602">
        <time>2020-12-19T10:40:46Z</time>
      </trkpt>
      <trkpt lat="39.896236" lon="116.639427">
        <time>2020-12-19T10:40:51Z</time>
      </trkpt>
      <trkpt lat="39.896236" lon="116.639274">
        <time>2020-12-19T10:40:56Z</time>
      </trkpt>
      <trkpt lat="39.896236" lon="116.639122">
        <time>2020-12-19T10:41:01Z</time>
      </trkpt>
      <trkpt lat="39.896232" lon="116.638961">
        <time>2020-12-19T10:41:06Z</time>
      </trkpt>
      <trkpt lat="39.896224" lon="116.638793">
        <time>2020-12-19T10:41:11Z</time>
      </trkpt>
      <trkpt lat="39.896236" lon="116.638633">
        <time>2020-12-19T10:41:16Z</time>
      </trkpt>
      <trkpt lat="39.896255" lon="116.638504">
        <time>2020-12-19T10:41:21Z</time>
      </trkpt>
      <trkpt lat="39.896255" lon="116.638343">
        <time>2020-12-19T10:41:26Z</time>
      </trkpt>
      <trkpt lat="39.896236" lon="116.638175">
        <time>2020-12-19T10:41:31Z</time>
      </trkpt>
      <trkpt lat="39.896198" lon="116.638015">
        <time>2020-12-19T10:41:36Z</time>
      </trkpt>
      <trkpt lat="39.896156" lon="116.637855">
        <time>2020-12-19T10:41:41Z</time>
      </trkpt>
      <trkpt lat="39.896144" lon="116.637702">
        <time>2020-12-19T10:41:46Z</time>
      </trkpt>
      <trkpt lat="39.896148" lon="116.63758">
        <time>2020-12-19T10:41:51Z</time>
      </trkpt>
      <trkpt lat="39.896144" lon="116.637458">
        <time>2020-12-19T10:41:56Z</time>
      </trkpt>
      <trkpt lat="39.896133" lon="116.637313">
        <time>2020-12-19T10:42:01Z</time>
      </trkpt>
      <trkpt lat="39.896133" lon="116.637161">
        <time>2020-12-19T10:42:06Z</time>
      </trkpt>
      <trkpt lat="39.896129" lon="116.637046">
        <time>2020-12-19T10:42:11Z</time>
      </trkpt>
      <trkpt lat="39.896129" lon="116.63694">
        <time>2020-12-19T10:42:16Z</time>
      </trkpt>
      <trkpt lat="39.896114" lon="116.636833">
        <time>2020-12-19T10:42:21Z</time>
      </trkpt>
      <trkpt lat="39.896118" lon="116.63681">
        <time>2020-12-19T10:42:26Z</time>
      </trkpt>
      <trkpt lat="39.896152" lon="116.636909">
        <time>2020-12-19T10:42:31Z</time>
      </trkpt>
      <trkpt lat="39.896179" lon="116.637054">
        <time>2020-12-19T10:42:36Z</time>
      </trkpt>
      <trkpt lat="39.896194" lon="116.637207">
        <time>2020-12-19T10:42:41Z</time>
      </trkpt>
      <trkpt lat="39.896209" lon="116.637351">
        <time>2020-12-19T10:42:46Z</time>
      </trkpt>
      <trkpt lat="39.896213" lon="116.637504">
        <time>2020-12-19T10:42:51Z</time>
      </trkpt>
      <trkpt lat="39.896217" lon="116.637649">
        <time>2020-12-19T10:42:56Z</time>
      </trkpt>
      <trkpt lat="39.896224" lon="116.637794">
        <time>2020-12-19T10:43:01Z</time>
      </trkpt>
      <trkpt lat="39.89624" lon="116.637908">
        <time>2020-12-19T10:43:06Z</time>
      </trkpt>
      <trkpt lat="39.896236" lon="116.638038">
        <time>2020-12-19T10:43:11Z</time>
      </trkpt>
      <trkpt lat="39.896228" lon="116.638168">
        <time>2020-12-19T10:43:16Z</time>
      </trkpt>
      <trkpt lat="39.896236" lon="116.638313">
        <time>2020-12-19T10:43:21Z</time>
      </trkpt>
      <trkpt lat="39.896251" lon="116.638465">
        <time>2020-12-19T10:43:26Z</time>
      </trkpt>
      <trkpt lat="39.896278" lon="116.63861">
        <time>2020-12-19T10:43:31Z</time>
      </trkpt>
      <trkpt lat="39.896297" lon="116.638763">
        <time>2020-12-19T10:43:36Z</time>
      </trkpt>
      <trkpt lat="39.896324" lon="116.6389">
        <time>2020-12-19T10:43:41Z</time>
      </trkpt>
      <trkpt lat="39.896335" lon="116.63903">
        <time>2020-12-19T10:43:46Z</time>
      </trkpt>
      <trkpt lat="39.896331" lon="116.639137">
        <time>2020-12-19T10:43:51Z</time>
      </trkpt>
      <trkpt lat="39.896324" lon="116.639274">
        <time>2020-12-19T10:43:56Z</time>
      </trkpt>
      <trkpt lat="39.896331" lon="116.639404">
        <time>2020-12-19T10:44:01Z</time>
      </trkpt>
      <trkpt lat="39.896343" lon="116.639495">
        <time>2020-12-19T10:44:06Z</time>
      </trkpt>
      <trkpt lat="39.89635" lon="116.639625">
        <time>2020-12-19T10:44:11Z</time>
      </trkpt>
      <trkpt lat="39.896366" lon="116.639785">
        <time>2020-12-19T10:44:16Z</time>
      </trkpt>
      <trkpt lat="39.896385" lon="116.639938">
        <time>2020-12-19T10:44:21Z</time>
      </trkpt>
      <trkpt lat="39.896392" lon="116.640106">
        <time>2020-12-19T10:44:26Z</time>
      </trkpt>
      <trkpt lat="39.896404" lon="116.640274">
        <time>2020-12-19T10:44:31Z</time>
      </trkpt>
      <trkpt lat="39.8964" lon="116.640457">
        <time>2020-12-19T10:44:36Z</time>
      </trkpt>
      <trkpt lat="39.896392" lon="116.640647">
        <time>2020-12-19T10:44:41Z</time>
      </trkpt>
      <trkpt lat="39.896381" lon="116.640823">
        <time>2020-12-19T10:44:46Z</time>
      </trkpt>
      <trkpt lat="39.896369" lon="116.640968">
        <time>2020-12-19T10:44:51Z</time>
      </trkpt>
      <trkpt lat="39.896377" lon="116.641098">
        <time>2020-12-19T10:44:56Z</time>
      </trkpt>
      <trkpt lat="39.896385" lon="116.64125">
        <time>2020-12-19T10:45:01Z</time>
      </trkpt>
      <trkpt lat="39.896377" lon="116.641395">
        <time>2020-12-19T10:45:06Z</time>
      </trkpt>
      <trkpt lat="39.896366" lon="116.641548">
        <time>2020-12-19T10:45:11Z</time>
      </trkpt>
      <trkpt lat="39.896358" lon="116.641693">
        <time>2020-12-19T10:45:16Z</time>
      </trkpt>
      <trkpt lat="39.896343" lon="116.641838">
        <time>2020-12-19T10:45:21Z</time>
      </trkpt>
      <trkpt lat="39.896316" lon="116.641983">
        <time>2020-12-19T10:45:26Z</time>
      </trkpt>
      <trkpt lat="39.896305" lon="116.642135">
        <time>2020-12-19T10:45:31Z</time>
      </trkpt>
      <trkpt lat="39.896297" lon="116.642257">
        <time>2020-12-19T10:45:36Z</time>
      </trkpt>
      <trkpt lat="39.896274" lon="116.642402">
        <time>2020-12-19T10:45:41Z</time>
      </trkpt>
      <trkpt lat="39.896247" lon="116.642593">
        <time>2020-12-19T10:45:46Z</time>
      </trkpt>
      <trkpt lat="39.896244" lon="116.642776">
        <time>2020-12-19T10:45:51Z</time>
      </trkpt>
      <trkpt lat="39.896255" lon="116.642936">
        <time>2020-12-19T10:45:56Z</time>
      </trkpt>
      <trkpt lat="39.896278" lon="116.643104">
        <time>2020-12-19T10:46:01Z</time>
      </trkpt>
      <trkpt lat="39.896293" lon="116.643264">
        <time>2020-12-19T10:46:06Z</time>
      </trkpt>
      <trkpt lat="39.896286" lon="116.643409">
        <time>2020-12-19T10:46:11Z</time>
      </trkpt>
      <trkpt lat="39.89627" lon="116.643539">
        <time>2020-12-19T10:46:16Z</time>
      </trkpt>
      <trkpt lat="39.896263" lon="116.643669">
        <time>2020-12-19T10:46:21Z</time>
      </trkpt>
      <trkpt lat="39.896255" lon="116.643806">
        <time>2020-12-19T10:46:26Z</time>
      </trkpt>
      <trkpt lat="39.896247" lon="116.643928">
        <time>2020-12-19T10:46:31Z</time>
      </trkpt>
      <trkpt lat="39.896255" lon="116.64405">
        <time>2020-12-19T10:46:36Z</time>
      </trkpt>
      <trkpt lat="39.896293" lon="116.644203">
        <time>2020-12-19T10:46:41Z</time>
      </trkpt>
      <trkpt lat="39.896335" lon="116.644363">
        <time>2020-12-19T10:46:46Z</time>
      </trkpt>
      <trkpt lat="39.896354" lon="116.644508">
        <time>2020-12-19T10:46:51Z</time>
      </trkpt>
      <trkpt lat="39.896366" lon="116.64466">
        <time>2020-12-19T10:46:56Z</time>
      </trkpt>
      <trkpt lat="39.896366" lon="116.644813">
        <time>2020-12-19T10:47:01Z</time>
      </trkpt>
      <trkpt lat="39.896362" lon="116.64495">
        <time>2020-12-19T10:47:06Z</time>
      </trkpt>
      <trkpt lat="39.896358" lon="116.64508">
        <time>2020-12-19T10:47:11Z</time>
      </trkpt>
      <trkpt lat="39.896354" lon="116.645225">
        <time>2020-12-19T10:47:16Z</time>
      </trkpt>
      <trkpt lat="39.896343" lon="116.645378">
        <time>2020-12-19T10:47:21Z</time>
      </trkpt>
      <trkpt lat="39.89632" lon="116.645523">
        <time>2020-12-19T10:47:26Z</time>
      </trkpt>
      <trkpt lat="39.896278" lon="116.645675">
        <time>2020-12-19T10:47:31Z</time>
      </trkpt>
      <trkpt lat="39.896228" lon="116.645835">
        <time>2020-12-19T10:47:36Z</time>
      </trkpt>
      <trkpt lat="39.896186" lon="116.646003">
        <time>2020-12-19T10:47:41Z</time>
      </trkpt>
      <trkpt lat="39.896186" lon="116.646186">
        <time>2020-12-19T10:47:46Z</time>
      </trkpt>
      <trkpt lat="39.896213" lon="116.646354">
        <time>2020-12-19T10:47:51Z</time>
      </trkpt>
      <trkpt lat="39.896205" lon="116.64653">
        <time>2020-12-19T10:47:56Z</time>
      </trkpt>
      <trkpt lat="39.896144" lon="116.646675">
        <time>2020-12-19T10:48:01Z</time>
      </trkpt>
      <trkpt lat="39.89603" lon="116.646759">
        <time>2020-12-19T10:48:06Z</time>
      </trkpt>
      <trkpt lat="39.895858" lon="116.646743">
        <time>2020-12-19T10:48:11Z</time>
      </trkpt>
      <trkpt lat="39.89569" lon="116.646675">
        <time>2020-12-19T10:48:16Z</time>
      </trkpt>
      <trkpt lat="39.895557" lon="116.646614">
        <time>2020-12-19T10:48:21Z</time>
      </trkpt>
      <trkpt lat="39.895454" lon="116.646568">
        <time>2020-12-19T10:48:26Z</time>
      </trkpt>
      <trkpt lat="39.895355" lon="116.646537">
        <time>2020-12-19T10:48:31Z</time>
      </trkpt>
      <trkpt lat="39.895259" lon="116.646499">
        <time>2020-12-19T10:48:36Z</time>
      </trkpt>
      <trkpt lat="39.895164" lon="116.646446">
        <time>2020-12-19T10:48:41Z</time>
      </trkpt>
      <trkpt lat="39.895065" lon="116.646369">
        <time>2020-12-19T10:48:46Z</time>
      </trkpt>
      <trkpt lat="39.894943" lon="116.646301">
        <time>2020-12-19T10:48:51Z</time>
      </trkpt>
      <trkpt lat="39.894813" lon="116.64624">
        <time>2020-12-19T10:48:56Z</time>
      </trkpt>
      <trkpt lat="39.894691" lon="116.646209">
        <time>2020-12-19T10:49:01Z</time>
      </trkpt>
      <trkpt lat="39.894584" lon="116.646179">
        <time>2020-12-19T10:49:06Z</time>
      </trkpt>
      <trkpt lat="39.894481" lon="116.646133">
        <time>2020-12-19T10:49:11Z</time>
      </trkpt>
      <trkpt lat="39.894382" lon="116.64608">
        <time>2020-12-19T10:49:16Z</time>
      </trkpt>
      <trkpt lat="39.894283" lon="116.646026">
        <time>2020-12-19T10:49:21Z</time>
      </trkpt>
      <trkpt lat="39.894168" lon="116.64598">
        <time>2020-12-19T10:49:26Z</time>
      </trkpt>
      <trkpt lat="39.894058" lon="116.645965">
        <time>2020-12-19T10:49:31Z</time>
      </trkpt>
      <trkpt lat="39.893966" lon="116.645973">
        <time>2020-12-19T10:49:36Z</time>
      </trkpt>
      <trkpt lat="39.893905" lon="116.646026">
        <time>2020-12-19T10:49:41Z</time>
      </trkpt>
      <trkpt lat="39.893852" lon="116.646102">
        <time>2020-12-19T10:49:46Z</time>
      </trkpt>
      <trkpt lat="39.893798" lon="116.646179">
        <time>2020-12-19T10:49:51Z</time>
      </trkpt>
      <trkpt lat="39.893749" lon="116.64624">
        <time>2020-12-19T10:49:56Z</time>
      </trkpt>
      <trkpt lat="39.893669" lon="116.646301">
        <time>2020-12-19T10:50:01Z</time>
      </trkpt>
      <trkpt lat="39.893539" lon="116.646339">
        <time>2020-12-19T10:50:06Z</time>
      </trkpt>
      <trkpt lat="39.893409" lon="116.646316">
        <time>2020-12-19T10:50:11Z</time>
      </trkpt>
      <trkpt lat="39.893302" lon="116.646247">
        <time>2020-12-19T10:50:16Z</time>
      </trkpt>
      <trkpt lat="39.893203" lon="116.646186">
        <time>2020-12-19T10:50:21Z</time>
      </trkpt>
      <trkpt lat="39.893096" lon="116.646125">
        <time>2020-12-19T10:50:26Z</time>
      </trkpt>
      <trkpt lat="39.892982" lon="116.64608">
        <time>2020-12-19T10:50:31Z</time>
      </trkpt>
      <trkpt lat="39.892868" lon="116.646026">
        <time>2020-12-19T10:50:36Z</time>
      </trkpt>
      <trkpt lat="39.892757" lon="116.645973">
        <time>2020-12-19T10:50:41Z</time>
      </trkpt>
      <trkpt lat="39.892673" lon="116.645896">
        <time>2020-12-19T10:50:46Z</time>
      </trkpt>
      <trkpt lat="39.892601" lon="116.645843">
        <time>2020-12-19T10:50:51Z</time>
      </trkpt>
      <trkpt lat="39.892517" lon="116.645805">
        <time>2020-12-19T10:50:56Z</time>
      </trkpt>
      <trkpt lat="39.892414" lon="116.645751">
        <time>2020-12-19T10:51:01Z</time>
      </trkpt>
      <trkpt lat="39.892311" lon="116.645698">
        <time>2020-12-19T10:51:06Z</time>
      </trkpt>
      <trkpt lat="39.892204" lon="116.645629">
        <time>2020-12-19T10:51:11Z</time>
      </trkpt>
      <trkpt lat="39.892078" lon="116.645591">
        <time>2020-12-19T10:51:16Z</time>
      </trkpt>
      <trkpt lat="39.891929" lon="116.645576">
        <time>2020-12-19T10:51:21Z</time>
      </trkpt>
      <trkpt lat="39.891777" lon="116.645568">
        <time>2020-12-19T10:51:26Z</time>
      </trkpt>
      <trkpt lat="39.891662" lon="116.645507">
        <time>2020-12-19T10:51:31Z</time>
      </trkpt>
      <trkpt lat="39.891662" lon="116.645439">
        <time>2020-12-19T10:51:36Z</time>
      </trkpt>
      <trkpt lat="39.891754" lon="116.645454">
        <time>2020-12-19T10:51:41Z</time>
      </trkpt>
      <trkpt lat="39.891853" lon="116.645507">
        <time>2020-12-19T10:51:46Z</time>
      </trkpt>
      <trkpt lat="39.891963" lon="116.645545">
        <time>2020-12-19T10:51:51Z</time>
      </trkpt>
      <trkpt lat="39.892078" lon="116.645576">
        <time>2020-12-19T10:51:56Z</time>
      </trkpt>
      <trkpt lat="39.8922" lon="116.645629">
        <time>2020-12-19T10:52:01Z</time>
      </trkpt>
      <trkpt lat="39.892337" lon="116.645698">
        <time>2020-12-19T10:52:06Z</time>
      </trkpt>
      <trkpt lat="39.892459" lon="116.645736">
        <time>2020-12-19T10:52:11Z</time>
      </trkpt>
      <trkpt lat="39.892585" lon="116.64579">
        <time>2020-12-19T10:52:16Z</time>
      </trkpt>
      <trkpt lat="39.892692" lon="116.645835">
        <time>2020-12-19T10:52:21Z</time>
      </trkpt>
      <trkpt lat="39.892761" lon="116.645843">
        <time>2020-12-19T10:52:26Z</time>
      </trkpt>
      <trkpt lat="39.892845" lon="116.645843">
        <time>2020-12-19T10:52:31Z</time>
      </trkpt>
      <trkpt lat="39.892951" lon="116.645866">
        <time>2020-12-19T10:52:36Z</time>
      </trkpt>
      <trkpt lat="39.893066" lon="116.645919">
        <time>2020-12-19T10:52:41Z</time>
      </trkpt>
      <trkpt lat="39.893184" lon="116.64598">
        <time>2020-12-19T10:52:46Z</time>
      </trkpt>
      <trkpt lat="39.89328" lon="116.646057">
        <time>2020-12-19T10:52:51Z</time>
      </trkpt>
      <trkpt lat="39.893375" lon="116.64611">
        <time>2020-12-19T10:52:56Z</time>
      </trkpt>
      <trkpt lat="39.893497" lon="116.646179">
        <time>2020-12-19T10:53:01Z</time>
      </trkpt>
      <trkpt lat="39.89363" lon="116.646247">
        <time>2020-12-19T10:53:06Z</time>
      </trkpt>
      <trkpt lat="39.893749" lon="116.646263">
        <time>2020-12-19T10:53:11Z</time>
      </trkpt>
      <trkpt lat="39.893844" lon="116.646179">
        <time>2020-12-19T10:53:16Z</time>
      </trkpt>
      <trkpt lat="39.893924" lon="116.646049">
        <time>2020-12-19T10:53:21Z</time>
      </trkpt>
      <trkpt lat="39.894012" lon="116.645927">
        <time>2020-12-19T10:53:26Z</time>
      </trkpt>
      <trkpt lat="39.894107" lon="116.645896">
        <time>2020-12-19T10:53:31Z</time>
      </trkpt>
      <trkpt lat="39.894195" lon="116.64595">
        <time>2020-12-19T10:53:36Z</time>
      </trkpt>
      <trkpt lat="39.894302" lon="116.646003">
        <time>2020-12-19T10:53:41Z</time>
      </trkpt>
      <trkpt lat="39.894443" lon="116.646049">
        <time>2020-12-19T10:53:46Z</time>
      </trkpt>
      <trkpt lat="39.894592" lon="116.646102">
        <time>2020-12-19T10:53:51Z</time>
      </trkpt>
      <trkpt lat="39.89471" lon="116.646179">
        <time>2020-12-19T10:53:56Z</time>
      </trkpt>
      <trkpt lat="39.894824" lon="116.646247">
        <time>2020-12-19T10:54:01Z</time>
      </trkpt>
      <trkpt lat="39.89495" lon="116.646301">
        <time>2020-12-19T10:54:06Z</time>
      </trkpt>
      <trkpt lat="39.895088" lon="116.646354">
        <time>2020-12-19T10:54:11Z</time>
      </trkpt>
      <trkpt lat="39.895206" lon="116.6464">
        <time>2020-12-19T10:54:16Z</time>
      </trkpt>
      <trkpt lat="39.895313" lon="116.64643">
        <time>2020-12-19T10:54:21Z</time>
      </trkpt>
      <trkpt lat="39.895435" lon="116.646461">
        <time>2020-12-19T10:54:26Z</time>
      </trkpt>
      <trkpt lat="39.895549" lon="116.646514">
        <time>2020-12-19T10:54:31Z</time>
      </trkpt>
      <trkpt lat="39.895645" lon="116.646568">
        <time>2020-12-19T10:54:36Z</time>
      </trkpt>
      <trkpt lat="39.895751" lon="116.646636">
        <time>2020-12-19T10:54:41Z</time>
      </trkpt>
      <trkpt lat="39.895854" lon="116.64669">
        <time>2020-12-19T10:54:46Z</time>
      </trkpt>
      <trkpt lat="39.89595" lon="116.64672">
        <time>2020-12-19T10:54:51Z</time>
      </trkpt>
      <trkpt lat="39.89603" lon="116.646705">
        <time>2020-12-19T10:54:56Z</time>
      </trkpt>
      <trkpt lat="39.896087" lon="116.646675">
        <time>2020-12-19T10:55:01Z</time>
      </trkpt>
      <trkpt lat="39.896118" lon="116.646614">
        <time>2020-12-19T10:55:06Z</time>
      </trkpt>
      <trkpt lat="39.896129" lon="116.646507">
        <time>2020-12-19T10:55:11Z</time>
      </trkpt>
      <trkpt lat="39.896137" lon="116.646377">
        <time>2020-12-19T10:55:16Z</time>
      </trkpt>
      <trkpt lat="39.896144" lon="116.64624">
        <time>2020-12-19T10:55:21Z</time>
      </trkpt>
      <trkpt lat="39.896152" lon="116.64608">
        <time>2020-12-19T10:55:26Z</time>
      </trkpt>
      <trkpt lat="39.896156" lon="116.645927">
        <time>2020-12-19T10:55:31Z</time>
      </trkpt>
      <trkpt lat="39.896163" lon="116.645767">
        <time>2020-12-19T10:55:36Z</time>
      </trkpt>
      <trkpt lat="39.896183" lon="116.645599">
        <time>2020-12-19T10:55:41Z</time>
      </trkpt>
      <trkpt lat="39.896202" lon="116.645439">
        <time>2020-12-19T10:55:46Z</time>
      </trkpt>
      <trkpt lat="39.896221" lon="116.645278">
        <time>2020-12-19T10:55:51Z</time>
      </trkpt>
      <trkpt lat="39.89624" lon="116.645141">
        <time>2020-12-19T10:55:56Z</time>
      </trkpt>
      <trkpt lat="39.896236" lon="116.645004">
        <time>2020-12-19T10:56:01Z</time>
      </trkpt>
      <trkpt lat="39.896232" lon="116.644828">
        <time>2020-12-19T10:56:06Z</time>
      </trkpt>
      <trkpt lat="39.896244" lon="116.644691">
        <time>2020-12-19T10:56:11Z</time>
      </trkpt>
      <trkpt lat="39.896263" lon="116.644546">
        <time>2020-12-19T10:56:16Z</time>
      </trkpt>
      <trkpt lat="39.89627" lon="116.644401">
        <time>2020-12-19T10:56:21Z</time>
      </trkpt>
      <trkpt lat="39.89627" lon="116.644279">
        <time>2020-12-19T10:56:26Z</time>
      </trkpt>
      <trkpt lat="39.896266" lon="116.644119">
        <time>2020-12-19T10:56:31Z</time>
      </trkpt>
      <trkpt lat="39.89627" lon="116.643928">
        <time>2020-12-19T10:56:36Z</time>
      </trkpt>
      <trkpt lat="39.896289" lon="116.643745">
        <time>2020-12-19T10:56:41Z</time>
      </trkpt>
      <trkpt lat="39.896305" lon="116.643592">
        <time>2020-12-19T10:56:46Z</time>
      </trkpt>
      <trkpt lat="39.896305" lon="116.643447">
        <time>2020-12-19T10:56:51Z</time>
      </trkpt>
      <trkpt lat="39.896297" lon="116.643295">
        <time>2020-12-19T10:56:56Z</time>
      </trkpt>
      <trkpt lat="39.896282" lon="116.64315">
        <time>2020-12-19T10:57:01Z</time>
      </trkpt>
      <trkpt lat="39.89627" lon="116.643005">
        <time>2020-12-19T10:57:06Z</time>
      </trkpt>
      <trkpt lat="39.896266" lon="116.642845">
        <time>2020-12-19T10:57:11Z</time>
      </trkpt>
      <trkpt lat="39.896255" lon="116.6427">
        <time>2020-12-19T10:57:16Z</time>
      </trkpt>
      <trkpt lat="39.896251" lon="116.642539">
        <time>2020-12-19T10:57:21Z</time>
      </trkpt>
      <trkpt lat="39.89627" lon="116.642379">
        <time>2020-12-19T10:57:26Z</time>
      </trkpt>
      <trkpt lat="39.896297" lon="116.642227">
        <time>2020-12-19T10:57:31Z</time>
      </trkpt>
      <trkpt lat="39.896308" lon="116.642089">
        <time>2020-12-19T10:57:36Z</time>
      </trkpt>
      <trkpt lat="39.896301" lon="116.641983">
        <time>2020-12-19T10:57:41Z</time>
      </trkpt>
      <trkpt lat="39.896282" lon="116.641891">
        <time>2020-12-19T10:57:46Z</time>
      </trkpt>
      <trkpt lat="39.89627" lon="116.641784">
        <time>2020-12-19T10:57:51Z</time>
      </trkpt>
      <trkpt lat="39.89627" lon="116.641677">
        <time>2020-12-19T10:57:56Z</time>
      </trkpt>
      <trkpt lat="39.896278" lon="116.641555">
        <time>2020-12-19T10:58:01Z</time>
      </trkpt>
      <trkpt lat="39.896293" lon="116.641426">
        <time>2020-12-19T10:58:06Z</time>
      </trkpt>
      <trkpt lat="39.896308" lon="116.641304">
        <time>2020-12-19T10:58:11Z</time>
      </trkpt>
      <trkpt lat="39.896327" lon="116.641174">
        <time>2020-12-19T10:58:16Z</time>
      </trkpt>
      <trkpt lat="39.896339" lon="116.641036">
        <time>2020-12-19T10:58:21Z</time>
      </trkpt>
      <trkpt lat="39.896343" lon="116.640899">
        <time>2020-12-19T10:58:26Z</time>
      </trkpt>
      <trkpt lat="39.896335" lon="116.640754">
        <time>2020-12-19T10:58:31Z</time>
      </trkpt>
      <trkpt lat="39.896308" lon="116.640609">
        <time>2020-12-19T10:58:36Z</time>
      </trkpt>
      <trkpt lat="39.896286" lon="116.640426">
        <time>2020-12-19T10:58:41Z</time>
      </trkpt>
      <trkpt lat="39.896274" lon="116.640213">
        <time>2020-12-19T10:58:46Z</time>
      </trkpt>
      <trkpt lat="39.896259" lon="116.640022">
        <time>2020-12-19T10:58:51Z</time>
      </trkpt>
      <trkpt lat="39.896244" lon="116.639862">
        <time>2020-12-19T10:58:56Z</time>
      </trkpt>
      <trkpt lat="39.89624" lon="116.639701">
        <time>2020-12-19T10:59:01Z</time>
      </trkpt>
      <trkpt lat="39.896236" lon="116.639541">
        <time>2020-12-19T10:59:06Z</time>
      </trkpt>
      <trkpt lat="39.896236" lon="116.639373">
        <time>2020-12-19T10:59:11Z</time>
      </trkpt>
      <trkpt lat="39.896236" lon="116.639198">
        <time>2020-12-19T10:59:16Z</time>
      </trkpt>
      <trkpt lat="39.896236" lon="116.639038">
        <time>2020-12-19T10:59:21Z</time>
      </trkpt>
      <trkpt lat="39.896236" lon="116.6389">
        <time>2020-12-19T10:59:26Z</time>
      </trkpt>
      <trkpt lat="39.896236" lon="116.638763">
        <time>2020-12-19T10:59:31Z</time>
      </trkpt>
      <trkpt lat="39.896224" lon="116.63861">
        <time>2020-12-19T10:59:36Z</time>
      </trkpt>
      <trkpt lat="39.896221" lon="116.63845">
        <time>2020-12-19T10:59:41Z</time>
      </trkpt>
      <trkpt lat="39.896213" lon="116.638313">
        <time>2020-12-19T10:59:46Z</time>
      </trkpt>
      <trkpt lat="39.896198" lon="116.638198">
        <time>2020-12-19T10:59:51Z</time>
      </trkpt>
      <trkpt lat="39.89619" lon="116.638092">
        <time>2020-12-19T10:59:56Z</time>
      </trkpt>
      <trkpt lat="39.896186" lon="116.637985">
        <time>2020-12-19T11:00:01Z</time>
      </trkpt>
      <trkpt lat="39.896183" lon="116.637886">
        <time>2020-12-19T11:00:06Z</time>
      </trkpt>
      <trkpt lat="39.896186" lon="116.637771">
        <time>2020-12-19T11:00:11Z</time>
      </trkpt>
      <trkpt lat="39.89619" lon="116.637664">
        <time>2020-12-19T11:00:16Z</time>
      </trkpt>
      <trkpt lat="39.896198" lon="116.637527">
        <time>2020-12-19T11:00:21Z</time>
      </trkpt>
      <trkpt lat="39.896205" lon="116.637374">
        <time>2020-12-19T11:00:26Z</time>
      </trkpt>
      <trkpt lat="39.896198" lon="116.637214">
        <time>2020-12-19T11:00:31Z</time>
      </trkpt>
      <trkpt lat="39.896171" lon="116.637069">
        <time>2020-12-19T11:00:36Z</time>
      </trkpt>
      <trkpt lat="39.896133" lon="116.636924">
        <time>2020-12-19T11:00:41Z</time>
      </trkpt>
      <trkpt lat="39.896133" lon="116.636924">
        <time>2020-12-19T11:00:46Z</time>
      </trkpt>
      <trkpt lat="39.896171" lon="116.637054">
        <time>2020-12-19T11:00:51Z</time>
      </trkpt>
      <trkpt lat="39.896198" lon="116.637237">
        <time>2020-12-19T11:00:56Z</time>
      </trkpt>
      <trkpt lat="39.896213" lon="116.63742">
        <time>2020-12-19T11:01:01Z</time>
      </trkpt>
      <trkpt lat="39.896232" lon="116.637588">
        <time>2020-12-19T11:01:06Z</time>
      </trkpt>
      <trkpt lat="39.896247" lon="116.637779">
        <time>2020-12-19T11:01:11Z</time>
      </trkpt>
      <trkpt lat="39.896263" lon="116.637992">
        <time>2020-12-19T11:01:16Z</time>
      </trkpt>
      <trkpt lat="39.896286" lon="116.638183">
        <time>2020-12-19T11:01:21Z</time>
      </trkpt>
      <trkpt lat="39.896312" lon="116.638366">
        <time>2020-12-19T11:01:26Z</time>
      </trkpt>
      <trkpt lat="39.896316" lon="116.638542">
        <time>2020-12-19T11:01:31Z</time>
      </trkpt>
      <trkpt lat="39.896305" lon="116.638702">
        <time>2020-12-19T11:01:36Z</time>
      </trkpt>
      <trkpt lat="39.896305" lon="116.638839">
        <time>2020-12-19T11:01:41Z</time>
      </trkpt>
      <trkpt lat="39.896297" lon="116.638954">
        <time>2020-12-19T11:01:46Z</time>
      </trkpt>
      <trkpt lat="39.896286" lon="116.63906">
        <time>2020-12-19T11:01:51Z</time>
      </trkpt>
      <trkpt lat="39.89627" lon="116.63916">
        <time>2020-12-19T11:01:56Z</time>
      </trkpt>
      <trkpt lat="39.896259" lon="116.639251">
        <time>2020-12-19T11:02:01Z</time>
      </trkpt>
      <trkpt lat="39.89627" lon="116.639358">
        <time>2020-12-19T11:02:06Z</time>
      </trkpt>
      <trkpt lat="39.896297" lon="116.639495">
        <time>2020-12-19T11:02:11Z</time>
      </trkpt>
      <trkpt lat="39.896305" lon="116.639648">
        <time>2020-12-19T11:02:16Z</time>
      </trkpt>
      <trkpt lat="39.896327" lon="116.639808">
        <time>2020-12-19T11:02:21Z</time>
      </trkpt>
      <trkpt lat="39.896362" lon="116.639976">
        <time>2020-12-19T11:02:26Z</time>
      </trkpt>
      <trkpt lat="39.896362" lon="116.640167">
        <time>2020-12-19T11:02:31Z</time>
      </trkpt>
      <trkpt lat="39.896331" lon="116.64038">
        <time>2020-12-19T11:02:36Z</time>
      </trkpt>
      <trkpt lat="39.896297" lon="116.640579">
        <time>2020-12-19T11:02:41Z</time>
      </trkpt>
      <trkpt lat="39.896274" lon="116.640754">
        <time>2020-12-19T11:02:46Z</time>
      </trkpt>
      <trkpt lat="39.89627" lon="116.640899">
        <time>2020-12-19T11:02:51Z</time>
      </trkpt>
      <trkpt lat="39.896274" lon="116.641006">
        <time>2020-12-19T11:02:56Z</time>
      </trkpt>
      <trkpt lat="39.896263" lon="116.641128">
        <time>2020-12-19T11:03:01Z</time>
      </trkpt>
      <trkpt lat="39.896247" lon="116.641265">
        <time>2020-12-19T11:03:06Z</time>
      </trkpt>
      <trkpt lat="39.89624" lon="116.641395">
        <time>2020-12-19T11:03:11Z</time>
      </trkpt>
      <trkpt lat="39.896251" lon="116.641525">
        <time>2020-12-19T11:03:16Z</time>
      </trkpt>
      <trkpt lat="39.896278" lon="116.641677">
        <time>2020-12-19T11:03:21Z</time>
      </trkpt>
      <trkpt lat="39.896297" lon="116.641815">
        <time>2020-12-19T11:03:26Z</time>
      </trkpt>
      <trkpt lat="39.896289" lon="116.641952">
        <time>2020-12-19T11:03:31Z</time>
      </trkpt>
      <trkpt lat="39.896278" lon="116.642089">
        <time>2020-12-19T11:03:36Z</time>
      </trkpt>
      <trkpt lat="39.896289" lon="116.642242">
        <time>2020-12-19T11:03:41Z</time>
      </trkpt>
      <trkpt lat="39.896312" lon="116.642387">
        <time>2020-12-19T11:03:46Z</time>
      </trkpt>
      <trkpt lat="39.896327" lon="116.642539">
        <time>2020-12-19T11:03:51Z</time>
      </trkpt>
      <trkpt lat="39.896331" lon="116.642684">
        <time>2020-12-19T11:03:56Z</time>
      </trkpt>
      <trkpt lat="39.896324" lon="116.642837">
        <time>2020-12-19T11:04:01Z</time>
      </trkpt>
      <trkpt lat="39.896293" lon="116.64299">
        <time>2020-12-19T11:04:06Z</time>
      </trkpt>
      <trkpt lat="39.89627" lon="116.643157">
        <time>2020-12-19T11:04:11Z</time>
      </trkpt>
      <trkpt lat="39.896263" lon="116.643325">
        <time>2020-12-19T11:04:16Z</time>
      </trkpt>
      <trkpt lat="39.89627" lon="116.643478">
        <time>2020-12-19T11:04:21Z</time>
      </trkpt>
      <trkpt lat="39.896282" lon="116.643608">
        <time>2020-12-19T11:04:26Z</time>
      </trkpt>
      <trkpt lat="39.896278" lon="116.64373">
        <time>2020-12-19T11:04:31Z</time>
      </trkpt>
      <trkpt lat="39.896244" lon="116.643875">
        <time>2020-12-19T11:04:36Z</time>
      </trkpt>
      <trkpt lat="39.896202" lon="116.644012">
        <time>2020-12-19T11:04:41Z</time>
      </trkpt>
      <trkpt lat="39.896205" lon="116.644172">
        <time>2020-12-19T11:04:46Z</time>
      </trkpt>
      <trkpt lat="39.896247" lon="116.644317">
        <time>2020-12-19T11:04:51Z</time>
      </trkpt>
      <trkpt lat="39.896289" lon="116.64447">
        <time>2020-12-19T11:04:56Z</time>
      </trkpt>
      <trkpt lat="39.896293" lon="116.644607">
        <time>2020-12-19T11:05:01Z</time>
      </trkpt>
      <trkpt lat="39.89627" lon="116.644744">
        <time>2020-12-19T11:05:06Z</time>
      </trkpt>
      <trkpt lat="39.896255" lon="116.644874">
        <time>2020-12-19T11:05:11Z</time>
      </trkpt>
      <trkpt lat="39.89627" lon="116.645011">
        <time>2020-12-19T11:05:16Z</time>
      </trkpt>
      <trkpt lat="39.896305" lon="116.645164">
        <time>2020-12-19T11:05:21Z</time>
      </trkpt>
      <trkpt lat="39.896308" lon="116.645309">
        <time>2020-12-19T11:05:26Z</time>
      </trkpt>
      <trkpt lat="39.896289" lon="116.645462">
        <time>2020-12-19T11:05:31Z</time>
      </trkpt>
      <trkpt lat="39.896247" lon="116.645606">
        <time>2020-12-19T11:05:36Z</time>
      </trkpt>
      <trkpt lat="39.89619" lon="116.645751">
        <time>2020-12-19T11:05:41Z</time>
      </trkpt>
      <trkpt lat="39.89616" lon="116.645874">
        <time>2020-12-19T11:05:46Z</time>
      </trkpt>
      <trkpt lat="39.89616" lon="116.646026">
        <time>2020-12-19T11:05:51Z</time>
      </trkpt>
      <trkpt lat="39.896141" lon="116.646186">
        <time>2020-12-19T11:05:56Z</time>
      </trkpt>
      <trkpt lat="39.896121" lon="116.646339">
        <time>2020-12-19T11:06:01Z</time>
      </trkpt>
      <trkpt lat="39.896137" lon="116.646507">
        <time>2020-12-19T11:06:06Z</time>
      </trkpt>
      <trkpt lat="39.896148" lon="116.646652">
        <time>2020-12-19T11:06:11Z</time>
      </trkpt>
      <trkpt lat="39.896095" lon="116.646751">
        <time>2020-12-19T11:06:16Z</time>
      </trkpt>
      <trkpt lat="39.895988" lon="116.646759">
        <time>2020-12-19T11:06:21Z</time>
      </trkpt>
      <trkpt lat="39.895877" lon="116.646751">
        <time>2020-12-19T11:06:26Z</time>
      </trkpt>
      <trkpt lat="39.895778" lon="116.64672">
        <time>2020-12-19T11:06:31Z</time>
      </trkpt>
      <trkpt lat="39.89569" lon="116.64669">
        <time>2020-12-19T11:06:36Z</time>
      </trkpt>
      <trkpt lat="39.895595" lon="116.646644">
        <time>2020-12-19T11:06:41Z</time>
      </trkpt>
      <trkpt lat="39.895492" lon="116.646591">
        <time>2020-12-19T11:06:46Z</time>
      </trkpt>
      <trkpt lat="39.895393" lon="116.64656">
        <time>2020-12-19T11:06:51Z</time>
      </trkpt>
      <trkpt lat="39.895294" lon="116.646514">
        <time>2020-12-19T11:06:56Z</time>
      </trkpt>
      <trkpt lat="39.895198" lon="116.646461">
        <time>2020-12-19T11:07:01Z</time>
      </trkpt>
      <trkpt lat="39.895111" lon="116.6464">
        <time>2020-12-19T11:07:06Z</time>
      </trkpt>
      <trkpt lat="39.894992" lon="116.646339">
        <time>2020-12-19T11:07:11Z</time>
      </trkpt>
      <trkpt lat="39.894863" lon="116.646293">
        <time>2020-12-19T11:07:16Z</time>
      </trkpt>
      <trkpt lat="39.894737" lon="116.646232">
        <time>2020-12-19T11:07:21Z</time>
      </trkpt>
      <trkpt lat="39.894603" lon="116.646156">
        <time>2020-12-19T11:07:26Z</time>
      </trkpt>
      <trkpt lat="39.894443" lon="116.64608">
        <time>2020-12-19T11:07:31Z</time>
      </trkpt>
      <trkpt lat="39.89429" lon="116.64608">
        <time>2020-12-19T11:07:36Z</time>
      </trkpt>
      <trkpt lat="39.894168" lon="116.646072">
        <time>2020-12-19T11:07:41Z</time>
      </trkpt>
      <trkpt lat="39.894062" lon="116.646034">
        <time>2020-12-19T11:07:46Z</time>
      </trkpt>
      <trkpt lat="39.893966" lon="116.646018">
        <time>2020-12-19T11:07:51Z</time>
      </trkpt>
      <trkpt lat="39.893905" lon="116.646049">
        <time>2020-12-19T11:07:56Z</time>
      </trkpt>
      <trkpt lat="39.893867" lon="116.646133">
        <time>2020-12-19T11:08:01Z</time>
      </trkpt>
      <trkpt lat="39.893779" lon="116.64624">
        <time>2020-12-19T11:08:06Z</time>
      </trkpt>
      <trkpt lat="39.893646" lon="116.646293">
        <time>2020-12-19T11:08:11Z</time>
      </trkpt>
      <trkpt lat="39.893508" lon="116.646286">
        <time>2020-12-19T11:08:16Z</time>
      </trkpt>
      <trkpt lat="39.893398" lon="116.64624">
        <time>2020-12-19T11:08:21Z</time>
      </trkpt>
      <trkpt lat="39.893268" lon="116.646209">
        <time>2020-12-19T11:08:26Z</time>
      </trkpt>
      <trkpt lat="39.893123" lon="116.646194">
        <time>2020-12-19T11:08:31Z</time>
      </trkpt>
      <trkpt lat="39.89299" lon="116.646156">
        <time>2020-12-19T11:08:36Z</time>
      </trkpt>
      <trkpt lat="39.89286" lon="116.646125">
        <time>2020-12-19T11:08:41Z</time>
      </trkpt>
      <trkpt lat="39.892726" lon="116.646087">
        <time>2020-12-19T11:08:46Z</time>
      </trkpt>
      <trkpt lat="39.89262" lon="116.646034">
        <time>2020-12-19T11:08:51Z</time>
      </trkpt>
      <trkpt lat="39.892517" lon="116.645942">
        <time>2020-12-19T11:08:56Z</time>
      </trkpt>
      <trkpt lat="39.892395" lon="116.645866">
        <time>2020-12-19T11:09:01Z</time>
      </trkpt>
      <trkpt lat="39.892261" lon="116.645805">
        <time>2020-12-19T11:09:06Z</time>
      </trkpt>
      <trkpt lat="39.892139" lon="116.645751">
        <time>2020-12-19T11:09:11Z</time>
      </trkpt>
      <trkpt lat="39.892024" lon="116.645698">
        <time>2020-12-19T11:09:16Z</time>
      </trkpt>
      <trkpt lat="39.891914" lon="116.645629">
        <time>2020-12-19T11:09:21Z</time>
      </trkpt>
      <trkpt lat="39.891803" lon="116.645576">
        <time>2020-12-19T11:09:26Z</time>
      </trkpt>
      <trkpt lat="39.891674" lon="116.645507">
        <time>2020-12-19T11:09:31Z</time>
      </trkpt>
      <trkpt lat="39.891609" lon="116.645454">
        <time>2020-12-19T11:09:36Z</time>
      </trkpt>
      <trkpt lat="39.891647" lon="116.645469">
        <time>2020-12-19T11:09:41Z</time>
      </trkpt>
      <trkpt lat="39.891723" lon="116.645507">
        <time>2020-12-19T11:09:46Z</time>
      </trkpt>
      <trkpt lat="39.891796" lon="116.645523">
        <time>2020-12-19T11:09:51Z</time>
      </trkpt>
      <trkpt lat="39.891872" lon="116.645553">
        <time>2020-12-19T11:09:56Z</time>
      </trkpt>
      <trkpt lat="39.891956" lon="116.645591">
        <time>2020-12-19T11:10:01Z</time>
      </trkpt>
      <trkpt lat="39.892024" lon="116.645622">
        <time>2020-12-19T11:10:06Z</time>
      </trkpt>
      <trkpt lat="39.892097" lon="116.645645">
        <time>2020-12-19T11:10:11Z</time>
      </trkpt>
      <trkpt lat="39.892181" lon="116.645675">
        <time>2020-12-19T11:10:16Z</time>
      </trkpt>
      <trkpt lat="39.892292" lon="116.645706">
        <time>2020-12-19T11:10:21Z</time>
      </trkpt>
      <trkpt lat="39.892391" lon="116.645751">
        <time>2020-12-19T11:10:26Z</time>
      </trkpt>
      <trkpt lat="39.892486" lon="116.645805">
        <time>2020-12-19T11:10:31Z</time>
      </trkpt>
      <trkpt lat="39.892597" lon="116.645866">
        <time>2020-12-19T11:10:36Z</time>
      </trkpt>
      <trkpt lat="39.892723" lon="116.645896">
        <time>2020-12-19T11:10:41Z</time>
      </trkpt>
      <trkpt lat="39.892868" lon="116.645912">
        <time>2020-12-19T11:10:46Z</time>
      </trkpt>
      <trkpt lat="39.893028" lon="116.645919">
        <time>2020-12-19T11:10:51Z</time>
      </trkpt>
      <trkpt lat="39.893188" lon="116.64595">
        <time>2020-12-19T11:10:56Z</time>
      </trkpt>
      <trkpt lat="39.893333" lon="116.646026">
        <time>2020-12-19T11:11:01Z</time>
      </trkpt>
      <trkpt lat="39.893455" lon="116.646102">
        <time>2020-12-19T11:11:06Z</time>
      </trkpt>
      <trkpt lat="39.893577" lon="116.646186">
        <time>2020-12-19T11:11:11Z</time>
      </trkpt>
      <trkpt lat="39.893684" lon="116.64627">
        <time>2020-12-19T11:11:16Z</time>
      </trkpt>
      <trkpt lat="39.893775" lon="116.646293">
        <time>2020-12-19T11:11:21Z</time>
      </trkpt>
      <trkpt lat="39.893852" lon="116.646232">
        <time>2020-12-19T11:11:26Z</time>
      </trkpt>
      <trkpt lat="39.893909" lon="116.646133">
        <time>2020-12-19T11:11:31Z</time>
      </trkpt>
      <trkpt lat="39.89397" lon="116.646018">
        <time>2020-12-19T11:11:36Z</time>
      </trkpt>
      <trkpt lat="39.894039" lon="116.645927">
        <time>2020-12-19T11:11:41Z</time>
      </trkpt>
      <trkpt lat="39.8941" lon="116.64595">
        <time>2020-12-19T11:11:46Z</time>
      </trkpt>
      <trkpt lat="39.89418" lon="116.646018">
        <time>2020-12-19T11:11:51Z</time>
      </trkpt>
      <trkpt lat="39.894306" lon="116.646057">
        <time>2020-12-19T11:11:56Z</time>
      </trkpt>
      <trkpt lat="39.894432" lon="116.64611">
        <time>2020-12-19T11:12:01Z</time>
      </trkpt>
      <trkpt lat="39.894542" lon="116.646163">
        <time>2020-12-19T11:12:06Z</time>
      </trkpt>
      <trkpt lat="39.89466" lon="116.646217">
        <time>2020-12-19T11:12:11Z</time>
      </trkpt>
      <trkpt lat="39.894786" lon="116.646263">
        <time>2020-12-19T11:12:16Z</time>
      </trkpt>
      <trkpt lat="39.894905" lon="116.646316">
        <time>2020-12-19T11:12:21Z</time>
      </trkpt>
      <trkpt lat="39.89503" lon="116.646377">
        <time>2020-12-19T11:12:26Z</time>
      </trkpt>
      <trkpt lat="39.895156" lon="116.646446">
        <time>2020-12-19T11:12:31Z</time>
      </trkpt>
      <trkpt lat="39.895271" lon="116.646476">
        <time>2020-12-19T11:12:36Z</time>
      </trkpt>
      <trkpt lat="39.895404" lon="116.646507">
        <time>2020-12-19T11:12:41Z</time>
      </trkpt>
      <trkpt lat="39.8955" lon="116.646514">
        <time>2020-12-19T11:12:46Z</time>
      </trkpt>
      <trkpt lat="39.89558" lon="116.646553">
        <time>2020-12-19T11:12:51Z</time>
      </trkpt>
      <trkpt lat="39.895648" lon="116.646583">
        <time>2020-12-19T11:12:56Z</time>
      </trkpt>
      <trkpt lat="39.895706" lon="116.646614">
        <time>2020-12-19T11:13:01Z</time>
      </trkpt>
      <trkpt lat="39.895771" lon="116.646652">
        <time>2020-12-19T11:13:06Z</time>
      </trkpt>
      <trkpt lat="39.895839" lon="116.646697">
        <time>2020-12-19T11:13:11Z</time>
      </trkpt>
      <trkpt lat="39.895908" lon="116.646751">
        <time>2020-12-19T11:13:16Z</time>
      </trkpt>
      <trkpt lat="39.895969" lon="116.646781">
        <time>2020-12-19T11:13:21Z</time>
      </trkpt>
      <trkpt lat="39.896041" lon="116.646797">
        <time>2020-12-19T11:13:26Z</time>
      </trkpt>
      <trkpt lat="39.896095" lon="116.646751">
        <time>2020-12-19T11:13:31Z</time>
      </trkpt>
      <trkpt lat="39.89611" lon="116.646621">
        <time>2020-12-19T11:13:36Z</time>
      </trkpt>
      <trkpt lat="39.896091" lon="116.646476">
        <time>2020-12-19T11:13:41Z</time>
      </trkpt>
      <trkpt lat="39.896087" lon="116.646301">
        <time>2020-12-19T11:13:46Z</time>
      </trkpt>
      <trkpt lat="39.896102" lon="116.646133">
        <time>2020-12-19T11:13:51Z</time>
      </trkpt>
      <trkpt lat="39.896106" lon="116.645965">
        <time>2020-12-19T11:13:56Z</time>
      </trkpt>
      <trkpt lat="39.896102" lon="116.645812">
        <time>2020-12-19T11:14:01Z</time>
      </trkpt>
      <trkpt lat="39.896102" lon="116.645675">
        <time>2020-12-19T11:14:06Z</time>
      </trkpt>
      <trkpt lat="39.896121" lon="116.645523">
        <time>2020-12-19T11:14:11Z</time>
      </trkpt>
      <trkpt lat="39.896148" lon="116.645378">
        <time>2020-12-19T11:14:16Z</time>
      </trkpt>
      <trkpt lat="39.896163" lon="116.645225">
        <time>2020-12-19T11:14:21Z</time>
      </trkpt>
      <trkpt lat="39.89619" lon="116.645057">
        <time>2020-12-19T11:14:26Z</time>
      </trkpt>
      <trkpt lat="39.896224" lon="116.644882">
        <time>2020-12-19T11:14:31Z</time>
      </trkpt>
      <trkpt lat="39.896251" lon="116.644721">
        <time>2020-12-19T11:14:36Z</time>
      </trkpt>
      <trkpt lat="39.896255" lon="116.644554">
        <time>2020-12-19T11:14:41Z</time>
      </trkpt>
      <trkpt lat="39.896263" lon="116.644386">
        <time>2020-12-19T11:14:46Z</time>
      </trkpt>
      <trkpt lat="39.896251" lon="116.644226">
        <time>2020-12-19T11:14:51Z</time>
      </trkpt>
      <trkpt lat="39.896236" lon="116.644096">
        <time>2020-12-19T11:14:56Z</time>
      </trkpt>
      <trkpt lat="39.896221" lon="116.643936">
        <time>2020-12-19T11:15:01Z</time>
      </trkpt>
      <trkpt lat="39.896228" lon="116.643768">
        <time>2020-12-19T11:15:06Z</time>
      </trkpt>
      <trkpt lat="39.896236" lon="116.643585">
        <time>2020-12-19T11:15:11Z</time>
      </trkpt>
      <trkpt lat="39.89624" lon="116.643409">
        <time>2020-12-19T11:15:16Z</time>
      </trkpt>
      <trkpt lat="39.896244" lon="116.643257">
        <time>2020-12-19T11:15:21Z</time>
      </trkpt>
      <trkpt lat="39.896244" lon="116.643104">
        <time>2020-12-19T11:15:26Z</time>
      </trkpt>
      <trkpt lat="39.896251" lon="116.642936">
        <time>2020-12-19T11:15:31Z</time>
      </trkpt>
      <trkpt lat="39.89627" lon="116.642784">
        <time>2020-12-19T11:15:36Z</time>
      </trkpt>
      <trkpt lat="39.896278" lon="116.642646">
        <time>2020-12-19T11:15:41Z</time>
      </trkpt>
      <trkpt lat="39.89627" lon="116.642547">
        <time>2020-12-19T11:15:46Z</time>
      </trkpt>
      <trkpt lat="39.89627" lon="116.64244">
        <time>2020-12-19T11:15:51Z</time>
      </trkpt>
      <trkpt lat="39.89627" lon="116.642326">
        <time>2020-12-19T11:15:56Z</time>
      </trkpt>
      <trkpt lat="39.896263" lon="116.642219">
        <time>2020-12-19T11:16:01Z</time>
      </trkpt>
      <trkpt lat="39.896263" lon="116.642089">
        <time>2020-12-19T11:16:06Z</time>
      </trkpt>
      <trkpt lat="39.89627" lon="116.641983">
        <time>2020-12-19T11:16:11Z</time>
      </trkpt>
      <trkpt lat="39.896286" lon="116.641876">
        <time>2020-12-19T11:16:16Z</time>
      </trkpt>
      <trkpt lat="39.896293" lon="116.641784">
        <time>2020-12-19T11:16:21Z</time>
      </trkpt>
      <trkpt lat="39.896282" lon="116.641693">
        <time>2020-12-19T11:16:26Z</time>
      </trkpt>
      <trkpt lat="39.89627" lon="116.641578">
        <time>2020-12-19T11:16:31Z</time>
      </trkpt>
      <trkpt lat="39.896266" lon="116.641448">
        <time>2020-12-19T11:16:36Z</time>
      </trkpt>
      <trkpt lat="39.89627" lon="116.641281">
        <time>2020-12-19T11:16:41Z</time>
      </trkpt>
      <trkpt lat="39.896282" lon="116.64112">
        <time>2020-12-19T11:16:46Z</time>
      </trkpt>
      <trkpt lat="39.896301" lon="116.640968">
        <time>2020-12-19T11:16:51Z</time>
      </trkpt>
      <trkpt lat="39.896312" lon="116.640808">
        <time>2020-12-19T11:16:56Z</time>
      </trkpt>
      <trkpt lat="39.896305" lon="116.640686">
        <time>2020-12-19T11:17:01Z</time>
      </trkpt>
      <trkpt lat="39.896297" lon="116.640502">
        <time>2020-12-19T11:17:06Z</time>
      </trkpt>
      <trkpt lat="39.896293" lon="116.640327">
        <time>2020-12-19T11:17:11Z</time>
      </trkpt>
      <trkpt lat="39.896286" lon="116.640159">
        <time>2020-12-19T11:17:16Z</time>
      </trkpt>
      <trkpt lat="39.896278" lon="116.640029">
        <time>2020-12-19T11:17:21Z</time>
      </trkpt>
      <trkpt lat="39.896263" lon="116.639945">
        <time>2020-12-19T11:17:26Z</time>
      </trkpt>
      <trkpt lat="39.89624" lon="116.639869">
        <time>2020-12-19T11:17:31Z</time>
      </trkpt>
      <trkpt lat="39.89624" lon="116.639778">
        <time>2020-12-19T11:17:36Z</time>
      </trkpt>
      <trkpt lat="39.896236" lon="116.639656">
        <time>2020-12-19T11:17:41Z</time>
      </trkpt>
      <trkpt lat="39.896236" lon="116.639533">
        <time>2020-12-19T11:17:46Z</time>
      </trkpt>
      <trkpt lat="39.896236" lon="116.639389">
        <time>2020-12-19T11:17:51Z</time>
      </trkpt>
      <trkpt lat="39.896224" lon="116.639251">
        <time>2020-12-19T11:17:56Z</time>
      </trkpt>
      <trkpt lat="39.896198" lon="116.639106">
        <time>2020-12-19T11:18:01Z</time>
      </trkpt>
      <trkpt lat="39.896171" lon="116.638946">
        <time>2020-12-19T11:18:06Z</time>
      </trkpt>
      <trkpt lat="39.896156" lon="116.638771">
        <time>2020-12-19T11:18:11Z</time>
      </trkpt>
      <trkpt lat="39.896137" lon="116.638626">
        <time>2020-12-19T11:18:16Z</time>
      </trkpt>
      <trkpt lat="39.896133" lon="116.638473">
        <time>2020-12-19T11:18:21Z</time>
      </trkpt>
      <trkpt lat="39.896144" lon="116.638313">
        <time>2020-12-19T11:18:26Z</time>
      </trkpt>
      <trkpt lat="39.896167" lon="116.638145">
        <time>2020-12-19T11:18:31Z</time>
      </trkpt>
      <trkpt lat="39.896171" lon="116.637985">
        <time>2020-12-19T11:18:36Z</time>
      </trkpt>
      <trkpt lat="39.896167" lon="116.637825">
        <time>2020-12-19T11:18:41Z</time>
      </trkpt>
      <trkpt lat="39.896171" lon="116.637672">
        <time>2020-12-19T11:18:46Z</time>
      </trkpt>
      <trkpt lat="39.896183" lon="116.637512">
        <time>2020-12-19T11:18:51Z</time>
      </trkpt>
      <trkpt lat="39.89619" lon="116.637336">
        <time>2020-12-19T11:18:56Z</time>
      </trkpt>
      <trkpt lat="39.896179" lon="116.637161">
        <time>2020-12-19T11:19:01Z</time>
      </trkpt>
      <trkpt lat="39.896156" lon="116.637001">
        <time>2020-12-19T11:19:06Z</time>
      </trkpt>
      <trkpt lat="39.89611" lon="116.636871">
        <time>2020-12-19T11:19:11Z</time>
      </trkpt>
      <trkpt lat="39.896041" lon="116.636779">
        <time>2020-12-19T11:19:16Z</time>
      </trkpt>
      <trkpt lat="39.895965" lon="116.63668">
        <time>2020-12-19T11:19:21Z</time>
      </trkpt>
      <trkpt lat="39.895957" lon="116.636566">
        <time>2020-12-19T11:19:26Z</time>
      </trkpt>
      <trkpt lat="39.896022" lon="116.636459">
        <time>2020-12-19T11:19:31Z</time>
      </trkpt>
      <trkpt lat="39.896102" lon="116.636383">
        <time>2020-12-19T11:19:36Z</time>
      </trkpt>
      <trkpt lat="39.896171" lon="116.636322">
        <time>2020-12-19T11:19:41Z</time>
      </trkpt>
      <trkpt lat="39.896228" lon="116.636268">
        <time>2020-12-19T11:19:46Z</time>
      </trkpt>
      <trkpt lat="39.896343" lon="116.636146">
        <time>2020-12-19T11:19:51Z</time>
      </trkpt>
      <trkpt lat="39.896499" lon="116.636009">
        <time>2020-12-19T11:19:56Z</time>
      </trkpt>
      <trkpt lat="39.896621" lon="116.635932">
        <time>2020-12-19T11:20:01Z</time>
      </trkpt>
      <trkpt lat="39.896705" lon="116.635879">
        <time>2020-12-19T11:20:06Z</time>
      </trkpt>
      <trkpt lat="39.896785" lon="116.635818">
        <time>2020-12-19T11:20:11Z</time>
      </trkpt>
      <trkpt lat="39.896862" lon="116.635757">
        <time>2020-12-19T11:20:16Z</time>
      </trkpt>
      <trkpt lat="39.896934" lon="116.635704">
        <time>2020-12-19T11:20:21Z</time>
      </trkpt>
      <trkpt lat="39.897018" lon="116.635665">
        <time>2020-12-19T11:20:26Z</time>
      </trkpt>
      <trkpt lat="39.897106" lon="116.635635">
        <time>2020-12-19T11:20:31Z</time>
      </trkpt>
      <trkpt lat="39.897182" lon="116.635597">
        <time>2020-12-19T11:20:36Z</time>
      </trkpt>
      <trkpt lat="39.897258" lon="116.635543">
        <time>2020-12-19T11:20:41Z</time>
      </trkpt>
      <trkpt lat="39.897342" lon="116.635498">
        <time>2020-12-19T11:20:46Z</time>
      </trkpt>
      <trkpt lat="39.897422" lon="116.635452">
        <time>2020-12-19T11:20:51Z</time>
      </trkpt>
      <trkpt lat="39.897499" lon="116.635414">
        <time>2020-12-19T11:20:56Z</time>
      </trkpt>
      <trkpt lat="39.897567" lon="116.635353">
        <time>2020-12-19T11:21:01Z</time>
      </trkpt>
      <trkpt lat="39.897636" lon="116.635299">
        <time>2020-12-19T11:21:06Z</time>
      </trkpt>
      <trkpt lat="39.897701" lon="116.635253">
        <time>2020-12-19T11:21:11Z</time>
      </trkpt>
      <trkpt lat="39.897773" lon="116.635192">
        <time>2020-12-19T11:21:16Z</time>
      </trkpt>
      <trkpt lat="39.897842" lon="116.635124">
        <time>2020-12-19T11:21:21Z</time>
      </trkpt>
      <trkpt lat="39.897911" lon="116.635086">
        <time>2020-12-19T11:21:26Z</time>
      </trkpt>
      <trkpt lat="39.897975" lon="116.635047">
        <time>2020-12-19T11:21:31Z</time>
      </trkpt>
      <trkpt lat="39.898036" lon="116.635009">
        <time>2020-12-19T11:21:36Z</time>
      </trkpt>
      <trkpt lat="39.898097" lon="116.634902">
        <time>2020-12-19T11:21:41Z</time>
      </trkpt>
      <trkpt lat="39.898143" lon="116.63478">
        <time>2020-12-19T11:21:46Z</time>
      </trkpt>
      <trkpt lat="39.898147" lon="116.634674">
        <time>2020-12-19T11:21:51Z</time>
      </trkpt>
      <trkpt lat="39.898132" lon="116.634582">
        <time>2020-12-19T11:21:56Z</time>
      </trkpt>
      <trkpt lat="39.898086" lon="116.634506">
        <time>2020-12-19T11:22:01Z</time>
      </trkpt>
      <trkpt lat="39.898021" lon="116.634452">
        <time>2020-12-19T11:22:06Z</time>
      </trkpt>
      <trkpt lat="39.897964" lon="116.634399">
        <time>2020-12-19T11:22:11Z</time>
      </trkpt>
      <trkpt lat="39.897903" lon="116.634338">
        <time>2020-12-19T11:22:16Z</time>
      </trkpt>
      <trkpt lat="39.89785" lon="116.634262">
        <time>2020-12-19T11:22:21Z</time>
      </trkpt>
      <trkpt lat="39.897811" lon="116.634185">
        <time>2020-12-19T11:22:26Z</time>
      </trkpt>
      <trkpt lat="39.897766" lon="116.634109">
        <time>2020-12-19T11:22:31Z</time>
      </trkpt>
      <trkpt lat="39.897716" lon="116.634048">
        <time>2020-12-19T11:22:36Z</time>
      </trkpt>
      <trkpt lat="39.89767" lon="116.633972">
        <time>2020-12-19T11:22:41Z</time>
      </trkpt>
      <trkpt lat="39.897632" lon="116.633895">
        <time>2020-12-19T11:22:46Z</time>
      </trkpt>
      <trkpt lat="39.897571" lon="116.633842">
        <time>2020-12-19T11:22:51Z</time>
      </trkpt>
      <trkpt lat="39.897495" lon="116.633827">
        <time>2020-12-19T11:22:56Z</time>
      </trkpt>
      <trkpt lat="39.897422" lon="116.633827">
        <time>2020-12-19T11:23:01Z</time>
      </trkpt>
      <trkpt lat="39.897377" lon="116.633865">
        <time>2020-12-19T11:23:06Z</time>
      </trkpt>
      <trkpt lat="39.897361" lon="116.633941">
        <time>2020-12-19T11:23:11Z</time>
      </trkpt>
      <trkpt lat="39.897369" lon="116.634002">
        <time>2020-12-19T11:30:37Z</time>
      </trkpt>
    </trkseg>
  </trk>
</gpx>