<?xml version="1.0" encoding="UTF-8"?>
<gpx xmlns="http://www.topografix.com/GPX/1/1" xmlns:gpxtpx="http://www.garmin.com/xmlschemas/TrackPointExtension/v1" xmlns:xsi="http://www.w3.org/2001/XMLSchema-instance" xsi:schemaLocation="http://www.topografix.com/GPX/1/1 http://www.topografix.com/GPX/1/1/gpx.xsd" version="1.1" creator="gpx.py -- https://github.com/tkrajina/gpxpy">
  <trk>
    <name>gpx from keep</name>
    <trkseg>
      <trkpt lat="39.897422" lon="116.634001">
        <time>2021-01-24T09:43:30Z</time>
      </trkpt>
      <trkpt lat="39.897422" lon="116.634001">
        <time>2021-01-24T09:43:35Z</time>
      </trkpt>
      <trkpt lat="39.897381" lon="116.633937">
        <time>2021-01-24T09:43:40Z</time>
      </trkpt>
      <trkpt lat="39.897369" lon="116.633901">
        <time>2021-01-24T09:43:45Z</time>
      </trkpt>
      <trkpt lat="39.897381" lon="116.633797">
        <time>2021-01-24T09:43:50Z</time>
      </trkpt>
      <trkpt lat="39.897436" lon="116.633742">
        <time>2021-01-24T09:43:55Z</time>
      </trkpt>
      <trkpt lat="39.897482" lon="116.633702">
        <time>2021-01-24T09:44:00Z</time>
      </trkpt>
      <trkpt lat="39.897589" lon="116.633757">
        <time>2021-01-24T09:44:05Z</time>
      </trkpt>
      <trkpt lat="39.897668" lon="116.633852">
        <time>2021-01-24T09:44:10Z</time>
      </trkpt>
      <trkpt lat="39.897742" lon="116.633982">
        <time>2021-01-24T09:44:15Z</time>
      </trkpt>
      <trkpt lat="39.897837" lon="116.634151">
        <time>2021-01-24T09:44:20Z</time>
      </trkpt>
      <trkpt lat="39.897912" lon="116.634233">
        <time>2021-01-24T09:44:25Z</time>
      </trkpt>
      <trkpt lat="39.897984" lon="116.634356">
        <time>2021-01-24T09:44:30Z</time>
      </trkpt>
      <trkpt lat="39.898031" lon="116.634513">
        <time>2021-01-24T09:44:35Z</time>
      </trkpt>
      <trkpt lat="39.89808" lon="116.634699">
        <time>2021-01-24T09:44:40Z</time>
      </trkpt>
      <trkpt lat="39.898064" lon="116.634745">
        <time>2021-01-24T09:44:45Z</time>
      </trkpt>
      <trkpt lat="39.89805" lon="116.634742">
        <time>2021-01-24T09:44:50Z</time>
      </trkpt>
      <trkpt lat="39.898039" lon="116.63474">
        <time>2021-01-24T09:44:55Z</time>
      </trkpt>
      <trkpt lat="39.898039" lon="116.634739">
        <time>2021-01-24T09:45:00Z</time>
      </trkpt>
      <trkpt lat="39.898043" lon="116.634736">
        <time>2021-01-24T09:45:05Z</time>
      </trkpt>
      <trkpt lat="39.898019" lon="116.6347">
        <time>2021-01-24T09:45:10Z</time>
      </trkpt>
      <trkpt lat="39.898018" lon="116.634674">
        <time>2021-01-24T09:45:15Z</time>
      </trkpt>
      <trkpt lat="39.89802" lon="116.634665">
        <time>2021-01-24T09:45:20Z</time>
      </trkpt>
      <trkpt lat="39.89801" lon="116.634666">
        <time>2021-01-24T09:45:25Z</time>
      </trkpt>
      <trkpt lat="39.898008" lon="116.634651">
        <time>2021-01-24T09:45:30Z</time>
      </trkpt>
      <trkpt lat="39.898005" lon="116.634659">
        <time>2021-01-24T09:45:35Z</time>
      </trkpt>
      <trkpt lat="39.898002" lon="116.634667">
        <time>2021-01-24T09:45:40Z</time>
      </trkpt>
      <trkpt lat="39.897994" lon="116.634684">
        <time>2021-01-24T09:45:45Z</time>
      </trkpt>
      <trkpt lat="39.898011" lon="116.634703">
        <time>2021-01-24T09:45:50Z</time>
      </trkpt>
      <trkpt lat="39.898024" lon="116.634754">
        <time>2021-01-24T09:45:55Z</time>
      </trkpt>
      <trkpt lat="39.898087" lon="116.634864">
        <time>2021-01-24T09:46:00Z</time>
      </trkpt>
      <trkpt lat="39.898135" lon="116.634991">
        <time>2021-01-24T09:46:05Z</time>
      </trkpt>
      <trkpt lat="39.898045" lon="116.635131">
        <time>2021-01-24T09:46:10Z</time>
      </trkpt>
      <trkpt lat="39.897904" lon="116.635201">
        <time>2021-01-24T09:46:15Z</time>
      </trkpt>
      <trkpt lat="39.897794" lon="116.635258">
        <time>2021-01-24T09:46:20Z</time>
      </trkpt>
      <trkpt lat="39.897691" lon="116.635301">
        <time>2021-01-24T09:46:25Z</time>
      </trkpt>
      <trkpt lat="39.897569" lon="116.635363">
        <time>2021-01-24T09:46:30Z</time>
      </trkpt>
      <trkpt lat="39.897454" lon="116.635446">
        <time>2021-01-24T09:46:35Z</time>
      </trkpt>
      <trkpt lat="39.897343" lon="116.635523">
        <time>2021-01-24T09:46:40Z</time>
      </trkpt>
      <trkpt lat="39.89723" lon="116.635582">
        <time>2021-01-24T09:46:45Z</time>
      </trkpt>
      <trkpt lat="39.897126" lon="116.635647">
        <time>2021-01-24T09:46:50Z</time>
      </trkpt>
      <trkpt lat="39.897014" lon="116.635717">
        <time>2021-01-24T09:46:55Z</time>
      </trkpt>
      <trkpt lat="39.896905" lon="116.635796">
        <time>2021-01-24T09:47:00Z</time>
      </trkpt>
      <trkpt lat="39.896799" lon="116.635866">
        <time>2021-01-24T09:47:05Z</time>
      </trkpt>
      <trkpt lat="39.89669" lon="116.635937">
        <time>2021-01-24T09:47:10Z</time>
      </trkpt>
      <trkpt lat="39.896509" lon="116.636058">
        <time>2021-01-24T09:47:15Z</time>
      </trkpt>
      <trkpt lat="39.896469" lon="116.636095">
        <time>2021-01-24T09:47:20Z</time>
      </trkpt>
      <trkpt lat="39.896371" lon="116.636175">
        <time>2021-01-24T09:47:25Z</time>
      </trkpt>
      <trkpt lat="39.896305" lon="116.636167">
        <time>2021-01-24T09:47:30Z</time>
      </trkpt>
      <trkpt lat="39.896224" lon="116.636184">
        <time>2021-01-24T09:47:35Z</time>
      </trkpt>
      <trkpt lat="39.896179" lon="116.636264">
        <time>2021-01-24T09:47:40Z</time>
      </trkpt>
      <trkpt lat="39.896157" lon="116.636336">
        <time>2021-01-24T09:47:45Z</time>
      </trkpt>
      <trkpt lat="39.896115" lon="116.636406">
        <time>2021-01-24T09:47:50Z</time>
      </trkpt>
      <trkpt lat="39.8961" lon="116.636445">
        <time>2021-01-24T09:47:55Z</time>
      </trkpt>
      <trkpt lat="39.896098" lon="116.636435">
        <time>2021-01-24T09:48:00Z</time>
      </trkpt>
      <trkpt lat="39.896099" lon="116.636458">
        <time>2021-01-24T09:48:05Z</time>
      </trkpt>
      <trkpt lat="39.896092" lon="116.636466">
        <time>2021-01-24T09:48:10Z</time>
      </trkpt>
      <trkpt lat="39.896081" lon="116.636477">
        <time>2021-01-24T09:48:15Z</time>
      </trkpt>
      <trkpt lat="39.896085" lon="116.63646">
        <time>2021-01-24T09:48:20Z</time>
      </trkpt>
      <trkpt lat="39.896078" lon="116.636447">
        <time>2021-01-24T09:48:25Z</time>
      </trkpt>
      <trkpt lat="39.896071" lon="116.636434">
        <time>2021-01-24T09:48:30Z</time>
      </trkpt>
      <trkpt lat="39.896064" lon="116.636421">
        <time>2021-01-24T09:48:35Z</time>
      </trkpt>
      <trkpt lat="39.896057" lon="116.636408">
        <time>2021-01-24T09:48:40Z</time>
      </trkpt>
      <trkpt lat="39.896047" lon="116.636409">
        <time>2021-01-24T09:48:45Z</time>
      </trkpt>
      <trkpt lat="39.896037" lon="116.63641">
        <time>2021-01-24T09:48:50Z</time>
      </trkpt>
      <trkpt lat="39.896035" lon="116.636414">
        <time>2021-01-24T09:48:55Z</time>
      </trkpt>
      <trkpt lat="39.896036" lon="116.636405">
        <time>2021-01-24T09:49:00Z</time>
      </trkpt>
      <trkpt lat="39.89605" lon="116.636402">
        <time>2021-01-24T09:49:05Z</time>
      </trkpt>
      <trkpt lat="39.896064" lon="116.636409">
        <time>2021-01-24T09:49:10Z</time>
      </trkpt>
      <trkpt lat="39.896077" lon="116.636423">
        <time>2021-01-24T09:49:15Z</time>
      </trkpt>
      <trkpt lat="39.896083" lon="116.636422">
        <time>2021-01-24T09:49:20Z</time>
      </trkpt>
      <trkpt lat="39.896089" lon="116.636421">
        <time>2021-01-24T09:49:25Z</time>
      </trkpt>
      <trkpt lat="39.896094" lon="116.636441">
        <time>2021-01-24T09:49:30Z</time>
      </trkpt>
      <trkpt lat="39.896107" lon="116.636461">
        <time>2021-01-24T09:49:35Z</time>
      </trkpt>
      <trkpt lat="39.896108" lon="116.636434">
        <time>2021-01-24T09:49:40Z</time>
      </trkpt>
      <trkpt lat="39.896108" lon="116.636424">
        <time>2021-01-24T09:49:45Z</time>
      </trkpt>
      <trkpt lat="39.896099" lon="116.63642">
        <time>2021-01-24T09:49:50Z</time>
      </trkpt>
      <trkpt lat="39.896097" lon="116.636424">
        <time>2021-01-24T09:49:55Z</time>
      </trkpt>
      <trkpt lat="39.896101" lon="116.636421">
        <time>2021-01-24T09:50:00Z</time>
      </trkpt>
      <trkpt lat="39.896105" lon="116.636425">
        <time>2021-01-24T09:50:05Z</time>
      </trkpt>
      <trkpt lat="39.896105" lon="116.636427">
        <time>2021-01-24T09:50:10Z</time>
      </trkpt>
      <trkpt lat="39.896109" lon="116.636416">
        <time>2021-01-24T09:50:15Z</time>
      </trkpt>
      <trkpt lat="39.896108" lon="116.636418">
        <time>2021-01-24T09:50:20Z</time>
      </trkpt>
      <trkpt lat="39.896092" lon="116.636456">
        <time>2021-01-24T09:50:25Z</time>
      </trkpt>
      <trkpt lat="39.896083" lon="116.636478">
        <time>2021-01-24T09:50:30Z</time>
      </trkpt>
      <trkpt lat="39.896068" lon="116.636507">
        <time>2021-01-24T09:50:35Z</time>
      </trkpt>
      <trkpt lat="39.896043" lon="116.636547">
        <time>2021-01-24T09:50:40Z</time>
      </trkpt>
      <trkpt lat="39.896014" lon="116.636586">
        <time>2021-01-24T09:50:45Z</time>
      </trkpt>
      <trkpt lat="39.895977" lon="116.636621">
        <time>2021-01-24T09:50:50Z</time>
      </trkpt>
      <trkpt lat="39.895956" lon="116.636624">
        <time>2021-01-24T09:50:55Z</time>
      </trkpt>
      <trkpt lat="39.895935" lon="116.636664">
        <time>2021-01-24T09:51:00Z</time>
      </trkpt>
      <trkpt lat="39.895939" lon="116.636735">
        <time>2021-01-24T09:51:05Z</time>
      </trkpt>
      <trkpt lat="39.895995" lon="116.636841">
        <time>2021-01-24T09:51:10Z</time>
      </trkpt>
      <trkpt lat="39.896054" lon="116.636977">
        <time>2021-01-24T09:51:15Z</time>
      </trkpt>
      <trkpt lat="39.896072" lon="116.637198">
        <time>2021-01-24T09:51:20Z</time>
      </trkpt>
      <trkpt lat="39.896101" lon="116.63731">
        <time>2021-01-24T09:51:25Z</time>
      </trkpt>
      <trkpt lat="39.896139" lon="116.637448">
        <time>2021-01-24T09:51:30Z</time>
      </trkpt>
      <trkpt lat="39.896159" lon="116.63759">
        <time>2021-01-24T09:51:35Z</time>
      </trkpt>
      <trkpt lat="39.896157" lon="116.637766">
        <time>2021-01-24T09:51:40Z</time>
      </trkpt>
      <trkpt lat="39.896187" lon="116.637902">
        <time>2021-01-24T09:51:45Z</time>
      </trkpt>
      <trkpt lat="39.896204" lon="116.63805">
        <time>2021-01-24T09:51:50Z</time>
      </trkpt>
      <trkpt lat="39.896187" lon="116.638217">
        <time>2021-01-24T09:51:55Z</time>
      </trkpt>
      <trkpt lat="39.896206" lon="116.638338">
        <time>2021-01-24T09:52:00Z</time>
      </trkpt>
      <trkpt lat="39.896221" lon="116.638455">
        <time>2021-01-24T09:52:05Z</time>
      </trkpt>
      <trkpt lat="39.896224" lon="116.638619">
        <time>2021-01-24T09:52:10Z</time>
      </trkpt>
      <trkpt lat="39.896237" lon="116.63878">
        <time>2021-01-24T09:52:15Z</time>
      </trkpt>
      <trkpt lat="39.896261" lon="116.638916">
        <time>2021-01-24T09:52:20Z</time>
      </trkpt>
      <trkpt lat="39.896265" lon="116.639029">
        <time>2021-01-24T09:52:25Z</time>
      </trkpt>
      <trkpt lat="39.896288" lon="116.639159">
        <time>2021-01-24T09:52:30Z</time>
      </trkpt>
      <trkpt lat="39.8963" lon="116.639293">
        <time>2021-01-24T09:52:35Z</time>
      </trkpt>
      <trkpt lat="39.896287" lon="116.639418">
        <time>2021-01-24T09:52:40Z</time>
      </trkpt>
      <trkpt lat="39.896279" lon="116.639567">
        <time>2021-01-24T09:52:45Z</time>
      </trkpt>
      <trkpt lat="39.896285" lon="116.639738">
        <time>2021-01-24T09:52:50Z</time>
      </trkpt>
      <trkpt lat="39.89627" lon="116.639866">
        <time>2021-01-24T09:52:55Z</time>
      </trkpt>
      <trkpt lat="39.896247" lon="116.640016">
        <time>2021-01-24T09:53:00Z</time>
      </trkpt>
      <trkpt lat="39.896243" lon="116.64017">
        <time>2021-01-24T09:53:05Z</time>
      </trkpt>
      <trkpt lat="39.896236" lon="116.640331">
        <time>2021-01-24T09:53:10Z</time>
      </trkpt>
      <trkpt lat="39.896232" lon="116.640466">
        <time>2021-01-24T09:53:15Z</time>
      </trkpt>
      <trkpt lat="39.896219" lon="116.64062">
        <time>2021-01-24T09:53:20Z</time>
      </trkpt>
      <trkpt lat="39.896201" lon="116.640766">
        <time>2021-01-24T09:53:25Z</time>
      </trkpt>
      <trkpt lat="39.896204" lon="116.640913">
        <time>2021-01-24T09:53:30Z</time>
      </trkpt>
      <trkpt lat="39.896218" lon="116.641048">
        <time>2021-01-24T09:53:35Z</time>
      </trkpt>
      <trkpt lat="39.896226" lon="116.641182">
        <time>2021-01-24T09:53:40Z</time>
      </trkpt>
      <trkpt lat="39.896224" lon="116.641315">
        <time>2021-01-24T09:53:45Z</time>
      </trkpt>
      <trkpt lat="39.896225" lon="116.641437">
        <time>2021-01-24T09:53:50Z</time>
      </trkpt>
      <trkpt lat="39.896255" lon="116.641525">
        <time>2021-01-24T09:53:55Z</time>
      </trkpt>
      <trkpt lat="39.896267" lon="116.641634">
        <time>2021-01-24T09:54:00Z</time>
      </trkpt>
      <trkpt lat="39.896255" lon="116.641785">
        <time>2021-01-24T09:54:05Z</time>
      </trkpt>
      <trkpt lat="39.896225" lon="116.642086">
        <time>2021-01-24T09:54:10Z</time>
      </trkpt>
      <trkpt lat="39.896214" lon="116.642194">
        <time>2021-01-24T09:54:15Z</time>
      </trkpt>
      <trkpt lat="39.896195" lon="116.642363">
        <time>2021-01-24T09:54:20Z</time>
      </trkpt>
      <trkpt lat="39.896197" lon="116.642514">
        <time>2021-01-24T09:54:25Z</time>
      </trkpt>
      <trkpt lat="39.896206" lon="116.642661">
        <time>2021-01-24T09:54:30Z</time>
      </trkpt>
      <trkpt lat="39.896222" lon="116.642797">
        <time>2021-01-24T09:54:35Z</time>
      </trkpt>
      <trkpt lat="39.896226" lon="116.642938">
        <time>2021-01-24T09:54:40Z</time>
      </trkpt>
      <trkpt lat="39.896208" lon="116.643114">
        <time>2021-01-24T09:54:45Z</time>
      </trkpt>
      <trkpt lat="39.896202" lon="116.643258">
        <time>2021-01-24T09:54:50Z</time>
      </trkpt>
      <trkpt lat="39.896195" lon="116.643399">
        <time>2021-01-24T09:54:55Z</time>
      </trkpt>
      <trkpt lat="39.896203" lon="116.643529">
        <time>2021-01-24T09:55:00Z</time>
      </trkpt>
      <trkpt lat="39.896216" lon="116.643656">
        <time>2021-01-24T09:55:05Z</time>
      </trkpt>
      <trkpt lat="39.8962" lon="116.643811">
        <time>2021-01-24T09:55:10Z</time>
      </trkpt>
      <trkpt lat="39.896204" lon="116.643949">
        <time>2021-01-24T09:55:15Z</time>
      </trkpt>
      <trkpt lat="39.896216" lon="116.644058">
        <time>2021-01-24T09:55:20Z</time>
      </trkpt>
      <trkpt lat="39.896229" lon="116.644154">
        <time>2021-01-24T09:55:25Z</time>
      </trkpt>
      <trkpt lat="39.896239" lon="116.644256">
        <time>2021-01-24T09:55:30Z</time>
      </trkpt>
      <trkpt lat="39.896233" lon="116.644348">
        <time>2021-01-24T09:55:35Z</time>
      </trkpt>
      <trkpt lat="39.896223" lon="116.644456">
        <time>2021-01-24T09:55:40Z</time>
      </trkpt>
      <trkpt lat="39.896235" lon="116.644562">
        <time>2021-01-24T09:55:45Z</time>
      </trkpt>
      <trkpt lat="39.89623" lon="116.644705">
        <time>2021-01-24T09:55:50Z</time>
      </trkpt>
      <trkpt lat="39.896219" lon="116.644853">
        <time>2021-01-24T09:55:55Z</time>
      </trkpt>
      <trkpt lat="39.896219" lon="116.644971">
        <time>2021-01-24T09:56:00Z</time>
      </trkpt>
      <trkpt lat="39.896211" lon="116.64514">
        <time>2021-01-24T09:56:05Z</time>
      </trkpt>
      <trkpt lat="39.896219" lon="116.645245">
        <time>2021-01-24T09:56:10Z</time>
      </trkpt>
      <trkpt lat="39.896201" lon="116.645391">
        <time>2021-01-24T09:56:15Z</time>
      </trkpt>
      <trkpt lat="39.896155" lon="116.645514">
        <time>2021-01-24T09:56:20Z</time>
      </trkpt>
      <trkpt lat="39.896128" lon="116.645627">
        <time>2021-01-24T09:56:25Z</time>
      </trkpt>
      <trkpt lat="39.896092" lon="116.645773">
        <time>2021-01-24T09:56:30Z</time>
      </trkpt>
      <trkpt lat="39.896072" lon="116.645912">
        <time>2021-01-24T09:56:35Z</time>
      </trkpt>
      <trkpt lat="39.89605" lon="116.646058">
        <time>2021-01-24T09:56:40Z</time>
      </trkpt>
      <trkpt lat="39.896028" lon="116.646218">
        <time>2021-01-24T09:56:45Z</time>
      </trkpt>
      <trkpt lat="39.896027" lon="116.646317">
        <time>2021-01-24T09:56:50Z</time>
      </trkpt>
      <trkpt lat="39.896015" lon="116.646463">
        <time>2021-01-24T09:56:55Z</time>
      </trkpt>
      <trkpt lat="39.895992" lon="116.646636">
        <time>2021-01-24T09:57:00Z</time>
      </trkpt>
      <trkpt lat="39.895984" lon="116.646778">
        <time>2021-01-24T09:57:05Z</time>
      </trkpt>
      <trkpt lat="39.895925" lon="116.646851">
        <time>2021-01-24T09:57:10Z</time>
      </trkpt>
      <trkpt lat="39.89582" lon="116.646797">
        <time>2021-01-24T09:57:15Z</time>
      </trkpt>
      <trkpt lat="39.895715" lon="116.64672">
        <time>2021-01-24T09:57:20Z</time>
      </trkpt>
      <trkpt lat="39.895604" lon="116.646678">
        <time>2021-01-24T09:57:25Z</time>
      </trkpt>
      <trkpt lat="39.895494" lon="116.64663">
        <time>2021-01-24T09:57:30Z</time>
      </trkpt>
      <trkpt lat="39.895384" lon="116.646571">
        <time>2021-01-24T09:57:35Z</time>
      </trkpt>
      <trkpt lat="39.895282" lon="116.646525">
        <time>2021-01-24T09:57:40Z</time>
      </trkpt>
      <trkpt lat="39.895165" lon="116.646476">
        <time>2021-01-24T09:57:45Z</time>
      </trkpt>
      <trkpt lat="39.895057" lon="116.646409">
        <time>2021-01-24T09:57:50Z</time>
      </trkpt>
      <trkpt lat="39.894918" lon="116.646344">
        <time>2021-01-24T09:57:55Z</time>
      </trkpt>
      <trkpt lat="39.894827" lon="116.646309">
        <time>2021-01-24T09:58:00Z</time>
      </trkpt>
      <trkpt lat="39.894712" lon="116.646285">
        <time>2021-01-24T09:58:05Z</time>
      </trkpt>
      <trkpt lat="39.894602" lon="116.646255">
        <time>2021-01-24T09:58:10Z</time>
      </trkpt>
      <trkpt lat="39.894451" lon="116.646164">
        <time>2021-01-24T09:58:15Z</time>
      </trkpt>
      <trkpt lat="39.894412" lon="116.646148">
        <time>2021-01-24T09:58:20Z</time>
      </trkpt>
      <trkpt lat="39.894315" lon="116.646111">
        <time>2021-01-24T09:58:25Z</time>
      </trkpt>
      <trkpt lat="39.894217" lon="116.646085">
        <time>2021-01-24T09:58:30Z</time>
      </trkpt>
      <trkpt lat="39.894183" lon="116.64602">
        <time>2021-01-24T09:58:35Z</time>
      </trkpt>
      <trkpt lat="39.894151" lon="116.64591">
        <time>2021-01-24T09:58:40Z</time>
      </trkpt>
      <trkpt lat="39.894057" lon="116.645846">
        <time>2021-01-24T09:58:45Z</time>
      </trkpt>
      <trkpt lat="39.893929" lon="116.645892">
        <time>2021-01-24T09:58:50Z</time>
      </trkpt>
      <trkpt lat="39.893853" lon="116.646006">
        <time>2021-01-24T09:58:55Z</time>
      </trkpt>
      <trkpt lat="39.893788" lon="116.646125">
        <time>2021-01-24T09:59:00Z</time>
      </trkpt>
      <trkpt lat="39.893724" lon="116.646259">
        <time>2021-01-24T09:59:05Z</time>
      </trkpt>
      <trkpt lat="39.893608" lon="116.646389">
        <time>2021-01-24T09:59:10Z</time>
      </trkpt>
      <trkpt lat="39.893557" lon="116.646376">
        <time>2021-01-24T09:59:15Z</time>
      </trkpt>
      <trkpt lat="39.893401" lon="116.64629">
        <time>2021-01-24T09:59:20Z</time>
      </trkpt>
      <trkpt lat="39.893292" lon="116.646259">
        <time>2021-01-24T09:59:25Z</time>
      </trkpt>
      <trkpt lat="39.893235" lon="116.646229">
        <time>2021-01-24T09:59:30Z</time>
      </trkpt>
      <trkpt lat="39.893137" lon="116.646167">
        <time>2021-01-24T09:59:35Z</time>
      </trkpt>
      <trkpt lat="39.893018" lon="116.646134">
        <time>2021-01-24T09:59:40Z</time>
      </trkpt>
      <trkpt lat="39.892935" lon="116.646065">
        <time>2021-01-24T09:59:45Z</time>
      </trkpt>
      <trkpt lat="39.892837" lon="116.646004">
        <time>2021-01-24T09:59:50Z</time>
      </trkpt>
      <trkpt lat="39.892754" lon="116.645936">
        <time>2021-01-24T09:59:55Z</time>
      </trkpt>
      <trkpt lat="39.892651" lon="116.645893">
        <time>2021-01-24T10:00:00Z</time>
      </trkpt>
      <trkpt lat="39.892551" lon="116.645841">
        <time>2021-01-24T10:00:05Z</time>
      </trkpt>
      <trkpt lat="39.892445" lon="116.645799">
        <time>2021-01-24T10:00:10Z</time>
      </trkpt>
      <trkpt lat="39.892335" lon="116.645748">
        <time>2021-01-24T10:00:15Z</time>
      </trkpt>
      <trkpt lat="39.892229" lon="116.645694">
        <time>2021-01-24T10:00:20Z</time>
      </trkpt>
      <trkpt lat="39.892121" lon="116.645631">
        <time>2021-01-24T10:00:25Z</time>
      </trkpt>
      <trkpt lat="39.892013" lon="116.645584">
        <time>2021-01-24T10:00:30Z</time>
      </trkpt>
      <trkpt lat="39.891896" lon="116.645528">
        <time>2021-01-24T10:00:35Z</time>
      </trkpt>
      <trkpt lat="39.891789" lon="116.645468">
        <time>2021-01-24T10:00:40Z</time>
      </trkpt>
      <trkpt lat="39.891686" lon="116.645411">
        <time>2021-01-24T10:00:45Z</time>
      </trkpt>
      <trkpt lat="39.891586" lon="116.645344">
        <time>2021-01-24T10:00:50Z</time>
      </trkpt>
      <trkpt lat="39.89151" lon="116.64537">
        <time>2021-01-24T10:00:55Z</time>
      </trkpt>
      <trkpt lat="39.891599" lon="116.645427">
        <time>2021-01-24T10:01:00Z</time>
      </trkpt>
      <trkpt lat="39.89175" lon="116.645481">
        <time>2021-01-24T10:01:05Z</time>
      </trkpt>
      <trkpt lat="39.891875" lon="116.645533">
        <time>2021-01-24T10:01:10Z</time>
      </trkpt>
      <trkpt lat="39.891975" lon="116.645547">
        <time>2021-01-24T10:01:15Z</time>
      </trkpt>
      <trkpt lat="39.8921" lon="116.645617">
        <time>2021-01-24T10:01:20Z</time>
      </trkpt>
      <trkpt lat="39.892219" lon="116.645699">
        <time>2021-01-24T10:01:25Z</time>
      </trkpt>
      <trkpt lat="39.892325" lon="116.645769">
        <time>2021-01-24T10:01:30Z</time>
      </trkpt>
      <trkpt lat="39.892444" lon="116.645801">
        <time>2021-01-24T10:01:35Z</time>
      </trkpt>
      <trkpt lat="39.892539" lon="116.645827">
        <time>2021-01-24T10:01:40Z</time>
      </trkpt>
      <trkpt lat="39.892636" lon="116.64586">
        <time>2021-01-24T10:01:45Z</time>
      </trkpt>
      <trkpt lat="39.892742" lon="116.645937">
        <time>2021-01-24T10:01:50Z</time>
      </trkpt>
      <trkpt lat="39.892845" lon="116.646008">
        <time>2021-01-24T10:01:55Z</time>
      </trkpt>
      <trkpt lat="39.89296" lon="116.64606">
        <time>2021-01-24T10:02:00Z</time>
      </trkpt>
      <trkpt lat="39.893072" lon="116.646107">
        <time>2021-01-24T10:02:05Z</time>
      </trkpt>
      <trkpt lat="39.893176" lon="116.646149">
        <time>2021-01-24T10:02:10Z</time>
      </trkpt>
      <trkpt lat="39.893286" lon="116.646177">
        <time>2021-01-24T10:02:15Z</time>
      </trkpt>
      <trkpt lat="39.893418" lon="116.646207">
        <time>2021-01-24T10:02:20Z</time>
      </trkpt>
      <trkpt lat="39.893568" lon="116.646338">
        <time>2021-01-24T10:02:25Z</time>
      </trkpt>
      <trkpt lat="39.893578" lon="116.646351">
        <time>2021-01-24T10:02:30Z</time>
      </trkpt>
      <trkpt lat="39.893679" lon="116.646382">
        <time>2021-01-24T10:02:35Z</time>
      </trkpt>
      <trkpt lat="39.893803" lon="116.646349">
        <time>2021-01-24T10:02:40Z</time>
      </trkpt>
      <trkpt lat="39.893877" lon="116.646226">
        <time>2021-01-24T10:02:45Z</time>
      </trkpt>
      <trkpt lat="39.893927" lon="116.646086">
        <time>2021-01-24T10:02:50Z</time>
      </trkpt>
      <trkpt lat="39.893971" lon="116.646001">
        <time>2021-01-24T10:02:55Z</time>
      </trkpt>
      <trkpt lat="39.89399" lon="116.645936">
        <time>2021-01-24T10:03:00Z</time>
      </trkpt>
      <trkpt lat="39.894061" lon="116.645908">
        <time>2021-01-24T10:03:05Z</time>
      </trkpt>
      <trkpt lat="39.894279" lon="116.646024">
        <time>2021-01-24T10:03:10Z</time>
      </trkpt>
      <trkpt lat="39.894308" lon="116.646032">
        <time>2021-01-24T10:03:15Z</time>
      </trkpt>
      <trkpt lat="39.894436" lon="116.646064">
        <time>2021-01-24T10:03:20Z</time>
      </trkpt>
      <trkpt lat="39.894527" lon="116.646108">
        <time>2021-01-24T10:03:25Z</time>
      </trkpt>
      <trkpt lat="39.894693" lon="116.646225">
        <time>2021-01-24T10:03:30Z</time>
      </trkpt>
      <trkpt lat="39.894742" lon="116.646256">
        <time>2021-01-24T10:03:35Z</time>
      </trkpt>
      <trkpt lat="39.89484" lon="116.646342">
        <time>2021-01-24T10:03:40Z</time>
      </trkpt>
      <trkpt lat="39.8949" lon="116.646353">
        <time>2021-01-24T10:03:45Z</time>
      </trkpt>
      <trkpt lat="39.894942" lon="116.646386">
        <time>2021-01-24T10:03:50Z</time>
      </trkpt>
      <trkpt lat="39.895123" lon="116.64645">
        <time>2021-01-24T10:03:55Z</time>
      </trkpt>
      <trkpt lat="39.895275" lon="116.646496">
        <time>2021-01-24T10:04:00Z</time>
      </trkpt>
      <trkpt lat="39.89544" lon="116.646582">
        <time>2021-01-24T10:04:05Z</time>
      </trkpt>
      <trkpt lat="39.895483" lon="116.646598">
        <time>2021-01-24T10:04:10Z</time>
      </trkpt>
      <trkpt lat="39.895575" lon="116.646648">
        <time>2021-01-24T10:04:15Z</time>
      </trkpt>
      <trkpt lat="39.895654" lon="116.646701">
        <time>2021-01-24T10:04:20Z</time>
      </trkpt>
      <trkpt lat="39.895733" lon="116.646757">
        <time>2021-01-24T10:04:25Z</time>
      </trkpt>
      <trkpt lat="39.895847" lon="116.646827">
        <time>2021-01-24T10:04:30Z</time>
      </trkpt>
      <trkpt lat="39.895927" lon="116.646879">
        <time>2021-01-24T10:04:35Z</time>
      </trkpt>
      <trkpt lat="39.896023" lon="116.646884">
        <time>2021-01-24T10:04:40Z</time>
      </trkpt>
      <trkpt lat="39.896088" lon="116.646779">
        <time>2021-01-24T10:04:45Z</time>
      </trkpt>
      <trkpt lat="39.896094" lon="116.646631">
        <time>2021-01-24T10:04:50Z</time>
      </trkpt>
      <trkpt lat="39.89608" lon="116.646469">
        <time>2021-01-24T10:04:55Z</time>
      </trkpt>
      <trkpt lat="39.896066" lon="116.646306">
        <time>2021-01-24T10:05:00Z</time>
      </trkpt>
      <trkpt lat="39.896077" lon="116.646162">
        <time>2021-01-24T10:05:05Z</time>
      </trkpt>
      <trkpt lat="39.89608" lon="116.646018">
        <time>2021-01-24T10:05:10Z</time>
      </trkpt>
      <trkpt lat="39.896101" lon="116.645853">
        <time>2021-01-24T10:05:15Z</time>
      </trkpt>
      <trkpt lat="39.896111" lon="116.645688">
        <time>2021-01-24T10:05:20Z</time>
      </trkpt>
      <trkpt lat="39.896142" lon="116.645569">
        <time>2021-01-24T10:05:25Z</time>
      </trkpt>
      <trkpt lat="39.896147" lon="116.645451">
        <time>2021-01-24T10:05:30Z</time>
      </trkpt>
      <trkpt lat="39.896151" lon="116.645334">
        <time>2021-01-24T10:05:35Z</time>
      </trkpt>
      <trkpt lat="39.896162" lon="116.645179">
        <time>2021-01-24T10:05:40Z</time>
      </trkpt>
      <trkpt lat="39.896182" lon="116.645035">
        <time>2021-01-24T10:05:45Z</time>
      </trkpt>
      <trkpt lat="39.896201" lon="116.644906">
        <time>2021-01-24T10:05:50Z</time>
      </trkpt>
      <trkpt lat="39.8962" lon="116.644794">
        <time>2021-01-24T10:05:55Z</time>
      </trkpt>
      <trkpt lat="39.896212" lon="116.644691">
        <time>2021-01-24T10:06:00Z</time>
      </trkpt>
      <trkpt lat="39.896208" lon="116.644553">
        <time>2021-01-24T10:06:05Z</time>
      </trkpt>
      <trkpt lat="39.896197" lon="116.644434">
        <time>2021-01-24T10:06:10Z</time>
      </trkpt>
      <trkpt lat="39.896207" lon="116.64431">
        <time>2021-01-24T10:06:15Z</time>
      </trkpt>
      <trkpt lat="39.896207" lon="116.644178">
        <time>2021-01-24T10:06:20Z</time>
      </trkpt>
      <trkpt lat="39.896214" lon="116.644048">
        <time>2021-01-24T10:06:25Z</time>
      </trkpt>
      <trkpt lat="39.896205" lon="116.643914">
        <time>2021-01-24T10:06:30Z</time>
      </trkpt>
      <trkpt lat="39.896216" lon="116.643783">
        <time>2021-01-24T10:06:35Z</time>
      </trkpt>
      <trkpt lat="39.896216" lon="116.643667">
        <time>2021-01-24T10:06:40Z</time>
      </trkpt>
      <trkpt lat="39.896225" lon="116.64353">
        <time>2021-01-24T10:06:45Z</time>
      </trkpt>
      <trkpt lat="39.896222" lon="116.643393">
        <time>2021-01-24T10:06:50Z</time>
      </trkpt>
      <trkpt lat="39.896195" lon="116.643264">
        <time>2021-01-24T10:06:55Z</time>
      </trkpt>
      <trkpt lat="39.896197" lon="116.643138">
        <time>2021-01-24T10:07:00Z</time>
      </trkpt>
      <trkpt lat="39.896191" lon="116.642994">
        <time>2021-01-24T10:07:05Z</time>
      </trkpt>
      <trkpt lat="39.896199" lon="116.642863">
        <time>2021-01-24T10:07:10Z</time>
      </trkpt>
      <trkpt lat="39.896198" lon="116.642745">
        <time>2021-01-24T10:07:15Z</time>
      </trkpt>
      <trkpt lat="39.896203" lon="116.642592">
        <time>2021-01-24T10:07:20Z</time>
      </trkpt>
      <trkpt lat="39.896212" lon="116.64245">
        <time>2021-01-24T10:07:25Z</time>
      </trkpt>
      <trkpt lat="39.896217" lon="116.642281">
        <time>2021-01-24T10:07:30Z</time>
      </trkpt>
      <trkpt lat="39.896224" lon="116.642109">
        <time>2021-01-24T10:07:35Z</time>
      </trkpt>
      <trkpt lat="39.896252" lon="116.641944">
        <time>2021-01-24T10:07:40Z</time>
      </trkpt>
      <trkpt lat="39.896263" lon="116.641798">
        <time>2021-01-24T10:07:45Z</time>
      </trkpt>
      <trkpt lat="39.896265" lon="116.641655">
        <time>2021-01-24T10:07:50Z</time>
      </trkpt>
      <trkpt lat="39.896254" lon="116.641543">
        <time>2021-01-24T10:07:55Z</time>
      </trkpt>
      <trkpt lat="39.896243" lon="116.641428">
        <time>2021-01-24T10:08:00Z</time>
      </trkpt>
      <trkpt lat="39.896259" lon="116.641312">
        <time>2021-01-24T10:08:05Z</time>
      </trkpt>
      <trkpt lat="39.896279" lon="116.64117">
        <time>2021-01-24T10:08:10Z</time>
      </trkpt>
      <trkpt lat="39.896293" lon="116.640997">
        <time>2021-01-24T10:08:15Z</time>
      </trkpt>
      <trkpt lat="39.896291" lon="116.640832">
        <time>2021-01-24T10:08:20Z</time>
      </trkpt>
      <trkpt lat="39.896297" lon="116.640691">
        <time>2021-01-24T10:08:25Z</time>
      </trkpt>
      <trkpt lat="39.896285" lon="116.640515">
        <time>2021-01-24T10:08:30Z</time>
      </trkpt>
      <trkpt lat="39.896296" lon="116.640364">
        <time>2021-01-24T10:08:35Z</time>
      </trkpt>
      <trkpt lat="39.896281" lon="116.640232">
        <time>2021-01-24T10:08:40Z</time>
      </trkpt>
      <trkpt lat="39.896266" lon="116.64009">
        <time>2021-01-24T10:08:45Z</time>
      </trkpt>
      <trkpt lat="39.89627" lon="116.639981">
        <time>2021-01-24T10:08:50Z</time>
      </trkpt>
      <trkpt lat="39.896276" lon="116.639891">
        <time>2021-01-24T10:08:55Z</time>
      </trkpt>
      <trkpt lat="39.896271" lon="116.639787">
        <time>2021-01-24T10:09:00Z</time>
      </trkpt>
      <trkpt lat="39.896268" lon="116.639657">
        <time>2021-01-24T10:09:05Z</time>
      </trkpt>
      <trkpt lat="39.896259" lon="116.639533">
        <time>2021-01-24T10:09:10Z</time>
      </trkpt>
      <trkpt lat="39.896246" lon="116.639423">
        <time>2021-01-24T10:09:15Z</time>
      </trkpt>
      <trkpt lat="39.896252" lon="116.639305">
        <time>2021-01-24T10:09:20Z</time>
      </trkpt>
      <trkpt lat="39.896253" lon="116.639186">
        <time>2021-01-24T10:09:25Z</time>
      </trkpt>
      <trkpt lat="39.896243" lon="116.639066">
        <time>2021-01-24T10:09:30Z</time>
      </trkpt>
      <trkpt lat="39.89623" lon="116.63894">
        <time>2021-01-24T10:09:35Z</time>
      </trkpt>
      <trkpt lat="39.896229" lon="116.638798">
        <time>2021-01-24T10:09:40Z</time>
      </trkpt>
      <trkpt lat="39.89622" lon="116.638646">
        <time>2021-01-24T10:09:45Z</time>
      </trkpt>
      <trkpt lat="39.896223" lon="116.638503">
        <time>2021-01-24T10:09:50Z</time>
      </trkpt>
      <trkpt lat="39.896205" lon="116.638363">
        <time>2021-01-24T10:09:55Z</time>
      </trkpt>
      <trkpt lat="39.896201" lon="116.638212">
        <time>2021-01-24T10:10:00Z</time>
      </trkpt>
      <trkpt lat="39.896206" lon="116.638058">
        <time>2021-01-24T10:10:05Z</time>
      </trkpt>
      <trkpt lat="39.896206" lon="116.63788">
        <time>2021-01-24T10:10:10Z</time>
      </trkpt>
      <trkpt lat="39.896207" lon="116.637709">
        <time>2021-01-24T10:10:15Z</time>
      </trkpt>
      <trkpt lat="39.8962" lon="116.637544">
        <time>2021-01-24T10:10:20Z</time>
      </trkpt>
      <trkpt lat="39.896187" lon="116.637429">
        <time>2021-01-24T10:10:25Z</time>
      </trkpt>
      <trkpt lat="39.896161" lon="116.637267">
        <time>2021-01-24T10:10:30Z</time>
      </trkpt>
      <trkpt lat="39.896154" lon="116.637091">
        <time>2021-01-24T10:10:35Z</time>
      </trkpt>
      <trkpt lat="39.896145" lon="116.636923">
        <time>2021-01-24T10:10:40Z</time>
      </trkpt>
      <trkpt lat="39.896109" lon="116.636774">
        <time>2021-01-24T10:10:45Z</time>
      </trkpt>
      <trkpt lat="39.896039" lon="116.636653">
        <time>2021-01-24T10:10:50Z</time>
      </trkpt>
      <trkpt lat="39.896013" lon="116.636763">
        <time>2021-01-24T10:10:55Z</time>
      </trkpt>
      <trkpt lat="39.896085" lon="116.636922">
        <time>2021-01-24T10:11:00Z</time>
      </trkpt>
      <trkpt lat="39.896112" lon="116.637096">
        <time>2021-01-24T10:11:05Z</time>
      </trkpt>
      <trkpt lat="39.896135" lon="116.637265">
        <time>2021-01-24T10:11:10Z</time>
      </trkpt>
      <trkpt lat="39.896163" lon="116.637413">
        <time>2021-01-24T10:11:15Z</time>
      </trkpt>
      <trkpt lat="39.896167" lon="116.637493">
        <time>2021-01-24T10:11:20Z</time>
      </trkpt>
      <trkpt lat="39.896173" lon="116.637618">
        <time>2021-01-24T10:11:25Z</time>
      </trkpt>
      <trkpt lat="39.89619" lon="116.637743">
        <time>2021-01-24T10:11:30Z</time>
      </trkpt>
      <trkpt lat="39.896176" lon="116.637851">
        <time>2021-01-24T10:11:35Z</time>
      </trkpt>
      <trkpt lat="39.896184" lon="116.637976">
        <time>2021-01-24T10:11:40Z</time>
      </trkpt>
      <trkpt lat="39.896192" lon="116.638106">
        <time>2021-01-24T10:11:45Z</time>
      </trkpt>
      <trkpt lat="39.896198" lon="116.638251">
        <time>2021-01-24T10:11:50Z</time>
      </trkpt>
      <trkpt lat="39.89623" lon="116.638395">
        <time>2021-01-24T10:11:55Z</time>
      </trkpt>
      <trkpt lat="39.896229" lon="116.63856">
        <time>2021-01-24T10:12:00Z</time>
      </trkpt>
      <trkpt lat="39.896227" lon="116.638701">
        <time>2021-01-24T10:12:05Z</time>
      </trkpt>
      <trkpt lat="39.89625" lon="116.638835">
        <time>2021-01-24T10:12:10Z</time>
      </trkpt>
      <trkpt lat="39.89626" lon="116.63897">
        <time>2021-01-24T10:12:15Z</time>
      </trkpt>
      <trkpt lat="39.896269" lon="116.639106">
        <time>2021-01-24T10:12:20Z</time>
      </trkpt>
      <trkpt lat="39.896266" lon="116.639243">
        <time>2021-01-24T10:12:25Z</time>
      </trkpt>
      <trkpt lat="39.896282" lon="116.639359">
        <time>2021-01-24T10:12:30Z</time>
      </trkpt>
      <trkpt lat="39.896273" lon="116.639492">
        <time>2021-01-24T10:12:35Z</time>
      </trkpt>
      <trkpt lat="39.896271" lon="116.639643">
        <time>2021-01-24T10:12:40Z</time>
      </trkpt>
      <trkpt lat="39.896275" lon="116.639773">
        <time>2021-01-24T10:12:45Z</time>
      </trkpt>
      <trkpt lat="39.896281" lon="116.639892">
        <time>2021-01-24T10:12:50Z</time>
      </trkpt>
      <trkpt lat="39.896282" lon="116.640028">
        <time>2021-01-24T10:12:55Z</time>
      </trkpt>
      <trkpt lat="39.896277" lon="116.640155">
        <time>2021-01-24T10:13:00Z</time>
      </trkpt>
      <trkpt lat="39.896291" lon="116.640279">
        <time>2021-01-24T10:13:05Z</time>
      </trkpt>
      <trkpt lat="39.896304" lon="116.640417">
        <time>2021-01-24T10:13:10Z</time>
      </trkpt>
      <trkpt lat="39.896293" lon="116.64055">
        <time>2021-01-24T10:13:15Z</time>
      </trkpt>
      <trkpt lat="39.896278" lon="116.640686">
        <time>2021-01-24T10:13:20Z</time>
      </trkpt>
      <trkpt lat="39.896282" lon="116.640831">
        <time>2021-01-24T10:13:25Z</time>
      </trkpt>
      <trkpt lat="39.896274" lon="116.64096">
        <time>2021-01-24T10:13:30Z</time>
      </trkpt>
      <trkpt lat="39.896267" lon="116.641097">
        <time>2021-01-24T10:13:35Z</time>
      </trkpt>
      <trkpt lat="39.896265" lon="116.641237">
        <time>2021-01-24T10:13:40Z</time>
      </trkpt>
      <trkpt lat="39.89628" lon="116.64137">
        <time>2021-01-24T10:13:45Z</time>
      </trkpt>
      <trkpt lat="39.896271" lon="116.641539">
        <time>2021-01-24T10:13:50Z</time>
      </trkpt>
      <trkpt lat="39.89627" lon="116.641669">
        <time>2021-01-24T10:13:55Z</time>
      </trkpt>
      <trkpt lat="39.896262" lon="116.64182">
        <time>2021-01-24T10:14:00Z</time>
      </trkpt>
      <trkpt lat="39.896257" lon="116.641979">
        <time>2021-01-24T10:14:05Z</time>
      </trkpt>
      <trkpt lat="39.896249" lon="116.642116">
        <time>2021-01-24T10:14:10Z</time>
      </trkpt>
      <trkpt lat="39.896241" lon="116.642275">
        <time>2021-01-24T10:14:15Z</time>
      </trkpt>
      <trkpt lat="39.89623" lon="116.64242">
        <time>2021-01-24T10:14:20Z</time>
      </trkpt>
      <trkpt lat="39.896249" lon="116.642569">
        <time>2021-01-24T10:14:25Z</time>
      </trkpt>
      <trkpt lat="39.896231" lon="116.642721">
        <time>2021-01-24T10:14:30Z</time>
      </trkpt>
      <trkpt lat="39.896211" lon="116.642881">
        <time>2021-01-24T10:14:35Z</time>
      </trkpt>
      <trkpt lat="39.896196" lon="116.643031">
        <time>2021-01-24T10:14:40Z</time>
      </trkpt>
      <trkpt lat="39.896169" lon="116.643172">
        <time>2021-01-24T10:14:45Z</time>
      </trkpt>
      <trkpt lat="39.896164" lon="116.643311">
        <time>2021-01-24T10:14:50Z</time>
      </trkpt>
      <trkpt lat="39.896197" lon="116.643426">
        <time>2021-01-24T10:14:55Z</time>
      </trkpt>
      <trkpt lat="39.896202" lon="116.643577">
        <time>2021-01-24T10:15:00Z</time>
      </trkpt>
      <trkpt lat="39.896204" lon="116.643715">
        <time>2021-01-24T10:15:05Z</time>
      </trkpt>
      <trkpt lat="39.896205" lon="116.643851">
        <time>2021-01-24T10:15:10Z</time>
      </trkpt>
      <trkpt lat="39.896213" lon="116.643992">
        <time>2021-01-24T10:15:15Z</time>
      </trkpt>
      <trkpt lat="39.896215" lon="116.644133">
        <time>2021-01-24T10:15:20Z</time>
      </trkpt>
      <trkpt lat="39.896218" lon="116.644293">
        <time>2021-01-24T10:15:25Z</time>
      </trkpt>
      <trkpt lat="39.896216" lon="116.644453">
        <time>2021-01-24T10:15:30Z</time>
      </trkpt>
      <trkpt lat="39.896208" lon="116.644602">
        <time>2021-01-24T10:15:35Z</time>
      </trkpt>
      <trkpt lat="39.896222" lon="116.644757">
        <time>2021-01-24T10:15:40Z</time>
      </trkpt>
      <trkpt lat="39.896216" lon="116.644905">
        <time>2021-01-24T10:15:45Z</time>
      </trkpt>
      <trkpt lat="39.896215" lon="116.645038">
        <time>2021-01-24T10:15:50Z</time>
      </trkpt>
      <trkpt lat="39.896215" lon="116.645185">
        <time>2021-01-24T10:15:55Z</time>
      </trkpt>
      <trkpt lat="39.896213" lon="116.645345">
        <time>2021-01-24T10:16:00Z</time>
      </trkpt>
      <trkpt lat="39.896197" lon="116.64548">
        <time>2021-01-24T10:16:05Z</time>
      </trkpt>
      <trkpt lat="39.896164" lon="116.645607">
        <time>2021-01-24T10:16:10Z</time>
      </trkpt>
      <trkpt lat="39.896146" lon="116.645725">
        <time>2021-01-24T10:16:15Z</time>
      </trkpt>
      <trkpt lat="39.896112" lon="116.645842">
        <time>2021-01-24T10:16:20Z</time>
      </trkpt>
      <trkpt lat="39.896072" lon="116.645998">
        <time>2021-01-24T10:16:25Z</time>
      </trkpt>
      <trkpt lat="39.896038" lon="116.646162">
        <time>2021-01-24T10:16:30Z</time>
      </trkpt>
      <trkpt lat="39.896018" lon="116.646299">
        <time>2021-01-24T10:16:35Z</time>
      </trkpt>
      <trkpt lat="39.896002" lon="116.646454">
        <time>2021-01-24T10:16:40Z</time>
      </trkpt>
      <trkpt lat="39.89601" lon="116.646592">
        <time>2021-01-24T10:16:45Z</time>
      </trkpt>
      <trkpt lat="39.896002" lon="116.64675">
        <time>2021-01-24T10:16:50Z</time>
      </trkpt>
      <trkpt lat="39.895938" lon="116.646867">
        <time>2021-01-24T10:16:55Z</time>
      </trkpt>
      <trkpt lat="39.895805" lon="116.646853">
        <time>2021-01-24T10:17:00Z</time>
      </trkpt>
      <trkpt lat="39.895697" lon="116.646788">
        <time>2021-01-24T10:17:05Z</time>
      </trkpt>
      <trkpt lat="39.895597" lon="116.646707">
        <time>2021-01-24T10:17:10Z</time>
      </trkpt>
      <trkpt lat="39.895489" lon="116.646656">
        <time>2021-01-24T10:17:15Z</time>
      </trkpt>
      <trkpt lat="39.895382" lon="116.646598">
        <time>2021-01-24T10:17:20Z</time>
      </trkpt>
      <trkpt lat="39.895284" lon="116.64655">
        <time>2021-01-24T10:17:25Z</time>
      </trkpt>
      <trkpt lat="39.895175" lon="116.646482">
        <time>2021-01-24T10:17:30Z</time>
      </trkpt>
      <trkpt lat="39.895065" lon="116.64642">
        <time>2021-01-24T10:17:35Z</time>
      </trkpt>
      <trkpt lat="39.894918" lon="116.646343">
        <time>2021-01-24T10:17:40Z</time>
      </trkpt>
      <trkpt lat="39.89485" lon="116.646318">
        <time>2021-01-24T10:17:45Z</time>
      </trkpt>
      <trkpt lat="39.894744" lon="116.646259">
        <time>2021-01-24T10:17:50Z</time>
      </trkpt>
      <trkpt lat="39.894631" lon="116.64621">
        <time>2021-01-24T10:17:55Z</time>
      </trkpt>
      <trkpt lat="39.89444" lon="116.646146">
        <time>2021-01-24T10:18:00Z</time>
      </trkpt>
      <trkpt lat="39.894421" lon="116.646135">
        <time>2021-01-24T10:18:05Z</time>
      </trkpt>
      <trkpt lat="39.89433" lon="116.646107">
        <time>2021-01-24T10:18:10Z</time>
      </trkpt>
      <trkpt lat="39.894234" lon="116.646052">
        <time>2021-01-24T10:18:15Z</time>
      </trkpt>
      <trkpt lat="39.894092" lon="116.646001">
        <time>2021-01-24T10:18:20Z</time>
      </trkpt>
      <trkpt lat="39.894009" lon="116.645969">
        <time>2021-01-24T10:18:25Z</time>
      </trkpt>
      <trkpt lat="39.893909" lon="116.645949">
        <time>2021-01-24T10:18:30Z</time>
      </trkpt>
      <trkpt lat="39.89384" lon="116.64605">
        <time>2021-01-24T10:18:35Z</time>
      </trkpt>
      <trkpt lat="39.893769" lon="116.646155">
        <time>2021-01-24T10:18:40Z</time>
      </trkpt>
      <trkpt lat="39.893708" lon="116.646266">
        <time>2021-01-24T10:18:45Z</time>
      </trkpt>
      <trkpt lat="39.893608" lon="116.646339">
        <time>2021-01-24T10:18:50Z</time>
      </trkpt>
      <trkpt lat="39.893521" lon="116.646302">
        <time>2021-01-24T10:18:55Z</time>
      </trkpt>
      <trkpt lat="39.893404" lon="116.64625">
        <time>2021-01-24T10:19:00Z</time>
      </trkpt>
      <trkpt lat="39.893312" lon="116.646189">
        <time>2021-01-24T10:19:05Z</time>
      </trkpt>
      <trkpt lat="39.893207" lon="116.646134">
        <time>2021-01-24T10:19:10Z</time>
      </trkpt>
      <trkpt lat="39.893096" lon="116.646093">
        <time>2021-01-24T10:19:15Z</time>
      </trkpt>
      <trkpt lat="39.892984" lon="116.646053">
        <time>2021-01-24T10:19:20Z</time>
      </trkpt>
      <trkpt lat="39.89287" lon="116.646023">
        <time>2021-01-24T10:19:25Z</time>
      </trkpt>
      <trkpt lat="39.892782" lon="116.645962">
        <time>2021-01-24T10:19:30Z</time>
      </trkpt>
      <trkpt lat="39.892681" lon="116.645895">
        <time>2021-01-24T10:19:35Z</time>
      </trkpt>
      <trkpt lat="39.892559" lon="116.645848">
        <time>2021-01-24T10:19:40Z</time>
      </trkpt>
      <trkpt lat="39.892432" lon="116.645789">
        <time>2021-01-24T10:19:45Z</time>
      </trkpt>
      <trkpt lat="39.892335" lon="116.645731">
        <time>2021-01-24T10:19:50Z</time>
      </trkpt>
      <trkpt lat="39.892218" lon="116.645663">
        <time>2021-01-24T10:19:55Z</time>
      </trkpt>
      <trkpt lat="39.892109" lon="116.645618">
        <time>2021-01-24T10:20:00Z</time>
      </trkpt>
      <trkpt lat="39.891995" lon="116.645618">
        <time>2021-01-24T10:20:05Z</time>
      </trkpt>
      <trkpt lat="39.891889" lon="116.645543">
        <time>2021-01-24T10:20:10Z</time>
      </trkpt>
      <trkpt lat="39.891797" lon="116.645469">
        <time>2021-01-24T10:20:15Z</time>
      </trkpt>
      <trkpt lat="39.891685" lon="116.645397">
        <time>2021-01-24T10:20:20Z</time>
      </trkpt>
      <trkpt lat="39.891569" lon="116.645327">
        <time>2021-01-24T10:20:25Z</time>
      </trkpt>
      <trkpt lat="39.891569" lon="116.645417">
        <time>2021-01-24T10:20:30Z</time>
      </trkpt>
      <trkpt lat="39.891693" lon="116.645465">
        <time>2021-01-24T10:20:35Z</time>
      </trkpt>
      <trkpt lat="39.891813" lon="116.645516">
        <time>2021-01-24T10:20:40Z</time>
      </trkpt>
      <trkpt lat="39.891943" lon="116.645565">
        <time>2021-01-24T10:20:45Z</time>
      </trkpt>
      <trkpt lat="39.892064" lon="116.645625">
        <time>2021-01-24T10:20:50Z</time>
      </trkpt>
      <trkpt lat="39.892196" lon="116.645687">
        <time>2021-01-24T10:20:55Z</time>
      </trkpt>
      <trkpt lat="39.892309" lon="116.645744">
        <time>2021-01-24T10:21:00Z</time>
      </trkpt>
      <trkpt lat="39.892419" lon="116.645808">
        <time>2021-01-24T10:21:05Z</time>
      </trkpt>
      <trkpt lat="39.892519" lon="116.645858">
        <time>2021-01-24T10:21:10Z</time>
      </trkpt>
      <trkpt lat="39.892619" lon="116.645893">
        <time>2021-01-24T10:21:15Z</time>
      </trkpt>
      <trkpt lat="39.89272" lon="116.645942">
        <time>2021-01-24T10:21:20Z</time>
      </trkpt>
      <trkpt lat="39.892824" lon="116.645982">
        <time>2021-01-24T10:21:25Z</time>
      </trkpt>
      <trkpt lat="39.892937" lon="116.646013">
        <time>2021-01-24T10:21:30Z</time>
      </trkpt>
      <trkpt lat="39.893047" lon="116.646085">
        <time>2021-01-24T10:21:35Z</time>
      </trkpt>
      <trkpt lat="39.893138" lon="116.646142">
        <time>2021-01-24T10:21:40Z</time>
      </trkpt>
      <trkpt lat="39.893253" lon="116.64619">
        <time>2021-01-24T10:21:45Z</time>
      </trkpt>
      <trkpt lat="39.893354" lon="116.646215">
        <time>2021-01-24T10:21:50Z</time>
      </trkpt>
      <trkpt lat="39.893535" lon="116.646347">
        <time>2021-01-24T10:21:55Z</time>
      </trkpt>
      <trkpt lat="39.893557" lon="116.646359">
        <time>2021-01-24T10:22:00Z</time>
      </trkpt>
      <trkpt lat="39.893668" lon="116.646404">
        <time>2021-01-24T10:22:05Z</time>
      </trkpt>
      <trkpt lat="39.893775" lon="116.646355">
        <time>2021-01-24T10:22:10Z</time>
      </trkpt>
      <trkpt lat="39.89387" lon="116.646201">
        <time>2021-01-24T10:22:15Z</time>
      </trkpt>
      <trkpt lat="39.893957" lon="116.646102">
        <time>2021-01-24T10:22:20Z</time>
      </trkpt>
      <trkpt lat="39.89401" lon="116.645974">
        <time>2021-01-24T10:22:25Z</time>
      </trkpt>
      <trkpt lat="39.894086" lon="116.645928">
        <time>2021-01-24T10:22:30Z</time>
      </trkpt>
      <trkpt lat="39.894174" lon="116.645966">
        <time>2021-01-24T10:22:35Z</time>
      </trkpt>
      <trkpt lat="39.89428" lon="116.646041">
        <time>2021-01-24T10:22:40Z</time>
      </trkpt>
      <trkpt lat="39.89439" lon="116.646104">
        <time>2021-01-24T10:22:45Z</time>
      </trkpt>
      <trkpt lat="39.894499" lon="116.646144">
        <time>2021-01-24T10:22:50Z</time>
      </trkpt>
      <trkpt lat="39.894669" lon="116.646224">
        <time>2021-01-24T10:22:55Z</time>
      </trkpt>
      <trkpt lat="39.894714" lon="116.646239">
        <time>2021-01-24T10:23:00Z</time>
      </trkpt>
      <trkpt lat="39.894826" lon="116.646278">
        <time>2021-01-24T10:23:05Z</time>
      </trkpt>
      <trkpt lat="39.894932" lon="116.646321">
        <time>2021-01-24T10:23:10Z</time>
      </trkpt>
      <trkpt lat="39.895053" lon="116.646381">
        <time>2021-01-24T10:23:15Z</time>
      </trkpt>
      <trkpt lat="39.895116" lon="116.646449">
        <time>2021-01-24T10:23:20Z</time>
      </trkpt>
      <trkpt lat="39.895243" lon="116.64653">
        <time>2021-01-24T10:23:25Z</time>
      </trkpt>
      <trkpt lat="39.895448" lon="116.646612">
        <time>2021-01-24T10:23:30Z</time>
      </trkpt>
      <trkpt lat="39.895498" lon="116.646632">
        <time>2021-01-24T10:23:35Z</time>
      </trkpt>
      <trkpt lat="39.895593" lon="116.646688">
        <time>2021-01-24T10:23:40Z</time>
      </trkpt>
      <trkpt lat="39.895709" lon="116.646746">
        <time>2021-01-24T10:23:45Z</time>
      </trkpt>
      <trkpt lat="39.895802" lon="116.646807">
        <time>2021-01-24T10:23:50Z</time>
      </trkpt>
      <trkpt lat="39.895868" lon="116.646863">
        <time>2021-01-24T10:23:55Z</time>
      </trkpt>
      <trkpt lat="39.896012" lon="116.64686">
        <time>2021-01-24T10:24:00Z</time>
      </trkpt>
      <trkpt lat="39.896089" lon="116.646732">
        <time>2021-01-24T10:24:05Z</time>
      </trkpt>
      <trkpt lat="39.896072" lon="116.64656">
        <time>2021-01-24T10:24:10Z</time>
      </trkpt>
      <trkpt lat="39.896069" lon="116.646392">
        <time>2021-01-24T10:24:15Z</time>
      </trkpt>
      <trkpt lat="39.896071" lon="116.646242">
        <time>2021-01-24T10:24:20Z</time>
      </trkpt>
      <trkpt lat="39.896082" lon="116.646097">
        <time>2021-01-24T10:24:25Z</time>
      </trkpt>
      <trkpt lat="39.89609" lon="116.645952">
        <time>2021-01-24T10:24:30Z</time>
      </trkpt>
      <trkpt lat="39.896109" lon="116.645789">
        <time>2021-01-24T10:24:35Z</time>
      </trkpt>
      <trkpt lat="39.89613" lon="116.64562">
        <time>2021-01-24T10:24:40Z</time>
      </trkpt>
      <trkpt lat="39.896153" lon="116.645465">
        <time>2021-01-24T10:24:45Z</time>
      </trkpt>
      <trkpt lat="39.896166" lon="116.645329">
        <time>2021-01-24T10:24:50Z</time>
      </trkpt>
      <trkpt lat="39.896182" lon="116.645198">
        <time>2021-01-24T10:24:55Z</time>
      </trkpt>
      <trkpt lat="39.896206" lon="116.645054">
        <time>2021-01-24T10:25:00Z</time>
      </trkpt>
      <trkpt lat="39.896238" lon="116.644948">
        <time>2021-01-24T10:25:05Z</time>
      </trkpt>
      <trkpt lat="39.896252" lon="116.644828">
        <time>2021-01-24T10:25:10Z</time>
      </trkpt>
      <trkpt lat="39.896249" lon="116.644674">
        <time>2021-01-24T10:25:15Z</time>
      </trkpt>
      <trkpt lat="39.896249" lon="116.644513">
        <time>2021-01-24T10:25:20Z</time>
      </trkpt>
      <trkpt lat="39.896252" lon="116.644358">
        <time>2021-01-24T10:25:25Z</time>
      </trkpt>
      <trkpt lat="39.896243" lon="116.644192">
        <time>2021-01-24T10:25:30Z</time>
      </trkpt>
      <trkpt lat="39.896245" lon="116.64404">
        <time>2021-01-24T10:25:35Z</time>
      </trkpt>
      <trkpt lat="39.896242" lon="116.643888">
        <time>2021-01-24T10:25:40Z</time>
      </trkpt>
      <trkpt lat="39.89623" lon="116.643741">
        <time>2021-01-24T10:25:45Z</time>
      </trkpt>
      <trkpt lat="39.896255" lon="116.643614">
        <time>2021-01-24T10:25:50Z</time>
      </trkpt>
      <trkpt lat="39.896239" lon="116.643441">
        <time>2021-01-24T10:25:55Z</time>
      </trkpt>
      <trkpt lat="39.896208" lon="116.643269">
        <time>2021-01-24T10:26:00Z</time>
      </trkpt>
      <trkpt lat="39.896198" lon="116.643115">
        <time>2021-01-24T10:26:05Z</time>
      </trkpt>
      <trkpt lat="39.896236" lon="116.64298">
        <time>2021-01-24T10:26:10Z</time>
      </trkpt>
      <trkpt lat="39.896267" lon="116.642883">
        <time>2021-01-24T10:26:15Z</time>
      </trkpt>
      <trkpt lat="39.896254" lon="116.642709">
        <time>2021-01-24T10:26:20Z</time>
      </trkpt>
      <trkpt lat="39.896254" lon="116.642532">
        <time>2021-01-24T10:26:25Z</time>
      </trkpt>
      <trkpt lat="39.89625" lon="116.642364">
        <time>2021-01-24T10:26:30Z</time>
      </trkpt>
      <trkpt lat="39.896254" lon="116.642196">
        <time>2021-01-24T10:26:35Z</time>
      </trkpt>
      <trkpt lat="39.896246" lon="116.642033">
        <time>2021-01-24T10:26:40Z</time>
      </trkpt>
      <trkpt lat="39.896264" lon="116.641903">
        <time>2021-01-24T10:26:45Z</time>
      </trkpt>
      <trkpt lat="39.896255" lon="116.641748">
        <time>2021-01-24T10:26:50Z</time>
      </trkpt>
      <trkpt lat="39.896291" lon="116.641589">
        <time>2021-01-24T10:26:55Z</time>
      </trkpt>
      <trkpt lat="39.896287" lon="116.641436">
        <time>2021-01-24T10:27:00Z</time>
      </trkpt>
      <trkpt lat="39.896322" lon="116.641309">
        <time>2021-01-24T10:27:05Z</time>
      </trkpt>
      <trkpt lat="39.896313" lon="116.641136">
        <time>2021-01-24T10:27:10Z</time>
      </trkpt>
      <trkpt lat="39.896303" lon="116.640959">
        <time>2021-01-24T10:27:15Z</time>
      </trkpt>
      <trkpt lat="39.896303" lon="116.640799">
        <time>2021-01-24T10:27:20Z</time>
      </trkpt>
      <trkpt lat="39.896311" lon="116.64065">
        <time>2021-01-24T10:27:25Z</time>
      </trkpt>
      <trkpt lat="39.896318" lon="116.640502">
        <time>2021-01-24T10:27:30Z</time>
      </trkpt>
      <trkpt lat="39.896322" lon="116.64037">
        <time>2021-01-24T10:27:35Z</time>
      </trkpt>
      <trkpt lat="39.896318" lon="116.640233">
        <time>2021-01-24T10:27:40Z</time>
      </trkpt>
      <trkpt lat="39.896307" lon="116.640062">
        <time>2021-01-24T10:27:45Z</time>
      </trkpt>
      <trkpt lat="39.896287" lon="116.639895">
        <time>2021-01-24T10:27:50Z</time>
      </trkpt>
      <trkpt lat="39.896278" lon="116.639764">
        <time>2021-01-24T10:27:55Z</time>
      </trkpt>
      <trkpt lat="39.896277" lon="116.639666">
        <time>2021-01-24T10:28:00Z</time>
      </trkpt>
      <trkpt lat="39.896257" lon="116.639567">
        <time>2021-01-24T10:28:05Z</time>
      </trkpt>
      <trkpt lat="39.896276" lon="116.639442">
        <time>2021-01-24T10:28:10Z</time>
      </trkpt>
      <trkpt lat="39.896263" lon="116.639276">
        <time>2021-01-24T10:28:15Z</time>
      </trkpt>
      <trkpt lat="39.896268" lon="116.63911">
        <time>2021-01-24T10:28:20Z</time>
      </trkpt>
      <trkpt lat="39.896252" lon="116.638943">
        <time>2021-01-24T10:28:25Z</time>
      </trkpt>
      <trkpt lat="39.896232" lon="116.638797">
        <time>2021-01-24T10:28:30Z</time>
      </trkpt>
      <trkpt lat="39.896241" lon="116.638648">
        <time>2021-01-24T10:28:35Z</time>
      </trkpt>
      <trkpt lat="39.896218" lon="116.638498">
        <time>2021-01-24T10:28:40Z</time>
      </trkpt>
      <trkpt lat="39.89621" lon="116.638343">
        <time>2021-01-24T10:28:45Z</time>
      </trkpt>
      <trkpt lat="39.896193" lon="116.638176">
        <time>2021-01-24T10:28:50Z</time>
      </trkpt>
      <trkpt lat="39.896211" lon="116.63802">
        <time>2021-01-24T10:28:55Z</time>
      </trkpt>
      <trkpt lat="39.896209" lon="116.637867">
        <time>2021-01-24T10:29:00Z</time>
      </trkpt>
      <trkpt lat="39.896209" lon="116.637711">
        <time>2021-01-24T10:29:05Z</time>
      </trkpt>
      <trkpt lat="39.896198" lon="116.63756">
        <time>2021-01-24T10:29:10Z</time>
      </trkpt>
      <trkpt lat="39.896191" lon="116.637415">
        <time>2021-01-24T10:29:15Z</time>
      </trkpt>
      <trkpt lat="39.896185" lon="116.637264">
        <time>2021-01-24T10:29:20Z</time>
      </trkpt>
      <trkpt lat="39.896162" lon="116.637099">
        <time>2021-01-24T10:29:25Z</time>
      </trkpt>
      <trkpt lat="39.896153" lon="116.636939">
        <time>2021-01-24T10:29:30Z</time>
      </trkpt>
      <trkpt lat="39.896121" lon="116.636809">
        <time>2021-01-24T10:29:35Z</time>
      </trkpt>
      <trkpt lat="39.896057" lon="116.636665">
        <time>2021-01-24T10:29:40Z</time>
      </trkpt>
      <trkpt lat="39.896024" lon="116.636739">
        <time>2021-01-24T10:29:45Z</time>
      </trkpt>
      <trkpt lat="39.896093" lon="116.63691">
        <time>2021-01-24T10:29:50Z</time>
      </trkpt>
      <trkpt lat="39.896108" lon="116.637067">
        <time>2021-01-24T10:29:55Z</time>
      </trkpt>
      <trkpt lat="39.896122" lon="116.637242">
        <time>2021-01-24T10:30:00Z</time>
      </trkpt>
      <trkpt lat="39.896128" lon="116.637355">
        <time>2021-01-24T10:30:05Z</time>
      </trkpt>
      <trkpt lat="39.896143" lon="116.637445">
        <time>2021-01-24T10:30:10Z</time>
      </trkpt>
      <trkpt lat="39.896166" lon="116.637545">
        <time>2021-01-24T10:30:15Z</time>
      </trkpt>
      <trkpt lat="39.896175" lon="116.637673">
        <time>2021-01-24T10:30:20Z</time>
      </trkpt>
      <trkpt lat="39.896176" lon="116.63782">
        <time>2021-01-24T10:30:25Z</time>
      </trkpt>
      <trkpt lat="39.896181" lon="116.637971">
        <time>2021-01-24T10:30:30Z</time>
      </trkpt>
      <trkpt lat="39.896188" lon="116.638111">
        <time>2021-01-24T10:30:35Z</time>
      </trkpt>
      <trkpt lat="39.896193" lon="116.638242">
        <time>2021-01-24T10:30:40Z</time>
      </trkpt>
      <trkpt lat="39.896191" lon="116.63841">
        <time>2021-01-24T10:30:45Z</time>
      </trkpt>
      <trkpt lat="39.896204" lon="116.638557">
        <time>2021-01-24T10:30:50Z</time>
      </trkpt>
      <trkpt lat="39.89621" lon="116.638684">
        <time>2021-01-24T10:30:55Z</time>
      </trkpt>
      <trkpt lat="39.896209" lon="116.638818">
        <time>2021-01-24T10:31:00Z</time>
      </trkpt>
      <trkpt lat="39.896209" lon="116.638959">
        <time>2021-01-24T10:31:05Z</time>
      </trkpt>
      <trkpt lat="39.896219" lon="116.63913">
        <time>2021-01-24T10:31:10Z</time>
      </trkpt>
      <trkpt lat="39.896221" lon="116.639281">
        <time>2021-01-24T10:31:15Z</time>
      </trkpt>
      <trkpt lat="39.896231" lon="116.639419">
        <time>2021-01-24T10:31:20Z</time>
      </trkpt>
      <trkpt lat="39.896236" lon="116.639597">
        <time>2021-01-24T10:31:25Z</time>
      </trkpt>
      <trkpt lat="39.896236" lon="116.639738">
        <time>2021-01-24T10:31:30Z</time>
      </trkpt>
      <trkpt lat="39.896243" lon="116.639876">
        <time>2021-01-24T10:31:35Z</time>
      </trkpt>
      <trkpt lat="39.896246" lon="116.640018">
        <time>2021-01-24T10:31:40Z</time>
      </trkpt>
      <trkpt lat="39.896255" lon="116.640182">
        <time>2021-01-24T10:31:45Z</time>
      </trkpt>
      <trkpt lat="39.896258" lon="116.64037">
        <time>2021-01-24T10:31:50Z</time>
      </trkpt>
      <trkpt lat="39.896243" lon="116.640517">
        <time>2021-01-24T10:31:55Z</time>
      </trkpt>
      <trkpt lat="39.896243" lon="116.640685">
        <time>2021-01-24T10:32:00Z</time>
      </trkpt>
      <trkpt lat="39.896233" lon="116.64084">
        <time>2021-01-24T10:32:05Z</time>
      </trkpt>
      <trkpt lat="39.896225" lon="116.640987">
        <time>2021-01-24T10:32:10Z</time>
      </trkpt>
      <trkpt lat="39.896232" lon="116.641133">
        <time>2021-01-24T10:32:15Z</time>
      </trkpt>
      <trkpt lat="39.896241" lon="116.641276">
        <time>2021-01-24T10:32:20Z</time>
      </trkpt>
      <trkpt lat="39.896238" lon="116.641419">
        <time>2021-01-24T10:32:25Z</time>
      </trkpt>
      <trkpt lat="39.896235" lon="116.64156">
        <time>2021-01-24T10:32:30Z</time>
      </trkpt>
      <trkpt lat="39.896235" lon="116.641708">
        <time>2021-01-24T10:32:35Z</time>
      </trkpt>
      <trkpt lat="39.896237" lon="116.64186">
        <time>2021-01-24T10:32:40Z</time>
      </trkpt>
      <trkpt lat="39.896228" lon="116.642067">
        <time>2021-01-24T10:32:45Z</time>
      </trkpt>
      <trkpt lat="39.896226" lon="116.642154">
        <time>2021-01-24T10:32:50Z</time>
      </trkpt>
      <trkpt lat="39.896218" lon="116.64229">
        <time>2021-01-24T10:32:55Z</time>
      </trkpt>
      <trkpt lat="39.896193" lon="116.642434">
        <time>2021-01-24T10:33:00Z</time>
      </trkpt>
      <trkpt lat="39.896184" lon="116.642564">
        <time>2021-01-24T10:33:05Z</time>
      </trkpt>
      <trkpt lat="39.896166" lon="116.642706">
        <time>2021-01-24T10:33:10Z</time>
      </trkpt>
      <trkpt lat="39.896172" lon="116.642928">
        <time>2021-01-24T10:33:15Z</time>
      </trkpt>
      <trkpt lat="39.896178" lon="116.642994">
        <time>2021-01-24T10:33:20Z</time>
      </trkpt>
      <trkpt lat="39.896177" lon="116.643132">
        <time>2021-01-24T10:33:25Z</time>
      </trkpt>
      <trkpt lat="39.89617" lon="116.643279">
        <time>2021-01-24T10:33:30Z</time>
      </trkpt>
      <trkpt lat="39.89616" lon="116.643424">
        <time>2021-01-24T10:33:35Z</time>
      </trkpt>
      <trkpt lat="39.896167" lon="116.643558">
        <time>2021-01-24T10:33:40Z</time>
      </trkpt>
      <trkpt lat="39.896187" lon="116.643701">
        <time>2021-01-24T10:33:45Z</time>
      </trkpt>
      <trkpt lat="39.896182" lon="116.643845">
        <time>2021-01-24T10:33:50Z</time>
      </trkpt>
      <trkpt lat="39.896179" lon="116.643974">
        <time>2021-01-24T10:33:55Z</time>
      </trkpt>
      <trkpt lat="39.896186" lon="116.644113">
        <time>2021-01-24T10:34:00Z</time>
      </trkpt>
      <trkpt lat="39.896197" lon="116.644267">
        <time>2021-01-24T10:34:05Z</time>
      </trkpt>
      <trkpt lat="39.8962" lon="116.644404">
        <time>2021-01-24T10:34:10Z</time>
      </trkpt>
      <trkpt lat="39.896207" lon="116.64456">
        <time>2021-01-24T10:34:15Z</time>
      </trkpt>
      <trkpt lat="39.896221" lon="116.64471">
        <time>2021-01-24T10:34:20Z</time>
      </trkpt>
      <trkpt lat="39.896215" lon="116.644849">
        <time>2021-01-24T10:34:25Z</time>
      </trkpt>
      <trkpt lat="39.896195" lon="116.644967">
        <time>2021-01-24T10:34:30Z</time>
      </trkpt>
      <trkpt lat="39.896186" lon="116.645107">
        <time>2021-01-24T10:34:35Z</time>
      </trkpt>
      <trkpt lat="39.896177" lon="116.645245">
        <time>2021-01-24T10:34:40Z</time>
      </trkpt>
      <trkpt lat="39.896155" lon="116.64541">
        <time>2021-01-24T10:34:45Z</time>
      </trkpt>
      <trkpt lat="39.896139" lon="116.645577">
        <time>2021-01-24T10:34:50Z</time>
      </trkpt>
      <trkpt lat="39.896103" lon="116.64571">
        <time>2021-01-24T10:34:55Z</time>
      </trkpt>
      <trkpt lat="39.896072" lon="116.64585">
        <time>2021-01-24T10:35:00Z</time>
      </trkpt>
      <trkpt lat="39.89606" lon="116.645979">
        <time>2021-01-24T10:35:05Z</time>
      </trkpt>
      <trkpt lat="39.896072" lon="116.646055">
        <time>2021-01-24T10:35:10Z</time>
      </trkpt>
      <trkpt lat="39.89606" lon="116.646158">
        <time>2021-01-24T10:35:15Z</time>
      </trkpt>
      <trkpt lat="39.896035" lon="116.646251">
        <time>2021-01-24T10:35:20Z</time>
      </trkpt>
      <trkpt lat="39.896028" lon="116.646352">
        <time>2021-01-24T10:35:25Z</time>
      </trkpt>
      <trkpt lat="39.896028" lon="116.646461">
        <time>2021-01-24T10:35:30Z</time>
      </trkpt>
      <trkpt lat="39.896022" lon="116.646565">
        <time>2021-01-24T10:35:35Z</time>
      </trkpt>
      <trkpt lat="39.896018" lon="116.646683">
        <time>2021-01-24T10:35:40Z</time>
      </trkpt>
      <trkpt lat="39.895975" lon="116.646792">
        <time>2021-01-24T10:35:45Z</time>
      </trkpt>
      <trkpt lat="39.895852" lon="116.646804">
        <time>2021-01-24T10:35:50Z</time>
      </trkpt>
      <trkpt lat="39.895743" lon="116.646766">
        <time>2021-01-24T10:35:55Z</time>
      </trkpt>
      <trkpt lat="39.895632" lon="116.646715">
        <time>2021-01-24T10:36:00Z</time>
      </trkpt>
      <trkpt lat="39.895542" lon="116.646668">
        <time>2021-01-24T10:36:05Z</time>
      </trkpt>
      <trkpt lat="39.895434" lon="116.646605">
        <time>2021-01-24T10:36:10Z</time>
      </trkpt>
      <trkpt lat="39.895335" lon="116.646554">
        <time>2021-01-24T10:36:15Z</time>
      </trkpt>
      <trkpt lat="39.895241" lon="116.646503">
        <time>2021-01-24T10:36:20Z</time>
      </trkpt>
      <trkpt lat="39.895137" lon="116.646459">
        <time>2021-01-24T10:36:25Z</time>
      </trkpt>
      <trkpt lat="39.895067" lon="116.646424">
        <time>2021-01-24T10:36:30Z</time>
      </trkpt>
      <trkpt lat="39.894995" lon="116.646384">
        <time>2021-01-24T10:36:35Z</time>
      </trkpt>
      <trkpt lat="39.894918" lon="116.646342">
        <time>2021-01-24T10:36:40Z</time>
      </trkpt>
      <trkpt lat="39.894856" lon="116.646323">
        <time>2021-01-24T10:36:45Z</time>
      </trkpt>
      <trkpt lat="39.894742" lon="116.64625">
        <time>2021-01-24T10:36:50Z</time>
      </trkpt>
      <trkpt lat="39.894607" lon="116.646187">
        <time>2021-01-24T10:36:55Z</time>
      </trkpt>
      <trkpt lat="39.894429" lon="116.646154">
        <time>2021-01-24T10:37:00Z</time>
      </trkpt>
      <trkpt lat="39.894385" lon="116.646124">
        <time>2021-01-24T10:37:05Z</time>
      </trkpt>
      <trkpt lat="39.894266" lon="116.646052">
        <time>2021-01-24T10:37:10Z</time>
      </trkpt>
      <trkpt lat="39.8941" lon="116.645986">
        <time>2021-01-24T10:37:15Z</time>
      </trkpt>
      <trkpt lat="39.89405" lon="116.645962">
        <time>2021-01-24T10:37:20Z</time>
      </trkpt>
      <trkpt lat="39.893959" lon="116.645935">
        <time>2021-01-24T10:37:25Z</time>
      </trkpt>
      <trkpt lat="39.893869" lon="116.645962">
        <time>2021-01-24T10:37:30Z</time>
      </trkpt>
      <trkpt lat="39.893812" lon="116.646094">
        <time>2021-01-24T10:37:35Z</time>
      </trkpt>
      <trkpt lat="39.893748" lon="116.646212">
        <time>2021-01-24T10:37:40Z</time>
      </trkpt>
      <trkpt lat="39.893624" lon="116.646403">
        <time>2021-01-24T10:37:45Z</time>
      </trkpt>
      <trkpt lat="39.893606" lon="116.646413">
        <time>2021-01-24T10:37:50Z</time>
      </trkpt>
      <trkpt lat="39.893505" lon="116.646389">
        <time>2021-01-24T10:37:55Z</time>
      </trkpt>
      <trkpt lat="39.893419" lon="116.646364">
        <time>2021-01-24T10:38:00Z</time>
      </trkpt>
      <trkpt lat="39.893313" lon="116.646285">
        <time>2021-01-24T10:38:05Z</time>
      </trkpt>
      <trkpt lat="39.893237" lon="116.646206">
        <time>2021-01-24T10:38:10Z</time>
      </trkpt>
      <trkpt lat="39.893133" lon="116.646132">
        <time>2021-01-24T10:38:15Z</time>
      </trkpt>
      <trkpt lat="39.893026" lon="116.646081">
        <time>2021-01-24T10:38:20Z</time>
      </trkpt>
      <trkpt lat="39.89291" lon="116.645996">
        <time>2021-01-24T10:38:25Z</time>
      </trkpt>
      <trkpt lat="39.892826" lon="116.645943">
        <time>2021-01-24T10:38:30Z</time>
      </trkpt>
      <trkpt lat="39.892721" lon="116.645867">
        <time>2021-01-24T10:38:35Z</time>
      </trkpt>
      <trkpt lat="39.892622" lon="116.645841">
        <time>2021-01-24T10:38:40Z</time>
      </trkpt>
      <trkpt lat="39.8925" lon="116.645801">
        <time>2021-01-24T10:38:45Z</time>
      </trkpt>
      <trkpt lat="39.892397" lon="116.645756">
        <time>2021-01-24T10:38:50Z</time>
      </trkpt>
      <trkpt lat="39.89225" lon="116.645693">
        <time>2021-01-24T10:38:55Z</time>
      </trkpt>
      <trkpt lat="39.892172" lon="116.645657">
        <time>2021-01-24T10:39:00Z</time>
      </trkpt>
      <trkpt lat="39.892056" lon="116.645619">
        <time>2021-01-24T10:39:05Z</time>
      </trkpt>
      <trkpt lat="39.891949" lon="116.645551">
        <time>2021-01-24T10:39:10Z</time>
      </trkpt>
      <trkpt lat="39.891852" lon="116.645468">
        <time>2021-01-24T10:39:15Z</time>
      </trkpt>
      <trkpt lat="39.891768" lon="116.645391">
        <time>2021-01-24T10:39:20Z</time>
      </trkpt>
      <trkpt lat="39.891661" lon="116.64532">
        <time>2021-01-24T10:39:25Z</time>
      </trkpt>
      <trkpt lat="39.891532" lon="116.645277">
        <time>2021-01-24T10:39:30Z</time>
      </trkpt>
      <trkpt lat="39.891535" lon="116.645381">
        <time>2021-01-24T10:39:35Z</time>
      </trkpt>
      <trkpt lat="39.891658" lon="116.64545">
        <time>2021-01-24T10:39:40Z</time>
      </trkpt>
      <trkpt lat="39.891791" lon="116.645513">
        <time>2021-01-24T10:39:45Z</time>
      </trkpt>
      <trkpt lat="39.89191" lon="116.645553">
        <time>2021-01-24T10:39:50Z</time>
      </trkpt>
      <trkpt lat="39.892032" lon="116.645605">
        <time>2021-01-24T10:39:55Z</time>
      </trkpt>
      <trkpt lat="39.892151" lon="116.645637">
        <time>2021-01-24T10:40:00Z</time>
      </trkpt>
      <trkpt lat="39.892303" lon="116.645707">
        <time>2021-01-24T10:40:05Z</time>
      </trkpt>
      <trkpt lat="39.892365" lon="116.645753">
        <time>2021-01-24T10:40:10Z</time>
      </trkpt>
      <trkpt lat="39.892472" lon="116.645814">
        <time>2021-01-24T10:40:15Z</time>
      </trkpt>
      <trkpt lat="39.892563" lon="116.64586">
        <time>2021-01-24T10:40:20Z</time>
      </trkpt>
      <trkpt lat="39.89267" lon="116.645926">
        <time>2021-01-24T10:40:25Z</time>
      </trkpt>
      <trkpt lat="39.892778" lon="116.645972">
        <time>2021-01-24T10:40:30Z</time>
      </trkpt>
      <trkpt lat="39.892894" lon="116.646008">
        <time>2021-01-24T10:40:35Z</time>
      </trkpt>
      <trkpt lat="39.893011" lon="116.646055">
        <time>2021-01-24T10:40:40Z</time>
      </trkpt>
      <trkpt lat="39.893129" lon="116.646119">
        <time>2021-01-24T10:40:45Z</time>
      </trkpt>
      <trkpt lat="39.893242" lon="116.64618">
        <time>2021-01-24T10:40:50Z</time>
      </trkpt>
      <trkpt lat="39.893329" lon="116.646217">
        <time>2021-01-24T10:40:55Z</time>
      </trkpt>
      <trkpt lat="39.893426" lon="116.646246">
        <time>2021-01-24T10:41:00Z</time>
      </trkpt>
      <trkpt lat="39.893496" lon="116.646263">
        <time>2021-01-24T10:41:05Z</time>
      </trkpt>
      <trkpt lat="39.893574" lon="116.646344">
        <time>2021-01-24T10:41:10Z</time>
      </trkpt>
      <trkpt lat="39.89361" lon="116.646365">
        <time>2021-01-24T10:41:15Z</time>
      </trkpt>
      <trkpt lat="39.893689" lon="116.646408">
        <time>2021-01-24T10:41:20Z</time>
      </trkpt>
      <trkpt lat="39.893808" lon="116.646385">
        <time>2021-01-24T10:41:25Z</time>
      </trkpt>
      <trkpt lat="39.893844" lon="116.646332">
        <time>2021-01-24T10:41:30Z</time>
      </trkpt>
      <trkpt lat="39.893876" lon="116.646219">
        <time>2021-01-24T10:41:35Z</time>
      </trkpt>
      <trkpt lat="39.893926" lon="116.646127">
        <time>2021-01-24T10:41:40Z</time>
      </trkpt>
      <trkpt lat="39.893962" lon="116.646036">
        <time>2021-01-24T10:41:45Z</time>
      </trkpt>
      <trkpt lat="39.894011" lon="116.645974">
        <time>2021-01-24T10:41:50Z</time>
      </trkpt>
      <trkpt lat="39.894119" lon="116.645999">
        <time>2021-01-24T10:41:55Z</time>
      </trkpt>
      <trkpt lat="39.894271" lon="116.646042">
        <time>2021-01-24T10:42:00Z</time>
      </trkpt>
      <trkpt lat="39.894348" lon="116.646095">
        <time>2021-01-24T10:42:05Z</time>
      </trkpt>
      <trkpt lat="39.894471" lon="116.64615">
        <time>2021-01-24T10:42:10Z</time>
      </trkpt>
      <trkpt lat="39.894578" lon="116.646196">
        <time>2021-01-24T10:42:15Z</time>
      </trkpt>
      <trkpt lat="39.894691" lon="116.646257">
        <time>2021-01-24T10:42:20Z</time>
      </trkpt>
      <trkpt lat="39.89477" lon="116.646288">
        <time>2021-01-24T10:42:25Z</time>
      </trkpt>
      <trkpt lat="39.894887" lon="116.646362">
        <time>2021-01-24T10:42:30Z</time>
      </trkpt>
      <trkpt lat="39.895013" lon="116.646414">
        <time>2021-01-24T10:42:35Z</time>
      </trkpt>
      <trkpt lat="39.895138" lon="116.646455">
        <time>2021-01-24T10:42:40Z</time>
      </trkpt>
      <trkpt lat="39.895246" lon="116.646485">
        <time>2021-01-24T10:42:45Z</time>
      </trkpt>
      <trkpt lat="39.895339" lon="116.646534">
        <time>2021-01-24T10:42:50Z</time>
      </trkpt>
      <trkpt lat="39.895455" lon="116.646598">
        <time>2021-01-24T10:42:55Z</time>
      </trkpt>
      <trkpt lat="39.895547" lon="116.646634">
        <time>2021-01-24T10:43:00Z</time>
      </trkpt>
      <trkpt lat="39.89566" lon="116.646697">
        <time>2021-01-24T10:43:05Z</time>
      </trkpt>
      <trkpt lat="39.895755" lon="116.646757">
        <time>2021-01-24T10:43:10Z</time>
      </trkpt>
      <trkpt lat="39.895869" lon="116.646811">
        <time>2021-01-24T10:43:15Z</time>
      </trkpt>
      <trkpt lat="39.89597" lon="116.646841">
        <time>2021-01-24T10:43:20Z</time>
      </trkpt>
      <trkpt lat="39.896079" lon="116.646849">
        <time>2021-01-24T10:43:25Z</time>
      </trkpt>
      <trkpt lat="39.896156" lon="116.646736">
        <time>2021-01-24T10:43:30Z</time>
      </trkpt>
      <trkpt lat="39.896151" lon="116.646598">
        <time>2021-01-24T10:43:35Z</time>
      </trkpt>
      <trkpt lat="39.896136" lon="116.646471">
        <time>2021-01-24T10:43:40Z</time>
      </trkpt>
      <trkpt lat="39.896144" lon="116.646316">
        <time>2021-01-24T10:43:45Z</time>
      </trkpt>
      <trkpt lat="39.896145" lon="116.646148">
        <time>2021-01-24T10:43:50Z</time>
      </trkpt>
      <trkpt lat="39.896153" lon="116.645982">
        <time>2021-01-24T10:43:55Z</time>
      </trkpt>
      <trkpt lat="39.896165" lon="116.645853">
        <time>2021-01-24T10:44:00Z</time>
      </trkpt>
      <trkpt lat="39.896172" lon="116.645701">
        <time>2021-01-24T10:44:05Z</time>
      </trkpt>
      <trkpt lat="39.896177" lon="116.64555">
        <time>2021-01-24T10:44:10Z</time>
      </trkpt>
      <trkpt lat="39.896173" lon="116.645381">
        <time>2021-01-24T10:44:15Z</time>
      </trkpt>
      <trkpt lat="39.896187" lon="116.645248">
        <time>2021-01-24T10:44:20Z</time>
      </trkpt>
      <trkpt lat="39.896192" lon="116.645102">
        <time>2021-01-24T10:44:25Z</time>
      </trkpt>
      <trkpt lat="39.89622" lon="116.644993">
        <time>2021-01-24T10:44:30Z</time>
      </trkpt>
      <trkpt lat="39.896232" lon="116.644831">
        <time>2021-01-24T10:44:35Z</time>
      </trkpt>
      <trkpt lat="39.896238" lon="116.644683">
        <time>2021-01-24T10:44:40Z</time>
      </trkpt>
      <trkpt lat="39.896249" lon="116.64457">
        <time>2021-01-24T10:44:45Z</time>
      </trkpt>
      <trkpt lat="39.896254" lon="116.644454">
        <time>2021-01-24T10:44:50Z</time>
      </trkpt>
      <trkpt lat="39.896255" lon="116.644324">
        <time>2021-01-24T10:44:55Z</time>
      </trkpt>
      <trkpt lat="39.896256" lon="116.644179">
        <time>2021-01-24T10:45:00Z</time>
      </trkpt>
      <trkpt lat="39.89624" lon="116.644035">
        <time>2021-01-24T10:45:05Z</time>
      </trkpt>
      <trkpt lat="39.896238" lon="116.643888">
        <time>2021-01-24T10:45:10Z</time>
      </trkpt>
      <trkpt lat="39.896239" lon="116.643708">
        <time>2021-01-24T10:45:15Z</time>
      </trkpt>
      <trkpt lat="39.896246" lon="116.643559">
        <time>2021-01-24T10:45:20Z</time>
      </trkpt>
      <trkpt lat="39.896233" lon="116.643387">
        <time>2021-01-24T10:45:25Z</time>
      </trkpt>
      <trkpt lat="39.896223" lon="116.643266">
        <time>2021-01-24T10:45:30Z</time>
      </trkpt>
      <trkpt lat="39.896225" lon="116.643167">
        <time>2021-01-24T10:45:35Z</time>
      </trkpt>
      <trkpt lat="39.896226" lon="116.643076">
        <time>2021-01-24T10:45:40Z</time>
      </trkpt>
      <trkpt lat="39.896221" lon="116.642967">
        <time>2021-01-24T10:45:45Z</time>
      </trkpt>
      <trkpt lat="39.896226" lon="116.642857">
        <time>2021-01-24T10:45:50Z</time>
      </trkpt>
      <trkpt lat="39.896226" lon="116.642776">
        <time>2021-01-24T10:45:55Z</time>
      </trkpt>
      <trkpt lat="39.896235" lon="116.642703">
        <time>2021-01-24T10:46:00Z</time>
      </trkpt>
      <trkpt lat="39.896245" lon="116.642559">
        <time>2021-01-24T10:46:05Z</time>
      </trkpt>
      <trkpt lat="39.896275" lon="116.642428">
        <time>2021-01-24T10:46:10Z</time>
      </trkpt>
      <trkpt lat="39.89628" lon="116.642285">
        <time>2021-01-24T10:46:15Z</time>
      </trkpt>
      <trkpt lat="39.89629" lon="116.642159">
        <time>2021-01-24T10:46:20Z</time>
      </trkpt>
      <trkpt lat="39.896299" lon="116.641968">
        <time>2021-01-24T10:46:25Z</time>
      </trkpt>
      <trkpt lat="39.896266" lon="116.64176">
        <time>2021-01-24T10:46:30Z</time>
      </trkpt>
      <trkpt lat="39.896273" lon="116.641614">
        <time>2021-01-24T10:46:35Z</time>
      </trkpt>
      <trkpt lat="39.896287" lon="116.641491">
        <time>2021-01-24T10:46:40Z</time>
      </trkpt>
      <trkpt lat="39.896284" lon="116.641328">
        <time>2021-01-24T10:46:45Z</time>
      </trkpt>
      <trkpt lat="39.896296" lon="116.641178">
        <time>2021-01-24T10:46:50Z</time>
      </trkpt>
      <trkpt lat="39.896299" lon="116.641016">
        <time>2021-01-24T10:46:55Z</time>
      </trkpt>
      <trkpt lat="39.896301" lon="116.640839">
        <time>2021-01-24T10:47:00Z</time>
      </trkpt>
      <trkpt lat="39.89629" lon="116.640694">
        <time>2021-01-24T10:47:05Z</time>
      </trkpt>
      <trkpt lat="39.896276" lon="116.64053">
        <time>2021-01-24T10:47:10Z</time>
      </trkpt>
      <trkpt lat="39.896293" lon="116.640376">
        <time>2021-01-24T10:47:15Z</time>
      </trkpt>
      <trkpt lat="39.896301" lon="116.640249">
        <time>2021-01-24T10:47:20Z</time>
      </trkpt>
      <trkpt lat="39.896309" lon="116.640119">
        <time>2021-01-24T10:47:25Z</time>
      </trkpt>
      <trkpt lat="39.896295" lon="116.639942">
        <time>2021-01-24T10:47:30Z</time>
      </trkpt>
      <trkpt lat="39.896285" lon="116.639801">
        <time>2021-01-24T10:47:35Z</time>
      </trkpt>
      <trkpt lat="39.896267" lon="116.639666">
        <time>2021-01-24T10:47:40Z</time>
      </trkpt>
      <trkpt lat="39.896286" lon="116.639548">
        <time>2021-01-24T10:47:45Z</time>
      </trkpt>
      <trkpt lat="39.896306" lon="116.639419">
        <time>2021-01-24T10:47:50Z</time>
      </trkpt>
      <trkpt lat="39.896295" lon="116.639241">
        <time>2021-01-24T10:47:55Z</time>
      </trkpt>
      <trkpt lat="39.896296" lon="116.639089">
        <time>2021-01-24T10:48:00Z</time>
      </trkpt>
      <trkpt lat="39.896289" lon="116.638907">
        <time>2021-01-24T10:48:05Z</time>
      </trkpt>
      <trkpt lat="39.896265" lon="116.638726">
        <time>2021-01-24T10:48:10Z</time>
      </trkpt>
      <trkpt lat="39.896242" lon="116.638586">
        <time>2021-01-24T10:48:15Z</time>
      </trkpt>
      <trkpt lat="39.896241" lon="116.638439">
        <time>2021-01-24T10:48:20Z</time>
      </trkpt>
      <trkpt lat="39.896215" lon="116.638275">
        <time>2021-01-24T10:48:25Z</time>
      </trkpt>
      <trkpt lat="39.896214" lon="116.63811">
        <time>2021-01-24T10:48:30Z</time>
      </trkpt>
      <trkpt lat="39.896223" lon="116.637938">
        <time>2021-01-24T10:48:35Z</time>
      </trkpt>
      <trkpt lat="39.896218" lon="116.63776">
        <time>2021-01-24T10:48:40Z</time>
      </trkpt>
      <trkpt lat="39.896198" lon="116.637584">
        <time>2021-01-24T10:48:45Z</time>
      </trkpt>
      <trkpt lat="39.896167" lon="116.637401">
        <time>2021-01-24T10:48:50Z</time>
      </trkpt>
      <trkpt lat="39.896158" lon="116.637233">
        <time>2021-01-24T10:48:55Z</time>
      </trkpt>
      <trkpt lat="39.896151" lon="116.637065">
        <time>2021-01-24T10:49:00Z</time>
      </trkpt>
      <trkpt lat="39.896152" lon="116.636918">
        <time>2021-01-24T10:49:05Z</time>
      </trkpt>
      <trkpt lat="39.896119" lon="116.636773">
        <time>2021-01-24T10:49:10Z</time>
      </trkpt>
      <trkpt lat="39.896035" lon="116.636728">
        <time>2021-01-24T10:49:15Z</time>
      </trkpt>
      <trkpt lat="39.896073" lon="116.63685">
        <time>2021-01-24T10:49:20Z</time>
      </trkpt>
      <trkpt lat="39.896117" lon="116.636963">
        <time>2021-01-24T10:49:25Z</time>
      </trkpt>
      <trkpt lat="39.896119" lon="116.637044">
        <time>2021-01-24T10:49:30Z</time>
      </trkpt>
      <trkpt lat="39.896126" lon="116.637144">
        <time>2021-01-24T10:49:35Z</time>
      </trkpt>
      <trkpt lat="39.89613" lon="116.637273">
        <time>2021-01-24T10:49:40Z</time>
      </trkpt>
      <trkpt lat="39.896148" lon="116.637428">
        <time>2021-01-24T10:49:45Z</time>
      </trkpt>
      <trkpt lat="39.896168" lon="116.637583">
        <time>2021-01-24T10:49:50Z</time>
      </trkpt>
      <trkpt lat="39.896169" lon="116.637764">
        <time>2021-01-24T10:49:55Z</time>
      </trkpt>
      <trkpt lat="39.896177" lon="116.637928">
        <time>2021-01-24T10:50:00Z</time>
      </trkpt>
      <trkpt lat="39.896166" lon="116.638096">
        <time>2021-01-24T10:50:05Z</time>
      </trkpt>
      <trkpt lat="39.896169" lon="116.638279">
        <time>2021-01-24T10:50:10Z</time>
      </trkpt>
      <trkpt lat="39.896175" lon="116.638439">
        <time>2021-01-24T10:50:15Z</time>
      </trkpt>
      <trkpt lat="39.896177" lon="116.638592">
        <time>2021-01-24T10:50:20Z</time>
      </trkpt>
      <trkpt lat="39.89618" lon="116.638776">
        <time>2021-01-24T10:50:25Z</time>
      </trkpt>
      <trkpt lat="39.896189" lon="116.638918">
        <time>2021-01-24T10:50:30Z</time>
      </trkpt>
      <trkpt lat="39.896194" lon="116.63908">
        <time>2021-01-24T10:50:35Z</time>
      </trkpt>
      <trkpt lat="39.896201" lon="116.639236">
        <time>2021-01-24T10:50:40Z</time>
      </trkpt>
      <trkpt lat="39.896205" lon="116.639362">
        <time>2021-01-24T10:50:45Z</time>
      </trkpt>
      <trkpt lat="39.896212" lon="116.639492">
        <time>2021-01-24T10:50:50Z</time>
      </trkpt>
      <trkpt lat="39.89623" lon="116.639625">
        <time>2021-01-24T10:50:55Z</time>
      </trkpt>
      <trkpt lat="39.896237" lon="116.639733">
        <time>2021-01-24T10:51:00Z</time>
      </trkpt>
      <trkpt lat="39.896246" lon="116.639825">
        <time>2021-01-24T10:51:05Z</time>
      </trkpt>
      <trkpt lat="39.896262" lon="116.639936">
        <time>2021-01-24T10:51:10Z</time>
      </trkpt>
      <trkpt lat="39.896268" lon="116.640053">
        <time>2021-01-24T10:51:15Z</time>
      </trkpt>
      <trkpt lat="39.896272" lon="116.64021">
        <time>2021-01-24T10:51:20Z</time>
      </trkpt>
      <trkpt lat="39.896278" lon="116.640323">
        <time>2021-01-24T10:51:25Z</time>
      </trkpt>
      <trkpt lat="39.896286" lon="116.64042">
        <time>2021-01-24T10:51:30Z</time>
      </trkpt>
      <trkpt lat="39.896284" lon="116.640594">
        <time>2021-01-24T10:51:35Z</time>
      </trkpt>
      <trkpt lat="39.896277" lon="116.640808">
        <time>2021-01-24T10:51:40Z</time>
      </trkpt>
      <trkpt lat="39.896265" lon="116.641006">
        <time>2021-01-24T10:51:45Z</time>
      </trkpt>
      <trkpt lat="39.896254" lon="116.641178">
        <time>2021-01-24T10:51:50Z</time>
      </trkpt>
      <trkpt lat="39.896259" lon="116.641358">
        <time>2021-01-24T10:51:55Z</time>
      </trkpt>
      <trkpt lat="39.896249" lon="116.641501">
        <time>2021-01-24T10:52:00Z</time>
      </trkpt>
      <trkpt lat="39.896234" lon="116.641644">
        <time>2021-01-24T10:52:05Z</time>
      </trkpt>
      <trkpt lat="39.896236" lon="116.641793">
        <time>2021-01-24T10:52:10Z</time>
      </trkpt>
      <trkpt lat="39.896229" lon="116.64193">
        <time>2021-01-24T10:52:15Z</time>
      </trkpt>
      <trkpt lat="39.896219" lon="116.6421">
        <time>2021-01-24T10:52:20Z</time>
      </trkpt>
      <trkpt lat="39.896224" lon="116.642159">
        <time>2021-01-24T10:52:25Z</time>
      </trkpt>
      <trkpt lat="39.89623" lon="116.642267">
        <time>2021-01-24T10:52:30Z</time>
      </trkpt>
      <trkpt lat="39.896218" lon="116.642352">
        <time>2021-01-24T10:52:35Z</time>
      </trkpt>
      <trkpt lat="39.896221" lon="116.642441">
        <time>2021-01-24T10:52:40Z</time>
      </trkpt>
      <trkpt lat="39.896212" lon="116.642525">
        <time>2021-01-24T10:52:45Z</time>
      </trkpt>
      <trkpt lat="39.896206" lon="116.642645">
        <time>2021-01-24T10:52:50Z</time>
      </trkpt>
      <trkpt lat="39.896203" lon="116.642761">
        <time>2021-01-24T10:52:55Z</time>
      </trkpt>
      <trkpt lat="39.896209" lon="116.642922">
        <time>2021-01-24T10:53:00Z</time>
      </trkpt>
      <trkpt lat="39.896191" lon="116.643074">
        <time>2021-01-24T10:53:05Z</time>
      </trkpt>
      <trkpt lat="39.896177" lon="116.64323">
        <time>2021-01-24T10:53:10Z</time>
      </trkpt>
      <trkpt lat="39.896174" lon="116.643382">
        <time>2021-01-24T10:53:15Z</time>
      </trkpt>
      <trkpt lat="39.896196" lon="116.643564">
        <time>2021-01-24T10:53:20Z</time>
      </trkpt>
      <trkpt lat="39.89621" lon="116.643721">
        <time>2021-01-24T10:53:25Z</time>
      </trkpt>
      <trkpt lat="39.896191" lon="116.643874">
        <time>2021-01-24T10:53:30Z</time>
      </trkpt>
      <trkpt lat="39.896193" lon="116.644047">
        <time>2021-01-24T10:53:35Z</time>
      </trkpt>
      <trkpt lat="39.896193" lon="116.644229">
        <time>2021-01-24T10:53:40Z</time>
      </trkpt>
      <trkpt lat="39.896197" lon="116.644417">
        <time>2021-01-24T10:53:45Z</time>
      </trkpt>
      <trkpt lat="39.896206" lon="116.644608">
        <time>2021-01-24T10:53:50Z</time>
      </trkpt>
      <trkpt lat="39.896207" lon="116.644771">
        <time>2021-01-24T10:53:55Z</time>
      </trkpt>
      <trkpt lat="39.896206" lon="116.64494">
        <time>2021-01-24T10:54:00Z</time>
      </trkpt>
      <trkpt lat="39.89619" lon="116.645133">
        <time>2021-01-24T10:54:05Z</time>
      </trkpt>
      <trkpt lat="39.896178" lon="116.645289">
        <time>2021-01-24T10:54:10Z</time>
      </trkpt>
      <trkpt lat="39.896153" lon="116.645464">
        <time>2021-01-24T10:54:15Z</time>
      </trkpt>
      <trkpt lat="39.896118" lon="116.645611">
        <time>2021-01-24T10:54:20Z</time>
      </trkpt>
      <trkpt lat="39.896083" lon="116.645773">
        <time>2021-01-24T10:54:25Z</time>
      </trkpt>
      <trkpt lat="39.896061" lon="116.645933">
        <time>2021-01-24T10:54:30Z</time>
      </trkpt>
      <trkpt lat="39.896051" lon="116.64612">
        <time>2021-01-24T10:54:35Z</time>
      </trkpt>
      <trkpt lat="39.89603" lon="116.646289">
        <time>2021-01-24T10:54:40Z</time>
      </trkpt>
      <trkpt lat="39.896019" lon="116.646434">
        <time>2021-01-24T10:54:45Z</time>
      </trkpt>
      <trkpt lat="39.896001" lon="116.646622">
        <time>2021-01-24T10:54:50Z</time>
      </trkpt>
      <trkpt lat="39.895979" lon="116.646784">
        <time>2021-01-24T10:54:55Z</time>
      </trkpt>
      <trkpt lat="39.895862" lon="116.646843">
        <time>2021-01-24T10:55:00Z</time>
      </trkpt>
      <trkpt lat="39.895776" lon="116.646797">
        <time>2021-01-24T10:55:05Z</time>
      </trkpt>
      <trkpt lat="39.895695" lon="116.646762">
        <time>2021-01-24T10:55:10Z</time>
      </trkpt>
      <trkpt lat="39.895626" lon="116.646712">
        <time>2021-01-24T10:55:15Z</time>
      </trkpt>
      <trkpt lat="39.895556" lon="116.646657">
        <time>2021-01-24T10:55:20Z</time>
      </trkpt>
      <trkpt lat="39.895482" lon="116.646587">
        <time>2021-01-24T10:55:25Z</time>
      </trkpt>
      <trkpt lat="39.895386" lon="116.646516">
        <time>2021-01-24T10:55:30Z</time>
      </trkpt>
      <trkpt lat="39.895293" lon="116.646476">
        <time>2021-01-24T10:55:35Z</time>
      </trkpt>
      <trkpt lat="39.895184" lon="116.646412">
        <time>2021-01-24T10:55:40Z</time>
      </trkpt>
      <trkpt lat="39.89506" lon="116.646384">
        <time>2021-01-24T10:55:45Z</time>
      </trkpt>
      <trkpt lat="39.89492" lon="116.646338">
        <time>2021-01-24T10:55:50Z</time>
      </trkpt>
      <trkpt lat="39.894849" lon="116.646291">
        <time>2021-01-24T10:55:55Z</time>
      </trkpt>
      <trkpt lat="39.894757" lon="116.646233">
        <time>2021-01-24T10:56:00Z</time>
      </trkpt>
      <trkpt lat="39.894643" lon="116.646173">
        <time>2021-01-24T10:56:05Z</time>
      </trkpt>
      <trkpt lat="39.894474" lon="116.646106">
        <time>2021-01-24T10:56:10Z</time>
      </trkpt>
      <trkpt lat="39.894399" lon="116.646084">
        <time>2021-01-24T10:56:15Z</time>
      </trkpt>
      <trkpt lat="39.894298" lon="116.646038">
        <time>2021-01-24T10:56:20Z</time>
      </trkpt>
      <trkpt lat="39.894196" lon="116.645991">
        <time>2021-01-24T10:56:25Z</time>
      </trkpt>
      <trkpt lat="39.894128" lon="116.645963">
        <time>2021-01-24T10:56:30Z</time>
      </trkpt>
      <trkpt lat="39.894049" lon="116.645931">
        <time>2021-01-24T10:56:35Z</time>
      </trkpt>
      <trkpt lat="39.893972" lon="116.645912">
        <time>2021-01-24T10:56:40Z</time>
      </trkpt>
      <trkpt lat="39.893898" lon="116.645896">
        <time>2021-01-24T10:56:45Z</time>
      </trkpt>
      <trkpt lat="39.893836" lon="116.645944">
        <time>2021-01-24T10:56:50Z</time>
      </trkpt>
      <trkpt lat="39.893807" lon="116.646042">
        <time>2021-01-24T10:56:55Z</time>
      </trkpt>
      <trkpt lat="39.893773" lon="116.646115">
        <time>2021-01-24T10:57:00Z</time>
      </trkpt>
      <trkpt lat="39.893746" lon="116.646207">
        <time>2021-01-24T10:57:05Z</time>
      </trkpt>
      <trkpt lat="39.893697" lon="116.64628">
        <time>2021-01-24T10:57:10Z</time>
      </trkpt>
      <trkpt lat="39.893594" lon="116.646391">
        <time>2021-01-24T10:57:15Z</time>
      </trkpt>
      <trkpt lat="39.893549" lon="116.646381">
        <time>2021-01-24T10:57:20Z</time>
      </trkpt>
      <trkpt lat="39.89344" lon="116.646303">
        <time>2021-01-24T10:57:25Z</time>
      </trkpt>
      <trkpt lat="39.893353" lon="116.646226">
        <time>2021-01-24T10:57:30Z</time>
      </trkpt>
      <trkpt lat="39.893255" lon="116.646165">
        <time>2021-01-24T10:57:35Z</time>
      </trkpt>
      <trkpt lat="39.89315" lon="116.646081">
        <time>2021-01-24T10:57:40Z</time>
      </trkpt>
      <trkpt lat="39.893039" lon="116.646017">
        <time>2021-01-24T10:57:45Z</time>
      </trkpt>
      <trkpt lat="39.892916" lon="116.645998">
        <time>2021-01-24T10:57:50Z</time>
      </trkpt>
      <trkpt lat="39.892821" lon="116.645945">
        <time>2021-01-24T10:57:55Z</time>
      </trkpt>
      <trkpt lat="39.892713" lon="116.645908">
        <time>2021-01-24T10:58:00Z</time>
      </trkpt>
      <trkpt lat="39.892575" lon="116.645863">
        <time>2021-01-24T10:58:05Z</time>
      </trkpt>
      <trkpt lat="39.892506" lon="116.645786">
        <time>2021-01-24T10:58:10Z</time>
      </trkpt>
      <trkpt lat="39.892404" lon="116.645703">
        <time>2021-01-24T10:58:15Z</time>
      </trkpt>
      <trkpt lat="39.892242" lon="116.645656">
        <time>2021-01-24T10:58:20Z</time>
      </trkpt>
      <trkpt lat="39.892151" lon="116.645619">
        <time>2021-01-24T10:58:25Z</time>
      </trkpt>
      <trkpt lat="39.892033" lon="116.645558">
        <time>2021-01-24T10:58:30Z</time>
      </trkpt>
      <trkpt lat="39.891923" lon="116.645492">
        <time>2021-01-24T10:58:35Z</time>
      </trkpt>
      <trkpt lat="39.891847" lon="116.645417">
        <time>2021-01-24T10:58:40Z</time>
      </trkpt>
      <trkpt lat="39.891735" lon="116.645349">
        <time>2021-01-24T10:58:45Z</time>
      </trkpt>
      <trkpt lat="39.891616" lon="116.645299">
        <time>2021-01-24T10:58:50Z</time>
      </trkpt>
      <trkpt lat="39.891611" lon="116.645405">
        <time>2021-01-24T10:58:55Z</time>
      </trkpt>
      <trkpt lat="39.891739" lon="116.645455">
        <time>2021-01-24T10:59:00Z</time>
      </trkpt>
      <trkpt lat="39.891865" lon="116.645533">
        <time>2021-01-24T10:59:05Z</time>
      </trkpt>
      <trkpt lat="39.891992" lon="116.645569">
        <time>2021-01-24T10:59:10Z</time>
      </trkpt>
      <trkpt lat="39.892103" lon="116.645623">
        <time>2021-01-24T10:59:15Z</time>
      </trkpt>
      <trkpt lat="39.892167" lon="116.64566">
        <time>2021-01-24T10:59:20Z</time>
      </trkpt>
      <trkpt lat="39.892298" lon="116.645704">
        <time>2021-01-24T10:59:25Z</time>
      </trkpt>
      <trkpt lat="39.892333" lon="116.645731">
        <time>2021-01-24T10:59:30Z</time>
      </trkpt>
      <trkpt lat="39.89241" lon="116.645757">
        <time>2021-01-24T10:59:35Z</time>
      </trkpt>
      <trkpt lat="39.892485" lon="116.645796">
        <time>2021-01-24T10:59:40Z</time>
      </trkpt>
      <trkpt lat="39.892554" lon="116.645819">
        <time>2021-01-24T10:59:45Z</time>
      </trkpt>
      <trkpt lat="39.892622" lon="116.645851">
        <time>2021-01-24T10:59:50Z</time>
      </trkpt>
      <trkpt lat="39.892705" lon="116.645892">
        <time>2021-01-24T10:59:55Z</time>
      </trkpt>
      <trkpt lat="39.89279" lon="116.645927">
        <time>2021-01-24T11:00:00Z</time>
      </trkpt>
      <trkpt lat="39.892874" lon="116.645988">
        <time>2021-01-24T11:00:05Z</time>
      </trkpt>
      <trkpt lat="39.892949" lon="116.646027">
        <time>2021-01-24T11:00:10Z</time>
      </trkpt>
      <trkpt lat="39.893016" lon="116.646091">
        <time>2021-01-24T11:00:15Z</time>
      </trkpt>
      <trkpt lat="39.893125" lon="116.64614">
        <time>2021-01-24T11:00:20Z</time>
      </trkpt>
      <trkpt lat="39.893217" lon="116.646192">
        <time>2021-01-24T11:00:25Z</time>
      </trkpt>
      <trkpt lat="39.893295" lon="116.646217">
        <time>2021-01-24T11:00:30Z</time>
      </trkpt>
      <trkpt lat="39.893429" lon="116.646283">
        <time>2021-01-24T11:00:35Z</time>
      </trkpt>
      <trkpt lat="39.893553" lon="116.646342">
        <time>2021-01-24T11:00:40Z</time>
      </trkpt>
      <trkpt lat="39.893653" lon="116.646401">
        <time>2021-01-24T11:00:45Z</time>
      </trkpt>
      <trkpt lat="39.89376" lon="116.646359">
        <time>2021-01-24T11:00:50Z</time>
      </trkpt>
      <trkpt lat="39.893854" lon="116.646165">
        <time>2021-01-24T11:00:55Z</time>
      </trkpt>
      <trkpt lat="39.893889" lon="116.646113">
        <time>2021-01-24T11:01:00Z</time>
      </trkpt>
      <trkpt lat="39.89396" lon="116.64601">
        <time>2021-01-24T11:01:05Z</time>
      </trkpt>
      <trkpt lat="39.89404" lon="116.645917">
        <time>2021-01-24T11:01:10Z</time>
      </trkpt>
      <trkpt lat="39.894113" lon="116.645975">
        <time>2021-01-24T11:01:15Z</time>
      </trkpt>
      <trkpt lat="39.894271" lon="116.646071">
        <time>2021-01-24T11:01:20Z</time>
      </trkpt>
      <trkpt lat="39.894371" lon="116.646111">
        <time>2021-01-24T11:01:25Z</time>
      </trkpt>
      <trkpt lat="39.89449" lon="116.646155">
        <time>2021-01-24T11:01:30Z</time>
      </trkpt>
      <trkpt lat="39.894678" lon="116.646261">
        <time>2021-01-24T11:01:35Z</time>
      </trkpt>
      <trkpt lat="39.894734" lon="116.64627">
        <time>2021-01-24T11:01:40Z</time>
      </trkpt>
      <trkpt lat="39.894852" lon="116.646294">
        <time>2021-01-24T11:01:45Z</time>
      </trkpt>
      <trkpt lat="39.89492" lon="116.646339">
        <time>2021-01-24T11:01:50Z</time>
      </trkpt>
      <trkpt lat="39.894981" lon="116.646412">
        <time>2021-01-24T11:01:55Z</time>
      </trkpt>
      <trkpt lat="39.895056" lon="116.646448">
        <time>2021-01-24T11:02:00Z</time>
      </trkpt>
      <trkpt lat="39.895122" lon="116.646474">
        <time>2021-01-24T11:02:05Z</time>
      </trkpt>
      <trkpt lat="39.895193" lon="116.6465">
        <time>2021-01-24T11:02:10Z</time>
      </trkpt>
      <trkpt lat="39.895272" lon="116.64654">
        <time>2021-01-24T11:02:15Z</time>
      </trkpt>
      <trkpt lat="39.895348" lon="116.64659">
        <time>2021-01-24T11:02:20Z</time>
      </trkpt>
      <trkpt lat="39.89544" lon="116.646634">
        <time>2021-01-24T11:02:25Z</time>
      </trkpt>
      <trkpt lat="39.895545" lon="116.646679">
        <time>2021-01-24T11:02:30Z</time>
      </trkpt>
      <trkpt lat="39.895668" lon="116.646738">
        <time>2021-01-24T11:02:35Z</time>
      </trkpt>
      <trkpt lat="39.89579" lon="116.646763">
        <time>2021-01-24T11:02:40Z</time>
      </trkpt>
      <trkpt lat="39.895891" lon="116.64681">
        <time>2021-01-24T11:02:45Z</time>
      </trkpt>
      <trkpt lat="39.895987" lon="116.646839">
        <time>2021-01-24T11:02:50Z</time>
      </trkpt>
      <trkpt lat="39.896099" lon="116.6468">
        <time>2021-01-24T11:02:55Z</time>
      </trkpt>
      <trkpt lat="39.896114" lon="116.646693">
        <time>2021-01-24T11:03:00Z</time>
      </trkpt>
      <trkpt lat="39.896116" lon="116.646567">
        <time>2021-01-24T11:03:05Z</time>
      </trkpt>
      <trkpt lat="39.896124" lon="116.646414">
        <time>2021-01-24T11:03:10Z</time>
      </trkpt>
      <trkpt lat="39.896134" lon="116.646258">
        <time>2021-01-24T11:03:15Z</time>
      </trkpt>
      <trkpt lat="39.896129" lon="116.646111">
        <time>2021-01-24T11:03:20Z</time>
      </trkpt>
      <trkpt lat="39.896134" lon="116.645946">
        <time>2021-01-24T11:03:25Z</time>
      </trkpt>
      <trkpt lat="39.896153" lon="116.645803">
        <time>2021-01-24T11:03:30Z</time>
      </trkpt>
      <trkpt lat="39.896174" lon="116.645685">
        <time>2021-01-24T11:03:35Z</time>
      </trkpt>
      <trkpt lat="39.896194" lon="116.645534">
        <time>2021-01-24T11:03:40Z</time>
      </trkpt>
      <trkpt lat="39.896209" lon="116.645365">
        <time>2021-01-24T11:03:45Z</time>
      </trkpt>
      <trkpt lat="39.896214" lon="116.645247">
        <time>2021-01-24T11:03:50Z</time>
      </trkpt>
      <trkpt lat="39.89623" lon="116.645171">
        <time>2021-01-24T11:03:55Z</time>
      </trkpt>
      <trkpt lat="39.896229" lon="116.645072">
        <time>2021-01-24T11:04:00Z</time>
      </trkpt>
      <trkpt lat="39.896246" lon="116.644935">
        <time>2021-01-24T11:04:05Z</time>
      </trkpt>
      <trkpt lat="39.89627" lon="116.644805">
        <time>2021-01-24T11:04:10Z</time>
      </trkpt>
      <trkpt lat="39.896281" lon="116.644621">
        <time>2021-01-24T11:04:15Z</time>
      </trkpt>
      <trkpt lat="39.896268" lon="116.644434">
        <time>2021-01-24T11:04:20Z</time>
      </trkpt>
      <trkpt lat="39.896251" lon="116.644274">
        <time>2021-01-24T11:04:25Z</time>
      </trkpt>
      <trkpt lat="39.896226" lon="116.64413">
        <time>2021-01-24T11:04:30Z</time>
      </trkpt>
      <trkpt lat="39.896241" lon="116.644045">
        <time>2021-01-24T11:04:35Z</time>
      </trkpt>
      <trkpt lat="39.896223" lon="116.643933">
        <time>2021-01-24T11:04:40Z</time>
      </trkpt>
      <trkpt lat="39.896218" lon="116.64382">
        <time>2021-01-24T11:04:45Z</time>
      </trkpt>
      <trkpt lat="39.896224" lon="116.643725">
        <time>2021-01-24T11:04:50Z</time>
      </trkpt>
      <trkpt lat="39.896219" lon="116.64363">
        <time>2021-01-24T11:04:55Z</time>
      </trkpt>
      <trkpt lat="39.896226" lon="116.643532">
        <time>2021-01-24T11:05:00Z</time>
      </trkpt>
      <trkpt lat="39.896218" lon="116.643452">
        <time>2021-01-24T11:05:05Z</time>
      </trkpt>
      <trkpt lat="39.896216" lon="116.643326">
        <time>2021-01-24T11:05:10Z</time>
      </trkpt>
      <trkpt lat="39.896228" lon="116.643189">
        <time>2021-01-24T11:05:15Z</time>
      </trkpt>
      <trkpt lat="39.896233" lon="116.643057">
        <time>2021-01-24T11:05:20Z</time>
      </trkpt>
      <trkpt lat="39.896239" lon="116.642923">
        <time>2021-01-24T11:05:25Z</time>
      </trkpt>
      <trkpt lat="39.896253" lon="116.642819">
        <time>2021-01-24T11:05:30Z</time>
      </trkpt>
      <trkpt lat="39.896262" lon="116.64267">
        <time>2021-01-24T11:05:35Z</time>
      </trkpt>
      <trkpt lat="39.896251" lon="116.642537">
        <time>2021-01-24T11:05:40Z</time>
      </trkpt>
      <trkpt lat="39.896253" lon="116.642471">
        <time>2021-01-24T11:05:45Z</time>
      </trkpt>
      <trkpt lat="39.896254" lon="116.642445">
        <time>2021-01-24T11:05:50Z</time>
      </trkpt>
      <trkpt lat="39.896243" lon="116.642423">
        <time>2021-01-24T11:05:55Z</time>
      </trkpt>
      <trkpt lat="39.896239" lon="116.642406">
        <time>2021-01-24T11:06:00Z</time>
      </trkpt>
      <trkpt lat="39.896233" lon="116.642366">
        <time>2021-01-24T11:06:05Z</time>
      </trkpt>
      <trkpt lat="39.896255" lon="116.642293">
        <time>2021-01-24T11:06:10Z</time>
      </trkpt>
      <trkpt lat="39.896267" lon="116.64219">
        <time>2021-01-24T11:06:15Z</time>
      </trkpt>
      <trkpt lat="39.896272" lon="116.642029">
        <time>2021-01-24T11:06:20Z</time>
      </trkpt>
      <trkpt lat="39.896272" lon="116.641878">
        <time>2021-01-24T11:06:25Z</time>
      </trkpt>
      <trkpt lat="39.896283" lon="116.641747">
        <time>2021-01-24T11:06:30Z</time>
      </trkpt>
      <trkpt lat="39.896278" lon="116.64158">
        <time>2021-01-24T11:06:35Z</time>
      </trkpt>
      <trkpt lat="39.896263" lon="116.641393">
        <time>2021-01-24T11:06:40Z</time>
      </trkpt>
      <trkpt lat="39.896248" lon="116.641192">
        <time>2021-01-24T11:06:45Z</time>
      </trkpt>
      <trkpt lat="39.896258" lon="116.641028">
        <time>2021-01-24T11:06:50Z</time>
      </trkpt>
      <trkpt lat="39.896267" lon="116.64091">
        <time>2021-01-24T11:06:55Z</time>
      </trkpt>
      <trkpt lat="39.896274" lon="116.640788">
        <time>2021-01-24T11:07:00Z</time>
      </trkpt>
      <trkpt lat="39.896274" lon="116.640662">
        <time>2021-01-24T11:07:05Z</time>
      </trkpt>
      <trkpt lat="39.896253" lon="116.640581">
        <time>2021-01-24T11:07:10Z</time>
      </trkpt>
      <trkpt lat="39.896256" lon="116.640465">
        <time>2021-01-24T11:07:15Z</time>
      </trkpt>
      <trkpt lat="39.896267" lon="116.640374">
        <time>2021-01-24T11:07:20Z</time>
      </trkpt>
      <trkpt lat="39.896287" lon="116.640315">
        <time>2021-01-24T11:07:25Z</time>
      </trkpt>
      <trkpt lat="39.8963" lon="116.640267">
        <time>2021-01-24T11:07:30Z</time>
      </trkpt>
      <trkpt lat="39.896287" lon="116.64012">
        <time>2021-01-24T11:07:35Z</time>
      </trkpt>
      <trkpt lat="39.896282" lon="116.640019">
        <time>2021-01-24T11:07:40Z</time>
      </trkpt>
      <trkpt lat="39.896261" lon="116.639877">
        <time>2021-01-24T11:07:45Z</time>
      </trkpt>
      <trkpt lat="39.896256" lon="116.639749">
        <time>2021-01-24T11:07:50Z</time>
      </trkpt>
      <trkpt lat="39.896245" lon="116.639644">
        <time>2021-01-24T11:07:55Z</time>
      </trkpt>
      <trkpt lat="39.89625" lon="116.639577">
        <time>2021-01-24T11:08:00Z</time>
      </trkpt>
      <trkpt lat="39.896232" lon="116.63947">
        <time>2021-01-24T11:08:05Z</time>
      </trkpt>
      <trkpt lat="39.896227" lon="116.639396">
        <time>2021-01-24T11:08:10Z</time>
      </trkpt>
      <trkpt lat="39.896208" lon="116.639286">
        <time>2021-01-24T11:08:15Z</time>
      </trkpt>
      <trkpt lat="39.896217" lon="116.63917">
        <time>2021-01-24T11:08:20Z</time>
      </trkpt>
      <trkpt lat="39.896215" lon="116.639058">
        <time>2021-01-24T11:08:25Z</time>
      </trkpt>
      <trkpt lat="39.896201" lon="116.638903">
        <time>2021-01-24T11:08:30Z</time>
      </trkpt>
      <trkpt lat="39.896205" lon="116.638766">
        <time>2021-01-24T11:08:35Z</time>
      </trkpt>
      <trkpt lat="39.896208" lon="116.63861">
        <time>2021-01-24T11:08:40Z</time>
      </trkpt>
      <trkpt lat="39.896185" lon="116.638456">
        <time>2021-01-24T11:08:45Z</time>
      </trkpt>
      <trkpt lat="39.896173" lon="116.638322">
        <time>2021-01-24T11:08:50Z</time>
      </trkpt>
      <trkpt lat="39.896166" lon="116.638145">
        <time>2021-01-24T11:08:55Z</time>
      </trkpt>
      <trkpt lat="39.896164" lon="116.637993">
        <time>2021-01-24T11:09:00Z</time>
      </trkpt>
      <trkpt lat="39.896162" lon="116.637837">
        <time>2021-01-24T11:09:05Z</time>
      </trkpt>
      <trkpt lat="39.896171" lon="116.637665">
        <time>2021-01-24T11:09:10Z</time>
      </trkpt>
      <trkpt lat="39.896163" lon="116.637498">
        <time>2021-01-24T11:09:15Z</time>
      </trkpt>
      <trkpt lat="39.896145" lon="116.637348">
        <time>2021-01-24T11:09:20Z</time>
      </trkpt>
      <trkpt lat="39.896133" lon="116.637209">
        <time>2021-01-24T11:09:25Z</time>
      </trkpt>
      <trkpt lat="39.896124" lon="116.63705">
        <time>2021-01-24T11:09:30Z</time>
      </trkpt>
      <trkpt lat="39.896114" lon="116.636922">
        <time>2021-01-24T11:09:35Z</time>
      </trkpt>
      <trkpt lat="39.896088" lon="116.636809">
        <time>2021-01-24T11:09:40Z</time>
      </trkpt>
      <trkpt lat="39.896068" lon="116.636741">
        <time>2021-01-24T11:09:45Z</time>
      </trkpt>
      <trkpt lat="39.896022" lon="116.636667">
        <time>2021-01-24T11:09:50Z</time>
      </trkpt>
      <trkpt lat="39.895975" lon="116.636592">
        <time>2021-01-24T11:09:55Z</time>
      </trkpt>
      <trkpt lat="39.895894" lon="116.636522">
        <time>2021-01-24T11:10:00Z</time>
      </trkpt>
      <trkpt lat="39.895853" lon="116.636432">
        <time>2021-01-24T11:10:05Z</time>
      </trkpt>
      <trkpt lat="39.895882" lon="116.636349">
        <time>2021-01-24T11:10:10Z</time>
      </trkpt>
      <trkpt lat="39.895988" lon="116.636288">
        <time>2021-01-24T11:10:15Z</time>
      </trkpt>
      <trkpt lat="39.896107" lon="116.636221">
        <time>2021-01-24T11:10:20Z</time>
      </trkpt>
      <trkpt lat="39.896223" lon="116.636149">
        <time>2021-01-24T11:10:25Z</time>
      </trkpt>
      <trkpt lat="39.896349" lon="116.636078">
        <time>2021-01-24T11:10:30Z</time>
      </trkpt>
      <trkpt lat="39.896518" lon="116.636002">
        <time>2021-01-24T11:10:35Z</time>
      </trkpt>
      <trkpt lat="39.896638" lon="116.635932">
        <time>2021-01-24T11:10:40Z</time>
      </trkpt>
      <trkpt lat="39.89676" lon="116.63588">
        <time>2021-01-24T11:10:45Z</time>
      </trkpt>
      <trkpt lat="39.896855" lon="116.635812">
        <time>2021-01-24T11:10:50Z</time>
      </trkpt>
      <trkpt lat="39.896942" lon="116.635739">
        <time>2021-01-24T11:10:55Z</time>
      </trkpt>
      <trkpt lat="39.897046" lon="116.635705">
        <time>2021-01-24T11:11:00Z</time>
      </trkpt>
      <trkpt lat="39.897152" lon="116.635648">
        <time>2021-01-24T11:11:05Z</time>
      </trkpt>
      <trkpt lat="39.897262" lon="116.635601">
        <time>2021-01-24T11:11:10Z</time>
      </trkpt>
      <trkpt lat="39.897326" lon="116.635557">
        <time>2021-01-24T11:11:15Z</time>
      </trkpt>
      <trkpt lat="39.897384" lon="116.635519">
        <time>2021-01-24T11:11:20Z</time>
      </trkpt>
      <trkpt lat="39.897439" lon="116.635471">
        <time>2021-01-24T11:11:25Z</time>
      </trkpt>
      <trkpt lat="39.897522" lon="116.635423">
        <time>2021-01-24T11:11:30Z</time>
      </trkpt>
      <trkpt lat="39.897555" lon="116.635364">
        <time>2021-01-24T11:11:35Z</time>
      </trkpt>
      <trkpt lat="39.897635" lon="116.635281">
        <time>2021-01-24T11:11:40Z</time>
      </trkpt>
      <trkpt lat="39.897711" lon="116.635261">
        <time>2021-01-24T11:11:45Z</time>
      </trkpt>
      <trkpt lat="39.897807" lon="116.635184">
        <time>2021-01-24T11:11:50Z</time>
      </trkpt>
      <trkpt lat="39.897893" lon="116.635119">
        <time>2021-01-24T11:11:55Z</time>
      </trkpt>
      <trkpt lat="39.89798" lon="116.635053">
        <time>2021-01-24T11:12:00Z</time>
      </trkpt>
      <trkpt lat="39.898087" lon="116.634985">
        <time>2021-01-24T11:12:05Z</time>
      </trkpt>
      <trkpt lat="39.898194" lon="116.63491">
        <time>2021-01-24T11:12:10Z</time>
      </trkpt>
      <trkpt lat="39.898315" lon="116.63484">
        <time>2021-01-24T11:12:15Z</time>
      </trkpt>
      <trkpt lat="39.898443" lon="116.634773">
        <time>2021-01-24T11:12:20Z</time>
      </trkpt>
      <trkpt lat="39.898569" lon="116.634715">
        <time>2021-01-24T11:12:25Z</time>
      </trkpt>
      <trkpt lat="39.898677" lon="116.634656">
        <time>2021-01-24T11:12:30Z</time>
      </trkpt>
      <trkpt lat="39.898767" lon="116.63459">
        <time>2021-01-24T11:12:35Z</time>
      </trkpt>
      <trkpt lat="39.898864" lon="116.634552">
        <time>2021-01-24T11:12:40Z</time>
      </trkpt>
      <trkpt lat="39.898942" lon="116.634508">
        <time>2021-01-24T11:12:45Z</time>
      </trkpt>
      <trkpt lat="39.899027" lon="116.634466">
        <time>2021-01-24T11:12:50Z</time>
      </trkpt>
      <trkpt lat="39.899126" lon="116.634414">
        <time>2021-01-24T11:12:55Z</time>
      </trkpt>
      <trkpt lat="39.89921" lon="116.634372">
        <time>2021-01-24T11:13:00Z</time>
      </trkpt>
      <trkpt lat="39.899265" lon="116.634315">
        <time>2021-01-24T11:13:05Z</time>
      </trkpt>
      <trkpt lat="39.899339" lon="116.634258">
        <time>2021-01-24T11:13:10Z</time>
      </trkpt>
      <trkpt lat="39.89942" lon="116.63422">
        <time>2021-01-24T11:13:15Z</time>
      </trkpt>
      <trkpt lat="39.899494" lon="116.634154">
        <time>2021-01-24T11:13:20Z</time>
      </trkpt>
      <trkpt lat="39.89958" lon="116.634101">
        <time>2021-01-24T11:13:25Z</time>
      </trkpt>
      <trkpt lat="39.899694" lon="116.634026">
        <time>2021-01-24T11:13:30Z</time>
      </trkpt>
      <trkpt lat="39.899837" lon="116.633929">
        <time>2021-01-24T11:13:35Z</time>
      </trkpt>
      <trkpt lat="39.899909" lon="116.633888">
        <time>2021-01-24T11:13:40Z</time>
      </trkpt>
      <trkpt lat="39.900022" lon="116.633824">
        <time>2021-01-24T11:13:45Z</time>
      </trkpt>
      <trkpt lat="39.900141" lon="116.633758">
        <time>2021-01-24T11:13:50Z</time>
      </trkpt>
      <trkpt lat="39.90026" lon="116.633673">
        <time>2021-01-24T11:13:55Z</time>
      </trkpt>
      <trkpt lat="39.900401" lon="116.633581">
        <time>2021-01-24T11:14:00Z</time>
      </trkpt>
      <trkpt lat="39.900532" lon="116.633512">
        <time>2021-01-24T11:14:05Z</time>
      </trkpt>
      <trkpt lat="39.900635" lon="116.633431">
        <time>2021-01-24T11:14:10Z</time>
      </trkpt>
      <trkpt lat="39.900733" lon="116.633357">
        <time>2021-01-24T11:14:15Z</time>
      </trkpt>
      <trkpt lat="39.900837" lon="116.633301">
        <time>2021-01-24T11:14:20Z</time>
      </trkpt>
      <trkpt lat="39.900957" lon="116.633227">
        <time>2021-01-24T11:14:25Z</time>
      </trkpt>
      <trkpt lat="39.90107" lon="116.633185">
        <time>2021-01-24T11:14:30Z</time>
      </trkpt>
      <trkpt lat="39.901042" lon="116.633206">
        <time>2021-01-24T11:14:35Z</time>
      </trkpt>
      <trkpt lat="39.901015" lon="116.633194">
        <time>2021-01-24T11:14:40Z</time>
      </trkpt>
      <trkpt lat="39.90097" lon="116.633134">
        <time>2021-01-24T11:14:45Z</time>
      </trkpt>
      <trkpt lat="39.900891" lon="116.632974">
        <time>2021-01-24T11:14:50Z</time>
      </trkpt>
      <trkpt lat="39.900805" lon="116.632841">
        <time>2021-01-24T11:14:55Z</time>
      </trkpt>
      <trkpt lat="39.900695" lon="116.632873">
        <time>2021-01-24T11:15:00Z</time>
      </trkpt>
      <trkpt lat="39.900592" lon="116.632966">
        <time>2021-01-24T11:15:05Z</time>
      </trkpt>
      <trkpt lat="39.900509" lon="116.633082">
        <time>2021-01-24T11:15:10Z</time>
      </trkpt>
      <trkpt lat="39.900409" lon="116.633129">
        <time>2021-01-24T11:15:15Z</time>
      </trkpt>
      <trkpt lat="39.900268" lon="116.633186">
        <time>2021-01-24T11:15:20Z</time>
      </trkpt>
      <trkpt lat="39.900136" lon="116.633261">
        <time>2021-01-24T11:15:25Z</time>
      </trkpt>
      <trkpt lat="39.900016" lon="116.633289">
        <time>2021-01-24T11:15:30Z</time>
      </trkpt>
      <trkpt lat="39.899907" lon="116.633333">
        <time>2021-01-24T11:15:35Z</time>
      </trkpt>
      <trkpt lat="39.89982" lon="116.633399">
        <time>2021-01-24T11:15:40Z</time>
      </trkpt>
      <trkpt lat="39.899761" lon="116.633447">
        <time>2021-01-24T11:15:45Z</time>
      </trkpt>
      <trkpt lat="39.899696" lon="116.63349">
        <time>2021-01-24T11:15:50Z</time>
      </trkpt>
      <trkpt lat="39.899626" lon="116.633555">
        <time>2021-01-24T11:15:55Z</time>
      </trkpt>
      <trkpt lat="39.899558" lon="116.633596">
        <time>2021-01-24T11:16:00Z</time>
      </trkpt>
      <trkpt lat="39.899459" lon="116.63367">
        <time>2021-01-24T11:16:05Z</time>
      </trkpt>
      <trkpt lat="39.899369" lon="116.633736">
        <time>2021-01-24T11:16:10Z</time>
      </trkpt>
      <trkpt lat="39.899278" lon="116.633824">
        <time>2021-01-24T11:16:15Z</time>
      </trkpt>
      <trkpt lat="39.899166" lon="116.63394">
        <time>2021-01-24T11:16:20Z</time>
      </trkpt>
      <trkpt lat="39.899059" lon="116.634037">
        <time>2021-01-24T11:16:25Z</time>
      </trkpt>
      <trkpt lat="39.898954" lon="116.634112">
        <time>2021-01-24T11:16:30Z</time>
      </trkpt>
      <trkpt lat="39.898842" lon="116.634141">
        <time>2021-01-24T11:16:35Z</time>
      </trkpt>
      <trkpt lat="39.898725" lon="116.634201">
        <time>2021-01-24T11:16:40Z</time>
      </trkpt>
      <trkpt lat="39.898505" lon="116.634335">
        <time>2021-01-24T11:16:45Z</time>
      </trkpt>
      <trkpt lat="39.898478" lon="116.634346">
        <time>2021-01-24T11:16:50Z</time>
      </trkpt>
      <trkpt lat="39.898348" lon="116.634413">
        <time>2021-01-24T11:16:55Z</time>
      </trkpt>
      <trkpt lat="39.898241" lon="116.634482">
        <time>2021-01-24T11:17:00Z</time>
      </trkpt>
      <trkpt lat="39.898175" lon="116.634537">
        <time>2021-01-24T11:17:05Z</time>
      </trkpt>
      <trkpt lat="39.898102" lon="116.634578">
        <time>2021-01-24T11:17:10Z</time>
      </trkpt>
      <trkpt lat="39.89803" lon="116.634625">
        <time>2021-01-24T11:17:15Z</time>
      </trkpt>
      <trkpt lat="39.897962" lon="116.634546">
        <time>2021-01-24T11:17:20Z</time>
      </trkpt>
      <trkpt lat="39.897969" lon="116.634458">
        <time>2021-01-24T11:17:25Z</time>
      </trkpt>
      <trkpt lat="39.897928" lon="116.634361">
        <time>2021-01-24T11:17:30Z</time>
      </trkpt>
      <trkpt lat="39.897875" lon="116.634275">
        <time>2021-01-24T11:17:35Z</time>
      </trkpt>
      <trkpt lat="39.897843" lon="116.634187">
        <time>2021-01-24T11:17:40Z</time>
      </trkpt>
      <trkpt lat="39.897828" lon="116.63413">
        <time>2021-01-24T11:17:45Z</time>
      </trkpt>
      <trkpt lat="39.89776" lon="116.634049">
        <time>2021-01-24T11:17:50Z</time>
      </trkpt>
      <trkpt lat="39.897708" lon="116.633987">
        <time>2021-01-24T11:17:55Z</time>
      </trkpt>
      <trkpt lat="39.897659" lon="116.633884">
        <time>2021-01-24T11:18:00Z</time>
      </trkpt>
      <trkpt lat="39.897602" lon="116.633795">
        <time>2021-01-24T11:18:05Z</time>
      </trkpt>
      <trkpt lat="39.897554" lon="116.633722">
        <time>2021-01-24T11:18:10Z</time>
      </trkpt>
      <trkpt lat="39.897519" lon="116.63364">
        <time>2021-01-24T11:18:15Z</time>
      </trkpt>
      <trkpt lat="39.897494" lon="116.633566">
        <time>2021-01-24T11:18:20Z</time>
      </trkpt>
      <trkpt lat="39.897466" lon="116.633598">
        <time>2021-01-24T11:18:25Z</time>
      </trkpt>
      <trkpt lat="39.897441" lon="116.633693">
        <time>2021-01-24T11:18:30Z</time>
      </trkpt>
      <trkpt lat="39.897409" lon="116.633796">
        <time>2021-01-24T11:18:35Z</time>
      </trkpt>
      <trkpt lat="39.897406" lon="116.633897">
        <time>2021-01-24T11:18:40Z</time>
      </trkpt>
      <trkpt lat="39.89742" lon="116.633997">
        <time>2021-01-24T11:18:45Z</time>
      </trkpt>
      <trkpt lat="39.897448" lon="116.634086">
        <time>2021-01-24T11:18:50Z</time>
      </trkpt>
      <trkpt lat="39.897436" lon="116.634166">
        <time>2021-01-24T11:18:55Z</time>
      </trkpt>
      <trkpt lat="39.897422" lon="116.634165">
        <time>2021-01-24T11:19:00Z</time>
      </trkpt>
      <trkpt lat="39.897421" lon="116.634154">
        <time>2021-01-24T11:19:05Z</time>
      </trkpt>
      <trkpt lat="39.897399" lon="116.634232">
        <time>2021-01-24T11:19:10Z</time>
      </trkpt>
      <trkpt lat="39.897399" lon="116.634232">
        <time>2021-01-24T11:19:18Z</time>
      </trkpt>
    </trkseg>
  </trk>
</gpx>