<?xml version="1.0" encoding="UTF-8"?>
<gpx xmlns="http://www.topografix.com/GPX/1/1" xmlns:gpxtpx="http://www.garmin.com/xmlschemas/TrackPointExtension/v1" xmlns:xsi="http://www.w3.org/2001/XMLSchema-instance" xsi:schemaLocation="http://www.topografix.com/GPX/1/1 http://www.topografix.com/GPX/1/1/gpx.xsd" version="1.1" creator="gpx.py -- https://github.com/tkrajina/gpxpy">
  <trk>
    <name>gpx from keep</name>
    <trkseg>
      <trkpt lat="39.897363" lon="116.633912">
        <time>2021-01-31T10:08:31Z</time>
      </trkpt>
      <trkpt lat="39.897363" lon="116.633912">
        <time>2021-01-31T10:08:36Z</time>
      </trkpt>
      <trkpt lat="39.897361" lon="116.633885">
        <time>2021-01-31T10:08:41Z</time>
      </trkpt>
      <trkpt lat="39.897379" lon="116.633827">
        <time>2021-01-31T10:08:46Z</time>
      </trkpt>
      <trkpt lat="39.897394" lon="116.633755">
        <time>2021-01-31T10:08:51Z</time>
      </trkpt>
      <trkpt lat="39.897425" lon="116.633752">
        <time>2021-01-31T10:08:56Z</time>
      </trkpt>
      <trkpt lat="39.897473" lon="116.633751">
        <time>2021-01-31T10:09:01Z</time>
      </trkpt>
      <trkpt lat="39.89761" lon="116.633818">
        <time>2021-01-31T10:09:06Z</time>
      </trkpt>
      <trkpt lat="39.897675" lon="116.633933">
        <time>2021-01-31T10:09:11Z</time>
      </trkpt>
      <trkpt lat="39.897751" lon="116.634049">
        <time>2021-01-31T10:09:16Z</time>
      </trkpt>
      <trkpt lat="39.897854" lon="116.634179">
        <time>2021-01-31T10:09:21Z</time>
      </trkpt>
      <trkpt lat="39.897908" lon="116.634324">
        <time>2021-01-31T10:09:26Z</time>
      </trkpt>
      <trkpt lat="39.89796" lon="116.634496">
        <time>2021-01-31T10:09:31Z</time>
      </trkpt>
      <trkpt lat="39.898041" lon="116.6347">
        <time>2021-01-31T10:09:36Z</time>
      </trkpt>
      <trkpt lat="39.898039" lon="116.634717">
        <time>2021-01-31T10:09:41Z</time>
      </trkpt>
      <trkpt lat="39.898083" lon="116.634802">
        <time>2021-01-31T10:09:46Z</time>
      </trkpt>
      <trkpt lat="39.898165" lon="116.634963">
        <time>2021-01-31T10:09:51Z</time>
      </trkpt>
      <trkpt lat="39.8981" lon="116.635115">
        <time>2021-01-31T10:09:56Z</time>
      </trkpt>
      <trkpt lat="39.897986" lon="116.635212">
        <time>2021-01-31T10:10:01Z</time>
      </trkpt>
      <trkpt lat="39.897854" lon="116.635287">
        <time>2021-01-31T10:10:06Z</time>
      </trkpt>
      <trkpt lat="39.897767" lon="116.635321">
        <time>2021-01-31T10:10:11Z</time>
      </trkpt>
      <trkpt lat="39.897683" lon="116.635349">
        <time>2021-01-31T10:10:16Z</time>
      </trkpt>
      <trkpt lat="39.897602" lon="116.635428">
        <time>2021-01-31T10:10:21Z</time>
      </trkpt>
      <trkpt lat="39.897443" lon="116.635516">
        <time>2021-01-31T10:10:26Z</time>
      </trkpt>
      <trkpt lat="39.897351" lon="116.635545">
        <time>2021-01-31T10:10:31Z</time>
      </trkpt>
      <trkpt lat="39.89724" lon="116.635602">
        <time>2021-01-31T10:10:36Z</time>
      </trkpt>
      <trkpt lat="39.897127" lon="116.635662">
        <time>2021-01-31T10:10:41Z</time>
      </trkpt>
      <trkpt lat="39.89699" lon="116.635734">
        <time>2021-01-31T10:10:46Z</time>
      </trkpt>
      <trkpt lat="39.896877" lon="116.635815">
        <time>2021-01-31T10:10:51Z</time>
      </trkpt>
      <trkpt lat="39.896756" lon="116.635912">
        <time>2021-01-31T10:10:56Z</time>
      </trkpt>
      <trkpt lat="39.896621" lon="116.636">
        <time>2021-01-31T10:11:01Z</time>
      </trkpt>
      <trkpt lat="39.896492" lon="116.636096">
        <time>2021-01-31T10:11:06Z</time>
      </trkpt>
      <trkpt lat="39.896378" lon="116.636192">
        <time>2021-01-31T10:11:11Z</time>
      </trkpt>
      <trkpt lat="39.896277" lon="116.636204">
        <time>2021-01-31T10:11:16Z</time>
      </trkpt>
      <trkpt lat="39.896172" lon="116.6363">
        <time>2021-01-31T10:11:21Z</time>
      </trkpt>
      <trkpt lat="39.896161" lon="116.63637">
        <time>2021-01-31T10:11:26Z</time>
      </trkpt>
      <trkpt lat="39.896149" lon="116.636413">
        <time>2021-01-31T10:11:31Z</time>
      </trkpt>
      <trkpt lat="39.896143" lon="116.636454">
        <time>2021-01-31T10:11:36Z</time>
      </trkpt>
      <trkpt lat="39.896151" lon="116.636466">
        <time>2021-01-31T10:11:41Z</time>
      </trkpt>
      <trkpt lat="39.896147" lon="116.636465">
        <time>2021-01-31T10:11:46Z</time>
      </trkpt>
      <trkpt lat="39.896139" lon="116.636478">
        <time>2021-01-31T10:11:51Z</time>
      </trkpt>
      <trkpt lat="39.896133" lon="116.63648">
        <time>2021-01-31T10:11:56Z</time>
      </trkpt>
      <trkpt lat="39.896129" lon="116.636483">
        <time>2021-01-31T10:12:01Z</time>
      </trkpt>
      <trkpt lat="39.896136" lon="116.636484">
        <time>2021-01-31T10:12:06Z</time>
      </trkpt>
      <trkpt lat="39.896139" lon="116.636495">
        <time>2021-01-31T10:12:11Z</time>
      </trkpt>
      <trkpt lat="39.89612" lon="116.636509">
        <time>2021-01-31T10:12:16Z</time>
      </trkpt>
      <trkpt lat="39.896111" lon="116.636497">
        <time>2021-01-31T10:12:21Z</time>
      </trkpt>
      <trkpt lat="39.896107" lon="116.636489">
        <time>2021-01-31T10:12:26Z</time>
      </trkpt>
      <trkpt lat="39.89611" lon="116.636477">
        <time>2021-01-31T10:12:31Z</time>
      </trkpt>
      <trkpt lat="39.896101" lon="116.636494">
        <time>2021-01-31T10:12:36Z</time>
      </trkpt>
      <trkpt lat="39.896112" lon="116.636502">
        <time>2021-01-31T10:12:41Z</time>
      </trkpt>
      <trkpt lat="39.89611" lon="116.636495">
        <time>2021-01-31T10:12:46Z</time>
      </trkpt>
      <trkpt lat="39.8961" lon="116.636503">
        <time>2021-01-31T10:12:51Z</time>
      </trkpt>
      <trkpt lat="39.896102" lon="116.636508">
        <time>2021-01-31T10:12:56Z</time>
      </trkpt>
      <trkpt lat="39.896109" lon="116.636525">
        <time>2021-01-31T10:13:01Z</time>
      </trkpt>
      <trkpt lat="39.896106" lon="116.636524">
        <time>2021-01-31T10:13:06Z</time>
      </trkpt>
      <trkpt lat="39.896103" lon="116.636523">
        <time>2021-01-31T10:13:11Z</time>
      </trkpt>
      <trkpt lat="39.896095" lon="116.636507">
        <time>2021-01-31T10:13:16Z</time>
      </trkpt>
      <trkpt lat="39.896087" lon="116.636501">
        <time>2021-01-31T10:13:21Z</time>
      </trkpt>
      <trkpt lat="39.89609" lon="116.636499">
        <time>2021-01-31T10:13:26Z</time>
      </trkpt>
      <trkpt lat="39.896088" lon="116.636502">
        <time>2021-01-31T10:13:31Z</time>
      </trkpt>
      <trkpt lat="39.896086" lon="116.636515">
        <time>2021-01-31T10:13:36Z</time>
      </trkpt>
      <trkpt lat="39.896093" lon="116.636502">
        <time>2021-01-31T10:13:41Z</time>
      </trkpt>
      <trkpt lat="39.896094" lon="116.636491">
        <time>2021-01-31T10:13:46Z</time>
      </trkpt>
      <trkpt lat="39.896096" lon="116.636496">
        <time>2021-01-31T10:13:51Z</time>
      </trkpt>
      <trkpt lat="39.896097" lon="116.636495">
        <time>2021-01-31T10:13:56Z</time>
      </trkpt>
      <trkpt lat="39.896097" lon="116.63649">
        <time>2021-01-31T10:14:01Z</time>
      </trkpt>
      <trkpt lat="39.89611" lon="116.63649">
        <time>2021-01-31T10:14:06Z</time>
      </trkpt>
      <trkpt lat="39.896112" lon="116.636488">
        <time>2021-01-31T10:14:11Z</time>
      </trkpt>
      <trkpt lat="39.896116" lon="116.63649">
        <time>2021-01-31T10:14:16Z</time>
      </trkpt>
      <trkpt lat="39.896115" lon="116.636493">
        <time>2021-01-31T10:14:21Z</time>
      </trkpt>
      <trkpt lat="39.896116" lon="116.636496">
        <time>2021-01-31T10:14:26Z</time>
      </trkpt>
      <trkpt lat="39.896118" lon="116.636499">
        <time>2021-01-31T10:14:31Z</time>
      </trkpt>
      <trkpt lat="39.896112" lon="116.636496">
        <time>2021-01-31T10:14:36Z</time>
      </trkpt>
      <trkpt lat="39.89612" lon="116.636476">
        <time>2021-01-31T10:14:41Z</time>
      </trkpt>
      <trkpt lat="39.896127" lon="116.636473">
        <time>2021-01-31T10:14:46Z</time>
      </trkpt>
      <trkpt lat="39.896127" lon="116.636469">
        <time>2021-01-31T10:14:51Z</time>
      </trkpt>
      <trkpt lat="39.896122" lon="116.636484">
        <time>2021-01-31T10:14:56Z</time>
      </trkpt>
      <trkpt lat="39.896115" lon="116.636474">
        <time>2021-01-31T10:15:01Z</time>
      </trkpt>
      <trkpt lat="39.896107" lon="116.636467">
        <time>2021-01-31T10:15:06Z</time>
      </trkpt>
      <trkpt lat="39.896108" lon="116.63647">
        <time>2021-01-31T10:15:11Z</time>
      </trkpt>
      <trkpt lat="39.896112" lon="116.636473">
        <time>2021-01-31T10:15:16Z</time>
      </trkpt>
      <trkpt lat="39.896105" lon="116.63648">
        <time>2021-01-31T10:15:21Z</time>
      </trkpt>
      <trkpt lat="39.896108" lon="116.636458">
        <time>2021-01-31T10:15:26Z</time>
      </trkpt>
      <trkpt lat="39.896098" lon="116.636471">
        <time>2021-01-31T10:15:31Z</time>
      </trkpt>
      <trkpt lat="39.896095" lon="116.636459">
        <time>2021-01-31T10:15:36Z</time>
      </trkpt>
      <trkpt lat="39.896101" lon="116.63647">
        <time>2021-01-31T10:15:41Z</time>
      </trkpt>
      <trkpt lat="39.896121" lon="116.636466">
        <time>2021-01-31T10:15:46Z</time>
      </trkpt>
      <trkpt lat="39.896112" lon="116.63648">
        <time>2021-01-31T10:15:51Z</time>
      </trkpt>
      <trkpt lat="39.896106" lon="116.636472">
        <time>2021-01-31T10:15:56Z</time>
      </trkpt>
      <trkpt lat="39.896095" lon="116.636492">
        <time>2021-01-31T10:16:01Z</time>
      </trkpt>
      <trkpt lat="39.896086" lon="116.636487">
        <time>2021-01-31T10:16:06Z</time>
      </trkpt>
      <trkpt lat="39.896088" lon="116.636522">
        <time>2021-01-31T10:16:11Z</time>
      </trkpt>
      <trkpt lat="39.896102" lon="116.636513">
        <time>2021-01-31T10:16:16Z</time>
      </trkpt>
      <trkpt lat="39.896098" lon="116.636557">
        <time>2021-01-31T10:16:21Z</time>
      </trkpt>
      <trkpt lat="39.896066" lon="116.636584">
        <time>2021-01-31T10:16:26Z</time>
      </trkpt>
      <trkpt lat="39.896045" lon="116.63659">
        <time>2021-01-31T10:16:31Z</time>
      </trkpt>
      <trkpt lat="39.896029" lon="116.636592">
        <time>2021-01-31T10:16:36Z</time>
      </trkpt>
      <trkpt lat="39.896041" lon="116.636616">
        <time>2021-01-31T10:16:41Z</time>
      </trkpt>
      <trkpt lat="39.896013" lon="116.636686">
        <time>2021-01-31T10:16:46Z</time>
      </trkpt>
      <trkpt lat="39.896078" lon="116.636823">
        <time>2021-01-31T10:16:51Z</time>
      </trkpt>
      <trkpt lat="39.896104" lon="116.636967">
        <time>2021-01-31T10:16:56Z</time>
      </trkpt>
      <trkpt lat="39.896164" lon="116.637126">
        <time>2021-01-31T10:17:01Z</time>
      </trkpt>
      <trkpt lat="39.896179" lon="116.637264">
        <time>2021-01-31T10:17:06Z</time>
      </trkpt>
      <trkpt lat="39.896192" lon="116.637447">
        <time>2021-01-31T10:17:11Z</time>
      </trkpt>
      <trkpt lat="39.896213" lon="116.637626">
        <time>2021-01-31T10:17:16Z</time>
      </trkpt>
      <trkpt lat="39.896195" lon="116.637782">
        <time>2021-01-31T10:17:21Z</time>
      </trkpt>
      <trkpt lat="39.896182" lon="116.637943">
        <time>2021-01-31T10:17:26Z</time>
      </trkpt>
      <trkpt lat="39.896163" lon="116.638093">
        <time>2021-01-31T10:17:31Z</time>
      </trkpt>
      <trkpt lat="39.896188" lon="116.638264">
        <time>2021-01-31T10:17:36Z</time>
      </trkpt>
      <trkpt lat="39.896213" lon="116.63844">
        <time>2021-01-31T10:17:41Z</time>
      </trkpt>
      <trkpt lat="39.896249" lon="116.638607">
        <time>2021-01-31T10:17:46Z</time>
      </trkpt>
      <trkpt lat="39.896256" lon="116.638771">
        <time>2021-01-31T10:17:51Z</time>
      </trkpt>
      <trkpt lat="39.896267" lon="116.638896">
        <time>2021-01-31T10:17:56Z</time>
      </trkpt>
      <trkpt lat="39.896281" lon="116.639043">
        <time>2021-01-31T10:18:01Z</time>
      </trkpt>
      <trkpt lat="39.89629" lon="116.639205">
        <time>2021-01-31T10:18:06Z</time>
      </trkpt>
      <trkpt lat="39.896288" lon="116.639364">
        <time>2021-01-31T10:18:11Z</time>
      </trkpt>
      <trkpt lat="39.896291" lon="116.639532">
        <time>2021-01-31T10:18:16Z</time>
      </trkpt>
      <trkpt lat="39.896276" lon="116.639677">
        <time>2021-01-31T10:18:21Z</time>
      </trkpt>
      <trkpt lat="39.896254" lon="116.639805">
        <time>2021-01-31T10:18:26Z</time>
      </trkpt>
      <trkpt lat="39.896257" lon="116.63998">
        <time>2021-01-31T10:18:31Z</time>
      </trkpt>
      <trkpt lat="39.896313" lon="116.64018">
        <time>2021-01-31T10:18:36Z</time>
      </trkpt>
      <trkpt lat="39.896286" lon="116.640343">
        <time>2021-01-31T10:18:41Z</time>
      </trkpt>
      <trkpt lat="39.896303" lon="116.640513">
        <time>2021-01-31T10:18:46Z</time>
      </trkpt>
      <trkpt lat="39.896325" lon="116.6407">
        <time>2021-01-31T10:18:51Z</time>
      </trkpt>
      <trkpt lat="39.896319" lon="116.640859">
        <time>2021-01-31T10:18:56Z</time>
      </trkpt>
      <trkpt lat="39.896284" lon="116.641011">
        <time>2021-01-31T10:19:01Z</time>
      </trkpt>
      <trkpt lat="39.896281" lon="116.641162">
        <time>2021-01-31T10:19:06Z</time>
      </trkpt>
      <trkpt lat="39.896268" lon="116.641308">
        <time>2021-01-31T10:19:11Z</time>
      </trkpt>
      <trkpt lat="39.896273" lon="116.64146">
        <time>2021-01-31T10:19:16Z</time>
      </trkpt>
      <trkpt lat="39.896289" lon="116.641601">
        <time>2021-01-31T10:19:21Z</time>
      </trkpt>
      <trkpt lat="39.896282" lon="116.641752">
        <time>2021-01-31T10:19:26Z</time>
      </trkpt>
      <trkpt lat="39.89627" lon="116.64189">
        <time>2021-01-31T10:19:31Z</time>
      </trkpt>
      <trkpt lat="39.896277" lon="116.642046">
        <time>2021-01-31T10:19:36Z</time>
      </trkpt>
      <trkpt lat="39.896253" lon="116.642185">
        <time>2021-01-31T10:19:41Z</time>
      </trkpt>
      <trkpt lat="39.896236" lon="116.642355">
        <time>2021-01-31T10:19:46Z</time>
      </trkpt>
      <trkpt lat="39.896239" lon="116.642517">
        <time>2021-01-31T10:19:51Z</time>
      </trkpt>
      <trkpt lat="39.896237" lon="116.64265">
        <time>2021-01-31T10:19:56Z</time>
      </trkpt>
      <trkpt lat="39.896234" lon="116.642814">
        <time>2021-01-31T10:20:01Z</time>
      </trkpt>
      <trkpt lat="39.896224" lon="116.642976">
        <time>2021-01-31T10:20:06Z</time>
      </trkpt>
      <trkpt lat="39.896221" lon="116.643116">
        <time>2021-01-31T10:20:11Z</time>
      </trkpt>
      <trkpt lat="39.896205" lon="116.643261">
        <time>2021-01-31T10:20:16Z</time>
      </trkpt>
      <trkpt lat="39.896188" lon="116.643412">
        <time>2021-01-31T10:20:21Z</time>
      </trkpt>
      <trkpt lat="39.896189" lon="116.643577">
        <time>2021-01-31T10:20:26Z</time>
      </trkpt>
      <trkpt lat="39.89622" lon="116.643741">
        <time>2021-01-31T10:20:31Z</time>
      </trkpt>
      <trkpt lat="39.896222" lon="116.643881">
        <time>2021-01-31T10:20:36Z</time>
      </trkpt>
      <trkpt lat="39.896213" lon="116.644019">
        <time>2021-01-31T10:20:41Z</time>
      </trkpt>
      <trkpt lat="39.89621" lon="116.644166">
        <time>2021-01-31T10:20:46Z</time>
      </trkpt>
      <trkpt lat="39.89622" lon="116.64432">
        <time>2021-01-31T10:20:51Z</time>
      </trkpt>
      <trkpt lat="39.896237" lon="116.644457">
        <time>2021-01-31T10:20:56Z</time>
      </trkpt>
      <trkpt lat="39.896218" lon="116.644579">
        <time>2021-01-31T10:21:01Z</time>
      </trkpt>
      <trkpt lat="39.896218" lon="116.644722">
        <time>2021-01-31T10:21:06Z</time>
      </trkpt>
      <trkpt lat="39.896204" lon="116.644851">
        <time>2021-01-31T10:21:11Z</time>
      </trkpt>
      <trkpt lat="39.896225" lon="116.644991">
        <time>2021-01-31T10:21:16Z</time>
      </trkpt>
      <trkpt lat="39.896203" lon="116.645117">
        <time>2021-01-31T10:21:21Z</time>
      </trkpt>
      <trkpt lat="39.896192" lon="116.645252">
        <time>2021-01-31T10:21:26Z</time>
      </trkpt>
      <trkpt lat="39.896178" lon="116.645387">
        <time>2021-01-31T10:21:31Z</time>
      </trkpt>
      <trkpt lat="39.89617" lon="116.645548">
        <time>2021-01-31T10:21:36Z</time>
      </trkpt>
      <trkpt lat="39.896112" lon="116.645666">
        <time>2021-01-31T10:21:41Z</time>
      </trkpt>
      <trkpt lat="39.896083" lon="116.64581">
        <time>2021-01-31T10:21:46Z</time>
      </trkpt>
      <trkpt lat="39.896064" lon="116.645956">
        <time>2021-01-31T10:21:51Z</time>
      </trkpt>
      <trkpt lat="39.896067" lon="116.64611">
        <time>2021-01-31T10:21:56Z</time>
      </trkpt>
      <trkpt lat="39.896055" lon="116.646239">
        <time>2021-01-31T10:22:01Z</time>
      </trkpt>
      <trkpt lat="39.896069" lon="116.6464">
        <time>2021-01-31T10:22:06Z</time>
      </trkpt>
      <trkpt lat="39.896047" lon="116.646539">
        <time>2021-01-31T10:22:11Z</time>
      </trkpt>
      <trkpt lat="39.896033" lon="116.646714">
        <time>2021-01-31T10:22:16Z</time>
      </trkpt>
      <trkpt lat="39.89592" lon="116.646786">
        <time>2021-01-31T10:22:21Z</time>
      </trkpt>
      <trkpt lat="39.895781" lon="116.646742">
        <time>2021-01-31T10:22:26Z</time>
      </trkpt>
      <trkpt lat="39.895648" lon="116.646692">
        <time>2021-01-31T10:22:31Z</time>
      </trkpt>
      <trkpt lat="39.895514" lon="116.646648">
        <time>2021-01-31T10:22:36Z</time>
      </trkpt>
      <trkpt lat="39.895397" lon="116.646604">
        <time>2021-01-31T10:22:41Z</time>
      </trkpt>
      <trkpt lat="39.895286" lon="116.646545">
        <time>2021-01-31T10:22:46Z</time>
      </trkpt>
      <trkpt lat="39.895168" lon="116.646503">
        <time>2021-01-31T10:22:51Z</time>
      </trkpt>
      <trkpt lat="39.895073" lon="116.64646">
        <time>2021-01-31T10:22:56Z</time>
      </trkpt>
      <trkpt lat="39.894894" lon="116.646379">
        <time>2021-01-31T10:23:01Z</time>
      </trkpt>
      <trkpt lat="39.894849" lon="116.646356">
        <time>2021-01-31T10:23:06Z</time>
      </trkpt>
      <trkpt lat="39.894733" lon="116.646315">
        <time>2021-01-31T10:23:11Z</time>
      </trkpt>
      <trkpt lat="39.894636" lon="116.646246">
        <time>2021-01-31T10:23:16Z</time>
      </trkpt>
      <trkpt lat="39.894451" lon="116.646151">
        <time>2021-01-31T10:23:21Z</time>
      </trkpt>
      <trkpt lat="39.89441" lon="116.646137">
        <time>2021-01-31T10:23:26Z</time>
      </trkpt>
      <trkpt lat="39.89431" lon="116.646096">
        <time>2021-01-31T10:23:31Z</time>
      </trkpt>
      <trkpt lat="39.894219" lon="116.646059">
        <time>2021-01-31T10:23:36Z</time>
      </trkpt>
      <trkpt lat="39.8941" lon="116.645994">
        <time>2021-01-31T10:23:41Z</time>
      </trkpt>
      <trkpt lat="39.89402" lon="116.64596">
        <time>2021-01-31T10:23:46Z</time>
      </trkpt>
      <trkpt lat="39.89401" lon="116.645909">
        <time>2021-01-31T10:23:51Z</time>
      </trkpt>
      <trkpt lat="39.893932" lon="116.645967">
        <time>2021-01-31T10:23:56Z</time>
      </trkpt>
      <trkpt lat="39.893872" lon="116.646076">
        <time>2021-01-31T10:24:01Z</time>
      </trkpt>
      <trkpt lat="39.893803" lon="116.646189">
        <time>2021-01-31T10:24:06Z</time>
      </trkpt>
      <trkpt lat="39.893721" lon="116.646285">
        <time>2021-01-31T10:24:11Z</time>
      </trkpt>
      <trkpt lat="39.893579" lon="116.646358">
        <time>2021-01-31T10:24:16Z</time>
      </trkpt>
      <trkpt lat="39.893505" lon="116.646319">
        <time>2021-01-31T10:24:21Z</time>
      </trkpt>
      <trkpt lat="39.8934" lon="116.646229">
        <time>2021-01-31T10:24:26Z</time>
      </trkpt>
      <trkpt lat="39.893288" lon="116.646206">
        <time>2021-01-31T10:24:31Z</time>
      </trkpt>
      <trkpt lat="39.89318" lon="116.646177">
        <time>2021-01-31T10:24:36Z</time>
      </trkpt>
      <trkpt lat="39.893077" lon="116.64609">
        <time>2021-01-31T10:24:41Z</time>
      </trkpt>
      <trkpt lat="39.892948" lon="116.646058">
        <time>2021-01-31T10:24:46Z</time>
      </trkpt>
      <trkpt lat="39.892853" lon="116.646004">
        <time>2021-01-31T10:24:51Z</time>
      </trkpt>
      <trkpt lat="39.892772" lon="116.645908">
        <time>2021-01-31T10:24:56Z</time>
      </trkpt>
      <trkpt lat="39.892662" lon="116.645857">
        <time>2021-01-31T10:25:01Z</time>
      </trkpt>
      <trkpt lat="39.892545" lon="116.6458">
        <time>2021-01-31T10:25:06Z</time>
      </trkpt>
      <trkpt lat="39.892419" lon="116.645766">
        <time>2021-01-31T10:25:11Z</time>
      </trkpt>
      <trkpt lat="39.892245" lon="116.645672">
        <time>2021-01-31T10:25:16Z</time>
      </trkpt>
      <trkpt lat="39.892202" lon="116.645649">
        <time>2021-01-31T10:25:21Z</time>
      </trkpt>
      <trkpt lat="39.892076" lon="116.645607">
        <time>2021-01-31T10:25:26Z</time>
      </trkpt>
      <trkpt lat="39.891972" lon="116.645552">
        <time>2021-01-31T10:25:31Z</time>
      </trkpt>
      <trkpt lat="39.891857" lon="116.645509">
        <time>2021-01-31T10:25:36Z</time>
      </trkpt>
      <trkpt lat="39.891746" lon="116.64545">
        <time>2021-01-31T10:25:41Z</time>
      </trkpt>
      <trkpt lat="39.891651" lon="116.645369">
        <time>2021-01-31T10:25:46Z</time>
      </trkpt>
      <trkpt lat="39.891554" lon="116.645322">
        <time>2021-01-31T10:25:51Z</time>
      </trkpt>
      <trkpt lat="39.891559" lon="116.6454">
        <time>2021-01-31T10:25:56Z</time>
      </trkpt>
      <trkpt lat="39.891679" lon="116.645462">
        <time>2021-01-31T10:26:01Z</time>
      </trkpt>
      <trkpt lat="39.891816" lon="116.645493">
        <time>2021-01-31T10:26:06Z</time>
      </trkpt>
      <trkpt lat="39.891941" lon="116.64552">
        <time>2021-01-31T10:26:11Z</time>
      </trkpt>
      <trkpt lat="39.892049" lon="116.645557">
        <time>2021-01-31T10:26:16Z</time>
      </trkpt>
      <trkpt lat="39.892151" lon="116.645604">
        <time>2021-01-31T10:26:21Z</time>
      </trkpt>
      <trkpt lat="39.892294" lon="116.645657">
        <time>2021-01-31T10:26:26Z</time>
      </trkpt>
      <trkpt lat="39.892389" lon="116.645688">
        <time>2021-01-31T10:26:31Z</time>
      </trkpt>
      <trkpt lat="39.892496" lon="116.64575">
        <time>2021-01-31T10:26:36Z</time>
      </trkpt>
      <trkpt lat="39.892613" lon="116.6458">
        <time>2021-01-31T10:26:41Z</time>
      </trkpt>
      <trkpt lat="39.892708" lon="116.645855">
        <time>2021-01-31T10:26:46Z</time>
      </trkpt>
      <trkpt lat="39.892826" lon="116.645903">
        <time>2021-01-31T10:26:51Z</time>
      </trkpt>
      <trkpt lat="39.892923" lon="116.645952">
        <time>2021-01-31T10:26:56Z</time>
      </trkpt>
      <trkpt lat="39.893041" lon="116.645986">
        <time>2021-01-31T10:27:01Z</time>
      </trkpt>
      <trkpt lat="39.893161" lon="116.646058">
        <time>2021-01-31T10:27:06Z</time>
      </trkpt>
      <trkpt lat="39.893261" lon="116.646123">
        <time>2021-01-31T10:27:11Z</time>
      </trkpt>
      <trkpt lat="39.893352" lon="116.646174">
        <time>2021-01-31T10:27:16Z</time>
      </trkpt>
      <trkpt lat="39.893463" lon="116.646224">
        <time>2021-01-31T10:27:21Z</time>
      </trkpt>
      <trkpt lat="39.893602" lon="116.646321">
        <time>2021-01-31T10:27:26Z</time>
      </trkpt>
      <trkpt lat="39.893681" lon="116.646348">
        <time>2021-01-31T10:27:31Z</time>
      </trkpt>
      <trkpt lat="39.893779" lon="116.646291">
        <time>2021-01-31T10:27:36Z</time>
      </trkpt>
      <trkpt lat="39.893843" lon="116.646154">
        <time>2021-01-31T10:27:41Z</time>
      </trkpt>
      <trkpt lat="39.893922" lon="116.646065">
        <time>2021-01-31T10:27:46Z</time>
      </trkpt>
      <trkpt lat="39.893993" lon="116.645933">
        <time>2021-01-31T10:27:51Z</time>
      </trkpt>
      <trkpt lat="39.894071" lon="116.64587">
        <time>2021-01-31T10:27:56Z</time>
      </trkpt>
      <trkpt lat="39.894183" lon="116.645935">
        <time>2021-01-31T10:28:01Z</time>
      </trkpt>
      <trkpt lat="39.894309" lon="116.645982">
        <time>2021-01-31T10:28:06Z</time>
      </trkpt>
      <trkpt lat="39.894385" lon="116.646011">
        <time>2021-01-31T10:28:11Z</time>
      </trkpt>
      <trkpt lat="39.894493" lon="116.646071">
        <time>2021-01-31T10:28:16Z</time>
      </trkpt>
      <trkpt lat="39.89465" lon="116.646149">
        <time>2021-01-31T10:28:21Z</time>
      </trkpt>
      <trkpt lat="39.894724" lon="116.646206">
        <time>2021-01-31T10:28:26Z</time>
      </trkpt>
      <trkpt lat="39.894847" lon="116.646273">
        <time>2021-01-31T10:28:31Z</time>
      </trkpt>
      <trkpt lat="39.894942" lon="116.646302">
        <time>2021-01-31T10:28:36Z</time>
      </trkpt>
      <trkpt lat="39.895062" lon="116.646325">
        <time>2021-01-31T10:28:41Z</time>
      </trkpt>
      <trkpt lat="39.895186" lon="116.646402">
        <time>2021-01-31T10:28:46Z</time>
      </trkpt>
      <trkpt lat="39.895292" lon="116.646461">
        <time>2021-01-31T10:28:51Z</time>
      </trkpt>
      <trkpt lat="39.895453" lon="116.646549">
        <time>2021-01-31T10:28:56Z</time>
      </trkpt>
      <trkpt lat="39.8955" lon="116.646565">
        <time>2021-01-31T10:29:01Z</time>
      </trkpt>
      <trkpt lat="39.895637" lon="116.646615">
        <time>2021-01-31T10:29:06Z</time>
      </trkpt>
      <trkpt lat="39.895749" lon="116.646707">
        <time>2021-01-31T10:29:11Z</time>
      </trkpt>
      <trkpt lat="39.895863" lon="116.646756">
        <time>2021-01-31T10:29:16Z</time>
      </trkpt>
      <trkpt lat="39.895966" lon="116.646808">
        <time>2021-01-31T10:29:21Z</time>
      </trkpt>
      <trkpt lat="39.89608" lon="116.646768">
        <time>2021-01-31T10:29:26Z</time>
      </trkpt>
      <trkpt lat="39.896112" lon="116.646629">
        <time>2021-01-31T10:29:31Z</time>
      </trkpt>
      <trkpt lat="39.896095" lon="116.646469">
        <time>2021-01-31T10:29:36Z</time>
      </trkpt>
      <trkpt lat="39.896084" lon="116.646307">
        <time>2021-01-31T10:29:41Z</time>
      </trkpt>
      <trkpt lat="39.896096" lon="116.646148">
        <time>2021-01-31T10:29:46Z</time>
      </trkpt>
      <trkpt lat="39.896115" lon="116.646009">
        <time>2021-01-31T10:29:51Z</time>
      </trkpt>
      <trkpt lat="39.896135" lon="116.645864">
        <time>2021-01-31T10:29:56Z</time>
      </trkpt>
      <trkpt lat="39.896125" lon="116.64572">
        <time>2021-01-31T10:30:01Z</time>
      </trkpt>
      <trkpt lat="39.89614" lon="116.645565">
        <time>2021-01-31T10:30:06Z</time>
      </trkpt>
      <trkpt lat="39.896161" lon="116.645411">
        <time>2021-01-31T10:30:11Z</time>
      </trkpt>
      <trkpt lat="39.896162" lon="116.645276">
        <time>2021-01-31T10:30:16Z</time>
      </trkpt>
      <trkpt lat="39.896162" lon="116.645123">
        <time>2021-01-31T10:30:21Z</time>
      </trkpt>
      <trkpt lat="39.896176" lon="116.644981">
        <time>2021-01-31T10:30:26Z</time>
      </trkpt>
      <trkpt lat="39.896156" lon="116.644852">
        <time>2021-01-31T10:30:31Z</time>
      </trkpt>
      <trkpt lat="39.896164" lon="116.644703">
        <time>2021-01-31T10:30:36Z</time>
      </trkpt>
      <trkpt lat="39.896166" lon="116.644553">
        <time>2021-01-31T10:30:41Z</time>
      </trkpt>
      <trkpt lat="39.896192" lon="116.644403">
        <time>2021-01-31T10:30:46Z</time>
      </trkpt>
      <trkpt lat="39.896173" lon="116.644243">
        <time>2021-01-31T10:30:51Z</time>
      </trkpt>
      <trkpt lat="39.896178" lon="116.644097">
        <time>2021-01-31T10:30:56Z</time>
      </trkpt>
      <trkpt lat="39.896203" lon="116.64394">
        <time>2021-01-31T10:31:01Z</time>
      </trkpt>
      <trkpt lat="39.896203" lon="116.643796">
        <time>2021-01-31T10:31:06Z</time>
      </trkpt>
      <trkpt lat="39.896223" lon="116.643649">
        <time>2021-01-31T10:31:11Z</time>
      </trkpt>
      <trkpt lat="39.896218" lon="116.643499">
        <time>2021-01-31T10:31:16Z</time>
      </trkpt>
      <trkpt lat="39.896199" lon="116.64335">
        <time>2021-01-31T10:31:21Z</time>
      </trkpt>
      <trkpt lat="39.89619" lon="116.643191">
        <time>2021-01-31T10:31:26Z</time>
      </trkpt>
      <trkpt lat="39.896184" lon="116.643037">
        <time>2021-01-31T10:31:31Z</time>
      </trkpt>
      <trkpt lat="39.896186" lon="116.642894">
        <time>2021-01-31T10:31:36Z</time>
      </trkpt>
      <trkpt lat="39.896199" lon="116.642764">
        <time>2021-01-31T10:31:41Z</time>
      </trkpt>
      <trkpt lat="39.896192" lon="116.642618">
        <time>2021-01-31T10:31:46Z</time>
      </trkpt>
      <trkpt lat="39.896192" lon="116.642494">
        <time>2021-01-31T10:31:51Z</time>
      </trkpt>
      <trkpt lat="39.896199" lon="116.642353">
        <time>2021-01-31T10:31:56Z</time>
      </trkpt>
      <trkpt lat="39.896188" lon="116.642208">
        <time>2021-01-31T10:32:01Z</time>
      </trkpt>
      <trkpt lat="39.896196" lon="116.642053">
        <time>2021-01-31T10:32:06Z</time>
      </trkpt>
      <trkpt lat="39.896199" lon="116.641897">
        <time>2021-01-31T10:32:11Z</time>
      </trkpt>
      <trkpt lat="39.896199" lon="116.641751">
        <time>2021-01-31T10:32:16Z</time>
      </trkpt>
      <trkpt lat="39.896198" lon="116.641584">
        <time>2021-01-31T10:32:21Z</time>
      </trkpt>
      <trkpt lat="39.896186" lon="116.641481">
        <time>2021-01-31T10:32:26Z</time>
      </trkpt>
      <trkpt lat="39.896198" lon="116.641336">
        <time>2021-01-31T10:32:31Z</time>
      </trkpt>
      <trkpt lat="39.8962" lon="116.641204">
        <time>2021-01-31T10:32:36Z</time>
      </trkpt>
      <trkpt lat="39.896197" lon="116.641065">
        <time>2021-01-31T10:32:41Z</time>
      </trkpt>
      <trkpt lat="39.896197" lon="116.640929">
        <time>2021-01-31T10:32:46Z</time>
      </trkpt>
      <trkpt lat="39.896213" lon="116.640798">
        <time>2021-01-31T10:32:51Z</time>
      </trkpt>
      <trkpt lat="39.896234" lon="116.640669">
        <time>2021-01-31T10:32:56Z</time>
      </trkpt>
      <trkpt lat="39.896264" lon="116.640556">
        <time>2021-01-31T10:33:01Z</time>
      </trkpt>
      <trkpt lat="39.896259" lon="116.640426">
        <time>2021-01-31T10:33:06Z</time>
      </trkpt>
      <trkpt lat="39.896245" lon="116.640283">
        <time>2021-01-31T10:33:11Z</time>
      </trkpt>
      <trkpt lat="39.896218" lon="116.640139">
        <time>2021-01-31T10:33:16Z</time>
      </trkpt>
      <trkpt lat="39.896205" lon="116.639982">
        <time>2021-01-31T10:33:21Z</time>
      </trkpt>
      <trkpt lat="39.896206" lon="116.639829">
        <time>2021-01-31T10:33:26Z</time>
      </trkpt>
      <trkpt lat="39.8962" lon="116.63967">
        <time>2021-01-31T10:33:31Z</time>
      </trkpt>
      <trkpt lat="39.896203" lon="116.639521">
        <time>2021-01-31T10:33:36Z</time>
      </trkpt>
      <trkpt lat="39.896188" lon="116.639367">
        <time>2021-01-31T10:33:41Z</time>
      </trkpt>
      <trkpt lat="39.896184" lon="116.639236">
        <time>2021-01-31T10:33:46Z</time>
      </trkpt>
      <trkpt lat="39.896164" lon="116.6391">
        <time>2021-01-31T10:33:51Z</time>
      </trkpt>
      <trkpt lat="39.89616" lon="116.639043">
        <time>2021-01-31T10:33:56Z</time>
      </trkpt>
      <trkpt lat="39.896159" lon="116.638937">
        <time>2021-01-31T10:34:01Z</time>
      </trkpt>
      <trkpt lat="39.89617" lon="116.638799">
        <time>2021-01-31T10:34:06Z</time>
      </trkpt>
      <trkpt lat="39.896144" lon="116.63863">
        <time>2021-01-31T10:34:11Z</time>
      </trkpt>
      <trkpt lat="39.896124" lon="116.638469">
        <time>2021-01-31T10:34:16Z</time>
      </trkpt>
      <trkpt lat="39.896133" lon="116.638313">
        <time>2021-01-31T10:34:21Z</time>
      </trkpt>
      <trkpt lat="39.896136" lon="116.63819">
        <time>2021-01-31T10:34:26Z</time>
      </trkpt>
      <trkpt lat="39.896145" lon="116.638017">
        <time>2021-01-31T10:34:31Z</time>
      </trkpt>
      <trkpt lat="39.896147" lon="116.637892">
        <time>2021-01-31T10:34:36Z</time>
      </trkpt>
      <trkpt lat="39.896141" lon="116.637739">
        <time>2021-01-31T10:34:41Z</time>
      </trkpt>
      <trkpt lat="39.89614" lon="116.637579">
        <time>2021-01-31T10:34:46Z</time>
      </trkpt>
      <trkpt lat="39.896135" lon="116.637419">
        <time>2021-01-31T10:34:51Z</time>
      </trkpt>
      <trkpt lat="39.896126" lon="116.637261">
        <time>2021-01-31T10:34:56Z</time>
      </trkpt>
      <trkpt lat="39.89613" lon="116.637142">
        <time>2021-01-31T10:35:01Z</time>
      </trkpt>
      <trkpt lat="39.896104" lon="116.637014">
        <time>2021-01-31T10:35:06Z</time>
      </trkpt>
      <trkpt lat="39.896113" lon="116.636916">
        <time>2021-01-31T10:35:11Z</time>
      </trkpt>
      <trkpt lat="39.896079" lon="116.636795">
        <time>2021-01-31T10:35:16Z</time>
      </trkpt>
      <trkpt lat="39.896007" lon="116.636701">
        <time>2021-01-31T10:35:21Z</time>
      </trkpt>
      <trkpt lat="39.895996" lon="116.636816">
        <time>2021-01-31T10:35:26Z</time>
      </trkpt>
      <trkpt lat="39.896087" lon="116.636975">
        <time>2021-01-31T10:35:31Z</time>
      </trkpt>
      <trkpt lat="39.896129" lon="116.637107">
        <time>2021-01-31T10:35:36Z</time>
      </trkpt>
      <trkpt lat="39.896142" lon="116.637251">
        <time>2021-01-31T10:35:41Z</time>
      </trkpt>
      <trkpt lat="39.896188" lon="116.637412">
        <time>2021-01-31T10:35:46Z</time>
      </trkpt>
      <trkpt lat="39.896205" lon="116.637565">
        <time>2021-01-31T10:35:51Z</time>
      </trkpt>
      <trkpt lat="39.896237" lon="116.637718">
        <time>2021-01-31T10:35:56Z</time>
      </trkpt>
      <trkpt lat="39.896212" lon="116.637868">
        <time>2021-01-31T10:36:01Z</time>
      </trkpt>
      <trkpt lat="39.896211" lon="116.63801">
        <time>2021-01-31T10:36:06Z</time>
      </trkpt>
      <trkpt lat="39.896244" lon="116.638181">
        <time>2021-01-31T10:36:11Z</time>
      </trkpt>
      <trkpt lat="39.896273" lon="116.638362">
        <time>2021-01-31T10:36:16Z</time>
      </trkpt>
      <trkpt lat="39.896292" lon="116.638528">
        <time>2021-01-31T10:36:21Z</time>
      </trkpt>
      <trkpt lat="39.896279" lon="116.638681">
        <time>2021-01-31T10:36:26Z</time>
      </trkpt>
      <trkpt lat="39.896245" lon="116.638837">
        <time>2021-01-31T10:36:31Z</time>
      </trkpt>
      <trkpt lat="39.89623" lon="116.638993">
        <time>2021-01-31T10:36:36Z</time>
      </trkpt>
      <trkpt lat="39.896257" lon="116.639161">
        <time>2021-01-31T10:36:41Z</time>
      </trkpt>
      <trkpt lat="39.896277" lon="116.639332">
        <time>2021-01-31T10:36:46Z</time>
      </trkpt>
      <trkpt lat="39.896274" lon="116.639485">
        <time>2021-01-31T10:36:51Z</time>
      </trkpt>
      <trkpt lat="39.896266" lon="116.63963">
        <time>2021-01-31T10:36:56Z</time>
      </trkpt>
      <trkpt lat="39.896267" lon="116.639777">
        <time>2021-01-31T10:37:01Z</time>
      </trkpt>
      <trkpt lat="39.896274" lon="116.63992">
        <time>2021-01-31T10:37:06Z</time>
      </trkpt>
      <trkpt lat="39.896278" lon="116.640045">
        <time>2021-01-31T10:37:11Z</time>
      </trkpt>
      <trkpt lat="39.896319" lon="116.640194">
        <time>2021-01-31T10:37:16Z</time>
      </trkpt>
      <trkpt lat="39.896298" lon="116.640359">
        <time>2021-01-31T10:37:21Z</time>
      </trkpt>
      <trkpt lat="39.896335" lon="116.640522">
        <time>2021-01-31T10:37:26Z</time>
      </trkpt>
      <trkpt lat="39.896313" lon="116.64068">
        <time>2021-01-31T10:37:31Z</time>
      </trkpt>
      <trkpt lat="39.896304" lon="116.64082">
        <time>2021-01-31T10:37:36Z</time>
      </trkpt>
      <trkpt lat="39.896301" lon="116.640959">
        <time>2021-01-31T10:37:41Z</time>
      </trkpt>
      <trkpt lat="39.896302" lon="116.641109">
        <time>2021-01-31T10:37:46Z</time>
      </trkpt>
      <trkpt lat="39.896286" lon="116.641254">
        <time>2021-01-31T10:37:51Z</time>
      </trkpt>
      <trkpt lat="39.89625" lon="116.64141">
        <time>2021-01-31T10:37:56Z</time>
      </trkpt>
      <trkpt lat="39.896256" lon="116.641553">
        <time>2021-01-31T10:38:01Z</time>
      </trkpt>
      <trkpt lat="39.896287" lon="116.641702">
        <time>2021-01-31T10:38:06Z</time>
      </trkpt>
      <trkpt lat="39.896279" lon="116.641856">
        <time>2021-01-31T10:38:11Z</time>
      </trkpt>
      <trkpt lat="39.896244" lon="116.641986">
        <time>2021-01-31T10:38:16Z</time>
      </trkpt>
      <trkpt lat="39.896252" lon="116.642146">
        <time>2021-01-31T10:38:21Z</time>
      </trkpt>
      <trkpt lat="39.89624" lon="116.642297">
        <time>2021-01-31T10:38:26Z</time>
      </trkpt>
      <trkpt lat="39.896247" lon="116.642434">
        <time>2021-01-31T10:38:31Z</time>
      </trkpt>
      <trkpt lat="39.896246" lon="116.642584">
        <time>2021-01-31T10:38:36Z</time>
      </trkpt>
      <trkpt lat="39.896235" lon="116.642719">
        <time>2021-01-31T10:38:41Z</time>
      </trkpt>
      <trkpt lat="39.896225" lon="116.642868">
        <time>2021-01-31T10:38:46Z</time>
      </trkpt>
      <trkpt lat="39.896204" lon="116.643007">
        <time>2021-01-31T10:38:51Z</time>
      </trkpt>
      <trkpt lat="39.896202" lon="116.643151">
        <time>2021-01-31T10:38:56Z</time>
      </trkpt>
      <trkpt lat="39.896209" lon="116.643295">
        <time>2021-01-31T10:39:01Z</time>
      </trkpt>
      <trkpt lat="39.896217" lon="116.643449">
        <time>2021-01-31T10:39:06Z</time>
      </trkpt>
      <trkpt lat="39.896216" lon="116.643588">
        <time>2021-01-31T10:39:11Z</time>
      </trkpt>
      <trkpt lat="39.89622" lon="116.643712">
        <time>2021-01-31T10:39:16Z</time>
      </trkpt>
      <trkpt lat="39.896233" lon="116.64386">
        <time>2021-01-31T10:39:21Z</time>
      </trkpt>
      <trkpt lat="39.896229" lon="116.644001">
        <time>2021-01-31T10:39:26Z</time>
      </trkpt>
      <trkpt lat="39.896228" lon="116.644145">
        <time>2021-01-31T10:39:31Z</time>
      </trkpt>
      <trkpt lat="39.896227" lon="116.644288">
        <time>2021-01-31T10:39:36Z</time>
      </trkpt>
      <trkpt lat="39.896234" lon="116.644434">
        <time>2021-01-31T10:39:41Z</time>
      </trkpt>
      <trkpt lat="39.896234" lon="116.644566">
        <time>2021-01-31T10:39:46Z</time>
      </trkpt>
      <trkpt lat="39.896229" lon="116.6447">
        <time>2021-01-31T10:39:51Z</time>
      </trkpt>
      <trkpt lat="39.896233" lon="116.64486">
        <time>2021-01-31T10:39:56Z</time>
      </trkpt>
      <trkpt lat="39.896232" lon="116.64501">
        <time>2021-01-31T10:40:01Z</time>
      </trkpt>
      <trkpt lat="39.896236" lon="116.64516">
        <time>2021-01-31T10:40:06Z</time>
      </trkpt>
      <trkpt lat="39.896226" lon="116.645328">
        <time>2021-01-31T10:40:11Z</time>
      </trkpt>
      <trkpt lat="39.896225" lon="116.645496">
        <time>2021-01-31T10:40:16Z</time>
      </trkpt>
      <trkpt lat="39.896201" lon="116.645625">
        <time>2021-01-31T10:40:21Z</time>
      </trkpt>
      <trkpt lat="39.896154" lon="116.64577">
        <time>2021-01-31T10:40:26Z</time>
      </trkpt>
      <trkpt lat="39.896133" lon="116.645932">
        <time>2021-01-31T10:40:31Z</time>
      </trkpt>
      <trkpt lat="39.896123" lon="116.646114">
        <time>2021-01-31T10:40:36Z</time>
      </trkpt>
      <trkpt lat="39.896104" lon="116.646242">
        <time>2021-01-31T10:40:41Z</time>
      </trkpt>
      <trkpt lat="39.896084" lon="116.646373">
        <time>2021-01-31T10:40:46Z</time>
      </trkpt>
      <trkpt lat="39.896069" lon="116.646519">
        <time>2021-01-31T10:40:51Z</time>
      </trkpt>
      <trkpt lat="39.896062" lon="116.6467">
        <time>2021-01-31T10:40:56Z</time>
      </trkpt>
      <trkpt lat="39.895958" lon="116.646799">
        <time>2021-01-31T10:41:01Z</time>
      </trkpt>
      <trkpt lat="39.895809" lon="116.64677">
        <time>2021-01-31T10:41:06Z</time>
      </trkpt>
      <trkpt lat="39.895666" lon="116.646737">
        <time>2021-01-31T10:41:11Z</time>
      </trkpt>
      <trkpt lat="39.895553" lon="116.646707">
        <time>2021-01-31T10:41:16Z</time>
      </trkpt>
      <trkpt lat="39.895442" lon="116.64664">
        <time>2021-01-31T10:41:21Z</time>
      </trkpt>
      <trkpt lat="39.895322" lon="116.646581">
        <time>2021-01-31T10:41:26Z</time>
      </trkpt>
      <trkpt lat="39.895214" lon="116.646525">
        <time>2021-01-31T10:41:31Z</time>
      </trkpt>
      <trkpt lat="39.895112" lon="116.646458">
        <time>2021-01-31T10:41:36Z</time>
      </trkpt>
      <trkpt lat="39.894911" lon="116.646358">
        <time>2021-01-31T10:41:41Z</time>
      </trkpt>
      <trkpt lat="39.894887" lon="116.64635">
        <time>2021-01-31T10:41:46Z</time>
      </trkpt>
      <trkpt lat="39.894783" lon="116.646323">
        <time>2021-01-31T10:41:51Z</time>
      </trkpt>
      <trkpt lat="39.894683" lon="116.646254">
        <time>2021-01-31T10:41:56Z</time>
      </trkpt>
      <trkpt lat="39.894572" lon="116.646194">
        <time>2021-01-31T10:42:01Z</time>
      </trkpt>
      <trkpt lat="39.89444" lon="116.646148">
        <time>2021-01-31T10:42:06Z</time>
      </trkpt>
      <trkpt lat="39.894389" lon="116.646094">
        <time>2021-01-31T10:42:11Z</time>
      </trkpt>
      <trkpt lat="39.894288" lon="116.646035">
        <time>2021-01-31T10:42:16Z</time>
      </trkpt>
      <trkpt lat="39.89412" lon="116.645972">
        <time>2021-01-31T10:42:21Z</time>
      </trkpt>
      <trkpt lat="39.894025" lon="116.645919">
        <time>2021-01-31T10:42:26Z</time>
      </trkpt>
      <trkpt lat="39.893904" lon="116.645925">
        <time>2021-01-31T10:42:31Z</time>
      </trkpt>
      <trkpt lat="39.89382" lon="116.646003">
        <time>2021-01-31T10:42:36Z</time>
      </trkpt>
      <trkpt lat="39.89376" lon="116.646164">
        <time>2021-01-31T10:42:41Z</time>
      </trkpt>
      <trkpt lat="39.893698" lon="116.646306">
        <time>2021-01-31T10:42:46Z</time>
      </trkpt>
      <trkpt lat="39.893601" lon="116.646376">
        <time>2021-01-31T10:42:51Z</time>
      </trkpt>
      <trkpt lat="39.893413" lon="116.646299">
        <time>2021-01-31T10:42:56Z</time>
      </trkpt>
      <trkpt lat="39.893371" lon="116.646269">
        <time>2021-01-31T10:43:01Z</time>
      </trkpt>
      <trkpt lat="39.893269" lon="116.646214">
        <time>2021-01-31T10:43:06Z</time>
      </trkpt>
      <trkpt lat="39.893127" lon="116.646167">
        <time>2021-01-31T10:43:11Z</time>
      </trkpt>
      <trkpt lat="39.89292" lon="116.646091">
        <time>2021-01-31T10:43:16Z</time>
      </trkpt>
      <trkpt lat="39.892876" lon="116.646058">
        <time>2021-01-31T10:43:21Z</time>
      </trkpt>
      <trkpt lat="39.892766" lon="116.645993">
        <time>2021-01-31T10:43:26Z</time>
      </trkpt>
      <trkpt lat="39.892673" lon="116.645913">
        <time>2021-01-31T10:43:31Z</time>
      </trkpt>
      <trkpt lat="39.892578" lon="116.645847">
        <time>2021-01-31T10:43:36Z</time>
      </trkpt>
      <trkpt lat="39.892434" lon="116.64583">
        <time>2021-01-31T10:43:41Z</time>
      </trkpt>
      <trkpt lat="39.892312" lon="116.645783">
        <time>2021-01-31T10:43:46Z</time>
      </trkpt>
      <trkpt lat="39.892197" lon="116.645717">
        <time>2021-01-31T10:43:51Z</time>
      </trkpt>
      <trkpt lat="39.892106" lon="116.645646">
        <time>2021-01-31T10:43:56Z</time>
      </trkpt>
      <trkpt lat="39.892011" lon="116.645564">
        <time>2021-01-31T10:44:01Z</time>
      </trkpt>
      <trkpt lat="39.891892" lon="116.645512">
        <time>2021-01-31T10:44:06Z</time>
      </trkpt>
      <trkpt lat="39.891752" lon="116.645456">
        <time>2021-01-31T10:44:11Z</time>
      </trkpt>
      <trkpt lat="39.891636" lon="116.645387">
        <time>2021-01-31T10:44:16Z</time>
      </trkpt>
      <trkpt lat="39.891535" lon="116.645368">
        <time>2021-01-31T10:44:21Z</time>
      </trkpt>
      <trkpt lat="39.891623" lon="116.645434">
        <time>2021-01-31T10:44:26Z</time>
      </trkpt>
      <trkpt lat="39.891721" lon="116.645499">
        <time>2021-01-31T10:44:31Z</time>
      </trkpt>
      <trkpt lat="39.891861" lon="116.645556">
        <time>2021-01-31T10:44:36Z</time>
      </trkpt>
      <trkpt lat="39.892" lon="116.645594">
        <time>2021-01-31T10:44:41Z</time>
      </trkpt>
      <trkpt lat="39.892084" lon="116.645618">
        <time>2021-01-31T10:44:46Z</time>
      </trkpt>
      <trkpt lat="39.892305" lon="116.645637">
        <time>2021-01-31T10:44:51Z</time>
      </trkpt>
      <trkpt lat="39.892382" lon="116.645676">
        <time>2021-01-31T10:44:56Z</time>
      </trkpt>
      <trkpt lat="39.89249" lon="116.645792">
        <time>2021-01-31T10:45:01Z</time>
      </trkpt>
      <trkpt lat="39.892592" lon="116.645873">
        <time>2021-01-31T10:45:06Z</time>
      </trkpt>
      <trkpt lat="39.892728" lon="116.645924">
        <time>2021-01-31T10:45:11Z</time>
      </trkpt>
      <trkpt lat="39.892863" lon="116.645982">
        <time>2021-01-31T10:45:16Z</time>
      </trkpt>
      <trkpt lat="39.893015" lon="116.646006">
        <time>2021-01-31T10:45:21Z</time>
      </trkpt>
      <trkpt lat="39.893171" lon="116.646078">
        <time>2021-01-31T10:45:26Z</time>
      </trkpt>
      <trkpt lat="39.893284" lon="116.646144">
        <time>2021-01-31T10:45:31Z</time>
      </trkpt>
      <trkpt lat="39.893384" lon="116.646176">
        <time>2021-01-31T10:45:36Z</time>
      </trkpt>
      <trkpt lat="39.893505" lon="116.64623">
        <time>2021-01-31T10:45:41Z</time>
      </trkpt>
      <trkpt lat="39.893612" lon="116.646304">
        <time>2021-01-31T10:45:46Z</time>
      </trkpt>
      <trkpt lat="39.893723" lon="116.646364">
        <time>2021-01-31T10:45:51Z</time>
      </trkpt>
      <trkpt lat="39.893869" lon="116.646203">
        <time>2021-01-31T10:45:56Z</time>
      </trkpt>
      <trkpt lat="39.893896" lon="116.646145">
        <time>2021-01-31T10:46:01Z</time>
      </trkpt>
      <trkpt lat="39.893954" lon="116.645991">
        <time>2021-01-31T10:46:06Z</time>
      </trkpt>
      <trkpt lat="39.894016" lon="116.645879">
        <time>2021-01-31T10:46:11Z</time>
      </trkpt>
      <trkpt lat="39.894144" lon="116.645934">
        <time>2021-01-31T10:46:16Z</time>
      </trkpt>
      <trkpt lat="39.894297" lon="116.646022">
        <time>2021-01-31T10:46:21Z</time>
      </trkpt>
      <trkpt lat="39.894433" lon="116.646081">
        <time>2021-01-31T10:46:26Z</time>
      </trkpt>
      <trkpt lat="39.894558" lon="116.646126">
        <time>2021-01-31T10:46:31Z</time>
      </trkpt>
      <trkpt lat="39.894686" lon="116.64622">
        <time>2021-01-31T10:46:36Z</time>
      </trkpt>
      <trkpt lat="39.894802" lon="116.646314">
        <time>2021-01-31T10:46:41Z</time>
      </trkpt>
      <trkpt lat="39.894902" lon="116.646367">
        <time>2021-01-31T10:46:46Z</time>
      </trkpt>
      <trkpt lat="39.895004" lon="116.646383">
        <time>2021-01-31T10:46:51Z</time>
      </trkpt>
      <trkpt lat="39.895124" lon="116.646405">
        <time>2021-01-31T10:46:56Z</time>
      </trkpt>
      <trkpt lat="39.895236" lon="116.646459">
        <time>2021-01-31T10:47:01Z</time>
      </trkpt>
      <trkpt lat="39.895455" lon="116.646542">
        <time>2021-01-31T10:47:06Z</time>
      </trkpt>
      <trkpt lat="39.895477" lon="116.646551">
        <time>2021-01-31T10:47:11Z</time>
      </trkpt>
      <trkpt lat="39.895571" lon="116.646591">
        <time>2021-01-31T10:47:16Z</time>
      </trkpt>
      <trkpt lat="39.895691" lon="116.646653">
        <time>2021-01-31T10:47:21Z</time>
      </trkpt>
      <trkpt lat="39.8958" lon="116.646704">
        <time>2021-01-31T10:47:26Z</time>
      </trkpt>
      <trkpt lat="39.895918" lon="116.646735">
        <time>2021-01-31T10:47:31Z</time>
      </trkpt>
      <trkpt lat="39.896043" lon="116.64676">
        <time>2021-01-31T10:47:36Z</time>
      </trkpt>
      <trkpt lat="39.896117" lon="116.646671">
        <time>2021-01-31T10:47:41Z</time>
      </trkpt>
      <trkpt lat="39.896061" lon="116.646497">
        <time>2021-01-31T10:47:46Z</time>
      </trkpt>
      <trkpt lat="39.896037" lon="116.646354">
        <time>2021-01-31T10:47:51Z</time>
      </trkpt>
      <trkpt lat="39.896046" lon="116.646218">
        <time>2021-01-31T10:47:56Z</time>
      </trkpt>
      <trkpt lat="39.896051" lon="116.646067">
        <time>2021-01-31T10:48:01Z</time>
      </trkpt>
      <trkpt lat="39.896083" lon="116.645953">
        <time>2021-01-31T10:48:06Z</time>
      </trkpt>
      <trkpt lat="39.896119" lon="116.645875">
        <time>2021-01-31T10:48:11Z</time>
      </trkpt>
      <trkpt lat="39.896151" lon="116.645788">
        <time>2021-01-31T10:48:16Z</time>
      </trkpt>
      <trkpt lat="39.896167" lon="116.6457">
        <time>2021-01-31T10:48:21Z</time>
      </trkpt>
      <trkpt lat="39.896183" lon="116.645609">
        <time>2021-01-31T10:48:26Z</time>
      </trkpt>
      <trkpt lat="39.896194" lon="116.645478">
        <time>2021-01-31T10:48:31Z</time>
      </trkpt>
      <trkpt lat="39.896217" lon="116.645338">
        <time>2021-01-31T10:48:36Z</time>
      </trkpt>
      <trkpt lat="39.896203" lon="116.645153">
        <time>2021-01-31T10:48:41Z</time>
      </trkpt>
      <trkpt lat="39.896197" lon="116.644968">
        <time>2021-01-31T10:48:46Z</time>
      </trkpt>
      <trkpt lat="39.896193" lon="116.644785">
        <time>2021-01-31T10:48:51Z</time>
      </trkpt>
      <trkpt lat="39.896229" lon="116.644606">
        <time>2021-01-31T10:48:56Z</time>
      </trkpt>
      <trkpt lat="39.896233" lon="116.644422">
        <time>2021-01-31T10:49:01Z</time>
      </trkpt>
      <trkpt lat="39.896235" lon="116.644255">
        <time>2021-01-31T10:49:06Z</time>
      </trkpt>
      <trkpt lat="39.896221" lon="116.644076">
        <time>2021-01-31T10:49:11Z</time>
      </trkpt>
      <trkpt lat="39.896207" lon="116.643935">
        <time>2021-01-31T10:49:16Z</time>
      </trkpt>
      <trkpt lat="39.896204" lon="116.643802">
        <time>2021-01-31T10:49:21Z</time>
      </trkpt>
      <trkpt lat="39.896222" lon="116.643671">
        <time>2021-01-31T10:49:26Z</time>
      </trkpt>
      <trkpt lat="39.896246" lon="116.643536">
        <time>2021-01-31T10:49:31Z</time>
      </trkpt>
      <trkpt lat="39.896226" lon="116.64336">
        <time>2021-01-31T10:49:36Z</time>
      </trkpt>
      <trkpt lat="39.896216" lon="116.643182">
        <time>2021-01-31T10:49:41Z</time>
      </trkpt>
      <trkpt lat="39.896202" lon="116.643019">
        <time>2021-01-31T10:49:46Z</time>
      </trkpt>
      <trkpt lat="39.8962" lon="116.642872">
        <time>2021-01-31T10:49:51Z</time>
      </trkpt>
      <trkpt lat="39.896212" lon="116.642733">
        <time>2021-01-31T10:49:56Z</time>
      </trkpt>
      <trkpt lat="39.896182" lon="116.642586">
        <time>2021-01-31T10:50:01Z</time>
      </trkpt>
      <trkpt lat="39.896181" lon="116.642427">
        <time>2021-01-31T10:50:06Z</time>
      </trkpt>
      <trkpt lat="39.896202" lon="116.642275">
        <time>2021-01-31T10:50:11Z</time>
      </trkpt>
      <trkpt lat="39.896214" lon="116.642106">
        <time>2021-01-31T10:50:16Z</time>
      </trkpt>
      <trkpt lat="39.896204" lon="116.641947">
        <time>2021-01-31T10:50:21Z</time>
      </trkpt>
      <trkpt lat="39.896191" lon="116.641792">
        <time>2021-01-31T10:50:26Z</time>
      </trkpt>
      <trkpt lat="39.896197" lon="116.641602">
        <time>2021-01-31T10:50:31Z</time>
      </trkpt>
      <trkpt lat="39.896213" lon="116.641494">
        <time>2021-01-31T10:50:36Z</time>
      </trkpt>
      <trkpt lat="39.89622" lon="116.641341">
        <time>2021-01-31T10:50:41Z</time>
      </trkpt>
      <trkpt lat="39.896239" lon="116.641227">
        <time>2021-01-31T10:50:46Z</time>
      </trkpt>
      <trkpt lat="39.896242" lon="116.641076">
        <time>2021-01-31T10:50:51Z</time>
      </trkpt>
      <trkpt lat="39.896254" lon="116.640929">
        <time>2021-01-31T10:50:56Z</time>
      </trkpt>
      <trkpt lat="39.896269" lon="116.640798">
        <time>2021-01-31T10:51:01Z</time>
      </trkpt>
      <trkpt lat="39.896276" lon="116.640636">
        <time>2021-01-31T10:51:06Z</time>
      </trkpt>
      <trkpt lat="39.896261" lon="116.640493">
        <time>2021-01-31T10:51:11Z</time>
      </trkpt>
      <trkpt lat="39.896283" lon="116.640326">
        <time>2021-01-31T10:51:16Z</time>
      </trkpt>
      <trkpt lat="39.896281" lon="116.640128">
        <time>2021-01-31T10:51:21Z</time>
      </trkpt>
      <trkpt lat="39.896281" lon="116.63997">
        <time>2021-01-31T10:51:26Z</time>
      </trkpt>
      <trkpt lat="39.896275" lon="116.639805">
        <time>2021-01-31T10:51:31Z</time>
      </trkpt>
      <trkpt lat="39.896271" lon="116.639649">
        <time>2021-01-31T10:51:36Z</time>
      </trkpt>
      <trkpt lat="39.896241" lon="116.639488">
        <time>2021-01-31T10:51:41Z</time>
      </trkpt>
      <trkpt lat="39.89624" lon="116.639345">
        <time>2021-01-31T10:51:46Z</time>
      </trkpt>
      <trkpt lat="39.896233" lon="116.639183">
        <time>2021-01-31T10:51:51Z</time>
      </trkpt>
      <trkpt lat="39.896213" lon="116.639035">
        <time>2021-01-31T10:51:56Z</time>
      </trkpt>
      <trkpt lat="39.896199" lon="116.638892">
        <time>2021-01-31T10:52:01Z</time>
      </trkpt>
      <trkpt lat="39.896205" lon="116.638742">
        <time>2021-01-31T10:52:06Z</time>
      </trkpt>
      <trkpt lat="39.896198" lon="116.638584">
        <time>2021-01-31T10:52:11Z</time>
      </trkpt>
      <trkpt lat="39.89617" lon="116.638399">
        <time>2021-01-31T10:52:16Z</time>
      </trkpt>
      <trkpt lat="39.896164" lon="116.638223">
        <time>2021-01-31T10:52:21Z</time>
      </trkpt>
      <trkpt lat="39.896164" lon="116.638052">
        <time>2021-01-31T10:52:26Z</time>
      </trkpt>
      <trkpt lat="39.896179" lon="116.637889">
        <time>2021-01-31T10:52:31Z</time>
      </trkpt>
      <trkpt lat="39.896178" lon="116.637745">
        <time>2021-01-31T10:52:36Z</time>
      </trkpt>
      <trkpt lat="39.89616" lon="116.637578">
        <time>2021-01-31T10:52:41Z</time>
      </trkpt>
      <trkpt lat="39.896185" lon="116.637428">
        <time>2021-01-31T10:52:46Z</time>
      </trkpt>
      <trkpt lat="39.896177" lon="116.637255">
        <time>2021-01-31T10:52:51Z</time>
      </trkpt>
      <trkpt lat="39.896145" lon="116.637086">
        <time>2021-01-31T10:52:56Z</time>
      </trkpt>
      <trkpt lat="39.896128" lon="116.63694">
        <time>2021-01-31T10:53:01Z</time>
      </trkpt>
      <trkpt lat="39.896124" lon="116.636839">
        <time>2021-01-31T10:53:06Z</time>
      </trkpt>
      <trkpt lat="39.896084" lon="116.636735">
        <time>2021-01-31T10:53:11Z</time>
      </trkpt>
      <trkpt lat="39.896033" lon="116.63673">
        <time>2021-01-31T10:53:16Z</time>
      </trkpt>
      <trkpt lat="39.896036" lon="116.636812">
        <time>2021-01-31T10:53:21Z</time>
      </trkpt>
      <trkpt lat="39.896095" lon="116.636962">
        <time>2021-01-31T10:53:26Z</time>
      </trkpt>
      <trkpt lat="39.896126" lon="116.637112">
        <time>2021-01-31T10:53:31Z</time>
      </trkpt>
      <trkpt lat="39.896132" lon="116.63726">
        <time>2021-01-31T10:53:36Z</time>
      </trkpt>
      <trkpt lat="39.896152" lon="116.637411">
        <time>2021-01-31T10:53:41Z</time>
      </trkpt>
      <trkpt lat="39.896173" lon="116.637574">
        <time>2021-01-31T10:53:46Z</time>
      </trkpt>
      <trkpt lat="39.896191" lon="116.637737">
        <time>2021-01-31T10:53:51Z</time>
      </trkpt>
      <trkpt lat="39.89621" lon="116.637915">
        <time>2021-01-31T10:53:56Z</time>
      </trkpt>
      <trkpt lat="39.896229" lon="116.638094">
        <time>2021-01-31T10:54:01Z</time>
      </trkpt>
      <trkpt lat="39.896253" lon="116.638255">
        <time>2021-01-31T10:54:06Z</time>
      </trkpt>
      <trkpt lat="39.896261" lon="116.638416">
        <time>2021-01-31T10:54:11Z</time>
      </trkpt>
      <trkpt lat="39.896272" lon="116.638586">
        <time>2021-01-31T10:54:16Z</time>
      </trkpt>
      <trkpt lat="39.896305" lon="116.638757">
        <time>2021-01-31T10:54:21Z</time>
      </trkpt>
      <trkpt lat="39.896305" lon="116.638915">
        <time>2021-01-31T10:54:26Z</time>
      </trkpt>
      <trkpt lat="39.896288" lon="116.63907">
        <time>2021-01-31T10:54:31Z</time>
      </trkpt>
      <trkpt lat="39.89629" lon="116.639246">
        <time>2021-01-31T10:54:36Z</time>
      </trkpt>
      <trkpt lat="39.896304" lon="116.639425">
        <time>2021-01-31T10:54:41Z</time>
      </trkpt>
      <trkpt lat="39.896319" lon="116.639602">
        <time>2021-01-31T10:54:46Z</time>
      </trkpt>
      <trkpt lat="39.896318" lon="116.639757">
        <time>2021-01-31T10:54:51Z</time>
      </trkpt>
      <trkpt lat="39.896318" lon="116.639842">
        <time>2021-01-31T10:54:56Z</time>
      </trkpt>
      <trkpt lat="39.896302" lon="116.639957">
        <time>2021-01-31T10:55:01Z</time>
      </trkpt>
      <trkpt lat="39.896304" lon="116.640112">
        <time>2021-01-31T10:55:06Z</time>
      </trkpt>
      <trkpt lat="39.89631" lon="116.640284">
        <time>2021-01-31T10:55:11Z</time>
      </trkpt>
      <trkpt lat="39.896339" lon="116.640481">
        <time>2021-01-31T10:55:16Z</time>
      </trkpt>
      <trkpt lat="39.896345" lon="116.640691">
        <time>2021-01-31T10:55:21Z</time>
      </trkpt>
      <trkpt lat="39.896332" lon="116.640879">
        <time>2021-01-31T10:55:26Z</time>
      </trkpt>
      <trkpt lat="39.896315" lon="116.641042">
        <time>2021-01-31T10:55:31Z</time>
      </trkpt>
      <trkpt lat="39.89631" lon="116.641212">
        <time>2021-01-31T10:55:36Z</time>
      </trkpt>
      <trkpt lat="39.896287" lon="116.641364">
        <time>2021-01-31T10:55:41Z</time>
      </trkpt>
      <trkpt lat="39.896289" lon="116.641525">
        <time>2021-01-31T10:55:46Z</time>
      </trkpt>
      <trkpt lat="39.896272" lon="116.641678">
        <time>2021-01-31T10:55:51Z</time>
      </trkpt>
      <trkpt lat="39.89628" lon="116.641851">
        <time>2021-01-31T10:55:56Z</time>
      </trkpt>
      <trkpt lat="39.896259" lon="116.641983">
        <time>2021-01-31T10:56:01Z</time>
      </trkpt>
      <trkpt lat="39.896262" lon="116.642143">
        <time>2021-01-31T10:56:06Z</time>
      </trkpt>
      <trkpt lat="39.896257" lon="116.642324">
        <time>2021-01-31T10:56:11Z</time>
      </trkpt>
      <trkpt lat="39.896273" lon="116.642494">
        <time>2021-01-31T10:56:16Z</time>
      </trkpt>
      <trkpt lat="39.896263" lon="116.642687">
        <time>2021-01-31T10:56:21Z</time>
      </trkpt>
      <trkpt lat="39.896258" lon="116.642857">
        <time>2021-01-31T10:56:26Z</time>
      </trkpt>
      <trkpt lat="39.896263" lon="116.643037">
        <time>2021-01-31T10:56:31Z</time>
      </trkpt>
      <trkpt lat="39.896254" lon="116.643228">
        <time>2021-01-31T10:56:36Z</time>
      </trkpt>
      <trkpt lat="39.896229" lon="116.643396">
        <time>2021-01-31T10:56:41Z</time>
      </trkpt>
      <trkpt lat="39.896231" lon="116.643554">
        <time>2021-01-31T10:56:46Z</time>
      </trkpt>
      <trkpt lat="39.896265" lon="116.64373">
        <time>2021-01-31T10:56:51Z</time>
      </trkpt>
      <trkpt lat="39.89627" lon="116.643938">
        <time>2021-01-31T10:56:56Z</time>
      </trkpt>
      <trkpt lat="39.896261" lon="116.644101">
        <time>2021-01-31T10:57:01Z</time>
      </trkpt>
      <trkpt lat="39.896261" lon="116.644263">
        <time>2021-01-31T10:57:06Z</time>
      </trkpt>
      <trkpt lat="39.896258" lon="116.644424">
        <time>2021-01-31T10:57:11Z</time>
      </trkpt>
      <trkpt lat="39.896258" lon="116.644581">
        <time>2021-01-31T10:57:16Z</time>
      </trkpt>
      <trkpt lat="39.896267" lon="116.644726">
        <time>2021-01-31T10:57:21Z</time>
      </trkpt>
      <trkpt lat="39.896249" lon="116.644877">
        <time>2021-01-31T10:57:26Z</time>
      </trkpt>
      <trkpt lat="39.896255" lon="116.645048">
        <time>2021-01-31T10:57:31Z</time>
      </trkpt>
      <trkpt lat="39.896268" lon="116.645215">
        <time>2021-01-31T10:57:36Z</time>
      </trkpt>
      <trkpt lat="39.896269" lon="116.64538">
        <time>2021-01-31T10:57:41Z</time>
      </trkpt>
      <trkpt lat="39.896272" lon="116.645553">
        <time>2021-01-31T10:57:46Z</time>
      </trkpt>
      <trkpt lat="39.896226" lon="116.645732">
        <time>2021-01-31T10:57:51Z</time>
      </trkpt>
      <trkpt lat="39.896179" lon="116.645924">
        <time>2021-01-31T10:57:56Z</time>
      </trkpt>
      <trkpt lat="39.896146" lon="116.646102">
        <time>2021-01-31T10:58:01Z</time>
      </trkpt>
      <trkpt lat="39.896119" lon="116.646251">
        <time>2021-01-31T10:58:06Z</time>
      </trkpt>
      <trkpt lat="39.896104" lon="116.646393">
        <time>2021-01-31T10:58:11Z</time>
      </trkpt>
      <trkpt lat="39.896083" lon="116.646551">
        <time>2021-01-31T10:58:16Z</time>
      </trkpt>
      <trkpt lat="39.89607" lon="116.646704">
        <time>2021-01-31T10:58:21Z</time>
      </trkpt>
      <trkpt lat="39.895985" lon="116.646822">
        <time>2021-01-31T10:58:26Z</time>
      </trkpt>
      <trkpt lat="39.895837" lon="116.646803">
        <time>2021-01-31T10:58:31Z</time>
      </trkpt>
      <trkpt lat="39.895711" lon="116.646766">
        <time>2021-01-31T10:58:36Z</time>
      </trkpt>
      <trkpt lat="39.895589" lon="116.646705">
        <time>2021-01-31T10:58:41Z</time>
      </trkpt>
      <trkpt lat="39.895469" lon="116.646643">
        <time>2021-01-31T10:58:46Z</time>
      </trkpt>
      <trkpt lat="39.895362" lon="116.646605">
        <time>2021-01-31T10:58:51Z</time>
      </trkpt>
      <trkpt lat="39.895219" lon="116.646518">
        <time>2021-01-31T10:58:56Z</time>
      </trkpt>
      <trkpt lat="39.895097" lon="116.646447">
        <time>2021-01-31T10:59:01Z</time>
      </trkpt>
      <trkpt lat="39.89492" lon="116.646356">
        <time>2021-01-31T10:59:06Z</time>
      </trkpt>
      <trkpt lat="39.894901" lon="116.64635">
        <time>2021-01-31T10:59:11Z</time>
      </trkpt>
      <trkpt lat="39.89482" lon="116.646329">
        <time>2021-01-31T10:59:16Z</time>
      </trkpt>
      <trkpt lat="39.894756" lon="116.646301">
        <time>2021-01-31T10:59:21Z</time>
      </trkpt>
      <trkpt lat="39.894666" lon="116.64626">
        <time>2021-01-31T10:59:26Z</time>
      </trkpt>
      <trkpt lat="39.894585" lon="116.646226">
        <time>2021-01-31T10:59:31Z</time>
      </trkpt>
      <trkpt lat="39.894448" lon="116.646135">
        <time>2021-01-31T10:59:36Z</time>
      </trkpt>
      <trkpt lat="39.894327" lon="116.646092">
        <time>2021-01-31T10:59:41Z</time>
      </trkpt>
      <trkpt lat="39.894105" lon="116.645993">
        <time>2021-01-31T10:59:46Z</time>
      </trkpt>
      <trkpt lat="39.894059" lon="116.645952">
        <time>2021-01-31T10:59:51Z</time>
      </trkpt>
      <trkpt lat="39.893972" lon="116.645867">
        <time>2021-01-31T10:59:56Z</time>
      </trkpt>
      <trkpt lat="39.893878" lon="116.645977">
        <time>2021-01-31T11:00:01Z</time>
      </trkpt>
      <trkpt lat="39.893801" lon="116.646123">
        <time>2021-01-31T11:00:06Z</time>
      </trkpt>
      <trkpt lat="39.89372" lon="116.64624">
        <time>2021-01-31T11:00:11Z</time>
      </trkpt>
      <trkpt lat="39.893611" lon="116.646296">
        <time>2021-01-31T11:00:16Z</time>
      </trkpt>
      <trkpt lat="39.893413" lon="116.646299">
        <time>2021-01-31T11:00:21Z</time>
      </trkpt>
      <trkpt lat="39.893372" lon="116.646288">
        <time>2021-01-31T11:00:26Z</time>
      </trkpt>
      <trkpt lat="39.893275" lon="116.646178">
        <time>2021-01-31T11:00:31Z</time>
      </trkpt>
      <trkpt lat="39.893162" lon="116.646117">
        <time>2021-01-31T11:00:36Z</time>
      </trkpt>
      <trkpt lat="39.893005" lon="116.646061">
        <time>2021-01-31T11:00:41Z</time>
      </trkpt>
      <trkpt lat="39.892899" lon="116.64597">
        <time>2021-01-31T11:00:46Z</time>
      </trkpt>
      <trkpt lat="39.892828" lon="116.645938">
        <time>2021-01-31T11:00:51Z</time>
      </trkpt>
      <trkpt lat="39.892754" lon="116.645865">
        <time>2021-01-31T11:00:56Z</time>
      </trkpt>
      <trkpt lat="39.892558" lon="116.645806">
        <time>2021-01-31T11:01:01Z</time>
      </trkpt>
      <trkpt lat="39.892428" lon="116.645777">
        <time>2021-01-31T11:01:06Z</time>
      </trkpt>
      <trkpt lat="39.892308" lon="116.645705">
        <time>2021-01-31T11:01:11Z</time>
      </trkpt>
      <trkpt lat="39.892189" lon="116.645667">
        <time>2021-01-31T11:01:16Z</time>
      </trkpt>
      <trkpt lat="39.892087" lon="116.645629">
        <time>2021-01-31T11:01:21Z</time>
      </trkpt>
      <trkpt lat="39.892015" lon="116.645584">
        <time>2021-01-31T11:01:26Z</time>
      </trkpt>
      <trkpt lat="39.891938" lon="116.645557">
        <time>2021-01-31T11:01:31Z</time>
      </trkpt>
      <trkpt lat="39.891855" lon="116.645535">
        <time>2021-01-31T11:01:36Z</time>
      </trkpt>
      <trkpt lat="39.891748" lon="116.645471">
        <time>2021-01-31T11:01:41Z</time>
      </trkpt>
      <trkpt lat="39.891665" lon="116.645388">
        <time>2021-01-31T11:01:46Z</time>
      </trkpt>
      <trkpt lat="39.891592" lon="116.645407">
        <time>2021-01-31T11:01:51Z</time>
      </trkpt>
      <trkpt lat="39.891607" lon="116.645435">
        <time>2021-01-31T11:01:56Z</time>
      </trkpt>
      <trkpt lat="39.891664" lon="116.645443">
        <time>2021-01-31T11:02:01Z</time>
      </trkpt>
      <trkpt lat="39.891722" lon="116.645476">
        <time>2021-01-31T11:02:06Z</time>
      </trkpt>
      <trkpt lat="39.891859" lon="116.645509">
        <time>2021-01-31T11:02:11Z</time>
      </trkpt>
      <trkpt lat="39.891985" lon="116.645548">
        <time>2021-01-31T11:02:16Z</time>
      </trkpt>
      <trkpt lat="39.892091" lon="116.64558">
        <time>2021-01-31T11:02:21Z</time>
      </trkpt>
      <trkpt lat="39.892201" lon="116.64563">
        <time>2021-01-31T11:02:26Z</time>
      </trkpt>
      <trkpt lat="39.892323" lon="116.645711">
        <time>2021-01-31T11:02:31Z</time>
      </trkpt>
      <trkpt lat="39.892458" lon="116.645772">
        <time>2021-01-31T11:02:36Z</time>
      </trkpt>
      <trkpt lat="39.892611" lon="116.645832">
        <time>2021-01-31T11:02:41Z</time>
      </trkpt>
      <trkpt lat="39.892727" lon="116.645874">
        <time>2021-01-31T11:02:46Z</time>
      </trkpt>
      <trkpt lat="39.892865" lon="116.645921">
        <time>2021-01-31T11:02:51Z</time>
      </trkpt>
      <trkpt lat="39.892994" lon="116.64595">
        <time>2021-01-31T11:02:56Z</time>
      </trkpt>
      <trkpt lat="39.893097" lon="116.645979">
        <time>2021-01-31T11:03:01Z</time>
      </trkpt>
      <trkpt lat="39.893196" lon="116.646063">
        <time>2021-01-31T11:03:06Z</time>
      </trkpt>
      <trkpt lat="39.893281" lon="116.646122">
        <time>2021-01-31T11:03:11Z</time>
      </trkpt>
      <trkpt lat="39.893421" lon="116.646181">
        <time>2021-01-31T11:03:16Z</time>
      </trkpt>
      <trkpt lat="39.893534" lon="116.646266">
        <time>2021-01-31T11:03:21Z</time>
      </trkpt>
      <trkpt lat="39.893585" lon="116.646333">
        <time>2021-01-31T11:03:26Z</time>
      </trkpt>
      <trkpt lat="39.893649" lon="116.646327">
        <time>2021-01-31T11:03:31Z</time>
      </trkpt>
      <trkpt lat="39.893822" lon="116.646148">
        <time>2021-01-31T11:03:36Z</time>
      </trkpt>
      <trkpt lat="39.893843" lon="116.646114">
        <time>2021-01-31T11:03:41Z</time>
      </trkpt>
      <trkpt lat="39.893951" lon="116.645923">
        <time>2021-01-31T11:03:46Z</time>
      </trkpt>
      <trkpt lat="39.894068" lon="116.645903">
        <time>2021-01-31T11:03:51Z</time>
      </trkpt>
      <trkpt lat="39.894183" lon="116.645937">
        <time>2021-01-31T11:03:56Z</time>
      </trkpt>
      <trkpt lat="39.894301" lon="116.646009">
        <time>2021-01-31T11:04:01Z</time>
      </trkpt>
      <trkpt lat="39.894442" lon="116.646105">
        <time>2021-01-31T11:04:06Z</time>
      </trkpt>
      <trkpt lat="39.894678" lon="116.646217">
        <time>2021-01-31T11:04:11Z</time>
      </trkpt>
      <trkpt lat="39.894704" lon="116.646231">
        <time>2021-01-31T11:04:16Z</time>
      </trkpt>
      <trkpt lat="39.894821" lon="116.646293">
        <time>2021-01-31T11:04:21Z</time>
      </trkpt>
      <trkpt lat="39.894966" lon="116.646317">
        <time>2021-01-31T11:04:26Z</time>
      </trkpt>
      <trkpt lat="39.89513" lon="116.646339">
        <time>2021-01-31T11:04:31Z</time>
      </trkpt>
      <trkpt lat="39.895268" lon="116.646418">
        <time>2021-01-31T11:04:36Z</time>
      </trkpt>
      <trkpt lat="39.895328" lon="116.646487">
        <time>2021-01-31T11:04:41Z</time>
      </trkpt>
      <trkpt lat="39.895446" lon="116.646552">
        <time>2021-01-31T11:04:46Z</time>
      </trkpt>
      <trkpt lat="39.895557" lon="116.646597">
        <time>2021-01-31T11:04:51Z</time>
      </trkpt>
      <trkpt lat="39.895642" lon="116.6467">
        <time>2021-01-31T11:04:56Z</time>
      </trkpt>
      <trkpt lat="39.895753" lon="116.646784">
        <time>2021-01-31T11:05:01Z</time>
      </trkpt>
      <trkpt lat="39.895884" lon="116.646832">
        <time>2021-01-31T11:05:06Z</time>
      </trkpt>
      <trkpt lat="39.896007" lon="116.646826">
        <time>2021-01-31T11:05:11Z</time>
      </trkpt>
      <trkpt lat="39.896059" lon="116.646652">
        <time>2021-01-31T11:05:16Z</time>
      </trkpt>
      <trkpt lat="39.896056" lon="116.646486">
        <time>2021-01-31T11:05:21Z</time>
      </trkpt>
      <trkpt lat="39.896082" lon="116.646318">
        <time>2021-01-31T11:05:26Z</time>
      </trkpt>
      <trkpt lat="39.896078" lon="116.646133">
        <time>2021-01-31T11:05:31Z</time>
      </trkpt>
      <trkpt lat="39.896072" lon="116.645967">
        <time>2021-01-31T11:05:36Z</time>
      </trkpt>
      <trkpt lat="39.896059" lon="116.645798">
        <time>2021-01-31T11:05:41Z</time>
      </trkpt>
      <trkpt lat="39.896058" lon="116.645694">
        <time>2021-01-31T11:05:46Z</time>
      </trkpt>
      <trkpt lat="39.896066" lon="116.64558">
        <time>2021-01-31T11:05:51Z</time>
      </trkpt>
      <trkpt lat="39.896095" lon="116.645494">
        <time>2021-01-31T11:05:56Z</time>
      </trkpt>
      <trkpt lat="39.896132" lon="116.645401">
        <time>2021-01-31T11:06:01Z</time>
      </trkpt>
      <trkpt lat="39.896145" lon="116.645316">
        <time>2021-01-31T11:06:06Z</time>
      </trkpt>
      <trkpt lat="39.89615" lon="116.645207">
        <time>2021-01-31T11:06:11Z</time>
      </trkpt>
      <trkpt lat="39.896163" lon="116.645088">
        <time>2021-01-31T11:06:16Z</time>
      </trkpt>
      <trkpt lat="39.896208" lon="116.644975">
        <time>2021-01-31T11:06:21Z</time>
      </trkpt>
      <trkpt lat="39.896194" lon="116.644829">
        <time>2021-01-31T11:06:26Z</time>
      </trkpt>
      <trkpt lat="39.896188" lon="116.644689">
        <time>2021-01-31T11:06:31Z</time>
      </trkpt>
      <trkpt lat="39.89621" lon="116.644602">
        <time>2021-01-31T11:06:36Z</time>
      </trkpt>
      <trkpt lat="39.896193" lon="116.64441">
        <time>2021-01-31T11:06:41Z</time>
      </trkpt>
      <trkpt lat="39.896212" lon="116.644239">
        <time>2021-01-31T11:06:46Z</time>
      </trkpt>
      <trkpt lat="39.896247" lon="116.644088">
        <time>2021-01-31T11:06:51Z</time>
      </trkpt>
      <trkpt lat="39.896239" lon="116.643938">
        <time>2021-01-31T11:06:56Z</time>
      </trkpt>
      <trkpt lat="39.896231" lon="116.643782">
        <time>2021-01-31T11:07:01Z</time>
      </trkpt>
      <trkpt lat="39.896214" lon="116.643632">
        <time>2021-01-31T11:07:06Z</time>
      </trkpt>
      <trkpt lat="39.896242" lon="116.643506">
        <time>2021-01-31T11:07:11Z</time>
      </trkpt>
      <trkpt lat="39.896226" lon="116.643392">
        <time>2021-01-31T11:07:16Z</time>
      </trkpt>
      <trkpt lat="39.89619" lon="116.643322">
        <time>2021-01-31T11:07:21Z</time>
      </trkpt>
      <trkpt lat="39.896185" lon="116.643242">
        <time>2021-01-31T11:07:26Z</time>
      </trkpt>
      <trkpt lat="39.896191" lon="116.643165">
        <time>2021-01-31T11:07:31Z</time>
      </trkpt>
      <trkpt lat="39.896205" lon="116.643085">
        <time>2021-01-31T11:07:36Z</time>
      </trkpt>
      <trkpt lat="39.89621" lon="116.642979">
        <time>2021-01-31T11:07:41Z</time>
      </trkpt>
      <trkpt lat="39.896184" lon="116.642861">
        <time>2021-01-31T11:07:46Z</time>
      </trkpt>
      <trkpt lat="39.896174" lon="116.642761">
        <time>2021-01-31T11:07:51Z</time>
      </trkpt>
      <trkpt lat="39.896171" lon="116.642693">
        <time>2021-01-31T11:07:56Z</time>
      </trkpt>
      <trkpt lat="39.896173" lon="116.642532">
        <time>2021-01-31T11:08:01Z</time>
      </trkpt>
      <trkpt lat="39.89618" lon="116.642451">
        <time>2021-01-31T11:08:06Z</time>
      </trkpt>
      <trkpt lat="39.896204" lon="116.64234">
        <time>2021-01-31T11:08:11Z</time>
      </trkpt>
      <trkpt lat="39.896241" lon="116.642233">
        <time>2021-01-31T11:08:16Z</time>
      </trkpt>
      <trkpt lat="39.896232" lon="116.642116">
        <time>2021-01-31T11:08:21Z</time>
      </trkpt>
      <trkpt lat="39.896228" lon="116.641992">
        <time>2021-01-31T11:08:26Z</time>
      </trkpt>
      <trkpt lat="39.89625" lon="116.641853">
        <time>2021-01-31T11:08:31Z</time>
      </trkpt>
      <trkpt lat="39.896272" lon="116.641736">
        <time>2021-01-31T11:08:36Z</time>
      </trkpt>
      <trkpt lat="39.896262" lon="116.641607">
        <time>2021-01-31T11:08:41Z</time>
      </trkpt>
      <trkpt lat="39.896258" lon="116.641414">
        <time>2021-01-31T11:08:46Z</time>
      </trkpt>
      <trkpt lat="39.896233" lon="116.64125">
        <time>2021-01-31T11:08:51Z</time>
      </trkpt>
      <trkpt lat="39.896221" lon="116.641121">
        <time>2021-01-31T11:08:56Z</time>
      </trkpt>
      <trkpt lat="39.896239" lon="116.640991">
        <time>2021-01-31T11:09:01Z</time>
      </trkpt>
      <trkpt lat="39.896225" lon="116.640846">
        <time>2021-01-31T11:09:06Z</time>
      </trkpt>
      <trkpt lat="39.896259" lon="116.640703">
        <time>2021-01-31T11:09:11Z</time>
      </trkpt>
      <trkpt lat="39.896245" lon="116.640558">
        <time>2021-01-31T11:09:16Z</time>
      </trkpt>
      <trkpt lat="39.896217" lon="116.64043">
        <time>2021-01-31T11:09:21Z</time>
      </trkpt>
      <trkpt lat="39.896234" lon="116.640292">
        <time>2021-01-31T11:09:26Z</time>
      </trkpt>
      <trkpt lat="39.896263" lon="116.640149">
        <time>2021-01-31T11:09:31Z</time>
      </trkpt>
      <trkpt lat="39.896263" lon="116.639976">
        <time>2021-01-31T11:09:36Z</time>
      </trkpt>
      <trkpt lat="39.896269" lon="116.639825">
        <time>2021-01-31T11:09:41Z</time>
      </trkpt>
      <trkpt lat="39.896272" lon="116.639691">
        <time>2021-01-31T11:09:46Z</time>
      </trkpt>
      <trkpt lat="39.89625" lon="116.639531">
        <time>2021-01-31T11:09:51Z</time>
      </trkpt>
      <trkpt lat="39.896217" lon="116.639385">
        <time>2021-01-31T11:09:56Z</time>
      </trkpt>
      <trkpt lat="39.896187" lon="116.639229">
        <time>2021-01-31T11:10:01Z</time>
      </trkpt>
      <trkpt lat="39.896174" lon="116.639068">
        <time>2021-01-31T11:10:06Z</time>
      </trkpt>
      <trkpt lat="39.896168" lon="116.638917">
        <time>2021-01-31T11:10:11Z</time>
      </trkpt>
      <trkpt lat="39.896155" lon="116.638766">
        <time>2021-01-31T11:10:16Z</time>
      </trkpt>
      <trkpt lat="39.896172" lon="116.638626">
        <time>2021-01-31T11:10:21Z</time>
      </trkpt>
      <trkpt lat="39.896171" lon="116.638484">
        <time>2021-01-31T11:10:26Z</time>
      </trkpt>
      <trkpt lat="39.896174" lon="116.638345">
        <time>2021-01-31T11:10:31Z</time>
      </trkpt>
      <trkpt lat="39.896173" lon="116.638192">
        <time>2021-01-31T11:10:36Z</time>
      </trkpt>
      <trkpt lat="39.896173" lon="116.638004">
        <time>2021-01-31T11:10:41Z</time>
      </trkpt>
      <trkpt lat="39.896183" lon="116.637822">
        <time>2021-01-31T11:10:46Z</time>
      </trkpt>
      <trkpt lat="39.89618" lon="116.637657">
        <time>2021-01-31T11:10:51Z</time>
      </trkpt>
      <trkpt lat="39.896177" lon="116.637502">
        <time>2021-01-31T11:10:56Z</time>
      </trkpt>
      <trkpt lat="39.896168" lon="116.637419">
        <time>2021-01-31T11:11:01Z</time>
      </trkpt>
      <trkpt lat="39.896137" lon="116.637332">
        <time>2021-01-31T11:11:06Z</time>
      </trkpt>
      <trkpt lat="39.896131" lon="116.637239">
        <time>2021-01-31T11:11:11Z</time>
      </trkpt>
      <trkpt lat="39.896114" lon="116.637131">
        <time>2021-01-31T11:11:16Z</time>
      </trkpt>
      <trkpt lat="39.89612" lon="116.637">
        <time>2021-01-31T11:11:21Z</time>
      </trkpt>
      <trkpt lat="39.896117" lon="116.63688">
        <time>2021-01-31T11:11:26Z</time>
      </trkpt>
      <trkpt lat="39.89608" lon="116.636724">
        <time>2021-01-31T11:11:31Z</time>
      </trkpt>
      <trkpt lat="39.895971" lon="116.636707">
        <time>2021-01-31T11:11:36Z</time>
      </trkpt>
      <trkpt lat="39.896007" lon="116.636856">
        <time>2021-01-31T11:11:41Z</time>
      </trkpt>
      <trkpt lat="39.896092" lon="116.637018">
        <time>2021-01-31T11:11:46Z</time>
      </trkpt>
      <trkpt lat="39.896151" lon="116.637179">
        <time>2021-01-31T11:11:51Z</time>
      </trkpt>
      <trkpt lat="39.896171" lon="116.637333">
        <time>2021-01-31T11:11:56Z</time>
      </trkpt>
      <trkpt lat="39.896215" lon="116.637507">
        <time>2021-01-31T11:12:01Z</time>
      </trkpt>
      <trkpt lat="39.896247" lon="116.637663">
        <time>2021-01-31T11:12:06Z</time>
      </trkpt>
      <trkpt lat="39.89624" lon="116.637831">
        <time>2021-01-31T11:12:11Z</time>
      </trkpt>
      <trkpt lat="39.89626" lon="116.638016">
        <time>2021-01-31T11:12:16Z</time>
      </trkpt>
      <trkpt lat="39.896256" lon="116.638178">
        <time>2021-01-31T11:12:21Z</time>
      </trkpt>
      <trkpt lat="39.896235" lon="116.638338">
        <time>2021-01-31T11:12:26Z</time>
      </trkpt>
      <trkpt lat="39.896227" lon="116.638517">
        <time>2021-01-31T11:12:31Z</time>
      </trkpt>
      <trkpt lat="39.896252" lon="116.63871">
        <time>2021-01-31T11:12:36Z</time>
      </trkpt>
      <trkpt lat="39.896247" lon="116.638881">
        <time>2021-01-31T11:12:41Z</time>
      </trkpt>
      <trkpt lat="39.896239" lon="116.639033">
        <time>2021-01-31T11:12:46Z</time>
      </trkpt>
      <trkpt lat="39.896249" lon="116.639193">
        <time>2021-01-31T11:12:51Z</time>
      </trkpt>
      <trkpt lat="39.896243" lon="116.639348">
        <time>2021-01-31T11:12:56Z</time>
      </trkpt>
      <trkpt lat="39.896247" lon="116.639528">
        <time>2021-01-31T11:13:01Z</time>
      </trkpt>
      <trkpt lat="39.896259" lon="116.639689">
        <time>2021-01-31T11:13:06Z</time>
      </trkpt>
      <trkpt lat="39.896262" lon="116.639791">
        <time>2021-01-31T11:13:11Z</time>
      </trkpt>
      <trkpt lat="39.896281" lon="116.639893">
        <time>2021-01-31T11:13:16Z</time>
      </trkpt>
      <trkpt lat="39.896291" lon="116.639996">
        <time>2021-01-31T11:13:21Z</time>
      </trkpt>
      <trkpt lat="39.896297" lon="116.640104">
        <time>2021-01-31T11:13:26Z</time>
      </trkpt>
      <trkpt lat="39.896272" lon="116.640254">
        <time>2021-01-31T11:13:31Z</time>
      </trkpt>
      <trkpt lat="39.896259" lon="116.640396">
        <time>2021-01-31T11:13:36Z</time>
      </trkpt>
      <trkpt lat="39.89626" lon="116.640589">
        <time>2021-01-31T11:13:41Z</time>
      </trkpt>
      <trkpt lat="39.896291" lon="116.640842">
        <time>2021-01-31T11:13:46Z</time>
      </trkpt>
      <trkpt lat="39.896301" lon="116.641029">
        <time>2021-01-31T11:13:51Z</time>
      </trkpt>
      <trkpt lat="39.896282" lon="116.641198">
        <time>2021-01-31T11:13:56Z</time>
      </trkpt>
      <trkpt lat="39.896285" lon="116.641352">
        <time>2021-01-31T11:14:01Z</time>
      </trkpt>
      <trkpt lat="39.896302" lon="116.641501">
        <time>2021-01-31T11:14:06Z</time>
      </trkpt>
      <trkpt lat="39.896317" lon="116.641669">
        <time>2021-01-31T11:14:11Z</time>
      </trkpt>
      <trkpt lat="39.896304" lon="116.641843">
        <time>2021-01-31T11:14:16Z</time>
      </trkpt>
      <trkpt lat="39.896278" lon="116.642036">
        <time>2021-01-31T11:14:21Z</time>
      </trkpt>
      <trkpt lat="39.896266" lon="116.6422">
        <time>2021-01-31T11:14:26Z</time>
      </trkpt>
      <trkpt lat="39.896279" lon="116.642371">
        <time>2021-01-31T11:14:31Z</time>
      </trkpt>
      <trkpt lat="39.89628" lon="116.642533">
        <time>2021-01-31T11:14:36Z</time>
      </trkpt>
      <trkpt lat="39.896278" lon="116.642689">
        <time>2021-01-31T11:14:41Z</time>
      </trkpt>
      <trkpt lat="39.896288" lon="116.642848">
        <time>2021-01-31T11:14:46Z</time>
      </trkpt>
      <trkpt lat="39.896256" lon="116.64302">
        <time>2021-01-31T11:14:51Z</time>
      </trkpt>
      <trkpt lat="39.896231" lon="116.643185">
        <time>2021-01-31T11:14:56Z</time>
      </trkpt>
      <trkpt lat="39.896218" lon="116.64329">
        <time>2021-01-31T11:15:01Z</time>
      </trkpt>
      <trkpt lat="39.896218" lon="116.643436">
        <time>2021-01-31T11:15:06Z</time>
      </trkpt>
      <trkpt lat="39.896254" lon="116.643596">
        <time>2021-01-31T11:15:11Z</time>
      </trkpt>
      <trkpt lat="39.896261" lon="116.643727">
        <time>2021-01-31T11:15:16Z</time>
      </trkpt>
      <trkpt lat="39.896254" lon="116.643883">
        <time>2021-01-31T11:15:21Z</time>
      </trkpt>
      <trkpt lat="39.896261" lon="116.644038">
        <time>2021-01-31T11:15:26Z</time>
      </trkpt>
      <trkpt lat="39.89628" lon="116.644197">
        <time>2021-01-31T11:15:31Z</time>
      </trkpt>
      <trkpt lat="39.896237" lon="116.644332">
        <time>2021-01-31T11:15:36Z</time>
      </trkpt>
      <trkpt lat="39.896227" lon="116.644479">
        <time>2021-01-31T11:15:41Z</time>
      </trkpt>
      <trkpt lat="39.896223" lon="116.644643">
        <time>2021-01-31T11:15:46Z</time>
      </trkpt>
      <trkpt lat="39.896227" lon="116.644809">
        <time>2021-01-31T11:15:51Z</time>
      </trkpt>
      <trkpt lat="39.896218" lon="116.644984">
        <time>2021-01-31T11:15:56Z</time>
      </trkpt>
      <trkpt lat="39.896206" lon="116.64513">
        <time>2021-01-31T11:16:01Z</time>
      </trkpt>
      <trkpt lat="39.896203" lon="116.645285">
        <time>2021-01-31T11:16:06Z</time>
      </trkpt>
      <trkpt lat="39.896199" lon="116.645448">
        <time>2021-01-31T11:16:11Z</time>
      </trkpt>
      <trkpt lat="39.896202" lon="116.64558">
        <time>2021-01-31T11:16:16Z</time>
      </trkpt>
      <trkpt lat="39.896172" lon="116.645645">
        <time>2021-01-31T11:16:21Z</time>
      </trkpt>
      <trkpt lat="39.896119" lon="116.645764">
        <time>2021-01-31T11:16:26Z</time>
      </trkpt>
      <trkpt lat="39.896102" lon="116.645857">
        <time>2021-01-31T11:16:31Z</time>
      </trkpt>
      <trkpt lat="39.896072" lon="116.646018">
        <time>2021-01-31T11:16:36Z</time>
      </trkpt>
      <trkpt lat="39.896057" lon="116.646198">
        <time>2021-01-31T11:16:41Z</time>
      </trkpt>
      <trkpt lat="39.896058" lon="116.646341">
        <time>2021-01-31T11:16:46Z</time>
      </trkpt>
      <trkpt lat="39.896054" lon="116.64652">
        <time>2021-01-31T11:16:51Z</time>
      </trkpt>
      <trkpt lat="39.896036" lon="116.6467">
        <time>2021-01-31T11:16:56Z</time>
      </trkpt>
      <trkpt lat="39.89596" lon="116.646817">
        <time>2021-01-31T11:17:01Z</time>
      </trkpt>
      <trkpt lat="39.895806" lon="116.646791">
        <time>2021-01-31T11:17:06Z</time>
      </trkpt>
      <trkpt lat="39.895671" lon="116.646767">
        <time>2021-01-31T11:17:11Z</time>
      </trkpt>
      <trkpt lat="39.895532" lon="116.646715">
        <time>2021-01-31T11:17:16Z</time>
      </trkpt>
      <trkpt lat="39.895417" lon="116.646641">
        <time>2021-01-31T11:17:21Z</time>
      </trkpt>
      <trkpt lat="39.895311" lon="116.646564">
        <time>2021-01-31T11:17:26Z</time>
      </trkpt>
      <trkpt lat="39.895264" lon="116.646526">
        <time>2021-01-31T11:17:31Z</time>
      </trkpt>
      <trkpt lat="39.895193" lon="116.646493">
        <time>2021-01-31T11:17:36Z</time>
      </trkpt>
      <trkpt lat="39.895129" lon="116.646444">
        <time>2021-01-31T11:17:41Z</time>
      </trkpt>
      <trkpt lat="39.895056" lon="116.646441">
        <time>2021-01-31T11:17:46Z</time>
      </trkpt>
      <trkpt lat="39.894909" lon="116.646368">
        <time>2021-01-31T11:17:51Z</time>
      </trkpt>
      <trkpt lat="39.894855" lon="116.646333">
        <time>2021-01-31T11:17:56Z</time>
      </trkpt>
      <trkpt lat="39.894755" lon="116.646263">
        <time>2021-01-31T11:18:01Z</time>
      </trkpt>
      <trkpt lat="39.894656" lon="116.646194">
        <time>2021-01-31T11:18:06Z</time>
      </trkpt>
      <trkpt lat="39.894472" lon="116.646104">
        <time>2021-01-31T11:18:11Z</time>
      </trkpt>
      <trkpt lat="39.894447" lon="116.64609">
        <time>2021-01-31T11:18:16Z</time>
      </trkpt>
      <trkpt lat="39.894323" lon="116.646052">
        <time>2021-01-31T11:18:21Z</time>
      </trkpt>
      <trkpt lat="39.894222" lon="116.646025">
        <time>2021-01-31T11:18:26Z</time>
      </trkpt>
      <trkpt lat="39.894096" lon="116.646001">
        <time>2021-01-31T11:18:31Z</time>
      </trkpt>
      <trkpt lat="39.893973" lon="116.645926">
        <time>2021-01-31T11:18:36Z</time>
      </trkpt>
      <trkpt lat="39.893894" lon="116.64595">
        <time>2021-01-31T11:18:41Z</time>
      </trkpt>
      <trkpt lat="39.893824" lon="116.646094">
        <time>2021-01-31T11:18:46Z</time>
      </trkpt>
      <trkpt lat="39.89374" lon="116.646259">
        <time>2021-01-31T11:18:51Z</time>
      </trkpt>
      <trkpt lat="39.893632" lon="116.64644">
        <time>2021-01-31T11:18:56Z</time>
      </trkpt>
      <trkpt lat="39.893546" lon="116.646452">
        <time>2021-01-31T11:19:01Z</time>
      </trkpt>
      <trkpt lat="39.893428" lon="116.646405">
        <time>2021-01-31T11:19:06Z</time>
      </trkpt>
      <trkpt lat="39.893322" lon="116.646291">
        <time>2021-01-31T11:19:11Z</time>
      </trkpt>
      <trkpt lat="39.893232" lon="116.646231">
        <time>2021-01-31T11:19:16Z</time>
      </trkpt>
      <trkpt lat="39.893138" lon="116.646181">
        <time>2021-01-31T11:19:21Z</time>
      </trkpt>
      <trkpt lat="39.893065" lon="116.646165">
        <time>2021-01-31T11:19:26Z</time>
      </trkpt>
      <trkpt lat="39.892988" lon="116.646109">
        <time>2021-01-31T11:19:31Z</time>
      </trkpt>
      <trkpt lat="39.892926" lon="116.646054">
        <time>2021-01-31T11:19:36Z</time>
      </trkpt>
      <trkpt lat="39.89286" lon="116.646017">
        <time>2021-01-31T11:19:41Z</time>
      </trkpt>
      <trkpt lat="39.892795" lon="116.645948">
        <time>2021-01-31T11:19:46Z</time>
      </trkpt>
      <trkpt lat="39.892679" lon="116.645916">
        <time>2021-01-31T11:19:51Z</time>
      </trkpt>
      <trkpt lat="39.892603" lon="116.64588">
        <time>2021-01-31T11:19:56Z</time>
      </trkpt>
      <trkpt lat="39.892509" lon="116.645827">
        <time>2021-01-31T11:20:01Z</time>
      </trkpt>
      <trkpt lat="39.892395" lon="116.645775">
        <time>2021-01-31T11:20:06Z</time>
      </trkpt>
      <trkpt lat="39.892291" lon="116.645724">
        <time>2021-01-31T11:20:11Z</time>
      </trkpt>
      <trkpt lat="39.892166" lon="116.645654">
        <time>2021-01-31T11:20:16Z</time>
      </trkpt>
      <trkpt lat="39.892045" lon="116.645596">
        <time>2021-01-31T11:20:21Z</time>
      </trkpt>
      <trkpt lat="39.891932" lon="116.645536">
        <time>2021-01-31T11:20:26Z</time>
      </trkpt>
      <trkpt lat="39.89181" lon="116.645483">
        <time>2021-01-31T11:20:31Z</time>
      </trkpt>
      <trkpt lat="39.891687" lon="116.64541">
        <time>2021-01-31T11:20:36Z</time>
      </trkpt>
      <trkpt lat="39.891583" lon="116.645382">
        <time>2021-01-31T11:20:41Z</time>
      </trkpt>
      <trkpt lat="39.891607" lon="116.64546">
        <time>2021-01-31T11:20:46Z</time>
      </trkpt>
      <trkpt lat="39.891747" lon="116.64549">
        <time>2021-01-31T11:20:51Z</time>
      </trkpt>
      <trkpt lat="39.891882" lon="116.645513">
        <time>2021-01-31T11:20:56Z</time>
      </trkpt>
      <trkpt lat="39.89202" lon="116.645539">
        <time>2021-01-31T11:21:01Z</time>
      </trkpt>
      <trkpt lat="39.892127" lon="116.645604">
        <time>2021-01-31T11:21:06Z</time>
      </trkpt>
      <trkpt lat="39.892214" lon="116.645701">
        <time>2021-01-31T11:21:11Z</time>
      </trkpt>
      <trkpt lat="39.892339" lon="116.645768">
        <time>2021-01-31T11:21:16Z</time>
      </trkpt>
      <trkpt lat="39.892478" lon="116.64581">
        <time>2021-01-31T11:21:21Z</time>
      </trkpt>
      <trkpt lat="39.892606" lon="116.645857">
        <time>2021-01-31T11:21:26Z</time>
      </trkpt>
      <trkpt lat="39.892652" lon="116.645892">
        <time>2021-01-31T11:21:31Z</time>
      </trkpt>
      <trkpt lat="39.892744" lon="116.645918">
        <time>2021-01-31T11:21:36Z</time>
      </trkpt>
      <trkpt lat="39.892835" lon="116.645913">
        <time>2021-01-31T11:21:41Z</time>
      </trkpt>
      <trkpt lat="39.892902" lon="116.645953">
        <time>2021-01-31T11:21:46Z</time>
      </trkpt>
      <trkpt lat="39.892962" lon="116.645993">
        <time>2021-01-31T11:21:51Z</time>
      </trkpt>
      <trkpt lat="39.893054" lon="116.646072">
        <time>2021-01-31T11:21:56Z</time>
      </trkpt>
      <trkpt lat="39.893135" lon="116.646117">
        <time>2021-01-31T11:22:01Z</time>
      </trkpt>
      <trkpt lat="39.89324" lon="116.64617">
        <time>2021-01-31T11:22:06Z</time>
      </trkpt>
      <trkpt lat="39.893378" lon="116.646227">
        <time>2021-01-31T11:22:11Z</time>
      </trkpt>
      <trkpt lat="39.893587" lon="116.646326">
        <time>2021-01-31T11:22:16Z</time>
      </trkpt>
      <trkpt lat="39.893612" lon="116.646336">
        <time>2021-01-31T11:22:21Z</time>
      </trkpt>
      <trkpt lat="39.893733" lon="116.646317">
        <time>2021-01-31T11:22:26Z</time>
      </trkpt>
      <trkpt lat="39.89382" lon="116.646151">
        <time>2021-01-31T11:22:31Z</time>
      </trkpt>
      <trkpt lat="39.893891" lon="116.646041">
        <time>2021-01-31T11:22:36Z</time>
      </trkpt>
      <trkpt lat="39.893946" lon="116.645988">
        <time>2021-01-31T11:22:41Z</time>
      </trkpt>
      <trkpt lat="39.893989" lon="116.645985">
        <time>2021-01-31T11:22:46Z</time>
      </trkpt>
      <trkpt lat="39.894028" lon="116.645969">
        <time>2021-01-31T11:22:51Z</time>
      </trkpt>
      <trkpt lat="39.894093" lon="116.645958">
        <time>2021-01-31T11:22:56Z</time>
      </trkpt>
      <trkpt lat="39.894289" lon="116.646031">
        <time>2021-01-31T11:23:01Z</time>
      </trkpt>
      <trkpt lat="39.894342" lon="116.646055">
        <time>2021-01-31T11:23:06Z</time>
      </trkpt>
      <trkpt lat="39.894443" lon="116.646085">
        <time>2021-01-31T11:23:11Z</time>
      </trkpt>
      <trkpt lat="39.89454" lon="116.646156">
        <time>2021-01-31T11:23:16Z</time>
      </trkpt>
      <trkpt lat="39.894674" lon="116.646218">
        <time>2021-01-31T11:23:21Z</time>
      </trkpt>
      <trkpt lat="39.894769" lon="116.646253">
        <time>2021-01-31T11:23:26Z</time>
      </trkpt>
      <trkpt lat="39.894861" lon="116.646308">
        <time>2021-01-31T11:23:31Z</time>
      </trkpt>
      <trkpt lat="39.894972" lon="116.646334">
        <time>2021-01-31T11:23:36Z</time>
      </trkpt>
      <trkpt lat="39.895039" lon="116.646382">
        <time>2021-01-31T11:23:41Z</time>
      </trkpt>
      <trkpt lat="39.895119" lon="116.646436">
        <time>2021-01-31T11:23:46Z</time>
      </trkpt>
      <trkpt lat="39.895205" lon="116.646449">
        <time>2021-01-31T11:23:51Z</time>
      </trkpt>
      <trkpt lat="39.895291" lon="116.646488">
        <time>2021-01-31T11:23:56Z</time>
      </trkpt>
      <trkpt lat="39.895378" lon="116.646492">
        <time>2021-01-31T11:24:01Z</time>
      </trkpt>
      <trkpt lat="39.895456" lon="116.646523">
        <time>2021-01-31T11:24:06Z</time>
      </trkpt>
      <trkpt lat="39.895573" lon="116.646566">
        <time>2021-01-31T11:24:11Z</time>
      </trkpt>
      <trkpt lat="39.895597" lon="116.64659">
        <time>2021-01-31T11:24:16Z</time>
      </trkpt>
      <trkpt lat="39.895671" lon="116.646635">
        <time>2021-01-31T11:24:21Z</time>
      </trkpt>
      <trkpt lat="39.895751" lon="116.646684">
        <time>2021-01-31T11:24:26Z</time>
      </trkpt>
      <trkpt lat="39.895832" lon="116.646731">
        <time>2021-01-31T11:24:31Z</time>
      </trkpt>
      <trkpt lat="39.895934" lon="116.646777">
        <time>2021-01-31T11:24:36Z</time>
      </trkpt>
      <trkpt lat="39.896035" lon="116.646778">
        <time>2021-01-31T11:24:41Z</time>
      </trkpt>
      <trkpt lat="39.896103" lon="116.646679">
        <time>2021-01-31T11:24:46Z</time>
      </trkpt>
      <trkpt lat="39.896087" lon="116.646498">
        <time>2021-01-31T11:24:51Z</time>
      </trkpt>
      <trkpt lat="39.896083" lon="116.646314">
        <time>2021-01-31T11:24:56Z</time>
      </trkpt>
      <trkpt lat="39.896096" lon="116.646166">
        <time>2021-01-31T11:25:01Z</time>
      </trkpt>
      <trkpt lat="39.896097" lon="116.646002">
        <time>2021-01-31T11:25:06Z</time>
      </trkpt>
      <trkpt lat="39.896091" lon="116.645819">
        <time>2021-01-31T11:25:11Z</time>
      </trkpt>
      <trkpt lat="39.896093" lon="116.645645">
        <time>2021-01-31T11:25:16Z</time>
      </trkpt>
      <trkpt lat="39.89614" lon="116.645491">
        <time>2021-01-31T11:25:21Z</time>
      </trkpt>
      <trkpt lat="39.896152" lon="116.645331">
        <time>2021-01-31T11:25:26Z</time>
      </trkpt>
      <trkpt lat="39.896186" lon="116.645181">
        <time>2021-01-31T11:25:31Z</time>
      </trkpt>
      <trkpt lat="39.896179" lon="116.645015">
        <time>2021-01-31T11:25:36Z</time>
      </trkpt>
      <trkpt lat="39.896208" lon="116.644871">
        <time>2021-01-31T11:25:41Z</time>
      </trkpt>
      <trkpt lat="39.89622" lon="116.644721">
        <time>2021-01-31T11:25:46Z</time>
      </trkpt>
      <trkpt lat="39.896248" lon="116.644576">
        <time>2021-01-31T11:25:51Z</time>
      </trkpt>
      <trkpt lat="39.896248" lon="116.644458">
        <time>2021-01-31T11:25:56Z</time>
      </trkpt>
      <trkpt lat="39.896267" lon="116.644359">
        <time>2021-01-31T11:26:01Z</time>
      </trkpt>
      <trkpt lat="39.896246" lon="116.644269">
        <time>2021-01-31T11:26:06Z</time>
      </trkpt>
      <trkpt lat="39.896243" lon="116.644151">
        <time>2021-01-31T11:26:11Z</time>
      </trkpt>
      <trkpt lat="39.896232" lon="116.644009">
        <time>2021-01-31T11:26:16Z</time>
      </trkpt>
      <trkpt lat="39.896211" lon="116.643862">
        <time>2021-01-31T11:26:21Z</time>
      </trkpt>
      <trkpt lat="39.896204" lon="116.643721">
        <time>2021-01-31T11:26:26Z</time>
      </trkpt>
      <trkpt lat="39.896212" lon="116.643566">
        <time>2021-01-31T11:26:31Z</time>
      </trkpt>
      <trkpt lat="39.896185" lon="116.643398">
        <time>2021-01-31T11:26:36Z</time>
      </trkpt>
      <trkpt lat="39.896169" lon="116.643239">
        <time>2021-01-31T11:26:41Z</time>
      </trkpt>
      <trkpt lat="39.896196" lon="116.643127">
        <time>2021-01-31T11:26:46Z</time>
      </trkpt>
      <trkpt lat="39.896218" lon="116.642988">
        <time>2021-01-31T11:26:51Z</time>
      </trkpt>
      <trkpt lat="39.896185" lon="116.642809">
        <time>2021-01-31T11:26:56Z</time>
      </trkpt>
      <trkpt lat="39.896159" lon="116.64265">
        <time>2021-01-31T11:27:01Z</time>
      </trkpt>
      <trkpt lat="39.896173" lon="116.64252">
        <time>2021-01-31T11:27:06Z</time>
      </trkpt>
      <trkpt lat="39.896181" lon="116.642358">
        <time>2021-01-31T11:27:11Z</time>
      </trkpt>
      <trkpt lat="39.896188" lon="116.642212">
        <time>2021-01-31T11:27:16Z</time>
      </trkpt>
      <trkpt lat="39.896191" lon="116.642075">
        <time>2021-01-31T11:27:21Z</time>
      </trkpt>
      <trkpt lat="39.896204" lon="116.641924">
        <time>2021-01-31T11:27:26Z</time>
      </trkpt>
      <trkpt lat="39.896209" lon="116.641769">
        <time>2021-01-31T11:27:31Z</time>
      </trkpt>
      <trkpt lat="39.896225" lon="116.641654">
        <time>2021-01-31T11:27:36Z</time>
      </trkpt>
      <trkpt lat="39.896221" lon="116.641562">
        <time>2021-01-31T11:27:41Z</time>
      </trkpt>
      <trkpt lat="39.896221" lon="116.641483">
        <time>2021-01-31T11:27:46Z</time>
      </trkpt>
      <trkpt lat="39.896226" lon="116.641395">
        <time>2021-01-31T11:27:51Z</time>
      </trkpt>
      <trkpt lat="39.896224" lon="116.641279">
        <time>2021-01-31T11:27:56Z</time>
      </trkpt>
      <trkpt lat="39.89624" lon="116.641169">
        <time>2021-01-31T11:28:01Z</time>
      </trkpt>
      <trkpt lat="39.896242" lon="116.641062">
        <time>2021-01-31T11:28:06Z</time>
      </trkpt>
      <trkpt lat="39.896241" lon="116.64096">
        <time>2021-01-31T11:28:11Z</time>
      </trkpt>
      <trkpt lat="39.896251" lon="116.640857">
        <time>2021-01-31T11:28:16Z</time>
      </trkpt>
      <trkpt lat="39.896249" lon="116.640735">
        <time>2021-01-31T11:28:21Z</time>
      </trkpt>
      <trkpt lat="39.896236" lon="116.640598">
        <time>2021-01-31T11:28:26Z</time>
      </trkpt>
      <trkpt lat="39.896253" lon="116.640476">
        <time>2021-01-31T11:28:31Z</time>
      </trkpt>
      <trkpt lat="39.896249" lon="116.640312">
        <time>2021-01-31T11:28:36Z</time>
      </trkpt>
      <trkpt lat="39.896233" lon="116.640146">
        <time>2021-01-31T11:28:41Z</time>
      </trkpt>
      <trkpt lat="39.896225" lon="116.639961">
        <time>2021-01-31T11:28:46Z</time>
      </trkpt>
      <trkpt lat="39.896224" lon="116.639791">
        <time>2021-01-31T11:28:51Z</time>
      </trkpt>
      <trkpt lat="39.896236" lon="116.63964">
        <time>2021-01-31T11:28:56Z</time>
      </trkpt>
      <trkpt lat="39.896232" lon="116.639494">
        <time>2021-01-31T11:29:01Z</time>
      </trkpt>
      <trkpt lat="39.896207" lon="116.639327">
        <time>2021-01-31T11:29:06Z</time>
      </trkpt>
      <trkpt lat="39.896201" lon="116.639171">
        <time>2021-01-31T11:29:11Z</time>
      </trkpt>
      <trkpt lat="39.89617" lon="116.639">
        <time>2021-01-31T11:29:16Z</time>
      </trkpt>
      <trkpt lat="39.896162" lon="116.638852">
        <time>2021-01-31T11:29:21Z</time>
      </trkpt>
      <trkpt lat="39.896167" lon="116.638709">
        <time>2021-01-31T11:29:26Z</time>
      </trkpt>
      <trkpt lat="39.896173" lon="116.63863">
        <time>2021-01-31T11:29:31Z</time>
      </trkpt>
      <trkpt lat="39.896131" lon="116.638527">
        <time>2021-01-31T11:29:36Z</time>
      </trkpt>
      <trkpt lat="39.896109" lon="116.638435">
        <time>2021-01-31T11:29:41Z</time>
      </trkpt>
      <trkpt lat="39.896109" lon="116.638322">
        <time>2021-01-31T11:29:46Z</time>
      </trkpt>
      <trkpt lat="39.896118" lon="116.638215">
        <time>2021-01-31T11:29:51Z</time>
      </trkpt>
      <trkpt lat="39.896125" lon="116.638117">
        <time>2021-01-31T11:29:56Z</time>
      </trkpt>
      <trkpt lat="39.896127" lon="116.638014">
        <time>2021-01-31T11:30:01Z</time>
      </trkpt>
      <trkpt lat="39.896124" lon="116.637872">
        <time>2021-01-31T11:30:06Z</time>
      </trkpt>
      <trkpt lat="39.896123" lon="116.63771">
        <time>2021-01-31T11:30:11Z</time>
      </trkpt>
      <trkpt lat="39.896109" lon="116.637518">
        <time>2021-01-31T11:30:16Z</time>
      </trkpt>
      <trkpt lat="39.896094" lon="116.63737">
        <time>2021-01-31T11:30:21Z</time>
      </trkpt>
      <trkpt lat="39.896114" lon="116.637249">
        <time>2021-01-31T11:30:26Z</time>
      </trkpt>
      <trkpt lat="39.896129" lon="116.637123">
        <time>2021-01-31T11:30:31Z</time>
      </trkpt>
      <trkpt lat="39.896105" lon="116.636937">
        <time>2021-01-31T11:30:36Z</time>
      </trkpt>
      <trkpt lat="39.896064" lon="116.636781">
        <time>2021-01-31T11:30:41Z</time>
      </trkpt>
      <trkpt lat="39.896014" lon="116.636661">
        <time>2021-01-31T11:30:46Z</time>
      </trkpt>
      <trkpt lat="39.895947" lon="116.636591">
        <time>2021-01-31T11:30:51Z</time>
      </trkpt>
      <trkpt lat="39.895892" lon="116.636468">
        <time>2021-01-31T11:30:56Z</time>
      </trkpt>
      <trkpt lat="39.896" lon="116.63634">
        <time>2021-01-31T11:31:01Z</time>
      </trkpt>
      <trkpt lat="39.896125" lon="116.636241">
        <time>2021-01-31T11:31:06Z</time>
      </trkpt>
      <trkpt lat="39.896237" lon="116.636145">
        <time>2021-01-31T11:31:11Z</time>
      </trkpt>
      <trkpt lat="39.896372" lon="116.636061">
        <time>2021-01-31T11:31:16Z</time>
      </trkpt>
      <trkpt lat="39.896503" lon="116.636011">
        <time>2021-01-31T11:31:21Z</time>
      </trkpt>
      <trkpt lat="39.896655" lon="116.63596">
        <time>2021-01-31T11:31:26Z</time>
      </trkpt>
      <trkpt lat="39.896785" lon="116.635895">
        <time>2021-01-31T11:31:31Z</time>
      </trkpt>
      <trkpt lat="39.896906" lon="116.635813">
        <time>2021-01-31T11:31:36Z</time>
      </trkpt>
      <trkpt lat="39.897017" lon="116.635757">
        <time>2021-01-31T11:31:41Z</time>
      </trkpt>
      <trkpt lat="39.897036" lon="116.635738">
        <time>2021-01-31T11:31:46Z</time>
      </trkpt>
      <trkpt lat="39.897132" lon="116.635692">
        <time>2021-01-31T11:31:51Z</time>
      </trkpt>
      <trkpt lat="39.897223" lon="116.635662">
        <time>2021-01-31T11:31:56Z</time>
      </trkpt>
      <trkpt lat="39.897334" lon="116.635608">
        <time>2021-01-31T11:32:01Z</time>
      </trkpt>
      <trkpt lat="39.897434" lon="116.63552">
        <time>2021-01-31T11:32:06Z</time>
      </trkpt>
      <trkpt lat="39.897561" lon="116.635414">
        <time>2021-01-31T11:32:11Z</time>
      </trkpt>
      <trkpt lat="39.897647" lon="116.635317">
        <time>2021-01-31T11:32:16Z</time>
      </trkpt>
      <trkpt lat="39.897757" lon="116.635217">
        <time>2021-01-31T11:32:21Z</time>
      </trkpt>
      <trkpt lat="39.897874" lon="116.635137">
        <time>2021-01-31T11:32:26Z</time>
      </trkpt>
      <trkpt lat="39.897997" lon="116.635095">
        <time>2021-01-31T11:32:31Z</time>
      </trkpt>
      <trkpt lat="39.89812" lon="116.635011">
        <time>2021-01-31T11:32:36Z</time>
      </trkpt>
      <trkpt lat="39.898245" lon="116.634914">
        <time>2021-01-31T11:32:41Z</time>
      </trkpt>
      <trkpt lat="39.898363" lon="116.634851">
        <time>2021-01-31T11:32:46Z</time>
      </trkpt>
      <trkpt lat="39.898475" lon="116.6348">
        <time>2021-01-31T11:32:51Z</time>
      </trkpt>
      <trkpt lat="39.89859" lon="116.63471">
        <time>2021-01-31T11:32:56Z</time>
      </trkpt>
      <trkpt lat="39.898715" lon="116.634593">
        <time>2021-01-31T11:33:01Z</time>
      </trkpt>
      <trkpt lat="39.898782" lon="116.63455">
        <time>2021-01-31T11:33:06Z</time>
      </trkpt>
      <trkpt lat="39.898856" lon="116.634502">
        <time>2021-01-31T11:33:11Z</time>
      </trkpt>
      <trkpt lat="39.898937" lon="116.634449">
        <time>2021-01-31T11:33:16Z</time>
      </trkpt>
      <trkpt lat="39.899021" lon="116.634414">
        <time>2021-01-31T11:33:21Z</time>
      </trkpt>
      <trkpt lat="39.899131" lon="116.634334">
        <time>2021-01-31T11:33:26Z</time>
      </trkpt>
      <trkpt lat="39.899237" lon="116.634311">
        <time>2021-01-31T11:33:31Z</time>
      </trkpt>
      <trkpt lat="39.899333" lon="116.634235">
        <time>2021-01-31T11:33:36Z</time>
      </trkpt>
      <trkpt lat="39.899451" lon="116.634177">
        <time>2021-01-31T11:33:41Z</time>
      </trkpt>
      <trkpt lat="39.899558" lon="116.634139">
        <time>2021-01-31T11:33:46Z</time>
      </trkpt>
      <trkpt lat="39.899658" lon="116.63405">
        <time>2021-01-31T11:33:51Z</time>
      </trkpt>
      <trkpt lat="39.899806" lon="116.633918">
        <time>2021-01-31T11:33:56Z</time>
      </trkpt>
      <trkpt lat="39.899899" lon="116.633872">
        <time>2021-01-31T11:34:01Z</time>
      </trkpt>
      <trkpt lat="39.900022" lon="116.633784">
        <time>2021-01-31T11:34:06Z</time>
      </trkpt>
      <trkpt lat="39.900144" lon="116.633703">
        <time>2021-01-31T11:34:11Z</time>
      </trkpt>
      <trkpt lat="39.900269" lon="116.633636">
        <time>2021-01-31T11:34:16Z</time>
      </trkpt>
      <trkpt lat="39.900391" lon="116.633554">
        <time>2021-01-31T11:34:21Z</time>
      </trkpt>
      <trkpt lat="39.9005" lon="116.633428">
        <time>2021-01-31T11:34:26Z</time>
      </trkpt>
      <trkpt lat="39.900603" lon="116.633338">
        <time>2021-01-31T11:34:31Z</time>
      </trkpt>
      <trkpt lat="39.900708" lon="116.633278">
        <time>2021-01-31T11:34:36Z</time>
      </trkpt>
      <trkpt lat="39.90081" lon="116.6332">
        <time>2021-01-31T11:34:41Z</time>
      </trkpt>
      <trkpt lat="39.900906" lon="116.633133">
        <time>2021-01-31T11:34:46Z</time>
      </trkpt>
      <trkpt lat="39.900963" lon="116.633095">
        <time>2021-01-31T11:34:51Z</time>
      </trkpt>
      <trkpt lat="39.90098" lon="116.633087">
        <time>2021-01-31T11:34:56Z</time>
      </trkpt>
      <trkpt lat="39.900975" lon="116.633086">
        <time>2021-01-31T11:35:01Z</time>
      </trkpt>
      <trkpt lat="39.900967" lon="116.633088">
        <time>2021-01-31T11:35:06Z</time>
      </trkpt>
      <trkpt lat="39.900972" lon="116.633101">
        <time>2021-01-31T11:35:11Z</time>
      </trkpt>
      <trkpt lat="39.900963" lon="116.63307">
        <time>2021-01-31T11:35:16Z</time>
      </trkpt>
      <trkpt lat="39.90092" lon="116.632955">
        <time>2021-01-31T11:35:21Z</time>
      </trkpt>
      <trkpt lat="39.900865" lon="116.63284">
        <time>2021-01-31T11:35:26Z</time>
      </trkpt>
      <trkpt lat="39.900792" lon="116.632754">
        <time>2021-01-31T11:35:31Z</time>
      </trkpt>
      <trkpt lat="39.900632" lon="116.632863">
        <time>2021-01-31T11:35:36Z</time>
      </trkpt>
      <trkpt lat="39.900585" lon="116.632926">
        <time>2021-01-31T11:35:41Z</time>
      </trkpt>
      <trkpt lat="39.900498" lon="116.632992">
        <time>2021-01-31T11:35:46Z</time>
      </trkpt>
      <trkpt lat="39.900391" lon="116.633116">
        <time>2021-01-31T11:35:51Z</time>
      </trkpt>
      <trkpt lat="39.900305" lon="116.633186">
        <time>2021-01-31T11:35:56Z</time>
      </trkpt>
      <trkpt lat="39.900223" lon="116.633288">
        <time>2021-01-31T11:36:01Z</time>
      </trkpt>
      <trkpt lat="39.90012" lon="116.633349">
        <time>2021-01-31T11:36:06Z</time>
      </trkpt>
      <trkpt lat="39.900034" lon="116.633452">
        <time>2021-01-31T11:36:11Z</time>
      </trkpt>
      <trkpt lat="39.899964" lon="116.633513">
        <time>2021-01-31T11:36:16Z</time>
      </trkpt>
      <trkpt lat="39.899862" lon="116.633565">
        <time>2021-01-31T11:36:21Z</time>
      </trkpt>
      <trkpt lat="39.89977" lon="116.633634">
        <time>2021-01-31T11:36:26Z</time>
      </trkpt>
      <trkpt lat="39.89966" lon="116.633661">
        <time>2021-01-31T11:36:31Z</time>
      </trkpt>
      <trkpt lat="39.899467" lon="116.633778">
        <time>2021-01-31T11:36:36Z</time>
      </trkpt>
      <trkpt lat="39.899443" lon="116.633791">
        <time>2021-01-31T11:36:41Z</time>
      </trkpt>
      <trkpt lat="39.899204" lon="116.633938">
        <time>2021-01-31T11:36:46Z</time>
      </trkpt>
      <trkpt lat="39.899177" lon="116.633954">
        <time>2021-01-31T11:36:51Z</time>
      </trkpt>
      <trkpt lat="39.899039" lon="116.63404">
        <time>2021-01-31T11:36:56Z</time>
      </trkpt>
      <trkpt lat="39.898911" lon="116.634118">
        <time>2021-01-31T11:37:01Z</time>
      </trkpt>
      <trkpt lat="39.898788" lon="116.634206">
        <time>2021-01-31T11:37:06Z</time>
      </trkpt>
      <trkpt lat="39.898573" lon="116.634369">
        <time>2021-01-31T11:37:11Z</time>
      </trkpt>
      <trkpt lat="39.898548" lon="116.634391">
        <time>2021-01-31T11:37:16Z</time>
      </trkpt>
      <trkpt lat="39.898423" lon="116.634472">
        <time>2021-01-31T11:37:21Z</time>
      </trkpt>
      <trkpt lat="39.898294" lon="116.63456">
        <time>2021-01-31T11:37:26Z</time>
      </trkpt>
      <trkpt lat="39.898169" lon="116.634687">
        <time>2021-01-31T11:37:31Z</time>
      </trkpt>
      <trkpt lat="39.898055" lon="116.634712">
        <time>2021-01-31T11:37:36Z</time>
      </trkpt>
      <trkpt lat="39.897981" lon="116.634535">
        <time>2021-01-31T11:37:41Z</time>
      </trkpt>
      <trkpt lat="39.897923" lon="116.634373">
        <time>2021-01-31T11:37:46Z</time>
      </trkpt>
      <trkpt lat="39.897869" lon="116.63421">
        <time>2021-01-31T11:37:51Z</time>
      </trkpt>
      <trkpt lat="39.897772" lon="116.634025">
        <time>2021-01-31T11:37:56Z</time>
      </trkpt>
      <trkpt lat="39.897687" lon="116.633928">
        <time>2021-01-31T11:38:01Z</time>
      </trkpt>
      <trkpt lat="39.897605" lon="116.633821">
        <time>2021-01-31T11:38:06Z</time>
      </trkpt>
      <trkpt lat="39.897612" lon="116.633654">
        <time>2021-01-31T11:38:11Z</time>
      </trkpt>
      <trkpt lat="39.897609" lon="116.633514">
        <time>2021-01-31T11:38:16Z</time>
      </trkpt>
      <trkpt lat="39.897485" lon="116.633588">
        <time>2021-01-31T11:38:21Z</time>
      </trkpt>
      <trkpt lat="39.897371" lon="116.633739">
        <time>2021-01-31T11:38:26Z</time>
      </trkpt>
      <trkpt lat="39.89737" lon="116.633914">
        <time>2021-01-31T11:38:31Z</time>
      </trkpt>
      <trkpt lat="39.897454" lon="116.63404">
        <time>2021-01-31T11:38:36Z</time>
      </trkpt>
      <trkpt lat="39.897452" lon="116.634134">
        <time>2021-01-31T11:38:41Z</time>
      </trkpt>
      <trkpt lat="39.897456" lon="116.634185">
        <time>2021-01-31T11:38:46Z</time>
      </trkpt>
      <trkpt lat="39.897456" lon="116.634185">
        <time>2021-01-31T11:39:01Z</time>
      </trkpt>
    </trkseg>
  </trk>
</gpx>