<?xml version="1.0" encoding="UTF-8"?>
<gpx xmlns="http://www.topografix.com/GPX/1/1" xmlns:gpxtpx="http://www.garmin.com/xmlschemas/TrackPointExtension/v1" xmlns:xsi="http://www.w3.org/2001/XMLSchema-instance" xsi:schemaLocation="http://www.topografix.com/GPX/1/1 http://www.topografix.com/GPX/1/1/gpx.xsd" version="1.1" creator="gpx.py -- https://github.com/tkrajina/gpxpy">
  <trk>
    <name>gpx from keep</name>
    <trkseg>
      <trkpt lat="39.897986" lon="116.634016">
        <time>2021-03-13T11:23:52Z</time>
      </trkpt>
      <trkpt lat="39.897989" lon="116.634041">
        <time>2021-03-13T11:23:57Z</time>
      </trkpt>
      <trkpt lat="39.897982" lon="116.634079">
        <time>2021-03-13T11:24:02Z</time>
      </trkpt>
      <trkpt lat="39.897964" lon="116.634133">
        <time>2021-03-13T11:24:07Z</time>
      </trkpt>
      <trkpt lat="39.897964" lon="116.634219">
        <time>2021-03-13T11:24:12Z</time>
      </trkpt>
      <trkpt lat="39.897972" lon="116.634302">
        <time>2021-03-13T11:24:17Z</time>
      </trkpt>
      <trkpt lat="39.897949" lon="116.634384">
        <time>2021-03-13T11:24:22Z</time>
      </trkpt>
      <trkpt lat="39.897976" lon="116.634472">
        <time>2021-03-13T11:24:27Z</time>
      </trkpt>
      <trkpt lat="39.897967" lon="116.634624">
        <time>2021-03-13T11:24:32Z</time>
      </trkpt>
      <trkpt lat="39.89797" lon="116.634768">
        <time>2021-03-13T11:24:37Z</time>
      </trkpt>
      <trkpt lat="39.898008" lon="116.634903">
        <time>2021-03-13T11:24:42Z</time>
      </trkpt>
      <trkpt lat="39.897995" lon="116.635047">
        <time>2021-03-13T11:24:47Z</time>
      </trkpt>
      <trkpt lat="39.897939" lon="116.635172">
        <time>2021-03-13T11:24:52Z</time>
      </trkpt>
      <trkpt lat="39.897866" lon="116.635262">
        <time>2021-03-13T11:24:57Z</time>
      </trkpt>
      <trkpt lat="39.897782" lon="116.635325">
        <time>2021-03-13T11:25:02Z</time>
      </trkpt>
      <trkpt lat="39.897684" lon="116.635382">
        <time>2021-03-13T11:25:07Z</time>
      </trkpt>
      <trkpt lat="39.897588" lon="116.635453">
        <time>2021-03-13T11:25:12Z</time>
      </trkpt>
      <trkpt lat="39.897495" lon="116.63554">
        <time>2021-03-13T11:25:17Z</time>
      </trkpt>
      <trkpt lat="39.897407" lon="116.635591">
        <time>2021-03-13T11:25:22Z</time>
      </trkpt>
      <trkpt lat="39.897318" lon="116.63564">
        <time>2021-03-13T11:25:27Z</time>
      </trkpt>
      <trkpt lat="39.897213" lon="116.635682">
        <time>2021-03-13T11:25:32Z</time>
      </trkpt>
      <trkpt lat="39.897084" lon="116.635757">
        <time>2021-03-13T11:25:37Z</time>
      </trkpt>
      <trkpt lat="39.896969" lon="116.635839">
        <time>2021-03-13T11:25:42Z</time>
      </trkpt>
      <trkpt lat="39.89686" lon="116.63591">
        <time>2021-03-13T11:25:47Z</time>
      </trkpt>
      <trkpt lat="39.896761" lon="116.635971">
        <time>2021-03-13T11:25:52Z</time>
      </trkpt>
      <trkpt lat="39.896649" lon="116.636042">
        <time>2021-03-13T11:25:57Z</time>
      </trkpt>
      <trkpt lat="39.89656" lon="116.636111">
        <time>2021-03-13T11:26:02Z</time>
      </trkpt>
      <trkpt lat="39.896465" lon="116.636167">
        <time>2021-03-13T11:26:07Z</time>
      </trkpt>
      <trkpt lat="39.896299" lon="116.636216">
        <time>2021-03-13T11:26:12Z</time>
      </trkpt>
      <trkpt lat="39.896279" lon="116.636219">
        <time>2021-03-13T11:26:17Z</time>
      </trkpt>
      <trkpt lat="39.896204" lon="116.636264">
        <time>2021-03-13T11:26:22Z</time>
      </trkpt>
      <trkpt lat="39.896171" lon="116.63635">
        <time>2021-03-13T11:26:27Z</time>
      </trkpt>
      <trkpt lat="39.896146" lon="116.636418">
        <time>2021-03-13T11:26:32Z</time>
      </trkpt>
      <trkpt lat="39.896124" lon="116.636447">
        <time>2021-03-13T11:26:37Z</time>
      </trkpt>
      <trkpt lat="39.896107" lon="116.636474">
        <time>2021-03-13T11:26:42Z</time>
      </trkpt>
      <trkpt lat="39.896093" lon="116.636493">
        <time>2021-03-13T11:26:47Z</time>
      </trkpt>
      <trkpt lat="39.896083" lon="116.636509">
        <time>2021-03-13T11:26:52Z</time>
      </trkpt>
      <trkpt lat="39.896084" lon="116.636511">
        <time>2021-03-13T11:26:57Z</time>
      </trkpt>
      <trkpt lat="39.896084" lon="116.636511">
        <time>2021-03-13T11:27:02Z</time>
      </trkpt>
      <trkpt lat="39.896086" lon="116.636508">
        <time>2021-03-13T11:27:07Z</time>
      </trkpt>
      <trkpt lat="39.896094" lon="116.6365">
        <time>2021-03-13T11:27:12Z</time>
      </trkpt>
      <trkpt lat="39.896102" lon="116.636493">
        <time>2021-03-13T11:27:17Z</time>
      </trkpt>
      <trkpt lat="39.896102" lon="116.636493">
        <time>2021-03-13T11:27:22Z</time>
      </trkpt>
      <trkpt lat="39.896102" lon="116.636493">
        <time>2021-03-13T11:27:27Z</time>
      </trkpt>
      <trkpt lat="39.896102" lon="116.636493">
        <time>2021-03-13T11:27:32Z</time>
      </trkpt>
      <trkpt lat="39.896099" lon="116.63649">
        <time>2021-03-13T11:27:37Z</time>
      </trkpt>
      <trkpt lat="39.896088" lon="116.63649">
        <time>2021-03-13T11:27:42Z</time>
      </trkpt>
      <trkpt lat="39.896076" lon="116.636505">
        <time>2021-03-13T11:27:47Z</time>
      </trkpt>
      <trkpt lat="39.896073" lon="116.636522">
        <time>2021-03-13T11:27:52Z</time>
      </trkpt>
      <trkpt lat="39.896076" lon="116.636526">
        <time>2021-03-13T11:27:57Z</time>
      </trkpt>
      <trkpt lat="39.896086" lon="116.636516">
        <time>2021-03-13T11:28:02Z</time>
      </trkpt>
      <trkpt lat="39.896111" lon="116.636475">
        <time>2021-03-13T11:28:07Z</time>
      </trkpt>
      <trkpt lat="39.896115" lon="116.636464">
        <time>2021-03-13T11:28:12Z</time>
      </trkpt>
      <trkpt lat="39.896118" lon="116.63646">
        <time>2021-03-13T11:28:17Z</time>
      </trkpt>
      <trkpt lat="39.896107" lon="116.636496">
        <time>2021-03-13T11:28:22Z</time>
      </trkpt>
      <trkpt lat="39.896101" lon="116.636506">
        <time>2021-03-13T11:28:27Z</time>
      </trkpt>
      <trkpt lat="39.896098" lon="116.636513">
        <time>2021-03-13T11:28:32Z</time>
      </trkpt>
      <trkpt lat="39.896089" lon="116.636518">
        <time>2021-03-13T11:28:37Z</time>
      </trkpt>
      <trkpt lat="39.896078" lon="116.636526">
        <time>2021-03-13T11:28:42Z</time>
      </trkpt>
      <trkpt lat="39.89606" lon="116.636544">
        <time>2021-03-13T11:28:47Z</time>
      </trkpt>
      <trkpt lat="39.896037" lon="116.636559">
        <time>2021-03-13T11:28:52Z</time>
      </trkpt>
      <trkpt lat="39.896011" lon="116.636566">
        <time>2021-03-13T11:28:57Z</time>
      </trkpt>
      <trkpt lat="39.895998" lon="116.63659">
        <time>2021-03-13T11:29:02Z</time>
      </trkpt>
      <trkpt lat="39.895961" lon="116.636631">
        <time>2021-03-13T11:29:07Z</time>
      </trkpt>
      <trkpt lat="39.895984" lon="116.636672">
        <time>2021-03-13T11:29:12Z</time>
      </trkpt>
      <trkpt lat="39.896048" lon="116.636767">
        <time>2021-03-13T11:29:17Z</time>
      </trkpt>
      <trkpt lat="39.896092" lon="116.636892">
        <time>2021-03-13T11:29:22Z</time>
      </trkpt>
      <trkpt lat="39.896127" lon="116.63704">
        <time>2021-03-13T11:29:27Z</time>
      </trkpt>
      <trkpt lat="39.896159" lon="116.637169">
        <time>2021-03-13T11:29:32Z</time>
      </trkpt>
      <trkpt lat="39.896183" lon="116.6373">
        <time>2021-03-13T11:29:37Z</time>
      </trkpt>
      <trkpt lat="39.896202" lon="116.637454">
        <time>2021-03-13T11:29:42Z</time>
      </trkpt>
      <trkpt lat="39.896233" lon="116.637607">
        <time>2021-03-13T11:29:47Z</time>
      </trkpt>
      <trkpt lat="39.896261" lon="116.637763">
        <time>2021-03-13T11:29:52Z</time>
      </trkpt>
      <trkpt lat="39.896258" lon="116.637922">
        <time>2021-03-13T11:29:57Z</time>
      </trkpt>
      <trkpt lat="39.896244" lon="116.638065">
        <time>2021-03-13T11:30:02Z</time>
      </trkpt>
      <trkpt lat="39.896231" lon="116.638205">
        <time>2021-03-13T11:30:07Z</time>
      </trkpt>
      <trkpt lat="39.896227" lon="116.638354">
        <time>2021-03-13T11:30:12Z</time>
      </trkpt>
      <trkpt lat="39.896235" lon="116.638511">
        <time>2021-03-13T11:30:17Z</time>
      </trkpt>
      <trkpt lat="39.896237" lon="116.638656">
        <time>2021-03-13T11:30:22Z</time>
      </trkpt>
      <trkpt lat="39.896231" lon="116.638808">
        <time>2021-03-13T11:30:27Z</time>
      </trkpt>
      <trkpt lat="39.896224" lon="116.638965">
        <time>2021-03-13T11:30:32Z</time>
      </trkpt>
      <trkpt lat="39.896227" lon="116.639126">
        <time>2021-03-13T11:30:37Z</time>
      </trkpt>
      <trkpt lat="39.89623" lon="116.6393">
        <time>2021-03-13T11:30:42Z</time>
      </trkpt>
      <trkpt lat="39.896239" lon="116.639456">
        <time>2021-03-13T11:30:47Z</time>
      </trkpt>
      <trkpt lat="39.896258" lon="116.639629">
        <time>2021-03-13T11:30:52Z</time>
      </trkpt>
      <trkpt lat="39.896257" lon="116.639778">
        <time>2021-03-13T11:30:57Z</time>
      </trkpt>
      <trkpt lat="39.89624" lon="116.639921">
        <time>2021-03-13T11:31:02Z</time>
      </trkpt>
      <trkpt lat="39.896235" lon="116.640065">
        <time>2021-03-13T11:31:07Z</time>
      </trkpt>
      <trkpt lat="39.896228" lon="116.640226">
        <time>2021-03-13T11:31:12Z</time>
      </trkpt>
      <trkpt lat="39.896215" lon="116.640386">
        <time>2021-03-13T11:31:17Z</time>
      </trkpt>
      <trkpt lat="39.896227" lon="116.640553">
        <time>2021-03-13T11:31:22Z</time>
      </trkpt>
      <trkpt lat="39.896233" lon="116.640722">
        <time>2021-03-13T11:31:27Z</time>
      </trkpt>
      <trkpt lat="39.896226" lon="116.640853">
        <time>2021-03-13T11:31:32Z</time>
      </trkpt>
      <trkpt lat="39.896234" lon="116.641023">
        <time>2021-03-13T11:31:37Z</time>
      </trkpt>
      <trkpt lat="39.896234" lon="116.641165">
        <time>2021-03-13T11:31:42Z</time>
      </trkpt>
      <trkpt lat="39.896227" lon="116.641313">
        <time>2021-03-13T11:31:47Z</time>
      </trkpt>
      <trkpt lat="39.896219" lon="116.641451">
        <time>2021-03-13T11:31:52Z</time>
      </trkpt>
      <trkpt lat="39.896218" lon="116.641595">
        <time>2021-03-13T11:31:57Z</time>
      </trkpt>
      <trkpt lat="39.896226" lon="116.641715">
        <time>2021-03-13T11:32:02Z</time>
      </trkpt>
      <trkpt lat="39.896211" lon="116.641893">
        <time>2021-03-13T11:32:07Z</time>
      </trkpt>
      <trkpt lat="39.8962" lon="116.642021">
        <time>2021-03-13T11:32:12Z</time>
      </trkpt>
      <trkpt lat="39.896187" lon="116.642201">
        <time>2021-03-13T11:32:17Z</time>
      </trkpt>
      <trkpt lat="39.896191" lon="116.642343">
        <time>2021-03-13T11:32:22Z</time>
      </trkpt>
      <trkpt lat="39.896207" lon="116.642487">
        <time>2021-03-13T11:32:27Z</time>
      </trkpt>
      <trkpt lat="39.896202" lon="116.642602">
        <time>2021-03-13T11:32:32Z</time>
      </trkpt>
      <trkpt lat="39.896194" lon="116.642767">
        <time>2021-03-13T11:32:37Z</time>
      </trkpt>
      <trkpt lat="39.896188" lon="116.642915">
        <time>2021-03-13T11:32:42Z</time>
      </trkpt>
      <trkpt lat="39.89619" lon="116.643049">
        <time>2021-03-13T11:32:47Z</time>
      </trkpt>
      <trkpt lat="39.896185" lon="116.643167">
        <time>2021-03-13T11:32:52Z</time>
      </trkpt>
      <trkpt lat="39.896191" lon="116.643314">
        <time>2021-03-13T11:32:57Z</time>
      </trkpt>
      <trkpt lat="39.896213" lon="116.643474">
        <time>2021-03-13T11:33:02Z</time>
      </trkpt>
      <trkpt lat="39.896221" lon="116.643624">
        <time>2021-03-13T11:33:07Z</time>
      </trkpt>
      <trkpt lat="39.896215" lon="116.64375">
        <time>2021-03-13T11:33:12Z</time>
      </trkpt>
      <trkpt lat="39.896201" lon="116.643898">
        <time>2021-03-13T11:33:17Z</time>
      </trkpt>
      <trkpt lat="39.896192" lon="116.644019">
        <time>2021-03-13T11:33:22Z</time>
      </trkpt>
      <trkpt lat="39.896187" lon="116.64404">
        <time>2021-03-13T11:33:27Z</time>
      </trkpt>
      <trkpt lat="39.896193" lon="116.644036">
        <time>2021-03-13T11:33:32Z</time>
      </trkpt>
      <trkpt lat="39.896213" lon="116.644094">
        <time>2021-03-13T11:33:37Z</time>
      </trkpt>
      <trkpt lat="39.896216" lon="116.64422">
        <time>2021-03-13T11:33:42Z</time>
      </trkpt>
      <trkpt lat="39.896215" lon="116.644368">
        <time>2021-03-13T11:33:47Z</time>
      </trkpt>
      <trkpt lat="39.89622" lon="116.644511">
        <time>2021-03-13T11:33:52Z</time>
      </trkpt>
      <trkpt lat="39.896221" lon="116.644657">
        <time>2021-03-13T11:33:57Z</time>
      </trkpt>
      <trkpt lat="39.896216" lon="116.644777">
        <time>2021-03-13T11:34:02Z</time>
      </trkpt>
      <trkpt lat="39.896205" lon="116.644927">
        <time>2021-03-13T11:34:07Z</time>
      </trkpt>
      <trkpt lat="39.896208" lon="116.64507">
        <time>2021-03-13T11:34:12Z</time>
      </trkpt>
      <trkpt lat="39.8962" lon="116.645252">
        <time>2021-03-13T11:34:17Z</time>
      </trkpt>
      <trkpt lat="39.896192" lon="116.645403">
        <time>2021-03-13T11:34:22Z</time>
      </trkpt>
      <trkpt lat="39.89616" lon="116.645552">
        <time>2021-03-13T11:34:27Z</time>
      </trkpt>
      <trkpt lat="39.89612" lon="116.645709">
        <time>2021-03-13T11:34:32Z</time>
      </trkpt>
      <trkpt lat="39.896094" lon="116.64585">
        <time>2021-03-13T11:34:37Z</time>
      </trkpt>
      <trkpt lat="39.896077" lon="116.645999">
        <time>2021-03-13T11:34:42Z</time>
      </trkpt>
      <trkpt lat="39.896062" lon="116.64616">
        <time>2021-03-13T11:34:47Z</time>
      </trkpt>
      <trkpt lat="39.896042" lon="116.646302">
        <time>2021-03-13T11:34:52Z</time>
      </trkpt>
      <trkpt lat="39.896028" lon="116.64645">
        <time>2021-03-13T11:34:57Z</time>
      </trkpt>
      <trkpt lat="39.896015" lon="116.646603">
        <time>2021-03-13T11:35:02Z</time>
      </trkpt>
      <trkpt lat="39.895948" lon="116.646724">
        <time>2021-03-13T11:35:07Z</time>
      </trkpt>
      <trkpt lat="39.895823" lon="116.646785">
        <time>2021-03-13T11:35:12Z</time>
      </trkpt>
      <trkpt lat="39.895709" lon="116.646766">
        <time>2021-03-13T11:35:17Z</time>
      </trkpt>
      <trkpt lat="39.895608" lon="116.646717">
        <time>2021-03-13T11:35:22Z</time>
      </trkpt>
      <trkpt lat="39.895511" lon="116.646669">
        <time>2021-03-13T11:35:27Z</time>
      </trkpt>
      <trkpt lat="39.8954" lon="116.646624">
        <time>2021-03-13T11:35:32Z</time>
      </trkpt>
      <trkpt lat="39.895282" lon="116.646587">
        <time>2021-03-13T11:35:37Z</time>
      </trkpt>
      <trkpt lat="39.895181" lon="116.646543">
        <time>2021-03-13T11:35:42Z</time>
      </trkpt>
      <trkpt lat="39.895079" lon="116.646491">
        <time>2021-03-13T11:35:47Z</time>
      </trkpt>
      <trkpt lat="39.894979" lon="116.646442">
        <time>2021-03-13T11:35:52Z</time>
      </trkpt>
      <trkpt lat="39.89487" lon="116.646402">
        <time>2021-03-13T11:35:57Z</time>
      </trkpt>
      <trkpt lat="39.894764" lon="116.646362">
        <time>2021-03-13T11:36:02Z</time>
      </trkpt>
      <trkpt lat="39.894651" lon="116.646333">
        <time>2021-03-13T11:36:07Z</time>
      </trkpt>
      <trkpt lat="39.894543" lon="116.646269">
        <time>2021-03-13T11:36:12Z</time>
      </trkpt>
      <trkpt lat="39.894435" lon="116.646195">
        <time>2021-03-13T11:36:17Z</time>
      </trkpt>
      <trkpt lat="39.894329" lon="116.646139">
        <time>2021-03-13T11:36:22Z</time>
      </trkpt>
      <trkpt lat="39.894215" lon="116.646082">
        <time>2021-03-13T11:36:27Z</time>
      </trkpt>
      <trkpt lat="39.894096" lon="116.646021">
        <time>2021-03-13T11:36:32Z</time>
      </trkpt>
      <trkpt lat="39.893984" lon="116.645986">
        <time>2021-03-13T11:36:37Z</time>
      </trkpt>
      <trkpt lat="39.893887" lon="116.646038">
        <time>2021-03-13T11:36:42Z</time>
      </trkpt>
      <trkpt lat="39.893805" lon="116.646156">
        <time>2021-03-13T11:36:47Z</time>
      </trkpt>
      <trkpt lat="39.893743" lon="116.646276">
        <time>2021-03-13T11:36:52Z</time>
      </trkpt>
      <trkpt lat="39.893672" lon="116.646368">
        <time>2021-03-13T11:36:57Z</time>
      </trkpt>
      <trkpt lat="39.893571" lon="116.64639">
        <time>2021-03-13T11:37:02Z</time>
      </trkpt>
      <trkpt lat="39.893455" lon="116.64637">
        <time>2021-03-13T11:37:07Z</time>
      </trkpt>
      <trkpt lat="39.893344" lon="116.646301">
        <time>2021-03-13T11:37:12Z</time>
      </trkpt>
      <trkpt lat="39.893237" lon="116.646239">
        <time>2021-03-13T11:37:17Z</time>
      </trkpt>
      <trkpt lat="39.893119" lon="116.646195">
        <time>2021-03-13T11:37:22Z</time>
      </trkpt>
      <trkpt lat="39.893003" lon="116.646146">
        <time>2021-03-13T11:37:27Z</time>
      </trkpt>
      <trkpt lat="39.892889" lon="116.646088">
        <time>2021-03-13T11:37:32Z</time>
      </trkpt>
      <trkpt lat="39.892783" lon="116.646012">
        <time>2021-03-13T11:37:37Z</time>
      </trkpt>
      <trkpt lat="39.892666" lon="116.645955">
        <time>2021-03-13T11:37:42Z</time>
      </trkpt>
      <trkpt lat="39.892549" lon="116.645913">
        <time>2021-03-13T11:37:47Z</time>
      </trkpt>
      <trkpt lat="39.892419" lon="116.645892">
        <time>2021-03-13T11:37:52Z</time>
      </trkpt>
      <trkpt lat="39.89231" lon="116.645843">
        <time>2021-03-13T11:37:57Z</time>
      </trkpt>
      <trkpt lat="39.892192" lon="116.645777">
        <time>2021-03-13T11:38:02Z</time>
      </trkpt>
      <trkpt lat="39.892085" lon="116.645713">
        <time>2021-03-13T11:38:07Z</time>
      </trkpt>
      <trkpt lat="39.891972" lon="116.645655">
        <time>2021-03-13T11:38:12Z</time>
      </trkpt>
      <trkpt lat="39.891859" lon="116.6456">
        <time>2021-03-13T11:38:17Z</time>
      </trkpt>
      <trkpt lat="39.891739" lon="116.645554">
        <time>2021-03-13T11:38:22Z</time>
      </trkpt>
      <trkpt lat="39.891645" lon="116.645503">
        <time>2021-03-13T11:38:27Z</time>
      </trkpt>
      <trkpt lat="39.891575" lon="116.64548">
        <time>2021-03-13T11:38:32Z</time>
      </trkpt>
      <trkpt lat="39.891607" lon="116.645478">
        <time>2021-03-13T11:38:37Z</time>
      </trkpt>
      <trkpt lat="39.891688" lon="116.645492">
        <time>2021-03-13T11:38:42Z</time>
      </trkpt>
      <trkpt lat="39.891784" lon="116.645532">
        <time>2021-03-13T11:38:47Z</time>
      </trkpt>
      <trkpt lat="39.891894" lon="116.645567">
        <time>2021-03-13T11:38:52Z</time>
      </trkpt>
      <trkpt lat="39.891999" lon="116.645594">
        <time>2021-03-13T11:38:57Z</time>
      </trkpt>
      <trkpt lat="39.892113" lon="116.645632">
        <time>2021-03-13T11:39:02Z</time>
      </trkpt>
      <trkpt lat="39.892228" lon="116.645691">
        <time>2021-03-13T11:39:07Z</time>
      </trkpt>
      <trkpt lat="39.892342" lon="116.645745">
        <time>2021-03-13T11:39:12Z</time>
      </trkpt>
      <trkpt lat="39.892464" lon="116.645804">
        <time>2021-03-13T11:39:17Z</time>
      </trkpt>
      <trkpt lat="39.892608" lon="116.645864">
        <time>2021-03-13T11:39:22Z</time>
      </trkpt>
      <trkpt lat="39.892718" lon="116.645896">
        <time>2021-03-13T11:39:27Z</time>
      </trkpt>
      <trkpt lat="39.89281" lon="116.645943">
        <time>2021-03-13T11:39:32Z</time>
      </trkpt>
      <trkpt lat="39.892911" lon="116.645993">
        <time>2021-03-13T11:39:37Z</time>
      </trkpt>
      <trkpt lat="39.893024" lon="116.646056">
        <time>2021-03-13T11:39:42Z</time>
      </trkpt>
      <trkpt lat="39.893135" lon="116.646097">
        <time>2021-03-13T11:39:47Z</time>
      </trkpt>
      <trkpt lat="39.893241" lon="116.646156">
        <time>2021-03-13T11:39:52Z</time>
      </trkpt>
      <trkpt lat="39.893368" lon="116.646218">
        <time>2021-03-13T11:39:57Z</time>
      </trkpt>
      <trkpt lat="39.893482" lon="116.646289">
        <time>2021-03-13T11:40:02Z</time>
      </trkpt>
      <trkpt lat="39.893596" lon="116.64633">
        <time>2021-03-13T11:40:07Z</time>
      </trkpt>
      <trkpt lat="39.893702" lon="116.646281">
        <time>2021-03-13T11:40:12Z</time>
      </trkpt>
      <trkpt lat="39.89379" lon="116.646189">
        <time>2021-03-13T11:40:17Z</time>
      </trkpt>
      <trkpt lat="39.893827" lon="116.646114">
        <time>2021-03-13T11:40:22Z</time>
      </trkpt>
      <trkpt lat="39.893883" lon="116.64601">
        <time>2021-03-13T11:40:27Z</time>
      </trkpt>
      <trkpt lat="39.893971" lon="116.645874">
        <time>2021-03-13T11:40:32Z</time>
      </trkpt>
      <trkpt lat="39.894084" lon="116.645887">
        <time>2021-03-13T11:40:37Z</time>
      </trkpt>
      <trkpt lat="39.894192" lon="116.645948">
        <time>2021-03-13T11:40:42Z</time>
      </trkpt>
      <trkpt lat="39.89428" lon="116.646014">
        <time>2021-03-13T11:40:47Z</time>
      </trkpt>
      <trkpt lat="39.894388" lon="116.646079">
        <time>2021-03-13T11:40:52Z</time>
      </trkpt>
      <trkpt lat="39.894514" lon="116.646128">
        <time>2021-03-13T11:40:57Z</time>
      </trkpt>
      <trkpt lat="39.894631" lon="116.646192">
        <time>2021-03-13T11:41:02Z</time>
      </trkpt>
      <trkpt lat="39.894721" lon="116.646259">
        <time>2021-03-13T11:41:07Z</time>
      </trkpt>
      <trkpt lat="39.894829" lon="116.646317">
        <time>2021-03-13T11:41:12Z</time>
      </trkpt>
      <trkpt lat="39.894942" lon="116.646382">
        <time>2021-03-13T11:41:17Z</time>
      </trkpt>
      <trkpt lat="39.895078" lon="116.646435">
        <time>2021-03-13T11:41:22Z</time>
      </trkpt>
      <trkpt lat="39.895227" lon="116.646459">
        <time>2021-03-13T11:41:27Z</time>
      </trkpt>
      <trkpt lat="39.895322" lon="116.646515">
        <time>2021-03-13T11:41:32Z</time>
      </trkpt>
      <trkpt lat="39.895427" lon="116.646561">
        <time>2021-03-13T11:41:37Z</time>
      </trkpt>
      <trkpt lat="39.895545" lon="116.646613">
        <time>2021-03-13T11:41:42Z</time>
      </trkpt>
      <trkpt lat="39.89564" lon="116.646672">
        <time>2021-03-13T11:41:47Z</time>
      </trkpt>
      <trkpt lat="39.895732" lon="116.646724">
        <time>2021-03-13T11:41:52Z</time>
      </trkpt>
      <trkpt lat="39.895847" lon="116.646766">
        <time>2021-03-13T11:41:57Z</time>
      </trkpt>
      <trkpt lat="39.895955" lon="116.646759">
        <time>2021-03-13T11:42:02Z</time>
      </trkpt>
      <trkpt lat="39.89602" lon="116.646658">
        <time>2021-03-13T11:42:07Z</time>
      </trkpt>
      <trkpt lat="39.896031" lon="116.646511">
        <time>2021-03-13T11:42:12Z</time>
      </trkpt>
      <trkpt lat="39.896035" lon="116.646352">
        <time>2021-03-13T11:42:17Z</time>
      </trkpt>
      <trkpt lat="39.896049" lon="116.646191">
        <time>2021-03-13T11:42:22Z</time>
      </trkpt>
      <trkpt lat="39.896055" lon="116.646013">
        <time>2021-03-13T11:42:27Z</time>
      </trkpt>
      <trkpt lat="39.896063" lon="116.645853">
        <time>2021-03-13T11:42:32Z</time>
      </trkpt>
      <trkpt lat="39.896084" lon="116.645695">
        <time>2021-03-13T11:42:37Z</time>
      </trkpt>
      <trkpt lat="39.896102" lon="116.645543">
        <time>2021-03-13T11:42:42Z</time>
      </trkpt>
      <trkpt lat="39.896144" lon="116.645401">
        <time>2021-03-13T11:42:47Z</time>
      </trkpt>
      <trkpt lat="39.89617" lon="116.645264">
        <time>2021-03-13T11:42:52Z</time>
      </trkpt>
      <trkpt lat="39.896188" lon="116.645114">
        <time>2021-03-13T11:42:57Z</time>
      </trkpt>
      <trkpt lat="39.8962" lon="116.644979">
        <time>2021-03-13T11:43:02Z</time>
      </trkpt>
      <trkpt lat="39.896215" lon="116.64484">
        <time>2021-03-13T11:43:07Z</time>
      </trkpt>
      <trkpt lat="39.896232" lon="116.644709">
        <time>2021-03-13T11:43:12Z</time>
      </trkpt>
      <trkpt lat="39.896221" lon="116.644575">
        <time>2021-03-13T11:43:17Z</time>
      </trkpt>
      <trkpt lat="39.896205" lon="116.644413">
        <time>2021-03-13T11:43:22Z</time>
      </trkpt>
      <trkpt lat="39.896201" lon="116.644269">
        <time>2021-03-13T11:43:27Z</time>
      </trkpt>
      <trkpt lat="39.8962" lon="116.644129">
        <time>2021-03-13T11:43:32Z</time>
      </trkpt>
      <trkpt lat="39.8962" lon="116.643989">
        <time>2021-03-13T11:43:37Z</time>
      </trkpt>
      <trkpt lat="39.896195" lon="116.64385">
        <time>2021-03-13T11:43:42Z</time>
      </trkpt>
      <trkpt lat="39.896198" lon="116.643699">
        <time>2021-03-13T11:43:47Z</time>
      </trkpt>
      <trkpt lat="39.896203" lon="116.643551">
        <time>2021-03-13T11:43:52Z</time>
      </trkpt>
      <trkpt lat="39.896205" lon="116.643399">
        <time>2021-03-13T11:43:57Z</time>
      </trkpt>
      <trkpt lat="39.896201" lon="116.643247">
        <time>2021-03-13T11:44:02Z</time>
      </trkpt>
      <trkpt lat="39.896211" lon="116.643106">
        <time>2021-03-13T11:44:07Z</time>
      </trkpt>
      <trkpt lat="39.89622" lon="116.642972">
        <time>2021-03-13T11:44:12Z</time>
      </trkpt>
      <trkpt lat="39.896219" lon="116.642836">
        <time>2021-03-13T11:44:17Z</time>
      </trkpt>
      <trkpt lat="39.896228" lon="116.642708">
        <time>2021-03-13T11:44:22Z</time>
      </trkpt>
      <trkpt lat="39.896233" lon="116.642574">
        <time>2021-03-13T11:44:27Z</time>
      </trkpt>
      <trkpt lat="39.896238" lon="116.642432">
        <time>2021-03-13T11:44:32Z</time>
      </trkpt>
      <trkpt lat="39.89624" lon="116.642286">
        <time>2021-03-13T11:44:37Z</time>
      </trkpt>
      <trkpt lat="39.896247" lon="116.642148">
        <time>2021-03-13T11:44:42Z</time>
      </trkpt>
      <trkpt lat="39.896252" lon="116.642005">
        <time>2021-03-13T11:44:47Z</time>
      </trkpt>
      <trkpt lat="39.89624" lon="116.641835">
        <time>2021-03-13T11:44:52Z</time>
      </trkpt>
      <trkpt lat="39.896244" lon="116.641688">
        <time>2021-03-13T11:44:57Z</time>
      </trkpt>
      <trkpt lat="39.896255" lon="116.641534">
        <time>2021-03-13T11:45:02Z</time>
      </trkpt>
      <trkpt lat="39.896273" lon="116.641386">
        <time>2021-03-13T11:45:07Z</time>
      </trkpt>
      <trkpt lat="39.896277" lon="116.641241">
        <time>2021-03-13T11:45:12Z</time>
      </trkpt>
      <trkpt lat="39.896281" lon="116.641076">
        <time>2021-03-13T11:45:17Z</time>
      </trkpt>
      <trkpt lat="39.896282" lon="116.640939">
        <time>2021-03-13T11:45:22Z</time>
      </trkpt>
      <trkpt lat="39.89629" lon="116.640802">
        <time>2021-03-13T11:45:27Z</time>
      </trkpt>
      <trkpt lat="39.896296" lon="116.640658">
        <time>2021-03-13T11:45:32Z</time>
      </trkpt>
      <trkpt lat="39.896312" lon="116.640495">
        <time>2021-03-13T11:45:37Z</time>
      </trkpt>
      <trkpt lat="39.896326" lon="116.640339">
        <time>2021-03-13T11:45:42Z</time>
      </trkpt>
      <trkpt lat="39.896326" lon="116.640182">
        <time>2021-03-13T11:45:47Z</time>
      </trkpt>
      <trkpt lat="39.896331" lon="116.640031">
        <time>2021-03-13T11:45:52Z</time>
      </trkpt>
      <trkpt lat="39.896308" lon="116.639866">
        <time>2021-03-13T11:45:57Z</time>
      </trkpt>
      <trkpt lat="39.896298" lon="116.639707">
        <time>2021-03-13T11:46:02Z</time>
      </trkpt>
      <trkpt lat="39.896285" lon="116.639561">
        <time>2021-03-13T11:46:07Z</time>
      </trkpt>
      <trkpt lat="39.896286" lon="116.639418">
        <time>2021-03-13T11:46:12Z</time>
      </trkpt>
      <trkpt lat="39.896304" lon="116.639264">
        <time>2021-03-13T11:46:17Z</time>
      </trkpt>
      <trkpt lat="39.896302" lon="116.639122">
        <time>2021-03-13T11:46:22Z</time>
      </trkpt>
      <trkpt lat="39.89626" lon="116.638955">
        <time>2021-03-13T11:46:27Z</time>
      </trkpt>
      <trkpt lat="39.896247" lon="116.638787">
        <time>2021-03-13T11:46:32Z</time>
      </trkpt>
      <trkpt lat="39.896225" lon="116.638643">
        <time>2021-03-13T11:46:37Z</time>
      </trkpt>
      <trkpt lat="39.896199" lon="116.638489">
        <time>2021-03-13T11:46:42Z</time>
      </trkpt>
      <trkpt lat="39.896178" lon="116.63833">
        <time>2021-03-13T11:46:47Z</time>
      </trkpt>
      <trkpt lat="39.896169" lon="116.638179">
        <time>2021-03-13T11:46:52Z</time>
      </trkpt>
      <trkpt lat="39.896163" lon="116.638023">
        <time>2021-03-13T11:46:57Z</time>
      </trkpt>
      <trkpt lat="39.896158" lon="116.637881">
        <time>2021-03-13T11:47:02Z</time>
      </trkpt>
      <trkpt lat="39.896155" lon="116.63772">
        <time>2021-03-13T11:47:07Z</time>
      </trkpt>
      <trkpt lat="39.896143" lon="116.637552">
        <time>2021-03-13T11:47:12Z</time>
      </trkpt>
      <trkpt lat="39.896128" lon="116.637403">
        <time>2021-03-13T11:47:17Z</time>
      </trkpt>
      <trkpt lat="39.896121" lon="116.637254">
        <time>2021-03-13T11:47:22Z</time>
      </trkpt>
      <trkpt lat="39.896103" lon="116.637108">
        <time>2021-03-13T11:47:27Z</time>
      </trkpt>
      <trkpt lat="39.89609" lon="116.636963">
        <time>2021-03-13T11:47:32Z</time>
      </trkpt>
      <trkpt lat="39.89606" lon="116.636834">
        <time>2021-03-13T11:47:37Z</time>
      </trkpt>
      <trkpt lat="39.896024" lon="116.636737">
        <time>2021-03-13T11:47:42Z</time>
      </trkpt>
      <trkpt lat="39.896017" lon="116.636746">
        <time>2021-03-13T11:47:47Z</time>
      </trkpt>
      <trkpt lat="39.896081" lon="116.63682">
        <time>2021-03-13T11:47:52Z</time>
      </trkpt>
      <trkpt lat="39.896136" lon="116.636948">
        <time>2021-03-13T11:47:57Z</time>
      </trkpt>
      <trkpt lat="39.896183" lon="116.63711">
        <time>2021-03-13T11:48:02Z</time>
      </trkpt>
      <trkpt lat="39.896206" lon="116.637271">
        <time>2021-03-13T11:48:07Z</time>
      </trkpt>
      <trkpt lat="39.896226" lon="116.637429">
        <time>2021-03-13T11:48:12Z</time>
      </trkpt>
      <trkpt lat="39.896235" lon="116.637585">
        <time>2021-03-13T11:48:17Z</time>
      </trkpt>
      <trkpt lat="39.896255" lon="116.637738">
        <time>2021-03-13T11:48:22Z</time>
      </trkpt>
      <trkpt lat="39.896263" lon="116.637897">
        <time>2021-03-13T11:48:27Z</time>
      </trkpt>
      <trkpt lat="39.896264" lon="116.638052">
        <time>2021-03-13T11:48:32Z</time>
      </trkpt>
      <trkpt lat="39.896271" lon="116.638207">
        <time>2021-03-13T11:48:37Z</time>
      </trkpt>
      <trkpt lat="39.896288" lon="116.638374">
        <time>2021-03-13T11:48:42Z</time>
      </trkpt>
      <trkpt lat="39.896307" lon="116.638542">
        <time>2021-03-13T11:48:47Z</time>
      </trkpt>
      <trkpt lat="39.896294" lon="116.638709">
        <time>2021-03-13T11:48:52Z</time>
      </trkpt>
      <trkpt lat="39.896285" lon="116.638865">
        <time>2021-03-13T11:48:57Z</time>
      </trkpt>
      <trkpt lat="39.896284" lon="116.639026">
        <time>2021-03-13T11:49:02Z</time>
      </trkpt>
      <trkpt lat="39.896287" lon="116.639187">
        <time>2021-03-13T11:49:07Z</time>
      </trkpt>
      <trkpt lat="39.896293" lon="116.639342">
        <time>2021-03-13T11:49:12Z</time>
      </trkpt>
      <trkpt lat="39.896293" lon="116.639507">
        <time>2021-03-13T11:49:17Z</time>
      </trkpt>
      <trkpt lat="39.896296" lon="116.639677">
        <time>2021-03-13T11:49:22Z</time>
      </trkpt>
      <trkpt lat="39.896296" lon="116.639836">
        <time>2021-03-13T11:49:27Z</time>
      </trkpt>
      <trkpt lat="39.896292" lon="116.639995">
        <time>2021-03-13T11:49:32Z</time>
      </trkpt>
      <trkpt lat="39.8963" lon="116.640154">
        <time>2021-03-13T11:49:37Z</time>
      </trkpt>
      <trkpt lat="39.896333" lon="116.640316">
        <time>2021-03-13T11:49:42Z</time>
      </trkpt>
      <trkpt lat="39.896345" lon="116.640493">
        <time>2021-03-13T11:49:47Z</time>
      </trkpt>
      <trkpt lat="39.896343" lon="116.640664">
        <time>2021-03-13T11:49:52Z</time>
      </trkpt>
      <trkpt lat="39.896323" lon="116.640832">
        <time>2021-03-13T11:49:57Z</time>
      </trkpt>
      <trkpt lat="39.896319" lon="116.641019">
        <time>2021-03-13T11:50:02Z</time>
      </trkpt>
      <trkpt lat="39.896323" lon="116.641157">
        <time>2021-03-13T11:50:07Z</time>
      </trkpt>
      <trkpt lat="39.896316" lon="116.6413">
        <time>2021-03-13T11:50:12Z</time>
      </trkpt>
      <trkpt lat="39.896314" lon="116.641404">
        <time>2021-03-13T11:50:17Z</time>
      </trkpt>
      <trkpt lat="39.896313" lon="116.641562">
        <time>2021-03-13T11:50:22Z</time>
      </trkpt>
      <trkpt lat="39.896309" lon="116.641694">
        <time>2021-03-13T11:50:27Z</time>
      </trkpt>
      <trkpt lat="39.896294" lon="116.641824">
        <time>2021-03-13T11:50:32Z</time>
      </trkpt>
      <trkpt lat="39.896286" lon="116.641949">
        <time>2021-03-13T11:50:37Z</time>
      </trkpt>
      <trkpt lat="39.896277" lon="116.642098">
        <time>2021-03-13T11:50:42Z</time>
      </trkpt>
      <trkpt lat="39.896272" lon="116.642251">
        <time>2021-03-13T11:50:47Z</time>
      </trkpt>
      <trkpt lat="39.896258" lon="116.642388">
        <time>2021-03-13T11:50:52Z</time>
      </trkpt>
      <trkpt lat="39.89625" lon="116.642577">
        <time>2021-03-13T11:50:57Z</time>
      </trkpt>
      <trkpt lat="39.896253" lon="116.64271">
        <time>2021-03-13T11:51:02Z</time>
      </trkpt>
      <trkpt lat="39.89625" lon="116.642866">
        <time>2021-03-13T11:51:07Z</time>
      </trkpt>
      <trkpt lat="39.896256" lon="116.643026">
        <time>2021-03-13T11:51:12Z</time>
      </trkpt>
      <trkpt lat="39.896254" lon="116.643179">
        <time>2021-03-13T11:51:17Z</time>
      </trkpt>
      <trkpt lat="39.896261" lon="116.643328">
        <time>2021-03-13T11:51:22Z</time>
      </trkpt>
      <trkpt lat="39.89627" lon="116.643483">
        <time>2021-03-13T11:51:27Z</time>
      </trkpt>
      <trkpt lat="39.896277" lon="116.643637">
        <time>2021-03-13T11:51:32Z</time>
      </trkpt>
      <trkpt lat="39.896274" lon="116.643785">
        <time>2021-03-13T11:51:37Z</time>
      </trkpt>
      <trkpt lat="39.896274" lon="116.643946">
        <time>2021-03-13T11:51:42Z</time>
      </trkpt>
      <trkpt lat="39.896269" lon="116.644112">
        <time>2021-03-13T11:51:47Z</time>
      </trkpt>
      <trkpt lat="39.896263" lon="116.644266">
        <time>2021-03-13T11:51:52Z</time>
      </trkpt>
      <trkpt lat="39.896266" lon="116.644435">
        <time>2021-03-13T11:51:57Z</time>
      </trkpt>
      <trkpt lat="39.896262" lon="116.644598">
        <time>2021-03-13T11:52:02Z</time>
      </trkpt>
      <trkpt lat="39.896254" lon="116.644752">
        <time>2021-03-13T11:52:07Z</time>
      </trkpt>
      <trkpt lat="39.896251" lon="116.644877">
        <time>2021-03-13T11:52:12Z</time>
      </trkpt>
      <trkpt lat="39.896243" lon="116.645086">
        <time>2021-03-13T11:52:17Z</time>
      </trkpt>
      <trkpt lat="39.896227" lon="116.645235">
        <time>2021-03-13T11:52:22Z</time>
      </trkpt>
      <trkpt lat="39.896203" lon="116.645449">
        <time>2021-03-13T11:52:27Z</time>
      </trkpt>
      <trkpt lat="39.896177" lon="116.645604">
        <time>2021-03-13T11:52:32Z</time>
      </trkpt>
      <trkpt lat="39.896148" lon="116.645758">
        <time>2021-03-13T11:52:37Z</time>
      </trkpt>
      <trkpt lat="39.896124" lon="116.645909">
        <time>2021-03-13T11:52:42Z</time>
      </trkpt>
      <trkpt lat="39.896114" lon="116.646075">
        <time>2021-03-13T11:52:47Z</time>
      </trkpt>
      <trkpt lat="39.896089" lon="116.646248">
        <time>2021-03-13T11:52:52Z</time>
      </trkpt>
      <trkpt lat="39.896088" lon="116.646422">
        <time>2021-03-13T11:52:57Z</time>
      </trkpt>
      <trkpt lat="39.896079" lon="116.646592">
        <time>2021-03-13T11:53:02Z</time>
      </trkpt>
      <trkpt lat="39.895997" lon="116.646734">
        <time>2021-03-13T11:53:07Z</time>
      </trkpt>
      <trkpt lat="39.895851" lon="116.646759">
        <time>2021-03-13T11:53:12Z</time>
      </trkpt>
      <trkpt lat="39.895705" lon="116.646727">
        <time>2021-03-13T11:53:17Z</time>
      </trkpt>
      <trkpt lat="39.895567" lon="116.646678">
        <time>2021-03-13T11:53:22Z</time>
      </trkpt>
      <trkpt lat="39.895439" lon="116.646631">
        <time>2021-03-13T11:53:27Z</time>
      </trkpt>
      <trkpt lat="39.895344" lon="116.646581">
        <time>2021-03-13T11:53:32Z</time>
      </trkpt>
      <trkpt lat="39.895206" lon="116.646523">
        <time>2021-03-13T11:53:37Z</time>
      </trkpt>
      <trkpt lat="39.895111" lon="116.646471">
        <time>2021-03-13T11:53:42Z</time>
      </trkpt>
      <trkpt lat="39.894962" lon="116.646431">
        <time>2021-03-13T11:53:47Z</time>
      </trkpt>
      <trkpt lat="39.894865" lon="116.646391">
        <time>2021-03-13T11:53:52Z</time>
      </trkpt>
      <trkpt lat="39.894719" lon="116.646341">
        <time>2021-03-13T11:53:57Z</time>
      </trkpt>
      <trkpt lat="39.894592" lon="116.646296">
        <time>2021-03-13T11:54:02Z</time>
      </trkpt>
      <trkpt lat="39.894464" lon="116.646259">
        <time>2021-03-13T11:54:07Z</time>
      </trkpt>
      <trkpt lat="39.894362" lon="116.646226">
        <time>2021-03-13T11:54:12Z</time>
      </trkpt>
      <trkpt lat="39.894203" lon="116.646195">
        <time>2021-03-13T11:54:17Z</time>
      </trkpt>
      <trkpt lat="39.89411" lon="116.646154">
        <time>2021-03-13T11:54:22Z</time>
      </trkpt>
      <trkpt lat="39.893977" lon="116.64607">
        <time>2021-03-13T11:54:27Z</time>
      </trkpt>
      <trkpt lat="39.893898" lon="116.646072">
        <time>2021-03-13T11:54:32Z</time>
      </trkpt>
      <trkpt lat="39.89381" lon="116.646182">
        <time>2021-03-13T11:54:37Z</time>
      </trkpt>
      <trkpt lat="39.893758" lon="116.646278">
        <time>2021-03-13T11:54:42Z</time>
      </trkpt>
      <trkpt lat="39.893661" lon="116.646418">
        <time>2021-03-13T11:54:47Z</time>
      </trkpt>
      <trkpt lat="39.89359" lon="116.646444">
        <time>2021-03-13T11:54:52Z</time>
      </trkpt>
      <trkpt lat="39.893455" lon="116.646382">
        <time>2021-03-13T11:54:57Z</time>
      </trkpt>
      <trkpt lat="39.893333" lon="116.646299">
        <time>2021-03-13T11:55:02Z</time>
      </trkpt>
      <trkpt lat="39.893196" lon="116.646244">
        <time>2021-03-13T11:55:07Z</time>
      </trkpt>
      <trkpt lat="39.893066" lon="116.646192">
        <time>2021-03-13T11:55:12Z</time>
      </trkpt>
      <trkpt lat="39.892948" lon="116.646127">
        <time>2021-03-13T11:55:17Z</time>
      </trkpt>
      <trkpt lat="39.892817" lon="116.646089">
        <time>2021-03-13T11:55:22Z</time>
      </trkpt>
      <trkpt lat="39.892694" lon="116.646027">
        <time>2021-03-13T11:55:27Z</time>
      </trkpt>
      <trkpt lat="39.892587" lon="116.645959">
        <time>2021-03-13T11:55:32Z</time>
      </trkpt>
      <trkpt lat="39.892465" lon="116.645916">
        <time>2021-03-13T11:55:37Z</time>
      </trkpt>
      <trkpt lat="39.892346" lon="116.645875">
        <time>2021-03-13T11:55:42Z</time>
      </trkpt>
      <trkpt lat="39.892229" lon="116.645826">
        <time>2021-03-13T11:55:47Z</time>
      </trkpt>
      <trkpt lat="39.892114" lon="116.645765">
        <time>2021-03-13T11:55:52Z</time>
      </trkpt>
      <trkpt lat="39.891996" lon="116.645699">
        <time>2021-03-13T11:55:57Z</time>
      </trkpt>
      <trkpt lat="39.891866" lon="116.645662">
        <time>2021-03-13T11:56:02Z</time>
      </trkpt>
      <trkpt lat="39.89174" lon="116.645594">
        <time>2021-03-13T11:56:07Z</time>
      </trkpt>
      <trkpt lat="39.891652" lon="116.645522">
        <time>2021-03-13T11:56:12Z</time>
      </trkpt>
      <trkpt lat="39.891535" lon="116.645464">
        <time>2021-03-13T11:56:17Z</time>
      </trkpt>
      <trkpt lat="39.891508" lon="116.645466">
        <time>2021-03-13T11:56:22Z</time>
      </trkpt>
      <trkpt lat="39.891566" lon="116.645455">
        <time>2021-03-13T11:56:27Z</time>
      </trkpt>
      <trkpt lat="39.891648" lon="116.645474">
        <time>2021-03-13T11:56:32Z</time>
      </trkpt>
      <trkpt lat="39.891766" lon="116.645536">
        <time>2021-03-13T11:56:37Z</time>
      </trkpt>
      <trkpt lat="39.891877" lon="116.645598">
        <time>2021-03-13T11:56:42Z</time>
      </trkpt>
      <trkpt lat="39.892001" lon="116.645636">
        <time>2021-03-13T11:56:47Z</time>
      </trkpt>
      <trkpt lat="39.892122" lon="116.645703">
        <time>2021-03-13T11:56:52Z</time>
      </trkpt>
      <trkpt lat="39.892204" lon="116.64574">
        <time>2021-03-13T11:56:57Z</time>
      </trkpt>
      <trkpt lat="39.892335" lon="116.645804">
        <time>2021-03-13T11:57:02Z</time>
      </trkpt>
      <trkpt lat="39.892451" lon="116.645853">
        <time>2021-03-13T11:57:07Z</time>
      </trkpt>
      <trkpt lat="39.892583" lon="116.645892">
        <time>2021-03-13T11:57:12Z</time>
      </trkpt>
      <trkpt lat="39.89267" lon="116.645925">
        <time>2021-03-13T11:57:17Z</time>
      </trkpt>
      <trkpt lat="39.892784" lon="116.646001">
        <time>2021-03-13T11:57:22Z</time>
      </trkpt>
      <trkpt lat="39.892883" lon="116.646048">
        <time>2021-03-13T11:57:27Z</time>
      </trkpt>
      <trkpt lat="39.893035" lon="116.646118">
        <time>2021-03-13T11:57:32Z</time>
      </trkpt>
      <trkpt lat="39.893114" lon="116.646167">
        <time>2021-03-13T11:57:37Z</time>
      </trkpt>
      <trkpt lat="39.893213" lon="116.6462">
        <time>2021-03-13T11:57:42Z</time>
      </trkpt>
      <trkpt lat="39.893323" lon="116.646256">
        <time>2021-03-13T11:57:47Z</time>
      </trkpt>
      <trkpt lat="39.893479" lon="116.646335">
        <time>2021-03-13T11:57:52Z</time>
      </trkpt>
      <trkpt lat="39.893594" lon="116.646372">
        <time>2021-03-13T11:57:57Z</time>
      </trkpt>
      <trkpt lat="39.893688" lon="116.646306">
        <time>2021-03-13T11:58:02Z</time>
      </trkpt>
      <trkpt lat="39.893768" lon="116.646178">
        <time>2021-03-13T11:58:07Z</time>
      </trkpt>
      <trkpt lat="39.893849" lon="116.646037">
        <time>2021-03-13T11:58:12Z</time>
      </trkpt>
      <trkpt lat="39.893938" lon="116.645906">
        <time>2021-03-13T11:58:17Z</time>
      </trkpt>
      <trkpt lat="39.894073" lon="116.645884">
        <time>2021-03-13T11:58:22Z</time>
      </trkpt>
      <trkpt lat="39.894195" lon="116.645953">
        <time>2021-03-13T11:58:27Z</time>
      </trkpt>
      <trkpt lat="39.894287" lon="116.64603">
        <time>2021-03-13T11:58:32Z</time>
      </trkpt>
      <trkpt lat="39.894322" lon="116.646087">
        <time>2021-03-13T11:58:37Z</time>
      </trkpt>
      <trkpt lat="39.894369" lon="116.646141">
        <time>2021-03-13T11:58:42Z</time>
      </trkpt>
      <trkpt lat="39.894447" lon="116.646188">
        <time>2021-03-13T11:58:47Z</time>
      </trkpt>
      <trkpt lat="39.894576" lon="116.646287">
        <time>2021-03-13T11:58:52Z</time>
      </trkpt>
      <trkpt lat="39.894684" lon="116.64635">
        <time>2021-03-13T11:58:57Z</time>
      </trkpt>
      <trkpt lat="39.894815" lon="116.646398">
        <time>2021-03-13T11:59:02Z</time>
      </trkpt>
      <trkpt lat="39.89492" lon="116.646446">
        <time>2021-03-13T11:59:07Z</time>
      </trkpt>
      <trkpt lat="39.895085" lon="116.646506">
        <time>2021-03-13T11:59:12Z</time>
      </trkpt>
      <trkpt lat="39.895187" lon="116.646547">
        <time>2021-03-13T11:59:17Z</time>
      </trkpt>
      <trkpt lat="39.895346" lon="116.646598">
        <time>2021-03-13T11:59:22Z</time>
      </trkpt>
      <trkpt lat="39.895482" lon="116.64664">
        <time>2021-03-13T11:59:27Z</time>
      </trkpt>
      <trkpt lat="39.895608" lon="116.646697">
        <time>2021-03-13T11:59:32Z</time>
      </trkpt>
      <trkpt lat="39.895721" lon="116.646733">
        <time>2021-03-13T11:59:37Z</time>
      </trkpt>
      <trkpt lat="39.895837" lon="116.646776">
        <time>2021-03-13T11:59:42Z</time>
      </trkpt>
      <trkpt lat="39.895954" lon="116.646779">
        <time>2021-03-13T11:59:47Z</time>
      </trkpt>
      <trkpt lat="39.896029" lon="116.646653">
        <time>2021-03-13T11:59:52Z</time>
      </trkpt>
      <trkpt lat="39.896033" lon="116.646516">
        <time>2021-03-13T11:59:57Z</time>
      </trkpt>
      <trkpt lat="39.896036" lon="116.646321">
        <time>2021-03-13T12:00:02Z</time>
      </trkpt>
      <trkpt lat="39.896041" lon="116.646162">
        <time>2021-03-13T12:00:07Z</time>
      </trkpt>
      <trkpt lat="39.896064" lon="116.646006">
        <time>2021-03-13T12:00:12Z</time>
      </trkpt>
      <trkpt lat="39.896081" lon="116.645854">
        <time>2021-03-13T12:00:17Z</time>
      </trkpt>
      <trkpt lat="39.896099" lon="116.645705">
        <time>2021-03-13T12:00:22Z</time>
      </trkpt>
      <trkpt lat="39.89612" lon="116.645592">
        <time>2021-03-13T12:00:27Z</time>
      </trkpt>
      <trkpt lat="39.896149" lon="116.645412">
        <time>2021-03-13T12:00:32Z</time>
      </trkpt>
      <trkpt lat="39.896161" lon="116.645287">
        <time>2021-03-13T12:00:37Z</time>
      </trkpt>
      <trkpt lat="39.896175" lon="116.645093">
        <time>2021-03-13T12:00:42Z</time>
      </trkpt>
      <trkpt lat="39.896179" lon="116.644933">
        <time>2021-03-13T12:00:47Z</time>
      </trkpt>
      <trkpt lat="39.89619" lon="116.644783">
        <time>2021-03-13T12:00:52Z</time>
      </trkpt>
      <trkpt lat="39.896197" lon="116.644668">
        <time>2021-03-13T12:00:57Z</time>
      </trkpt>
      <trkpt lat="39.896209" lon="116.644486">
        <time>2021-03-13T12:01:02Z</time>
      </trkpt>
      <trkpt lat="39.896208" lon="116.644347">
        <time>2021-03-13T12:01:07Z</time>
      </trkpt>
      <trkpt lat="39.896201" lon="116.644199">
        <time>2021-03-13T12:01:12Z</time>
      </trkpt>
      <trkpt lat="39.896202" lon="116.644084">
        <time>2021-03-13T12:01:17Z</time>
      </trkpt>
      <trkpt lat="39.896199" lon="116.643913">
        <time>2021-03-13T12:01:22Z</time>
      </trkpt>
      <trkpt lat="39.896202" lon="116.643765">
        <time>2021-03-13T12:01:27Z</time>
      </trkpt>
      <trkpt lat="39.896207" lon="116.643619">
        <time>2021-03-13T12:01:32Z</time>
      </trkpt>
      <trkpt lat="39.896207" lon="116.643466">
        <time>2021-03-13T12:01:37Z</time>
      </trkpt>
      <trkpt lat="39.896207" lon="116.643352">
        <time>2021-03-13T12:01:42Z</time>
      </trkpt>
      <trkpt lat="39.896204" lon="116.643182">
        <time>2021-03-13T12:01:47Z</time>
      </trkpt>
      <trkpt lat="39.896208" lon="116.643037">
        <time>2021-03-13T12:01:52Z</time>
      </trkpt>
      <trkpt lat="39.896211" lon="116.642893">
        <time>2021-03-13T12:01:57Z</time>
      </trkpt>
      <trkpt lat="39.896213" lon="116.642747">
        <time>2021-03-13T12:02:02Z</time>
      </trkpt>
      <trkpt lat="39.896212" lon="116.642584">
        <time>2021-03-13T12:02:07Z</time>
      </trkpt>
      <trkpt lat="39.896208" lon="116.642459">
        <time>2021-03-13T12:02:12Z</time>
      </trkpt>
      <trkpt lat="39.896217" lon="116.642282">
        <time>2021-03-13T12:02:17Z</time>
      </trkpt>
      <trkpt lat="39.896223" lon="116.642163">
        <time>2021-03-13T12:02:22Z</time>
      </trkpt>
      <trkpt lat="39.896227" lon="116.641985">
        <time>2021-03-13T12:02:27Z</time>
      </trkpt>
      <trkpt lat="39.896225" lon="116.641866">
        <time>2021-03-13T12:02:32Z</time>
      </trkpt>
      <trkpt lat="39.896236" lon="116.641686">
        <time>2021-03-13T12:02:37Z</time>
      </trkpt>
      <trkpt lat="39.896245" lon="116.641531">
        <time>2021-03-13T12:02:42Z</time>
      </trkpt>
      <trkpt lat="39.896247" lon="116.641385">
        <time>2021-03-13T12:02:47Z</time>
      </trkpt>
      <trkpt lat="39.89625" lon="116.641266">
        <time>2021-03-13T12:02:52Z</time>
      </trkpt>
      <trkpt lat="39.896252" lon="116.641092">
        <time>2021-03-13T12:02:57Z</time>
      </trkpt>
      <trkpt lat="39.896257" lon="116.640971">
        <time>2021-03-13T12:03:02Z</time>
      </trkpt>
      <trkpt lat="39.896248" lon="116.640788">
        <time>2021-03-13T12:03:07Z</time>
      </trkpt>
      <trkpt lat="39.896258" lon="116.640647">
        <time>2021-03-13T12:03:12Z</time>
      </trkpt>
      <trkpt lat="39.896273" lon="116.640524">
        <time>2021-03-13T12:03:17Z</time>
      </trkpt>
      <trkpt lat="39.896268" lon="116.64033">
        <time>2021-03-13T12:03:22Z</time>
      </trkpt>
      <trkpt lat="39.896275" lon="116.640165">
        <time>2021-03-13T12:03:27Z</time>
      </trkpt>
      <trkpt lat="39.896296" lon="116.640013">
        <time>2021-03-13T12:03:32Z</time>
      </trkpt>
      <trkpt lat="39.896305" lon="116.639863">
        <time>2021-03-13T12:03:37Z</time>
      </trkpt>
      <trkpt lat="39.896286" lon="116.639669">
        <time>2021-03-13T12:03:42Z</time>
      </trkpt>
      <trkpt lat="39.896266" lon="116.639483">
        <time>2021-03-13T12:03:47Z</time>
      </trkpt>
      <trkpt lat="39.896253" lon="116.639325">
        <time>2021-03-13T12:03:52Z</time>
      </trkpt>
      <trkpt lat="39.896245" lon="116.639184">
        <time>2021-03-13T12:03:57Z</time>
      </trkpt>
      <trkpt lat="39.896221" lon="116.639041">
        <time>2021-03-13T12:04:02Z</time>
      </trkpt>
      <trkpt lat="39.896183" lon="116.6389">
        <time>2021-03-13T12:04:07Z</time>
      </trkpt>
      <trkpt lat="39.896161" lon="116.638748">
        <time>2021-03-13T12:04:12Z</time>
      </trkpt>
      <trkpt lat="39.896129" lon="116.638604">
        <time>2021-03-13T12:04:17Z</time>
      </trkpt>
      <trkpt lat="39.896116" lon="116.638447">
        <time>2021-03-13T12:04:22Z</time>
      </trkpt>
      <trkpt lat="39.896091" lon="116.638293">
        <time>2021-03-13T12:04:27Z</time>
      </trkpt>
      <trkpt lat="39.896072" lon="116.638133">
        <time>2021-03-13T12:04:32Z</time>
      </trkpt>
      <trkpt lat="39.896066" lon="116.637969">
        <time>2021-03-13T12:04:37Z</time>
      </trkpt>
      <trkpt lat="39.896073" lon="116.637802">
        <time>2021-03-13T12:04:42Z</time>
      </trkpt>
      <trkpt lat="39.896083" lon="116.637644">
        <time>2021-03-13T12:04:47Z</time>
      </trkpt>
      <trkpt lat="39.896087" lon="116.637491">
        <time>2021-03-13T12:04:52Z</time>
      </trkpt>
      <trkpt lat="39.896089" lon="116.637373">
        <time>2021-03-13T12:04:57Z</time>
      </trkpt>
      <trkpt lat="39.896086" lon="116.63721">
        <time>2021-03-13T12:05:02Z</time>
      </trkpt>
      <trkpt lat="39.896086" lon="116.637103">
        <time>2021-03-13T12:05:07Z</time>
      </trkpt>
      <trkpt lat="39.896079" lon="116.63694">
        <time>2021-03-13T12:05:12Z</time>
      </trkpt>
      <trkpt lat="39.896074" lon="116.636836">
        <time>2021-03-13T12:05:17Z</time>
      </trkpt>
      <trkpt lat="39.896037" lon="116.636732">
        <time>2021-03-13T12:05:22Z</time>
      </trkpt>
      <trkpt lat="39.896021" lon="116.636734">
        <time>2021-03-13T12:05:27Z</time>
      </trkpt>
      <trkpt lat="39.896048" lon="116.636816">
        <time>2021-03-13T12:05:32Z</time>
      </trkpt>
      <trkpt lat="39.896098" lon="116.636904">
        <time>2021-03-13T12:05:37Z</time>
      </trkpt>
      <trkpt lat="39.896158" lon="116.637069">
        <time>2021-03-13T12:05:42Z</time>
      </trkpt>
      <trkpt lat="39.896178" lon="116.637216">
        <time>2021-03-13T12:05:47Z</time>
      </trkpt>
      <trkpt lat="39.896187" lon="116.637364">
        <time>2021-03-13T12:05:52Z</time>
      </trkpt>
      <trkpt lat="39.896199" lon="116.637492">
        <time>2021-03-13T12:05:57Z</time>
      </trkpt>
      <trkpt lat="39.896219" lon="116.63768">
        <time>2021-03-13T12:06:02Z</time>
      </trkpt>
      <trkpt lat="39.896228" lon="116.63781">
        <time>2021-03-13T12:06:07Z</time>
      </trkpt>
      <trkpt lat="39.896215" lon="116.638024">
        <time>2021-03-13T12:06:12Z</time>
      </trkpt>
      <trkpt lat="39.896209" lon="116.638192">
        <time>2021-03-13T12:06:17Z</time>
      </trkpt>
      <trkpt lat="39.896205" lon="116.638347">
        <time>2021-03-13T12:06:22Z</time>
      </trkpt>
      <trkpt lat="39.896206" lon="116.638507">
        <time>2021-03-13T12:06:27Z</time>
      </trkpt>
      <trkpt lat="39.896209" lon="116.638673">
        <time>2021-03-13T12:06:32Z</time>
      </trkpt>
      <trkpt lat="39.89623" lon="116.638836">
        <time>2021-03-13T12:06:37Z</time>
      </trkpt>
      <trkpt lat="39.896251" lon="116.638956">
        <time>2021-03-13T12:06:42Z</time>
      </trkpt>
      <trkpt lat="39.896285" lon="116.639136">
        <time>2021-03-13T12:06:47Z</time>
      </trkpt>
      <trkpt lat="39.896298" lon="116.639298">
        <time>2021-03-13T12:06:52Z</time>
      </trkpt>
      <trkpt lat="39.896292" lon="116.63946">
        <time>2021-03-13T12:06:57Z</time>
      </trkpt>
      <trkpt lat="39.896287" lon="116.639615">
        <time>2021-03-13T12:07:02Z</time>
      </trkpt>
      <trkpt lat="39.896289" lon="116.639774">
        <time>2021-03-13T12:07:07Z</time>
      </trkpt>
      <trkpt lat="39.89629" lon="116.639901">
        <time>2021-03-13T12:07:12Z</time>
      </trkpt>
      <trkpt lat="39.896275" lon="116.640094">
        <time>2021-03-13T12:07:17Z</time>
      </trkpt>
      <trkpt lat="39.896283" lon="116.64027">
        <time>2021-03-13T12:07:22Z</time>
      </trkpt>
      <trkpt lat="39.896303" lon="116.640425">
        <time>2021-03-13T12:07:27Z</time>
      </trkpt>
      <trkpt lat="39.896305" lon="116.640581">
        <time>2021-03-13T12:07:32Z</time>
      </trkpt>
      <trkpt lat="39.896289" lon="116.640752">
        <time>2021-03-13T12:07:37Z</time>
      </trkpt>
      <trkpt lat="39.896282" lon="116.640872">
        <time>2021-03-13T12:07:42Z</time>
      </trkpt>
      <trkpt lat="39.896306" lon="116.641051">
        <time>2021-03-13T12:07:47Z</time>
      </trkpt>
      <trkpt lat="39.896316" lon="116.641191">
        <time>2021-03-13T12:07:52Z</time>
      </trkpt>
      <trkpt lat="39.896309" lon="116.641329">
        <time>2021-03-13T12:07:57Z</time>
      </trkpt>
      <trkpt lat="39.896301" lon="116.641467">
        <time>2021-03-13T12:08:02Z</time>
      </trkpt>
      <trkpt lat="39.896299" lon="116.641603">
        <time>2021-03-13T12:08:07Z</time>
      </trkpt>
      <trkpt lat="39.896297" lon="116.641738">
        <time>2021-03-13T12:08:12Z</time>
      </trkpt>
      <trkpt lat="39.896301" lon="116.641885">
        <time>2021-03-13T12:08:17Z</time>
      </trkpt>
      <trkpt lat="39.896303" lon="116.642006">
        <time>2021-03-13T12:08:22Z</time>
      </trkpt>
      <trkpt lat="39.896284" lon="116.642165">
        <time>2021-03-13T12:08:27Z</time>
      </trkpt>
      <trkpt lat="39.896275" lon="116.64234">
        <time>2021-03-13T12:08:32Z</time>
      </trkpt>
      <trkpt lat="39.896279" lon="116.642473">
        <time>2021-03-13T12:08:37Z</time>
      </trkpt>
      <trkpt lat="39.896278" lon="116.642587">
        <time>2021-03-13T12:08:42Z</time>
      </trkpt>
      <trkpt lat="39.896268" lon="116.642754">
        <time>2021-03-13T12:08:47Z</time>
      </trkpt>
      <trkpt lat="39.896248" lon="116.642891">
        <time>2021-03-13T12:08:52Z</time>
      </trkpt>
      <trkpt lat="39.896231" lon="116.643026">
        <time>2021-03-13T12:08:57Z</time>
      </trkpt>
      <trkpt lat="39.896225" lon="116.643163">
        <time>2021-03-13T12:09:02Z</time>
      </trkpt>
      <trkpt lat="39.896232" lon="116.643275">
        <time>2021-03-13T12:09:07Z</time>
      </trkpt>
      <trkpt lat="39.896247" lon="116.643449">
        <time>2021-03-13T12:09:12Z</time>
      </trkpt>
      <trkpt lat="39.896261" lon="116.643589">
        <time>2021-03-13T12:09:17Z</time>
      </trkpt>
      <trkpt lat="39.896268" lon="116.643739">
        <time>2021-03-13T12:09:22Z</time>
      </trkpt>
      <trkpt lat="39.896271" lon="116.643859">
        <time>2021-03-13T12:09:27Z</time>
      </trkpt>
      <trkpt lat="39.896271" lon="116.644044">
        <time>2021-03-13T12:09:32Z</time>
      </trkpt>
      <trkpt lat="39.896278" lon="116.644202">
        <time>2021-03-13T12:09:37Z</time>
      </trkpt>
      <trkpt lat="39.896279" lon="116.644348">
        <time>2021-03-13T12:09:42Z</time>
      </trkpt>
      <trkpt lat="39.896271" lon="116.64446">
        <time>2021-03-13T12:09:47Z</time>
      </trkpt>
      <trkpt lat="39.896261" lon="116.644622">
        <time>2021-03-13T12:09:52Z</time>
      </trkpt>
      <trkpt lat="39.896259" lon="116.644729">
        <time>2021-03-13T12:09:57Z</time>
      </trkpt>
      <trkpt lat="39.896257" lon="116.644893">
        <time>2021-03-13T12:10:02Z</time>
      </trkpt>
      <trkpt lat="39.896262" lon="116.645038">
        <time>2021-03-13T12:10:07Z</time>
      </trkpt>
      <trkpt lat="39.896249" lon="116.645201">
        <time>2021-03-13T12:10:12Z</time>
      </trkpt>
      <trkpt lat="39.89623" lon="116.645358">
        <time>2021-03-13T12:10:17Z</time>
      </trkpt>
      <trkpt lat="39.896199" lon="116.645519">
        <time>2021-03-13T12:10:22Z</time>
      </trkpt>
      <trkpt lat="39.896167" lon="116.645658">
        <time>2021-03-13T12:10:27Z</time>
      </trkpt>
      <trkpt lat="39.89614" lon="116.64585">
        <time>2021-03-13T12:10:32Z</time>
      </trkpt>
      <trkpt lat="39.896147" lon="116.646007">
        <time>2021-03-13T12:10:37Z</time>
      </trkpt>
      <trkpt lat="39.896149" lon="116.646177">
        <time>2021-03-13T12:10:42Z</time>
      </trkpt>
      <trkpt lat="39.896149" lon="116.646327">
        <time>2021-03-13T12:10:47Z</time>
      </trkpt>
      <trkpt lat="39.896146" lon="116.646438">
        <time>2021-03-13T12:10:52Z</time>
      </trkpt>
      <trkpt lat="39.896122" lon="116.646626">
        <time>2021-03-13T12:10:57Z</time>
      </trkpt>
      <trkpt lat="39.896067" lon="116.646728">
        <time>2021-03-13T12:11:02Z</time>
      </trkpt>
      <trkpt lat="39.895901" lon="116.646768">
        <time>2021-03-13T12:11:07Z</time>
      </trkpt>
      <trkpt lat="39.895789" lon="116.646735">
        <time>2021-03-13T12:11:12Z</time>
      </trkpt>
      <trkpt lat="39.895628" lon="116.646672">
        <time>2021-03-13T12:11:17Z</time>
      </trkpt>
      <trkpt lat="39.895494" lon="116.646623">
        <time>2021-03-13T12:11:22Z</time>
      </trkpt>
      <trkpt lat="39.895392" lon="116.646586">
        <time>2021-03-13T12:11:27Z</time>
      </trkpt>
      <trkpt lat="39.895245" lon="116.646535">
        <time>2021-03-13T12:11:32Z</time>
      </trkpt>
      <trkpt lat="39.895134" lon="116.646504">
        <time>2021-03-13T12:11:37Z</time>
      </trkpt>
      <trkpt lat="39.895021" lon="116.64647">
        <time>2021-03-13T12:11:42Z</time>
      </trkpt>
      <trkpt lat="39.894918" lon="116.646445">
        <time>2021-03-13T12:11:47Z</time>
      </trkpt>
      <trkpt lat="39.894779" lon="116.646397">
        <time>2021-03-13T12:11:52Z</time>
      </trkpt>
      <trkpt lat="39.894662" lon="116.646372">
        <time>2021-03-13T12:11:57Z</time>
      </trkpt>
      <trkpt lat="39.894537" lon="116.646343">
        <time>2021-03-13T12:12:02Z</time>
      </trkpt>
      <trkpt lat="39.8944" lon="116.646287">
        <time>2021-03-13T12:12:07Z</time>
      </trkpt>
      <trkpt lat="39.894252" lon="116.646271">
        <time>2021-03-13T12:12:12Z</time>
      </trkpt>
      <trkpt lat="39.894151" lon="116.646222">
        <time>2021-03-13T12:12:17Z</time>
      </trkpt>
      <trkpt lat="39.894009" lon="116.646133">
        <time>2021-03-13T12:12:22Z</time>
      </trkpt>
      <trkpt lat="39.893901" lon="116.646113">
        <time>2021-03-13T12:12:27Z</time>
      </trkpt>
      <trkpt lat="39.893825" lon="116.646181">
        <time>2021-03-13T12:12:32Z</time>
      </trkpt>
      <trkpt lat="39.893787" lon="116.646269">
        <time>2021-03-13T12:12:37Z</time>
      </trkpt>
      <trkpt lat="39.893732" lon="116.646375">
        <time>2021-03-13T12:12:42Z</time>
      </trkpt>
      <trkpt lat="39.893656" lon="116.646439">
        <time>2021-03-13T12:12:47Z</time>
      </trkpt>
      <trkpt lat="39.893498" lon="116.646435">
        <time>2021-03-13T12:12:52Z</time>
      </trkpt>
      <trkpt lat="39.893402" lon="116.6464">
        <time>2021-03-13T12:12:57Z</time>
      </trkpt>
      <trkpt lat="39.893259" lon="116.646346">
        <time>2021-03-13T12:13:02Z</time>
      </trkpt>
      <trkpt lat="39.893157" lon="116.646325">
        <time>2021-03-13T12:13:07Z</time>
      </trkpt>
      <trkpt lat="39.893012" lon="116.646288">
        <time>2021-03-13T12:13:12Z</time>
      </trkpt>
      <trkpt lat="39.892893" lon="116.646242">
        <time>2021-03-13T12:13:17Z</time>
      </trkpt>
      <trkpt lat="39.892771" lon="116.646191">
        <time>2021-03-13T12:13:22Z</time>
      </trkpt>
      <trkpt lat="39.89265" lon="116.646145">
        <time>2021-03-13T12:13:27Z</time>
      </trkpt>
      <trkpt lat="39.892578" lon="116.646097">
        <time>2021-03-13T12:13:32Z</time>
      </trkpt>
      <trkpt lat="39.892502" lon="116.646055">
        <time>2021-03-13T12:13:37Z</time>
      </trkpt>
      <trkpt lat="39.892419" lon="116.646016">
        <time>2021-03-13T12:13:42Z</time>
      </trkpt>
      <trkpt lat="39.892297" lon="116.645939">
        <time>2021-03-13T12:13:47Z</time>
      </trkpt>
      <trkpt lat="39.89219" lon="116.645867">
        <time>2021-03-13T12:13:52Z</time>
      </trkpt>
      <trkpt lat="39.892072" lon="116.64582">
        <time>2021-03-13T12:13:57Z</time>
      </trkpt>
      <trkpt lat="39.891969" lon="116.645756">
        <time>2021-03-13T12:14:02Z</time>
      </trkpt>
      <trkpt lat="39.891853" lon="116.645711">
        <time>2021-03-13T12:14:07Z</time>
      </trkpt>
      <trkpt lat="39.891739" lon="116.645644">
        <time>2021-03-13T12:14:12Z</time>
      </trkpt>
      <trkpt lat="39.891663" lon="116.645556">
        <time>2021-03-13T12:14:17Z</time>
      </trkpt>
      <trkpt lat="39.89155" lon="116.645513">
        <time>2021-03-13T12:14:22Z</time>
      </trkpt>
      <trkpt lat="39.891527" lon="116.645525">
        <time>2021-03-13T12:14:27Z</time>
      </trkpt>
      <trkpt lat="39.891568" lon="116.64552">
        <time>2021-03-13T12:14:32Z</time>
      </trkpt>
      <trkpt lat="39.891634" lon="116.645529">
        <time>2021-03-13T12:14:37Z</time>
      </trkpt>
      <trkpt lat="39.891748" lon="116.645541">
        <time>2021-03-13T12:14:42Z</time>
      </trkpt>
      <trkpt lat="39.89182" lon="116.645555">
        <time>2021-03-13T12:14:47Z</time>
      </trkpt>
      <trkpt lat="39.891938" lon="116.645578">
        <time>2021-03-13T12:14:52Z</time>
      </trkpt>
      <trkpt lat="39.892049" lon="116.645603">
        <time>2021-03-13T12:14:57Z</time>
      </trkpt>
      <trkpt lat="39.892195" lon="116.645637">
        <time>2021-03-13T12:15:02Z</time>
      </trkpt>
      <trkpt lat="39.892289" lon="116.645682">
        <time>2021-03-13T12:15:07Z</time>
      </trkpt>
      <trkpt lat="39.892379" lon="116.645757">
        <time>2021-03-13T12:15:12Z</time>
      </trkpt>
      <trkpt lat="39.892493" lon="116.645829">
        <time>2021-03-13T12:15:17Z</time>
      </trkpt>
      <trkpt lat="39.892578" lon="116.645874">
        <time>2021-03-13T12:15:22Z</time>
      </trkpt>
      <trkpt lat="39.892675" lon="116.645914">
        <time>2021-03-13T12:15:27Z</time>
      </trkpt>
      <trkpt lat="39.892775" lon="116.645948">
        <time>2021-03-13T12:15:32Z</time>
      </trkpt>
      <trkpt lat="39.892873" lon="116.646006">
        <time>2021-03-13T12:15:37Z</time>
      </trkpt>
      <trkpt lat="39.892976" lon="116.646055">
        <time>2021-03-13T12:15:42Z</time>
      </trkpt>
      <trkpt lat="39.893156" lon="116.646137">
        <time>2021-03-13T12:15:47Z</time>
      </trkpt>
      <trkpt lat="39.893323" lon="116.646211">
        <time>2021-03-13T12:15:52Z</time>
      </trkpt>
      <trkpt lat="39.893466" lon="116.64629">
        <time>2021-03-13T12:15:57Z</time>
      </trkpt>
      <trkpt lat="39.893604" lon="116.646316">
        <time>2021-03-13T12:16:02Z</time>
      </trkpt>
      <trkpt lat="39.893722" lon="116.646236">
        <time>2021-03-13T12:16:07Z</time>
      </trkpt>
      <trkpt lat="39.893828" lon="116.646134">
        <time>2021-03-13T12:16:12Z</time>
      </trkpt>
      <trkpt lat="39.89391" lon="116.646002">
        <time>2021-03-13T12:16:17Z</time>
      </trkpt>
      <trkpt lat="39.894008" lon="116.645899">
        <time>2021-03-13T12:16:22Z</time>
      </trkpt>
      <trkpt lat="39.894132" lon="116.645947">
        <time>2021-03-13T12:16:27Z</time>
      </trkpt>
      <trkpt lat="39.894264" lon="116.646011">
        <time>2021-03-13T12:16:32Z</time>
      </trkpt>
      <trkpt lat="39.894368" lon="116.646029">
        <time>2021-03-13T12:16:37Z</time>
      </trkpt>
      <trkpt lat="39.894449" lon="116.646083">
        <time>2021-03-13T12:16:42Z</time>
      </trkpt>
      <trkpt lat="39.894554" lon="116.646161">
        <time>2021-03-13T12:16:47Z</time>
      </trkpt>
      <trkpt lat="39.894635" lon="116.646249">
        <time>2021-03-13T12:16:52Z</time>
      </trkpt>
      <trkpt lat="39.894737" lon="116.646298">
        <time>2021-03-13T12:16:57Z</time>
      </trkpt>
      <trkpt lat="39.894856" lon="116.646344">
        <time>2021-03-13T12:17:02Z</time>
      </trkpt>
      <trkpt lat="39.894968" lon="116.646384">
        <time>2021-03-13T12:17:07Z</time>
      </trkpt>
      <trkpt lat="39.895123" lon="116.646425">
        <time>2021-03-13T12:17:12Z</time>
      </trkpt>
      <trkpt lat="39.895214" lon="116.646443">
        <time>2021-03-13T12:17:17Z</time>
      </trkpt>
      <trkpt lat="39.895367" lon="116.646482">
        <time>2021-03-13T12:17:22Z</time>
      </trkpt>
      <trkpt lat="39.895491" lon="116.646536">
        <time>2021-03-13T12:17:27Z</time>
      </trkpt>
      <trkpt lat="39.895613" lon="116.646589">
        <time>2021-03-13T12:17:32Z</time>
      </trkpt>
      <trkpt lat="39.895728" lon="116.646665">
        <time>2021-03-13T12:17:37Z</time>
      </trkpt>
      <trkpt lat="39.895851" lon="116.646704">
        <time>2021-03-13T12:17:42Z</time>
      </trkpt>
      <trkpt lat="39.895969" lon="116.646744">
        <time>2021-03-13T12:17:47Z</time>
      </trkpt>
      <trkpt lat="39.896071" lon="116.646723">
        <time>2021-03-13T12:17:52Z</time>
      </trkpt>
      <trkpt lat="39.896099" lon="116.64663">
        <time>2021-03-13T12:17:57Z</time>
      </trkpt>
      <trkpt lat="39.896098" lon="116.646507">
        <time>2021-03-13T12:18:02Z</time>
      </trkpt>
      <trkpt lat="39.896094" lon="116.646375">
        <time>2021-03-13T12:18:07Z</time>
      </trkpt>
      <trkpt lat="39.89609" lon="116.646231">
        <time>2021-03-13T12:18:12Z</time>
      </trkpt>
      <trkpt lat="39.896094" lon="116.646089">
        <time>2021-03-13T12:18:17Z</time>
      </trkpt>
      <trkpt lat="39.896114" lon="116.645969">
        <time>2021-03-13T12:18:22Z</time>
      </trkpt>
      <trkpt lat="39.89612" lon="116.645828">
        <time>2021-03-13T12:18:27Z</time>
      </trkpt>
      <trkpt lat="39.896142" lon="116.6457">
        <time>2021-03-13T12:18:32Z</time>
      </trkpt>
      <trkpt lat="39.896155" lon="116.64554">
        <time>2021-03-13T12:18:37Z</time>
      </trkpt>
      <trkpt lat="39.89617" lon="116.645419">
        <time>2021-03-13T12:18:42Z</time>
      </trkpt>
      <trkpt lat="39.896184" lon="116.645241">
        <time>2021-03-13T12:18:47Z</time>
      </trkpt>
      <trkpt lat="39.896193" lon="116.645136">
        <time>2021-03-13T12:18:52Z</time>
      </trkpt>
      <trkpt lat="39.896205" lon="116.644952">
        <time>2021-03-13T12:18:57Z</time>
      </trkpt>
      <trkpt lat="39.896216" lon="116.644787">
        <time>2021-03-13T12:19:02Z</time>
      </trkpt>
      <trkpt lat="39.89622" lon="116.644614">
        <time>2021-03-13T12:19:07Z</time>
      </trkpt>
      <trkpt lat="39.896216" lon="116.644461">
        <time>2021-03-13T12:19:12Z</time>
      </trkpt>
      <trkpt lat="39.896215" lon="116.644306">
        <time>2021-03-13T12:19:17Z</time>
      </trkpt>
      <trkpt lat="39.89621" lon="116.644175">
        <time>2021-03-13T12:19:22Z</time>
      </trkpt>
      <trkpt lat="39.8962" lon="116.643982">
        <time>2021-03-13T12:19:27Z</time>
      </trkpt>
      <trkpt lat="39.896203" lon="116.643824">
        <time>2021-03-13T12:19:32Z</time>
      </trkpt>
      <trkpt lat="39.896201" lon="116.643679">
        <time>2021-03-13T12:19:37Z</time>
      </trkpt>
      <trkpt lat="39.896189" lon="116.643535">
        <time>2021-03-13T12:19:42Z</time>
      </trkpt>
      <trkpt lat="39.896167" lon="116.643363">
        <time>2021-03-13T12:19:47Z</time>
      </trkpt>
      <trkpt lat="39.896159" lon="116.643218">
        <time>2021-03-13T12:19:52Z</time>
      </trkpt>
      <trkpt lat="39.896145" lon="116.643006">
        <time>2021-03-13T12:19:57Z</time>
      </trkpt>
      <trkpt lat="39.896139" lon="116.642872">
        <time>2021-03-13T12:20:02Z</time>
      </trkpt>
      <trkpt lat="39.896126" lon="116.642695">
        <time>2021-03-13T12:20:07Z</time>
      </trkpt>
      <trkpt lat="39.896128" lon="116.642552">
        <time>2021-03-13T12:20:12Z</time>
      </trkpt>
      <trkpt lat="39.896138" lon="116.642451">
        <time>2021-03-13T12:20:17Z</time>
      </trkpt>
      <trkpt lat="39.896168" lon="116.642365">
        <time>2021-03-13T12:20:22Z</time>
      </trkpt>
      <trkpt lat="39.896171" lon="116.642221">
        <time>2021-03-13T12:20:27Z</time>
      </trkpt>
      <trkpt lat="39.896177" lon="116.64206">
        <time>2021-03-13T12:20:32Z</time>
      </trkpt>
      <trkpt lat="39.896186" lon="116.64194">
        <time>2021-03-13T12:20:37Z</time>
      </trkpt>
      <trkpt lat="39.896187" lon="116.641761">
        <time>2021-03-13T12:20:42Z</time>
      </trkpt>
      <trkpt lat="39.896184" lon="116.641625">
        <time>2021-03-13T12:20:47Z</time>
      </trkpt>
      <trkpt lat="39.896192" lon="116.641502">
        <time>2021-03-13T12:20:52Z</time>
      </trkpt>
      <trkpt lat="39.896199" lon="116.641374">
        <time>2021-03-13T12:20:57Z</time>
      </trkpt>
      <trkpt lat="39.8962" lon="116.641235">
        <time>2021-03-13T12:21:02Z</time>
      </trkpt>
      <trkpt lat="39.896206" lon="116.641104">
        <time>2021-03-13T12:21:07Z</time>
      </trkpt>
      <trkpt lat="39.896211" lon="116.640972">
        <time>2021-03-13T12:21:12Z</time>
      </trkpt>
      <trkpt lat="39.896205" lon="116.640818">
        <time>2021-03-13T12:21:17Z</time>
      </trkpt>
      <trkpt lat="39.896206" lon="116.640662">
        <time>2021-03-13T12:21:22Z</time>
      </trkpt>
      <trkpt lat="39.896215" lon="116.640491">
        <time>2021-03-13T12:21:27Z</time>
      </trkpt>
      <trkpt lat="39.896237" lon="116.640346">
        <time>2021-03-13T12:21:32Z</time>
      </trkpt>
      <trkpt lat="39.896249" lon="116.6402">
        <time>2021-03-13T12:21:37Z</time>
      </trkpt>
      <trkpt lat="39.896256" lon="116.640055">
        <time>2021-03-13T12:21:42Z</time>
      </trkpt>
      <trkpt lat="39.896245" lon="116.639893">
        <time>2021-03-13T12:21:47Z</time>
      </trkpt>
      <trkpt lat="39.896226" lon="116.639715">
        <time>2021-03-13T12:21:52Z</time>
      </trkpt>
      <trkpt lat="39.896206" lon="116.63949">
        <time>2021-03-13T12:21:57Z</time>
      </trkpt>
      <trkpt lat="39.896165" lon="116.639344">
        <time>2021-03-13T12:22:02Z</time>
      </trkpt>
      <trkpt lat="39.896091" lon="116.639194">
        <time>2021-03-13T12:22:07Z</time>
      </trkpt>
      <trkpt lat="39.896041" lon="116.639082">
        <time>2021-03-13T12:22:12Z</time>
      </trkpt>
      <trkpt lat="39.896004" lon="116.638948">
        <time>2021-03-13T12:22:17Z</time>
      </trkpt>
      <trkpt lat="39.895961" lon="116.638792">
        <time>2021-03-13T12:22:22Z</time>
      </trkpt>
      <trkpt lat="39.89593" lon="116.638639">
        <time>2021-03-13T12:22:27Z</time>
      </trkpt>
      <trkpt lat="39.895901" lon="116.638496">
        <time>2021-03-13T12:22:32Z</time>
      </trkpt>
      <trkpt lat="39.895914" lon="116.638357">
        <time>2021-03-13T12:22:37Z</time>
      </trkpt>
      <trkpt lat="39.895928" lon="116.638263">
        <time>2021-03-13T12:22:42Z</time>
      </trkpt>
      <trkpt lat="39.895935" lon="116.638162">
        <time>2021-03-13T12:22:47Z</time>
      </trkpt>
      <trkpt lat="39.89593" lon="116.638043">
        <time>2021-03-13T12:22:52Z</time>
      </trkpt>
      <trkpt lat="39.895936" lon="116.637908">
        <time>2021-03-13T12:22:57Z</time>
      </trkpt>
      <trkpt lat="39.89596" lon="116.637732">
        <time>2021-03-13T12:23:02Z</time>
      </trkpt>
      <trkpt lat="39.895995" lon="116.637511">
        <time>2021-03-13T12:23:07Z</time>
      </trkpt>
      <trkpt lat="39.896015" lon="116.637365">
        <time>2021-03-13T12:23:12Z</time>
      </trkpt>
      <trkpt lat="39.896024" lon="116.637222">
        <time>2021-03-13T12:23:17Z</time>
      </trkpt>
      <trkpt lat="39.896033" lon="116.637079">
        <time>2021-03-13T12:23:22Z</time>
      </trkpt>
      <trkpt lat="39.89602" lon="116.636941">
        <time>2021-03-13T12:23:27Z</time>
      </trkpt>
      <trkpt lat="39.89602" lon="116.636808">
        <time>2021-03-13T12:23:32Z</time>
      </trkpt>
      <trkpt lat="39.895997" lon="116.636766">
        <time>2021-03-13T12:23:37Z</time>
      </trkpt>
      <trkpt lat="39.896034" lon="116.636835">
        <time>2021-03-13T12:23:42Z</time>
      </trkpt>
      <trkpt lat="39.896064" lon="116.636951">
        <time>2021-03-13T12:23:47Z</time>
      </trkpt>
      <trkpt lat="39.896074" lon="116.63708">
        <time>2021-03-13T12:23:52Z</time>
      </trkpt>
      <trkpt lat="39.896089" lon="116.637221">
        <time>2021-03-13T12:23:57Z</time>
      </trkpt>
      <trkpt lat="39.896114" lon="116.637368">
        <time>2021-03-13T12:24:02Z</time>
      </trkpt>
      <trkpt lat="39.896137" lon="116.637503">
        <time>2021-03-13T12:24:07Z</time>
      </trkpt>
      <trkpt lat="39.89617" lon="116.637648">
        <time>2021-03-13T12:24:12Z</time>
      </trkpt>
      <trkpt lat="39.89619" lon="116.637789">
        <time>2021-03-13T12:24:17Z</time>
      </trkpt>
      <trkpt lat="39.896208" lon="116.63791">
        <time>2021-03-13T12:24:22Z</time>
      </trkpt>
      <trkpt lat="39.896215" lon="116.638038">
        <time>2021-03-13T12:24:27Z</time>
      </trkpt>
      <trkpt lat="39.896233" lon="116.638166">
        <time>2021-03-13T12:24:32Z</time>
      </trkpt>
      <trkpt lat="39.896232" lon="116.638298">
        <time>2021-03-13T12:24:37Z</time>
      </trkpt>
      <trkpt lat="39.896233" lon="116.63844">
        <time>2021-03-13T12:24:42Z</time>
      </trkpt>
      <trkpt lat="39.896224" lon="116.638589">
        <time>2021-03-13T12:24:47Z</time>
      </trkpt>
      <trkpt lat="39.896224" lon="116.638726">
        <time>2021-03-13T12:24:52Z</time>
      </trkpt>
      <trkpt lat="39.896226" lon="116.638856">
        <time>2021-03-13T12:24:57Z</time>
      </trkpt>
      <trkpt lat="39.89622" lon="116.639017">
        <time>2021-03-13T12:25:02Z</time>
      </trkpt>
      <trkpt lat="39.896212" lon="116.639171">
        <time>2021-03-13T12:25:07Z</time>
      </trkpt>
      <trkpt lat="39.896202" lon="116.639303">
        <time>2021-03-13T12:25:12Z</time>
      </trkpt>
      <trkpt lat="39.896205" lon="116.639432">
        <time>2021-03-13T12:25:17Z</time>
      </trkpt>
      <trkpt lat="39.89621" lon="116.639567">
        <time>2021-03-13T12:25:22Z</time>
      </trkpt>
      <trkpt lat="39.896221" lon="116.639696">
        <time>2021-03-13T12:25:27Z</time>
      </trkpt>
      <trkpt lat="39.896235" lon="116.639851">
        <time>2021-03-13T12:25:32Z</time>
      </trkpt>
      <trkpt lat="39.896238" lon="116.640003">
        <time>2021-03-13T12:25:37Z</time>
      </trkpt>
      <trkpt lat="39.896247" lon="116.640156">
        <time>2021-03-13T12:25:42Z</time>
      </trkpt>
      <trkpt lat="39.896251" lon="116.640291">
        <time>2021-03-13T12:25:47Z</time>
      </trkpt>
      <trkpt lat="39.896268" lon="116.640448">
        <time>2021-03-13T12:25:52Z</time>
      </trkpt>
      <trkpt lat="39.896264" lon="116.640623">
        <time>2021-03-13T12:25:57Z</time>
      </trkpt>
      <trkpt lat="39.896259" lon="116.640792">
        <time>2021-03-13T12:26:02Z</time>
      </trkpt>
      <trkpt lat="39.896255" lon="116.640957">
        <time>2021-03-13T12:26:07Z</time>
      </trkpt>
      <trkpt lat="39.896244" lon="116.64114">
        <time>2021-03-13T12:26:12Z</time>
      </trkpt>
      <trkpt lat="39.896234" lon="116.641296">
        <time>2021-03-13T12:26:17Z</time>
      </trkpt>
      <trkpt lat="39.896241" lon="116.64143">
        <time>2021-03-13T12:26:22Z</time>
      </trkpt>
      <trkpt lat="39.896225" lon="116.641574">
        <time>2021-03-13T12:26:27Z</time>
      </trkpt>
      <trkpt lat="39.896227" lon="116.641725">
        <time>2021-03-13T12:26:32Z</time>
      </trkpt>
      <trkpt lat="39.89622" lon="116.641843">
        <time>2021-03-13T12:26:37Z</time>
      </trkpt>
      <trkpt lat="39.896205" lon="116.641888">
        <time>2021-03-13T12:26:42Z</time>
      </trkpt>
      <trkpt lat="39.896232" lon="116.642004">
        <time>2021-03-13T12:26:47Z</time>
      </trkpt>
      <trkpt lat="39.896253" lon="116.642147">
        <time>2021-03-13T12:26:52Z</time>
      </trkpt>
      <trkpt lat="39.896231" lon="116.642312">
        <time>2021-03-13T12:26:57Z</time>
      </trkpt>
      <trkpt lat="39.896234" lon="116.642449">
        <time>2021-03-13T12:27:02Z</time>
      </trkpt>
      <trkpt lat="39.896241" lon="116.64255">
        <time>2021-03-13T12:27:07Z</time>
      </trkpt>
      <trkpt lat="39.896246" lon="116.642647">
        <time>2021-03-13T12:27:12Z</time>
      </trkpt>
      <trkpt lat="39.896245" lon="116.642758">
        <time>2021-03-13T12:27:17Z</time>
      </trkpt>
      <trkpt lat="39.89624" lon="116.642878">
        <time>2021-03-13T12:27:22Z</time>
      </trkpt>
      <trkpt lat="39.896237" lon="116.643013">
        <time>2021-03-13T12:27:27Z</time>
      </trkpt>
      <trkpt lat="39.896244" lon="116.643175">
        <time>2021-03-13T12:27:32Z</time>
      </trkpt>
      <trkpt lat="39.896243" lon="116.643342">
        <time>2021-03-13T12:27:37Z</time>
      </trkpt>
      <trkpt lat="39.896256" lon="116.6435">
        <time>2021-03-13T12:27:42Z</time>
      </trkpt>
      <trkpt lat="39.896261" lon="116.643653">
        <time>2021-03-13T12:27:47Z</time>
      </trkpt>
      <trkpt lat="39.896276" lon="116.643785">
        <time>2021-03-13T12:27:52Z</time>
      </trkpt>
      <trkpt lat="39.896281" lon="116.643928">
        <time>2021-03-13T12:27:57Z</time>
      </trkpt>
      <trkpt lat="39.896285" lon="116.644067">
        <time>2021-03-13T12:28:02Z</time>
      </trkpt>
      <trkpt lat="39.896285" lon="116.644212">
        <time>2021-03-13T12:28:07Z</time>
      </trkpt>
      <trkpt lat="39.896268" lon="116.644359">
        <time>2021-03-13T12:28:12Z</time>
      </trkpt>
      <trkpt lat="39.89627" lon="116.644503">
        <time>2021-03-13T12:28:17Z</time>
      </trkpt>
      <trkpt lat="39.896272" lon="116.644647">
        <time>2021-03-13T12:28:22Z</time>
      </trkpt>
      <trkpt lat="39.896263" lon="116.644789">
        <time>2021-03-13T12:28:27Z</time>
      </trkpt>
      <trkpt lat="39.896254" lon="116.644936">
        <time>2021-03-13T12:28:32Z</time>
      </trkpt>
      <trkpt lat="39.896251" lon="116.64508">
        <time>2021-03-13T12:28:37Z</time>
      </trkpt>
      <trkpt lat="39.896252" lon="116.645233">
        <time>2021-03-13T12:28:42Z</time>
      </trkpt>
      <trkpt lat="39.896234" lon="116.645395">
        <time>2021-03-13T12:28:47Z</time>
      </trkpt>
      <trkpt lat="39.896192" lon="116.645575">
        <time>2021-03-13T12:28:52Z</time>
      </trkpt>
      <trkpt lat="39.896155" lon="116.645738">
        <time>2021-03-13T12:28:57Z</time>
      </trkpt>
      <trkpt lat="39.89614" lon="116.645872">
        <time>2021-03-13T12:29:02Z</time>
      </trkpt>
      <trkpt lat="39.896127" lon="116.646025">
        <time>2021-03-13T12:29:07Z</time>
      </trkpt>
      <trkpt lat="39.896106" lon="116.646177">
        <time>2021-03-13T12:29:12Z</time>
      </trkpt>
      <trkpt lat="39.896091" lon="116.646325">
        <time>2021-03-13T12:29:17Z</time>
      </trkpt>
      <trkpt lat="39.896078" lon="116.646469">
        <time>2021-03-13T12:29:22Z</time>
      </trkpt>
      <trkpt lat="39.896062" lon="116.646609">
        <time>2021-03-13T12:29:27Z</time>
      </trkpt>
      <trkpt lat="39.896011" lon="116.64672">
        <time>2021-03-13T12:29:32Z</time>
      </trkpt>
      <trkpt lat="39.895873" lon="116.646764">
        <time>2021-03-13T12:29:37Z</time>
      </trkpt>
      <trkpt lat="39.895733" lon="116.646756">
        <time>2021-03-13T12:29:42Z</time>
      </trkpt>
      <trkpt lat="39.895602" lon="116.646732">
        <time>2021-03-13T12:29:47Z</time>
      </trkpt>
      <trkpt lat="39.895513" lon="116.646677">
        <time>2021-03-13T12:29:52Z</time>
      </trkpt>
      <trkpt lat="39.89543" lon="116.646629">
        <time>2021-03-13T12:29:57Z</time>
      </trkpt>
      <trkpt lat="39.895335" lon="116.646581">
        <time>2021-03-13T12:30:02Z</time>
      </trkpt>
      <trkpt lat="39.895264" lon="116.646557">
        <time>2021-03-13T12:30:07Z</time>
      </trkpt>
      <trkpt lat="39.895244" lon="116.646521">
        <time>2021-03-13T12:30:12Z</time>
      </trkpt>
      <trkpt lat="39.895188" lon="116.646498">
        <time>2021-03-13T12:30:17Z</time>
      </trkpt>
      <trkpt lat="39.895076" lon="116.646478">
        <time>2021-03-13T12:30:22Z</time>
      </trkpt>
      <trkpt lat="39.894958" lon="116.646451">
        <time>2021-03-13T12:30:27Z</time>
      </trkpt>
      <trkpt lat="39.894827" lon="116.646433">
        <time>2021-03-13T12:30:32Z</time>
      </trkpt>
      <trkpt lat="39.894681" lon="116.646411">
        <time>2021-03-13T12:30:37Z</time>
      </trkpt>
      <trkpt lat="39.894556" lon="116.646371">
        <time>2021-03-13T12:30:42Z</time>
      </trkpt>
      <trkpt lat="39.894443" lon="116.6463">
        <time>2021-03-13T12:30:47Z</time>
      </trkpt>
      <trkpt lat="39.89432" lon="116.646253">
        <time>2021-03-13T12:30:52Z</time>
      </trkpt>
      <trkpt lat="39.894182" lon="116.646209">
        <time>2021-03-13T12:30:57Z</time>
      </trkpt>
      <trkpt lat="39.894053" lon="116.646134">
        <time>2021-03-13T12:31:02Z</time>
      </trkpt>
      <trkpt lat="39.893952" lon="116.646126">
        <time>2021-03-13T12:31:07Z</time>
      </trkpt>
      <trkpt lat="39.893888" lon="116.646196">
        <time>2021-03-13T12:31:12Z</time>
      </trkpt>
      <trkpt lat="39.893827" lon="116.646293">
        <time>2021-03-13T12:31:17Z</time>
      </trkpt>
      <trkpt lat="39.89378" lon="116.646392">
        <time>2021-03-13T12:31:22Z</time>
      </trkpt>
      <trkpt lat="39.893681" lon="116.646447">
        <time>2021-03-13T12:31:27Z</time>
      </trkpt>
      <trkpt lat="39.893549" lon="116.646414">
        <time>2021-03-13T12:31:32Z</time>
      </trkpt>
      <trkpt lat="39.893421" lon="116.646359">
        <time>2021-03-13T12:31:37Z</time>
      </trkpt>
      <trkpt lat="39.893273" lon="116.646305">
        <time>2021-03-13T12:31:42Z</time>
      </trkpt>
      <trkpt lat="39.893109" lon="116.646247">
        <time>2021-03-13T12:31:47Z</time>
      </trkpt>
      <trkpt lat="39.892988" lon="116.646173">
        <time>2021-03-13T12:31:52Z</time>
      </trkpt>
      <trkpt lat="39.892871" lon="116.646119">
        <time>2021-03-13T12:31:57Z</time>
      </trkpt>
      <trkpt lat="39.89276" lon="116.646066">
        <time>2021-03-13T12:32:02Z</time>
      </trkpt>
      <trkpt lat="39.892645" lon="116.645997">
        <time>2021-03-13T12:32:07Z</time>
      </trkpt>
      <trkpt lat="39.892496" lon="116.645979">
        <time>2021-03-13T12:32:12Z</time>
      </trkpt>
      <trkpt lat="39.892368" lon="116.645928">
        <time>2021-03-13T12:32:17Z</time>
      </trkpt>
      <trkpt lat="39.892261" lon="116.645832">
        <time>2021-03-13T12:32:22Z</time>
      </trkpt>
      <trkpt lat="39.892151" lon="116.645768">
        <time>2021-03-13T12:32:27Z</time>
      </trkpt>
      <trkpt lat="39.892038" lon="116.645708">
        <time>2021-03-13T12:32:32Z</time>
      </trkpt>
      <trkpt lat="39.891944" lon="116.645631">
        <time>2021-03-13T12:32:37Z</time>
      </trkpt>
      <trkpt lat="39.89186" lon="116.64561">
        <time>2021-03-13T12:32:42Z</time>
      </trkpt>
      <trkpt lat="39.891783" lon="116.645585">
        <time>2021-03-13T12:32:47Z</time>
      </trkpt>
      <trkpt lat="39.891708" lon="116.645531">
        <time>2021-03-13T12:32:52Z</time>
      </trkpt>
      <trkpt lat="39.891594" lon="116.645459">
        <time>2021-03-13T12:32:57Z</time>
      </trkpt>
      <trkpt lat="39.891557" lon="116.645478">
        <time>2021-03-13T12:33:02Z</time>
      </trkpt>
      <trkpt lat="39.891616" lon="116.64551">
        <time>2021-03-13T12:33:07Z</time>
      </trkpt>
      <trkpt lat="39.891694" lon="116.645551">
        <time>2021-03-13T12:33:12Z</time>
      </trkpt>
      <trkpt lat="39.891782" lon="116.645596">
        <time>2021-03-13T12:33:17Z</time>
      </trkpt>
      <trkpt lat="39.891899" lon="116.645604">
        <time>2021-03-13T12:33:22Z</time>
      </trkpt>
      <trkpt lat="39.892002" lon="116.645622">
        <time>2021-03-13T12:33:27Z</time>
      </trkpt>
      <trkpt lat="39.892134" lon="116.645656">
        <time>2021-03-13T12:33:32Z</time>
      </trkpt>
      <trkpt lat="39.89227" lon="116.645711">
        <time>2021-03-13T12:33:37Z</time>
      </trkpt>
      <trkpt lat="39.89235" lon="116.645752">
        <time>2021-03-13T12:33:42Z</time>
      </trkpt>
      <trkpt lat="39.89247" lon="116.645807">
        <time>2021-03-13T12:33:47Z</time>
      </trkpt>
      <trkpt lat="39.892596" lon="116.645865">
        <time>2021-03-13T12:33:52Z</time>
      </trkpt>
      <trkpt lat="39.892711" lon="116.645922">
        <time>2021-03-13T12:33:57Z</time>
      </trkpt>
      <trkpt lat="39.892825" lon="116.645963">
        <time>2021-03-13T12:34:02Z</time>
      </trkpt>
      <trkpt lat="39.892954" lon="116.645985">
        <time>2021-03-13T12:34:07Z</time>
      </trkpt>
      <trkpt lat="39.893087" lon="116.64604">
        <time>2021-03-13T12:34:12Z</time>
      </trkpt>
      <trkpt lat="39.893203" lon="116.6461">
        <time>2021-03-13T12:34:17Z</time>
      </trkpt>
      <trkpt lat="39.893338" lon="116.646134">
        <time>2021-03-13T12:34:22Z</time>
      </trkpt>
      <trkpt lat="39.893488" lon="116.646176">
        <time>2021-03-13T12:34:27Z</time>
      </trkpt>
      <trkpt lat="39.893606" lon="116.64624">
        <time>2021-03-13T12:34:32Z</time>
      </trkpt>
      <trkpt lat="39.893713" lon="116.646286">
        <time>2021-03-13T12:34:37Z</time>
      </trkpt>
      <trkpt lat="39.893809" lon="116.646228">
        <time>2021-03-13T12:34:42Z</time>
      </trkpt>
      <trkpt lat="39.893857" lon="116.646109">
        <time>2021-03-13T12:34:47Z</time>
      </trkpt>
      <trkpt lat="39.893916" lon="116.645982">
        <time>2021-03-13T12:34:52Z</time>
      </trkpt>
      <trkpt lat="39.893994" lon="116.645872">
        <time>2021-03-13T12:34:57Z</time>
      </trkpt>
      <trkpt lat="39.894083" lon="116.645875">
        <time>2021-03-13T12:35:02Z</time>
      </trkpt>
      <trkpt lat="39.894215" lon="116.645979">
        <time>2021-03-13T12:35:07Z</time>
      </trkpt>
      <trkpt lat="39.89433" lon="116.646031">
        <time>2021-03-13T12:35:12Z</time>
      </trkpt>
      <trkpt lat="39.894451" lon="116.646083">
        <time>2021-03-13T12:35:17Z</time>
      </trkpt>
      <trkpt lat="39.894551" lon="116.64615">
        <time>2021-03-13T12:35:22Z</time>
      </trkpt>
      <trkpt lat="39.894647" lon="116.646215">
        <time>2021-03-13T12:35:27Z</time>
      </trkpt>
      <trkpt lat="39.894772" lon="116.646281">
        <time>2021-03-13T12:35:32Z</time>
      </trkpt>
      <trkpt lat="39.894912" lon="116.64635">
        <time>2021-03-13T12:35:37Z</time>
      </trkpt>
      <trkpt lat="39.895059" lon="116.6464">
        <time>2021-03-13T12:35:42Z</time>
      </trkpt>
      <trkpt lat="39.895215" lon="116.646447">
        <time>2021-03-13T12:35:47Z</time>
      </trkpt>
      <trkpt lat="39.895326" lon="116.646471">
        <time>2021-03-13T12:35:52Z</time>
      </trkpt>
      <trkpt lat="39.895446" lon="116.646505">
        <time>2021-03-13T12:35:57Z</time>
      </trkpt>
      <trkpt lat="39.895579" lon="116.646564">
        <time>2021-03-13T12:36:02Z</time>
      </trkpt>
      <trkpt lat="39.895698" lon="116.646631">
        <time>2021-03-13T12:36:07Z</time>
      </trkpt>
      <trkpt lat="39.895792" lon="116.64669">
        <time>2021-03-13T12:36:12Z</time>
      </trkpt>
      <trkpt lat="39.895944" lon="116.646758">
        <time>2021-03-13T12:36:17Z</time>
      </trkpt>
      <trkpt lat="39.89604" lon="116.64678">
        <time>2021-03-13T12:36:22Z</time>
      </trkpt>
      <trkpt lat="39.896092" lon="116.646719">
        <time>2021-03-13T12:36:27Z</time>
      </trkpt>
      <trkpt lat="39.896089" lon="116.646578">
        <time>2021-03-13T12:36:32Z</time>
      </trkpt>
      <trkpt lat="39.896091" lon="116.646435">
        <time>2021-03-13T12:36:37Z</time>
      </trkpt>
      <trkpt lat="39.896104" lon="116.646292">
        <time>2021-03-13T12:36:42Z</time>
      </trkpt>
      <trkpt lat="39.896117" lon="116.646149">
        <time>2021-03-13T12:36:47Z</time>
      </trkpt>
      <trkpt lat="39.896133" lon="116.646011">
        <time>2021-03-13T12:36:52Z</time>
      </trkpt>
      <trkpt lat="39.89616" lon="116.645877">
        <time>2021-03-13T12:36:57Z</time>
      </trkpt>
      <trkpt lat="39.896172" lon="116.645723">
        <time>2021-03-13T12:37:02Z</time>
      </trkpt>
      <trkpt lat="39.896174" lon="116.645565">
        <time>2021-03-13T12:37:07Z</time>
      </trkpt>
      <trkpt lat="39.896186" lon="116.645412">
        <time>2021-03-13T12:37:12Z</time>
      </trkpt>
      <trkpt lat="39.896192" lon="116.645274">
        <time>2021-03-13T12:37:17Z</time>
      </trkpt>
      <trkpt lat="39.89621" lon="116.645125">
        <time>2021-03-13T12:37:22Z</time>
      </trkpt>
      <trkpt lat="39.896205" lon="116.644985">
        <time>2021-03-13T12:37:27Z</time>
      </trkpt>
      <trkpt lat="39.8962" lon="116.644831">
        <time>2021-03-13T12:37:32Z</time>
      </trkpt>
      <trkpt lat="39.896218" lon="116.644673">
        <time>2021-03-13T12:37:37Z</time>
      </trkpt>
      <trkpt lat="39.8962" lon="116.644514">
        <time>2021-03-13T12:37:42Z</time>
      </trkpt>
      <trkpt lat="39.89619" lon="116.64435">
        <time>2021-03-13T12:37:47Z</time>
      </trkpt>
      <trkpt lat="39.896189" lon="116.644221">
        <time>2021-03-13T12:37:52Z</time>
      </trkpt>
      <trkpt lat="39.896188" lon="116.644136">
        <time>2021-03-13T12:37:57Z</time>
      </trkpt>
      <trkpt lat="39.896188" lon="116.644012">
        <time>2021-03-13T12:38:02Z</time>
      </trkpt>
      <trkpt lat="39.896195" lon="116.643887">
        <time>2021-03-13T12:38:07Z</time>
      </trkpt>
      <trkpt lat="39.896191" lon="116.643753">
        <time>2021-03-13T12:38:12Z</time>
      </trkpt>
      <trkpt lat="39.896203" lon="116.643616">
        <time>2021-03-13T12:38:17Z</time>
      </trkpt>
      <trkpt lat="39.896204" lon="116.643483">
        <time>2021-03-13T12:38:22Z</time>
      </trkpt>
      <trkpt lat="39.896203" lon="116.643353">
        <time>2021-03-13T12:38:27Z</time>
      </trkpt>
      <trkpt lat="39.896178" lon="116.643203">
        <time>2021-03-13T12:38:32Z</time>
      </trkpt>
      <trkpt lat="39.896181" lon="116.643068">
        <time>2021-03-13T12:38:37Z</time>
      </trkpt>
      <trkpt lat="39.896169" lon="116.64292">
        <time>2021-03-13T12:38:42Z</time>
      </trkpt>
      <trkpt lat="39.896162" lon="116.642768">
        <time>2021-03-13T12:38:47Z</time>
      </trkpt>
      <trkpt lat="39.896148" lon="116.642623">
        <time>2021-03-13T12:38:52Z</time>
      </trkpt>
      <trkpt lat="39.896166" lon="116.64249">
        <time>2021-03-13T12:38:57Z</time>
      </trkpt>
      <trkpt lat="39.896169" lon="116.642368">
        <time>2021-03-13T12:39:02Z</time>
      </trkpt>
      <trkpt lat="39.896182" lon="116.642228">
        <time>2021-03-13T12:39:07Z</time>
      </trkpt>
      <trkpt lat="39.896206" lon="116.642063">
        <time>2021-03-13T12:39:12Z</time>
      </trkpt>
      <trkpt lat="39.896194" lon="116.641911">
        <time>2021-03-13T12:39:17Z</time>
      </trkpt>
      <trkpt lat="39.896193" lon="116.641758">
        <time>2021-03-13T12:39:22Z</time>
      </trkpt>
      <trkpt lat="39.896199" lon="116.641655">
        <time>2021-03-13T12:39:27Z</time>
      </trkpt>
      <trkpt lat="39.8962" lon="116.641555">
        <time>2021-03-13T12:39:32Z</time>
      </trkpt>
      <trkpt lat="39.896207" lon="116.641427">
        <time>2021-03-13T12:39:37Z</time>
      </trkpt>
      <trkpt lat="39.896221" lon="116.641296">
        <time>2021-03-13T12:39:42Z</time>
      </trkpt>
      <trkpt lat="39.896226" lon="116.64116">
        <time>2021-03-13T12:39:47Z</time>
      </trkpt>
      <trkpt lat="39.896248" lon="116.641019">
        <time>2021-03-13T12:39:52Z</time>
      </trkpt>
      <trkpt lat="39.896259" lon="116.640901">
        <time>2021-03-13T12:39:57Z</time>
      </trkpt>
      <trkpt lat="39.896268" lon="116.640774">
        <time>2021-03-13T12:40:02Z</time>
      </trkpt>
      <trkpt lat="39.896261" lon="116.64063">
        <time>2021-03-13T12:40:07Z</time>
      </trkpt>
      <trkpt lat="39.896271" lon="116.640477">
        <time>2021-03-13T12:40:12Z</time>
      </trkpt>
      <trkpt lat="39.896278" lon="116.640313">
        <time>2021-03-13T12:40:17Z</time>
      </trkpt>
      <trkpt lat="39.896288" lon="116.640164">
        <time>2021-03-13T12:40:22Z</time>
      </trkpt>
      <trkpt lat="39.896271" lon="116.639999">
        <time>2021-03-13T12:40:27Z</time>
      </trkpt>
      <trkpt lat="39.896251" lon="116.639849">
        <time>2021-03-13T12:40:32Z</time>
      </trkpt>
      <trkpt lat="39.89624" lon="116.639703">
        <time>2021-03-13T12:40:37Z</time>
      </trkpt>
      <trkpt lat="39.896219" lon="116.639555">
        <time>2021-03-13T12:40:42Z</time>
      </trkpt>
      <trkpt lat="39.896177" lon="116.639392">
        <time>2021-03-13T12:40:47Z</time>
      </trkpt>
      <trkpt lat="39.896129" lon="116.639208">
        <time>2021-03-13T12:40:52Z</time>
      </trkpt>
      <trkpt lat="39.896097" lon="116.639067">
        <time>2021-03-13T12:40:57Z</time>
      </trkpt>
      <trkpt lat="39.896046" lon="116.638938">
        <time>2021-03-13T12:41:02Z</time>
      </trkpt>
      <trkpt lat="39.895998" lon="116.638805">
        <time>2021-03-13T12:41:07Z</time>
      </trkpt>
      <trkpt lat="39.895991" lon="116.638656">
        <time>2021-03-13T12:41:12Z</time>
      </trkpt>
      <trkpt lat="39.895995" lon="116.638544">
        <time>2021-03-13T12:41:17Z</time>
      </trkpt>
      <trkpt lat="39.896019" lon="116.638459">
        <time>2021-03-13T12:41:22Z</time>
      </trkpt>
      <trkpt lat="39.896028" lon="116.638366">
        <time>2021-03-13T12:41:27Z</time>
      </trkpt>
      <trkpt lat="39.896004" lon="116.63825">
        <time>2021-03-13T12:41:32Z</time>
      </trkpt>
      <trkpt lat="39.896001" lon="116.638095">
        <time>2021-03-13T12:41:37Z</time>
      </trkpt>
      <trkpt lat="39.895964" lon="116.637957">
        <time>2021-03-13T12:41:42Z</time>
      </trkpt>
      <trkpt lat="39.895939" lon="116.637839">
        <time>2021-03-13T12:41:47Z</time>
      </trkpt>
      <trkpt lat="39.895951" lon="116.637711">
        <time>2021-03-13T12:41:52Z</time>
      </trkpt>
      <trkpt lat="39.895961" lon="116.637566">
        <time>2021-03-13T12:41:57Z</time>
      </trkpt>
      <trkpt lat="39.895975" lon="116.6374">
        <time>2021-03-13T12:42:02Z</time>
      </trkpt>
      <trkpt lat="39.895975" lon="116.637274">
        <time>2021-03-13T12:42:07Z</time>
      </trkpt>
      <trkpt lat="39.895962" lon="116.637123">
        <time>2021-03-13T12:42:12Z</time>
      </trkpt>
      <trkpt lat="39.895966" lon="116.636975">
        <time>2021-03-13T12:42:17Z</time>
      </trkpt>
      <trkpt lat="39.89595" lon="116.636861">
        <time>2021-03-13T12:42:22Z</time>
      </trkpt>
      <trkpt lat="39.895883" lon="116.636773">
        <time>2021-03-13T12:42:27Z</time>
      </trkpt>
      <trkpt lat="39.895852" lon="116.636701">
        <time>2021-03-13T12:42:32Z</time>
      </trkpt>
      <trkpt lat="39.895927" lon="116.636589">
        <time>2021-03-13T12:42:37Z</time>
      </trkpt>
      <trkpt lat="39.896029" lon="116.636486">
        <time>2021-03-13T12:42:42Z</time>
      </trkpt>
      <trkpt lat="39.896139" lon="116.636367">
        <time>2021-03-13T12:42:47Z</time>
      </trkpt>
      <trkpt lat="39.896229" lon="116.636209">
        <time>2021-03-13T12:42:52Z</time>
      </trkpt>
      <trkpt lat="39.896309" lon="116.636089">
        <time>2021-03-13T12:42:57Z</time>
      </trkpt>
      <trkpt lat="39.896409" lon="116.63602">
        <time>2021-03-13T12:43:02Z</time>
      </trkpt>
      <trkpt lat="39.896518" lon="116.635951">
        <time>2021-03-13T12:43:07Z</time>
      </trkpt>
      <trkpt lat="39.896632" lon="116.635872">
        <time>2021-03-13T12:43:12Z</time>
      </trkpt>
      <trkpt lat="39.896748" lon="116.635781">
        <time>2021-03-13T12:43:17Z</time>
      </trkpt>
      <trkpt lat="39.896883" lon="116.635694">
        <time>2021-03-13T12:43:22Z</time>
      </trkpt>
      <trkpt lat="39.896969" lon="116.635641">
        <time>2021-03-13T12:43:27Z</time>
      </trkpt>
      <trkpt lat="39.897073" lon="116.635576">
        <time>2021-03-13T12:43:32Z</time>
      </trkpt>
      <trkpt lat="39.897171" lon="116.635481">
        <time>2021-03-13T12:43:37Z</time>
      </trkpt>
      <trkpt lat="39.897272" lon="116.635423">
        <time>2021-03-13T12:43:42Z</time>
      </trkpt>
      <trkpt lat="39.897354" lon="116.635388">
        <time>2021-03-13T12:43:47Z</time>
      </trkpt>
      <trkpt lat="39.897414" lon="116.63537">
        <time>2021-03-13T12:43:52Z</time>
      </trkpt>
      <trkpt lat="39.897462" lon="116.635317">
        <time>2021-03-13T12:43:57Z</time>
      </trkpt>
      <trkpt lat="39.897497" lon="116.635267">
        <time>2021-03-13T12:44:02Z</time>
      </trkpt>
      <trkpt lat="39.897566" lon="116.635211">
        <time>2021-03-13T12:44:07Z</time>
      </trkpt>
      <trkpt lat="39.897621" lon="116.635168">
        <time>2021-03-13T12:44:12Z</time>
      </trkpt>
      <trkpt lat="39.897715" lon="116.635159">
        <time>2021-03-13T12:44:17Z</time>
      </trkpt>
      <trkpt lat="39.897797" lon="116.635133">
        <time>2021-03-13T12:44:22Z</time>
      </trkpt>
      <trkpt lat="39.897857" lon="116.635097">
        <time>2021-03-13T12:44:27Z</time>
      </trkpt>
      <trkpt lat="39.897917" lon="116.635049">
        <time>2021-03-13T12:44:32Z</time>
      </trkpt>
      <trkpt lat="39.898025" lon="116.634977">
        <time>2021-03-13T12:44:37Z</time>
      </trkpt>
      <trkpt lat="39.898145" lon="116.634886">
        <time>2021-03-13T12:44:42Z</time>
      </trkpt>
      <trkpt lat="39.898273" lon="116.634817">
        <time>2021-03-13T12:44:47Z</time>
      </trkpt>
      <trkpt lat="39.898372" lon="116.634781">
        <time>2021-03-13T12:44:52Z</time>
      </trkpt>
      <trkpt lat="39.898456" lon="116.634738">
        <time>2021-03-13T12:44:57Z</time>
      </trkpt>
      <trkpt lat="39.898542" lon="116.63469">
        <time>2021-03-13T12:45:02Z</time>
      </trkpt>
      <trkpt lat="39.898655" lon="116.634633">
        <time>2021-03-13T12:45:07Z</time>
      </trkpt>
      <trkpt lat="39.898772" lon="116.634541">
        <time>2021-03-13T12:45:12Z</time>
      </trkpt>
      <trkpt lat="39.898891" lon="116.634459">
        <time>2021-03-13T12:45:17Z</time>
      </trkpt>
      <trkpt lat="39.899009" lon="116.634389">
        <time>2021-03-13T12:45:22Z</time>
      </trkpt>
      <trkpt lat="39.899128" lon="116.634333">
        <time>2021-03-13T12:45:27Z</time>
      </trkpt>
      <trkpt lat="39.899245" lon="116.634286">
        <time>2021-03-13T12:45:32Z</time>
      </trkpt>
      <trkpt lat="39.899359" lon="116.634226">
        <time>2021-03-13T12:45:37Z</time>
      </trkpt>
      <trkpt lat="39.899461" lon="116.634185">
        <time>2021-03-13T12:45:42Z</time>
      </trkpt>
      <trkpt lat="39.899555" lon="116.634147">
        <time>2021-03-13T12:45:47Z</time>
      </trkpt>
      <trkpt lat="39.899652" lon="116.634103">
        <time>2021-03-13T12:45:52Z</time>
      </trkpt>
      <trkpt lat="39.899771" lon="116.634073">
        <time>2021-03-13T12:45:57Z</time>
      </trkpt>
      <trkpt lat="39.899823" lon="116.634002">
        <time>2021-03-13T12:46:02Z</time>
      </trkpt>
      <trkpt lat="39.899878" lon="116.633933">
        <time>2021-03-13T12:46:07Z</time>
      </trkpt>
      <trkpt lat="39.899941" lon="116.633892">
        <time>2021-03-13T12:46:12Z</time>
      </trkpt>
      <trkpt lat="39.900022" lon="116.633851">
        <time>2021-03-13T12:46:17Z</time>
      </trkpt>
      <trkpt lat="39.900101" lon="116.633782">
        <time>2021-03-13T12:46:22Z</time>
      </trkpt>
      <trkpt lat="39.900189" lon="116.633699">
        <time>2021-03-13T12:46:27Z</time>
      </trkpt>
      <trkpt lat="39.900277" lon="116.633614">
        <time>2021-03-13T12:46:32Z</time>
      </trkpt>
      <trkpt lat="39.90035" lon="116.633556">
        <time>2021-03-13T12:46:37Z</time>
      </trkpt>
      <trkpt lat="39.90044" lon="116.633489">
        <time>2021-03-13T12:46:42Z</time>
      </trkpt>
      <trkpt lat="39.900536" lon="116.633393">
        <time>2021-03-13T12:46:47Z</time>
      </trkpt>
      <trkpt lat="39.900636" lon="116.633303">
        <time>2021-03-13T12:46:52Z</time>
      </trkpt>
      <trkpt lat="39.90076" lon="116.63321">
        <time>2021-03-13T12:46:57Z</time>
      </trkpt>
      <trkpt lat="39.900881" lon="116.633174">
        <time>2021-03-13T12:47:02Z</time>
      </trkpt>
      <trkpt lat="39.900937" lon="116.63316">
        <time>2021-03-13T12:47:07Z</time>
      </trkpt>
      <trkpt lat="39.900969" lon="116.633155">
        <time>2021-03-13T12:47:12Z</time>
      </trkpt>
      <trkpt lat="39.900994" lon="116.633182">
        <time>2021-03-13T12:47:17Z</time>
      </trkpt>
      <trkpt lat="39.900999" lon="116.633195">
        <time>2021-03-13T12:47:22Z</time>
      </trkpt>
      <trkpt lat="39.901004" lon="116.633206">
        <time>2021-03-13T12:47:27Z</time>
      </trkpt>
      <trkpt lat="39.901" lon="116.633198">
        <time>2021-03-13T12:47:32Z</time>
      </trkpt>
      <trkpt lat="39.901" lon="116.633198">
        <time>2021-03-13T12:47:37Z</time>
      </trkpt>
      <trkpt lat="39.901" lon="116.633198">
        <time>2021-03-13T12:47:42Z</time>
      </trkpt>
      <trkpt lat="39.900995" lon="116.633196">
        <time>2021-03-13T12:47:47Z</time>
      </trkpt>
      <trkpt lat="39.900983" lon="116.633177">
        <time>2021-03-13T12:47:52Z</time>
      </trkpt>
      <trkpt lat="39.900917" lon="116.633061">
        <time>2021-03-13T12:47:57Z</time>
      </trkpt>
      <trkpt lat="39.900874" lon="116.632963">
        <time>2021-03-13T12:48:02Z</time>
      </trkpt>
      <trkpt lat="39.90084" lon="116.632884">
        <time>2021-03-13T12:48:07Z</time>
      </trkpt>
      <trkpt lat="39.900758" lon="116.632859">
        <time>2021-03-13T12:48:12Z</time>
      </trkpt>
      <trkpt lat="39.900668" lon="116.632918">
        <time>2021-03-13T12:48:17Z</time>
      </trkpt>
      <trkpt lat="39.900583" lon="116.633003">
        <time>2021-03-13T12:48:22Z</time>
      </trkpt>
      <trkpt lat="39.900501" lon="116.633148">
        <time>2021-03-13T12:48:27Z</time>
      </trkpt>
      <trkpt lat="39.900413" lon="116.633253">
        <time>2021-03-13T12:48:32Z</time>
      </trkpt>
      <trkpt lat="39.900316" lon="116.633308">
        <time>2021-03-13T12:48:37Z</time>
      </trkpt>
      <trkpt lat="39.900225" lon="116.633369">
        <time>2021-03-13T12:48:42Z</time>
      </trkpt>
      <trkpt lat="39.900132" lon="116.633437">
        <time>2021-03-13T12:48:47Z</time>
      </trkpt>
      <trkpt lat="39.900031" lon="116.633504">
        <time>2021-03-13T12:48:52Z</time>
      </trkpt>
      <trkpt lat="39.899928" lon="116.633583">
        <time>2021-03-13T12:48:57Z</time>
      </trkpt>
      <trkpt lat="39.899831" lon="116.63369">
        <time>2021-03-13T12:49:02Z</time>
      </trkpt>
      <trkpt lat="39.899737" lon="116.633749">
        <time>2021-03-13T12:49:07Z</time>
      </trkpt>
      <trkpt lat="39.899634" lon="116.633801">
        <time>2021-03-13T12:49:12Z</time>
      </trkpt>
      <trkpt lat="39.899528" lon="116.633868">
        <time>2021-03-13T12:49:17Z</time>
      </trkpt>
      <trkpt lat="39.899438" lon="116.633941">
        <time>2021-03-13T12:49:22Z</time>
      </trkpt>
      <trkpt lat="39.899342" lon="116.634009">
        <time>2021-03-13T12:49:27Z</time>
      </trkpt>
      <trkpt lat="39.899232" lon="116.634064">
        <time>2021-03-13T12:49:32Z</time>
      </trkpt>
      <trkpt lat="39.899137" lon="116.634136">
        <time>2021-03-13T12:49:37Z</time>
      </trkpt>
      <trkpt lat="39.89907" lon="116.634192">
        <time>2021-03-13T12:49:42Z</time>
      </trkpt>
      <trkpt lat="39.899006" lon="116.63425">
        <time>2021-03-13T12:49:47Z</time>
      </trkpt>
      <trkpt lat="39.898924" lon="116.634295">
        <time>2021-03-13T12:49:52Z</time>
      </trkpt>
      <trkpt lat="39.898857" lon="116.634339">
        <time>2021-03-13T12:49:57Z</time>
      </trkpt>
      <trkpt lat="39.898808" lon="116.634389">
        <time>2021-03-13T12:50:02Z</time>
      </trkpt>
      <trkpt lat="39.898731" lon="116.634442">
        <time>2021-03-13T12:50:07Z</time>
      </trkpt>
      <trkpt lat="39.898642" lon="116.634517">
        <time>2021-03-13T12:50:12Z</time>
      </trkpt>
      <trkpt lat="39.898555" lon="116.634606">
        <time>2021-03-13T12:50:17Z</time>
      </trkpt>
      <trkpt lat="39.89846" lon="116.634692">
        <time>2021-03-13T12:50:22Z</time>
      </trkpt>
      <trkpt lat="39.898315" lon="116.634775">
        <time>2021-03-13T12:50:27Z</time>
      </trkpt>
      <trkpt lat="39.898202" lon="116.634828">
        <time>2021-03-13T12:50:32Z</time>
      </trkpt>
      <trkpt lat="39.898132" lon="116.634771">
        <time>2021-03-13T12:50:37Z</time>
      </trkpt>
      <trkpt lat="39.898107" lon="116.634682">
        <time>2021-03-13T12:50:42Z</time>
      </trkpt>
      <trkpt lat="39.898094" lon="116.634586">
        <time>2021-03-13T12:50:47Z</time>
      </trkpt>
      <trkpt lat="39.898084" lon="116.634461">
        <time>2021-03-13T12:50:52Z</time>
      </trkpt>
      <trkpt lat="39.898063" lon="116.634336">
        <time>2021-03-13T12:50:57Z</time>
      </trkpt>
      <trkpt lat="39.898053" lon="116.634203">
        <time>2021-03-13T12:51:02Z</time>
      </trkpt>
      <trkpt lat="39.897999" lon="116.634093">
        <time>2021-03-13T12:51:07Z</time>
      </trkpt>
      <trkpt lat="39.897892" lon="116.63403">
        <time>2021-03-13T12:51:12Z</time>
      </trkpt>
      <trkpt lat="39.897773" lon="116.633957">
        <time>2021-03-13T12:51:17Z</time>
      </trkpt>
      <trkpt lat="39.897675" lon="116.633922">
        <time>2021-03-13T12:51:22Z</time>
      </trkpt>
      <trkpt lat="39.897536" lon="116.633941">
        <time>2021-03-13T12:51:27Z</time>
      </trkpt>
      <trkpt lat="39.897522" lon="116.634029">
        <time>2021-03-13T12:51:32Z</time>
      </trkpt>
      <trkpt lat="39.897548" lon="116.634153">
        <time>2021-03-13T12:51:37Z</time>
      </trkpt>
      <trkpt lat="39.897556" lon="116.634254">
        <time>2021-03-13T12:51:48Z</time>
      </trkpt>
    </trkseg>
  </trk>
</gpx>