<?xml version="1.0" encoding="UTF-8"?>
<gpx xmlns="http://www.topografix.com/GPX/1/1" xmlns:gpxtpx="http://www.garmin.com/xmlschemas/TrackPointExtension/v1" xmlns:xsi="http://www.w3.org/2001/XMLSchema-instance" xsi:schemaLocation="http://www.topografix.com/GPX/1/1 http://www.topografix.com/GPX/1/1/gpx.xsd" version="1.1" creator="gpx.py -- https://github.com/tkrajina/gpxpy">
  <trk>
    <name>gpx from keep</name>
    <trkseg>
      <trkpt lat="39.897486" lon="116.633747">
        <time>2021-03-29T12:22:12Z</time>
      </trkpt>
      <trkpt lat="39.897486" lon="116.633747">
        <time>2021-03-29T12:22:17Z</time>
      </trkpt>
      <trkpt lat="39.89752" lon="116.633721">
        <time>2021-03-29T12:22:22Z</time>
      </trkpt>
      <trkpt lat="39.897562" lon="116.633675">
        <time>2021-03-29T12:22:27Z</time>
      </trkpt>
      <trkpt lat="39.897636" lon="116.633763">
        <time>2021-03-29T12:22:32Z</time>
      </trkpt>
      <trkpt lat="39.897718" lon="116.633902">
        <time>2021-03-29T12:22:37Z</time>
      </trkpt>
      <trkpt lat="39.89782" lon="116.634119">
        <time>2021-03-29T12:22:42Z</time>
      </trkpt>
      <trkpt lat="39.897847" lon="116.634163">
        <time>2021-03-29T12:22:47Z</time>
      </trkpt>
      <trkpt lat="39.897942" lon="116.634282">
        <time>2021-03-29T12:22:52Z</time>
      </trkpt>
      <trkpt lat="39.898017" lon="116.634408">
        <time>2021-03-29T12:22:57Z</time>
      </trkpt>
      <trkpt lat="39.898078" lon="116.634517">
        <time>2021-03-29T12:23:02Z</time>
      </trkpt>
      <trkpt lat="39.898106" lon="116.634625">
        <time>2021-03-29T12:23:07Z</time>
      </trkpt>
      <trkpt lat="39.898088" lon="116.634662">
        <time>2021-03-29T12:23:12Z</time>
      </trkpt>
      <trkpt lat="39.898069" lon="116.634647">
        <time>2021-03-29T12:23:17Z</time>
      </trkpt>
      <trkpt lat="39.898051" lon="116.634642">
        <time>2021-03-29T12:23:22Z</time>
      </trkpt>
      <trkpt lat="39.898055" lon="116.634651">
        <time>2021-03-29T12:23:27Z</time>
      </trkpt>
      <trkpt lat="39.898054" lon="116.634638">
        <time>2021-03-29T12:23:32Z</time>
      </trkpt>
      <trkpt lat="39.898082" lon="116.63474">
        <time>2021-03-29T12:23:37Z</time>
      </trkpt>
      <trkpt lat="39.898097" lon="116.634769">
        <time>2021-03-29T12:23:42Z</time>
      </trkpt>
      <trkpt lat="39.898154" lon="116.634916">
        <time>2021-03-29T12:23:47Z</time>
      </trkpt>
      <trkpt lat="39.898056" lon="116.63502">
        <time>2021-03-29T12:23:52Z</time>
      </trkpt>
      <trkpt lat="39.89794" lon="116.635146">
        <time>2021-03-29T12:23:57Z</time>
      </trkpt>
      <trkpt lat="39.897817" lon="116.635223">
        <time>2021-03-29T12:24:02Z</time>
      </trkpt>
      <trkpt lat="39.897722" lon="116.635274">
        <time>2021-03-29T12:24:07Z</time>
      </trkpt>
      <trkpt lat="39.897628" lon="116.63532">
        <time>2021-03-29T12:24:12Z</time>
      </trkpt>
      <trkpt lat="39.897506" lon="116.635437">
        <time>2021-03-29T12:24:17Z</time>
      </trkpt>
      <trkpt lat="39.897381" lon="116.635507">
        <time>2021-03-29T12:24:22Z</time>
      </trkpt>
      <trkpt lat="39.897291" lon="116.635563">
        <time>2021-03-29T12:24:27Z</time>
      </trkpt>
      <trkpt lat="39.897165" lon="116.63562">
        <time>2021-03-29T12:24:32Z</time>
      </trkpt>
      <trkpt lat="39.897042" lon="116.635724">
        <time>2021-03-29T12:24:37Z</time>
      </trkpt>
      <trkpt lat="39.896906" lon="116.635837">
        <time>2021-03-29T12:24:42Z</time>
      </trkpt>
      <trkpt lat="39.896772" lon="116.635925">
        <time>2021-03-29T12:24:47Z</time>
      </trkpt>
      <trkpt lat="39.896654" lon="116.636006">
        <time>2021-03-29T12:24:52Z</time>
      </trkpt>
      <trkpt lat="39.896486" lon="116.636116">
        <time>2021-03-29T12:24:57Z</time>
      </trkpt>
      <trkpt lat="39.896447" lon="116.636144">
        <time>2021-03-29T12:25:02Z</time>
      </trkpt>
      <trkpt lat="39.896358" lon="116.636186">
        <time>2021-03-29T12:25:07Z</time>
      </trkpt>
      <trkpt lat="39.896297" lon="116.636208">
        <time>2021-03-29T12:25:12Z</time>
      </trkpt>
      <trkpt lat="39.896224" lon="116.636268">
        <time>2021-03-29T12:25:17Z</time>
      </trkpt>
      <trkpt lat="39.896208" lon="116.636369">
        <time>2021-03-29T12:25:22Z</time>
      </trkpt>
      <trkpt lat="39.896165" lon="116.636432">
        <time>2021-03-29T12:25:27Z</time>
      </trkpt>
      <trkpt lat="39.896127" lon="116.636476">
        <time>2021-03-29T12:25:32Z</time>
      </trkpt>
      <trkpt lat="39.896104" lon="116.636519">
        <time>2021-03-29T12:25:37Z</time>
      </trkpt>
      <trkpt lat="39.896089" lon="116.636544">
        <time>2021-03-29T12:25:42Z</time>
      </trkpt>
      <trkpt lat="39.896086" lon="116.636574">
        <time>2021-03-29T12:25:47Z</time>
      </trkpt>
      <trkpt lat="39.896095" lon="116.636578">
        <time>2021-03-29T12:25:52Z</time>
      </trkpt>
      <trkpt lat="39.896095" lon="116.636578">
        <time>2021-03-29T12:25:57Z</time>
      </trkpt>
      <trkpt lat="39.896" lon="116.636619">
        <time>2021-03-29T12:26:02Z</time>
      </trkpt>
      <trkpt lat="39.895964" lon="116.63668">
        <time>2021-03-29T12:26:07Z</time>
      </trkpt>
      <trkpt lat="39.895968" lon="116.636788">
        <time>2021-03-29T12:26:12Z</time>
      </trkpt>
      <trkpt lat="39.896043" lon="116.63691">
        <time>2021-03-29T12:26:17Z</time>
      </trkpt>
      <trkpt lat="39.896099" lon="116.637047">
        <time>2021-03-29T12:26:22Z</time>
      </trkpt>
      <trkpt lat="39.896119" lon="116.637189">
        <time>2021-03-29T12:26:27Z</time>
      </trkpt>
      <trkpt lat="39.896149" lon="116.637337">
        <time>2021-03-29T12:26:32Z</time>
      </trkpt>
      <trkpt lat="39.896168" lon="116.637481">
        <time>2021-03-29T12:26:37Z</time>
      </trkpt>
      <trkpt lat="39.896172" lon="116.63763">
        <time>2021-03-29T12:26:42Z</time>
      </trkpt>
      <trkpt lat="39.89619" lon="116.637793">
        <time>2021-03-29T12:26:47Z</time>
      </trkpt>
      <trkpt lat="39.896193" lon="116.637955">
        <time>2021-03-29T12:26:52Z</time>
      </trkpt>
      <trkpt lat="39.896201" lon="116.638114">
        <time>2021-03-29T12:26:57Z</time>
      </trkpt>
      <trkpt lat="39.896211" lon="116.638295">
        <time>2021-03-29T12:27:02Z</time>
      </trkpt>
      <trkpt lat="39.896216" lon="116.638447">
        <time>2021-03-29T12:27:07Z</time>
      </trkpt>
      <trkpt lat="39.896229" lon="116.638589">
        <time>2021-03-29T12:27:12Z</time>
      </trkpt>
      <trkpt lat="39.89623" lon="116.638739">
        <time>2021-03-29T12:27:17Z</time>
      </trkpt>
      <trkpt lat="39.896217" lon="116.638878">
        <time>2021-03-29T12:27:22Z</time>
      </trkpt>
      <trkpt lat="39.89623" lon="116.639027">
        <time>2021-03-29T12:27:27Z</time>
      </trkpt>
      <trkpt lat="39.896266" lon="116.639188">
        <time>2021-03-29T12:27:32Z</time>
      </trkpt>
      <trkpt lat="39.896264" lon="116.639347">
        <time>2021-03-29T12:27:37Z</time>
      </trkpt>
      <trkpt lat="39.89625" lon="116.639498">
        <time>2021-03-29T12:27:42Z</time>
      </trkpt>
      <trkpt lat="39.896263" lon="116.639647">
        <time>2021-03-29T12:27:47Z</time>
      </trkpt>
      <trkpt lat="39.896266" lon="116.639788">
        <time>2021-03-29T12:27:52Z</time>
      </trkpt>
      <trkpt lat="39.896259" lon="116.639942">
        <time>2021-03-29T12:27:57Z</time>
      </trkpt>
      <trkpt lat="39.896255" lon="116.640093">
        <time>2021-03-29T12:28:02Z</time>
      </trkpt>
      <trkpt lat="39.896249" lon="116.640257">
        <time>2021-03-29T12:28:07Z</time>
      </trkpt>
      <trkpt lat="39.896255" lon="116.640442">
        <time>2021-03-29T12:28:12Z</time>
      </trkpt>
      <trkpt lat="39.896242" lon="116.640604">
        <time>2021-03-29T12:28:17Z</time>
      </trkpt>
      <trkpt lat="39.896218" lon="116.640754">
        <time>2021-03-29T12:28:22Z</time>
      </trkpt>
      <trkpt lat="39.896238" lon="116.640928">
        <time>2021-03-29T12:28:27Z</time>
      </trkpt>
      <trkpt lat="39.896235" lon="116.641073">
        <time>2021-03-29T12:28:32Z</time>
      </trkpt>
      <trkpt lat="39.896243" lon="116.64124">
        <time>2021-03-29T12:28:37Z</time>
      </trkpt>
      <trkpt lat="39.896237" lon="116.641379">
        <time>2021-03-29T12:28:42Z</time>
      </trkpt>
      <trkpt lat="39.896239" lon="116.641535">
        <time>2021-03-29T12:28:47Z</time>
      </trkpt>
      <trkpt lat="39.896263" lon="116.641706">
        <time>2021-03-29T12:28:52Z</time>
      </trkpt>
      <trkpt lat="39.896249" lon="116.641989">
        <time>2021-03-29T12:28:57Z</time>
      </trkpt>
      <trkpt lat="39.896251" lon="116.642022">
        <time>2021-03-29T12:29:02Z</time>
      </trkpt>
      <trkpt lat="39.896253" lon="116.642198">
        <time>2021-03-29T12:29:07Z</time>
      </trkpt>
      <trkpt lat="39.896229" lon="116.642323">
        <time>2021-03-29T12:29:12Z</time>
      </trkpt>
      <trkpt lat="39.896228" lon="116.642479">
        <time>2021-03-29T12:29:17Z</time>
      </trkpt>
      <trkpt lat="39.896212" lon="116.642629">
        <time>2021-03-29T12:29:22Z</time>
      </trkpt>
      <trkpt lat="39.896202" lon="116.642789">
        <time>2021-03-29T12:29:27Z</time>
      </trkpt>
      <trkpt lat="39.896177" lon="116.642937">
        <time>2021-03-29T12:29:32Z</time>
      </trkpt>
      <trkpt lat="39.896176" lon="116.643098">
        <time>2021-03-29T12:29:37Z</time>
      </trkpt>
      <trkpt lat="39.896162" lon="116.643264">
        <time>2021-03-29T12:29:42Z</time>
      </trkpt>
      <trkpt lat="39.896189" lon="116.643424">
        <time>2021-03-29T12:29:47Z</time>
      </trkpt>
      <trkpt lat="39.896223" lon="116.643601">
        <time>2021-03-29T12:29:52Z</time>
      </trkpt>
      <trkpt lat="39.896223" lon="116.643748">
        <time>2021-03-29T12:29:57Z</time>
      </trkpt>
      <trkpt lat="39.896223" lon="116.643901">
        <time>2021-03-29T12:30:02Z</time>
      </trkpt>
      <trkpt lat="39.896214" lon="116.644036">
        <time>2021-03-29T12:30:07Z</time>
      </trkpt>
      <trkpt lat="39.896218" lon="116.644189">
        <time>2021-03-29T12:30:12Z</time>
      </trkpt>
      <trkpt lat="39.89621" lon="116.64434">
        <time>2021-03-29T12:30:17Z</time>
      </trkpt>
      <trkpt lat="39.896211" lon="116.644498">
        <time>2021-03-29T12:30:22Z</time>
      </trkpt>
      <trkpt lat="39.896222" lon="116.644619">
        <time>2021-03-29T12:30:27Z</time>
      </trkpt>
      <trkpt lat="39.896202" lon="116.64478">
        <time>2021-03-29T12:30:32Z</time>
      </trkpt>
      <trkpt lat="39.896199" lon="116.644924">
        <time>2021-03-29T12:30:37Z</time>
      </trkpt>
      <trkpt lat="39.896205" lon="116.645085">
        <time>2021-03-29T12:30:42Z</time>
      </trkpt>
      <trkpt lat="39.896193" lon="116.645246">
        <time>2021-03-29T12:30:47Z</time>
      </trkpt>
      <trkpt lat="39.896176" lon="116.645397">
        <time>2021-03-29T12:30:52Z</time>
      </trkpt>
      <trkpt lat="39.896157" lon="116.645558">
        <time>2021-03-29T12:30:57Z</time>
      </trkpt>
      <trkpt lat="39.896141" lon="116.645695">
        <time>2021-03-29T12:31:02Z</time>
      </trkpt>
      <trkpt lat="39.896115" lon="116.645866">
        <time>2021-03-29T12:31:07Z</time>
      </trkpt>
      <trkpt lat="39.896092" lon="116.646001">
        <time>2021-03-29T12:31:12Z</time>
      </trkpt>
      <trkpt lat="39.896077" lon="116.646173">
        <time>2021-03-29T12:31:17Z</time>
      </trkpt>
      <trkpt lat="39.896058" lon="116.646333">
        <time>2021-03-29T12:31:22Z</time>
      </trkpt>
      <trkpt lat="39.896036" lon="116.646456">
        <time>2021-03-29T12:31:27Z</time>
      </trkpt>
      <trkpt lat="39.896054" lon="116.64662">
        <time>2021-03-29T12:31:32Z</time>
      </trkpt>
      <trkpt lat="39.896013" lon="116.646763">
        <time>2021-03-29T12:31:37Z</time>
      </trkpt>
      <trkpt lat="39.895907" lon="116.646814">
        <time>2021-03-29T12:31:42Z</time>
      </trkpt>
      <trkpt lat="39.895762" lon="116.646769">
        <time>2021-03-29T12:31:47Z</time>
      </trkpt>
      <trkpt lat="39.895644" lon="116.646704">
        <time>2021-03-29T12:31:52Z</time>
      </trkpt>
      <trkpt lat="39.895521" lon="116.646653">
        <time>2021-03-29T12:31:57Z</time>
      </trkpt>
      <trkpt lat="39.895406" lon="116.646595">
        <time>2021-03-29T12:32:02Z</time>
      </trkpt>
      <trkpt lat="39.895299" lon="116.64654">
        <time>2021-03-29T12:32:07Z</time>
      </trkpt>
      <trkpt lat="39.895186" lon="116.6465">
        <time>2021-03-29T12:32:12Z</time>
      </trkpt>
      <trkpt lat="39.895098" lon="116.646467">
        <time>2021-03-29T12:32:17Z</time>
      </trkpt>
      <trkpt lat="39.894882" lon="116.646367">
        <time>2021-03-29T12:32:22Z</time>
      </trkpt>
      <trkpt lat="39.894857" lon="116.64636">
        <time>2021-03-29T12:32:27Z</time>
      </trkpt>
      <trkpt lat="39.894756" lon="116.646321">
        <time>2021-03-29T12:32:32Z</time>
      </trkpt>
      <trkpt lat="39.894617" lon="116.646271">
        <time>2021-03-29T12:32:37Z</time>
      </trkpt>
      <trkpt lat="39.894432" lon="116.646182">
        <time>2021-03-29T12:32:42Z</time>
      </trkpt>
      <trkpt lat="39.894408" lon="116.646171">
        <time>2021-03-29T12:32:47Z</time>
      </trkpt>
      <trkpt lat="39.894308" lon="116.646112">
        <time>2021-03-29T12:32:52Z</time>
      </trkpt>
      <trkpt lat="39.894095" lon="116.646016">
        <time>2021-03-29T12:32:57Z</time>
      </trkpt>
      <trkpt lat="39.894072" lon="116.646007">
        <time>2021-03-29T12:33:02Z</time>
      </trkpt>
      <trkpt lat="39.893983" lon="116.645952">
        <time>2021-03-29T12:33:07Z</time>
      </trkpt>
      <trkpt lat="39.893875" lon="116.645951">
        <time>2021-03-29T12:33:12Z</time>
      </trkpt>
      <trkpt lat="39.893789" lon="116.646063">
        <time>2021-03-29T12:33:17Z</time>
      </trkpt>
      <trkpt lat="39.893712" lon="116.646196">
        <time>2021-03-29T12:33:22Z</time>
      </trkpt>
      <trkpt lat="39.893581" lon="116.64633">
        <time>2021-03-29T12:33:27Z</time>
      </trkpt>
      <trkpt lat="39.893543" lon="116.646354">
        <time>2021-03-29T12:33:32Z</time>
      </trkpt>
      <trkpt lat="39.89342" lon="116.646324">
        <time>2021-03-29T12:33:37Z</time>
      </trkpt>
      <trkpt lat="39.893352" lon="116.646257">
        <time>2021-03-29T12:33:42Z</time>
      </trkpt>
      <trkpt lat="39.893233" lon="116.64622">
        <time>2021-03-29T12:33:47Z</time>
      </trkpt>
      <trkpt lat="39.893112" lon="116.646209">
        <time>2021-03-29T12:33:52Z</time>
      </trkpt>
      <trkpt lat="39.892975" lon="116.646157">
        <time>2021-03-29T12:33:57Z</time>
      </trkpt>
      <trkpt lat="39.892885" lon="116.646107">
        <time>2021-03-29T12:34:02Z</time>
      </trkpt>
      <trkpt lat="39.892768" lon="116.64605">
        <time>2021-03-29T12:34:07Z</time>
      </trkpt>
      <trkpt lat="39.892693" lon="116.645931">
        <time>2021-03-29T12:34:12Z</time>
      </trkpt>
      <trkpt lat="39.892574" lon="116.645883">
        <time>2021-03-29T12:34:17Z</time>
      </trkpt>
      <trkpt lat="39.892468" lon="116.645826">
        <time>2021-03-29T12:34:22Z</time>
      </trkpt>
      <trkpt lat="39.892245" lon="116.645795">
        <time>2021-03-29T12:34:27Z</time>
      </trkpt>
      <trkpt lat="39.892217" lon="116.645784">
        <time>2021-03-29T12:34:32Z</time>
      </trkpt>
      <trkpt lat="39.892135" lon="116.645701">
        <time>2021-03-29T12:34:37Z</time>
      </trkpt>
      <trkpt lat="39.892014" lon="116.645646">
        <time>2021-03-29T12:34:42Z</time>
      </trkpt>
      <trkpt lat="39.891896" lon="116.645621">
        <time>2021-03-29T12:34:47Z</time>
      </trkpt>
      <trkpt lat="39.89177" lon="116.645567">
        <time>2021-03-29T12:34:52Z</time>
      </trkpt>
      <trkpt lat="39.891663" lon="116.64548">
        <time>2021-03-29T12:34:57Z</time>
      </trkpt>
      <trkpt lat="39.89149" lon="116.645372">
        <time>2021-03-29T12:35:02Z</time>
      </trkpt>
      <trkpt lat="39.891481" lon="116.645387">
        <time>2021-03-29T12:35:07Z</time>
      </trkpt>
      <trkpt lat="39.891522" lon="116.64547">
        <time>2021-03-29T12:35:12Z</time>
      </trkpt>
      <trkpt lat="39.891658" lon="116.645499">
        <time>2021-03-29T12:35:17Z</time>
      </trkpt>
      <trkpt lat="39.891793" lon="116.645527">
        <time>2021-03-29T12:35:22Z</time>
      </trkpt>
      <trkpt lat="39.891923" lon="116.64556">
        <time>2021-03-29T12:35:27Z</time>
      </trkpt>
      <trkpt lat="39.892003" lon="116.645589">
        <time>2021-03-29T12:35:32Z</time>
      </trkpt>
      <trkpt lat="39.892091" lon="116.645627">
        <time>2021-03-29T12:35:37Z</time>
      </trkpt>
      <trkpt lat="39.892179" lon="116.645688">
        <time>2021-03-29T12:35:42Z</time>
      </trkpt>
      <trkpt lat="39.892292" lon="116.645714">
        <time>2021-03-29T12:35:47Z</time>
      </trkpt>
      <trkpt lat="39.892436" lon="116.645752">
        <time>2021-03-29T12:35:52Z</time>
      </trkpt>
      <trkpt lat="39.892557" lon="116.645814">
        <time>2021-03-29T12:35:57Z</time>
      </trkpt>
      <trkpt lat="39.892692" lon="116.645856">
        <time>2021-03-29T12:36:02Z</time>
      </trkpt>
      <trkpt lat="39.892802" lon="116.645904">
        <time>2021-03-29T12:36:07Z</time>
      </trkpt>
      <trkpt lat="39.892896" lon="116.645957">
        <time>2021-03-29T12:36:12Z</time>
      </trkpt>
      <trkpt lat="39.892986" lon="116.646005">
        <time>2021-03-29T12:36:17Z</time>
      </trkpt>
      <trkpt lat="39.893108" lon="116.646079">
        <time>2021-03-29T12:36:22Z</time>
      </trkpt>
      <trkpt lat="39.893225" lon="116.646132">
        <time>2021-03-29T12:36:27Z</time>
      </trkpt>
      <trkpt lat="39.89333" lon="116.646209">
        <time>2021-03-29T12:36:32Z</time>
      </trkpt>
      <trkpt lat="39.893475" lon="116.646273">
        <time>2021-03-29T12:36:37Z</time>
      </trkpt>
      <trkpt lat="39.893583" lon="116.646331">
        <time>2021-03-29T12:36:42Z</time>
      </trkpt>
      <trkpt lat="39.893721" lon="116.64632">
        <time>2021-03-29T12:36:47Z</time>
      </trkpt>
      <trkpt lat="39.893835" lon="116.646143">
        <time>2021-03-29T12:36:52Z</time>
      </trkpt>
      <trkpt lat="39.89388" lon="116.646071">
        <time>2021-03-29T12:36:57Z</time>
      </trkpt>
      <trkpt lat="39.893898" lon="116.645898">
        <time>2021-03-29T12:37:02Z</time>
      </trkpt>
      <trkpt lat="39.89396" lon="116.645856">
        <time>2021-03-29T12:37:07Z</time>
      </trkpt>
      <trkpt lat="39.8941" lon="116.64593">
        <time>2021-03-29T12:37:12Z</time>
      </trkpt>
      <trkpt lat="39.894302" lon="116.646024">
        <time>2021-03-29T12:37:17Z</time>
      </trkpt>
      <trkpt lat="39.894394" lon="116.646058">
        <time>2021-03-29T12:37:22Z</time>
      </trkpt>
      <trkpt lat="39.89453" lon="116.646115">
        <time>2021-03-29T12:37:27Z</time>
      </trkpt>
      <trkpt lat="39.894672" lon="116.646175">
        <time>2021-03-29T12:37:32Z</time>
      </trkpt>
      <trkpt lat="39.894725" lon="116.646219">
        <time>2021-03-29T12:37:37Z</time>
      </trkpt>
      <trkpt lat="39.894789" lon="116.646277">
        <time>2021-03-29T12:37:42Z</time>
      </trkpt>
      <trkpt lat="39.894926" lon="116.646332">
        <time>2021-03-29T12:37:47Z</time>
      </trkpt>
      <trkpt lat="39.895052" lon="116.646381">
        <time>2021-03-29T12:37:52Z</time>
      </trkpt>
      <trkpt lat="39.895144" lon="116.646463">
        <time>2021-03-29T12:37:57Z</time>
      </trkpt>
      <trkpt lat="39.895266" lon="116.646507">
        <time>2021-03-29T12:38:02Z</time>
      </trkpt>
      <trkpt lat="39.895361" lon="116.646543">
        <time>2021-03-29T12:38:07Z</time>
      </trkpt>
      <trkpt lat="39.895457" lon="116.646598">
        <time>2021-03-29T12:38:12Z</time>
      </trkpt>
      <trkpt lat="39.895575" lon="116.646631">
        <time>2021-03-29T12:38:17Z</time>
      </trkpt>
      <trkpt lat="39.895681" lon="116.646676">
        <time>2021-03-29T12:38:22Z</time>
      </trkpt>
      <trkpt lat="39.895799" lon="116.646722">
        <time>2021-03-29T12:38:27Z</time>
      </trkpt>
      <trkpt lat="39.895959" lon="116.646755">
        <time>2021-03-29T12:38:32Z</time>
      </trkpt>
      <trkpt lat="39.896078" lon="116.646735">
        <time>2021-03-29T12:38:37Z</time>
      </trkpt>
      <trkpt lat="39.896105" lon="116.646636">
        <time>2021-03-29T12:38:42Z</time>
      </trkpt>
      <trkpt lat="39.89607" lon="116.646487">
        <time>2021-03-29T12:38:47Z</time>
      </trkpt>
      <trkpt lat="39.896053" lon="116.646353">
        <time>2021-03-29T12:38:52Z</time>
      </trkpt>
      <trkpt lat="39.896056" lon="116.646195">
        <time>2021-03-29T12:38:57Z</time>
      </trkpt>
      <trkpt lat="39.896061" lon="116.646037">
        <time>2021-03-29T12:39:02Z</time>
      </trkpt>
      <trkpt lat="39.896053" lon="116.645874">
        <time>2021-03-29T12:39:07Z</time>
      </trkpt>
      <trkpt lat="39.896052" lon="116.645707">
        <time>2021-03-29T12:39:12Z</time>
      </trkpt>
      <trkpt lat="39.896061" lon="116.645571">
        <time>2021-03-29T12:39:17Z</time>
      </trkpt>
      <trkpt lat="39.896082" lon="116.645436">
        <time>2021-03-29T12:39:22Z</time>
      </trkpt>
      <trkpt lat="39.896108" lon="116.645307">
        <time>2021-03-29T12:39:27Z</time>
      </trkpt>
      <trkpt lat="39.896112" lon="116.645178">
        <time>2021-03-29T12:39:32Z</time>
      </trkpt>
      <trkpt lat="39.896123" lon="116.645035">
        <time>2021-03-29T12:39:37Z</time>
      </trkpt>
      <trkpt lat="39.896134" lon="116.644892">
        <time>2021-03-29T12:39:42Z</time>
      </trkpt>
      <trkpt lat="39.896146" lon="116.644758">
        <time>2021-03-29T12:39:47Z</time>
      </trkpt>
      <trkpt lat="39.896168" lon="116.644626">
        <time>2021-03-29T12:39:52Z</time>
      </trkpt>
      <trkpt lat="39.896178" lon="116.644488">
        <time>2021-03-29T12:39:57Z</time>
      </trkpt>
      <trkpt lat="39.896165" lon="116.644351">
        <time>2021-03-29T12:40:02Z</time>
      </trkpt>
      <trkpt lat="39.896166" lon="116.644213">
        <time>2021-03-29T12:40:07Z</time>
      </trkpt>
      <trkpt lat="39.896154" lon="116.644066">
        <time>2021-03-29T12:40:12Z</time>
      </trkpt>
      <trkpt lat="39.896148" lon="116.64392">
        <time>2021-03-29T12:40:17Z</time>
      </trkpt>
      <trkpt lat="39.896146" lon="116.64377">
        <time>2021-03-29T12:40:22Z</time>
      </trkpt>
      <trkpt lat="39.896155" lon="116.643647">
        <time>2021-03-29T12:40:27Z</time>
      </trkpt>
      <trkpt lat="39.896166" lon="116.64351">
        <time>2021-03-29T12:40:32Z</time>
      </trkpt>
      <trkpt lat="39.896155" lon="116.643359">
        <time>2021-03-29T12:40:37Z</time>
      </trkpt>
      <trkpt lat="39.896159" lon="116.643216">
        <time>2021-03-29T12:40:42Z</time>
      </trkpt>
      <trkpt lat="39.896162" lon="116.643091">
        <time>2021-03-29T12:40:47Z</time>
      </trkpt>
      <trkpt lat="39.896168" lon="116.64295">
        <time>2021-03-29T12:40:52Z</time>
      </trkpt>
      <trkpt lat="39.896193" lon="116.64282">
        <time>2021-03-29T12:40:57Z</time>
      </trkpt>
      <trkpt lat="39.89619" lon="116.642651">
        <time>2021-03-29T12:41:02Z</time>
      </trkpt>
      <trkpt lat="39.896202" lon="116.642515">
        <time>2021-03-29T12:41:07Z</time>
      </trkpt>
      <trkpt lat="39.896222" lon="116.642368">
        <time>2021-03-29T12:41:12Z</time>
      </trkpt>
      <trkpt lat="39.896184" lon="116.642199">
        <time>2021-03-29T12:41:17Z</time>
      </trkpt>
      <trkpt lat="39.896182" lon="116.64202">
        <time>2021-03-29T12:41:22Z</time>
      </trkpt>
      <trkpt lat="39.89619" lon="116.641914">
        <time>2021-03-29T12:41:27Z</time>
      </trkpt>
      <trkpt lat="39.896183" lon="116.641768">
        <time>2021-03-29T12:41:32Z</time>
      </trkpt>
      <trkpt lat="39.896177" lon="116.641538">
        <time>2021-03-29T12:41:37Z</time>
      </trkpt>
      <trkpt lat="39.896185" lon="116.641502">
        <time>2021-03-29T12:41:42Z</time>
      </trkpt>
      <trkpt lat="39.8962" lon="116.641344">
        <time>2021-03-29T12:41:47Z</time>
      </trkpt>
      <trkpt lat="39.896188" lon="116.6412">
        <time>2021-03-29T12:41:52Z</time>
      </trkpt>
      <trkpt lat="39.896193" lon="116.641072">
        <time>2021-03-29T12:41:57Z</time>
      </trkpt>
      <trkpt lat="39.896209" lon="116.640938">
        <time>2021-03-29T12:42:02Z</time>
      </trkpt>
      <trkpt lat="39.896207" lon="116.640799">
        <time>2021-03-29T12:42:07Z</time>
      </trkpt>
      <trkpt lat="39.896206" lon="116.640659">
        <time>2021-03-29T12:42:12Z</time>
      </trkpt>
      <trkpt lat="39.896201" lon="116.640495">
        <time>2021-03-29T12:42:17Z</time>
      </trkpt>
      <trkpt lat="39.896216" lon="116.640338">
        <time>2021-03-29T12:42:22Z</time>
      </trkpt>
      <trkpt lat="39.896216" lon="116.640189">
        <time>2021-03-29T12:42:27Z</time>
      </trkpt>
      <trkpt lat="39.896209" lon="116.640023">
        <time>2021-03-29T12:42:32Z</time>
      </trkpt>
      <trkpt lat="39.896214" lon="116.639891">
        <time>2021-03-29T12:42:37Z</time>
      </trkpt>
      <trkpt lat="39.89622" lon="116.639741">
        <time>2021-03-29T12:42:42Z</time>
      </trkpt>
      <trkpt lat="39.896195" lon="116.639577">
        <time>2021-03-29T12:42:47Z</time>
      </trkpt>
      <trkpt lat="39.89617" lon="116.63943">
        <time>2021-03-29T12:42:52Z</time>
      </trkpt>
      <trkpt lat="39.896165" lon="116.639281">
        <time>2021-03-29T12:42:57Z</time>
      </trkpt>
      <trkpt lat="39.896162" lon="116.639139">
        <time>2021-03-29T12:43:02Z</time>
      </trkpt>
      <trkpt lat="39.896113" lon="116.638968">
        <time>2021-03-29T12:43:07Z</time>
      </trkpt>
      <trkpt lat="39.896128" lon="116.638819">
        <time>2021-03-29T12:43:12Z</time>
      </trkpt>
      <trkpt lat="39.896077" lon="116.638687">
        <time>2021-03-29T12:43:17Z</time>
      </trkpt>
      <trkpt lat="39.896048" lon="116.638516">
        <time>2021-03-29T12:43:22Z</time>
      </trkpt>
      <trkpt lat="39.896069" lon="116.638353">
        <time>2021-03-29T12:43:27Z</time>
      </trkpt>
      <trkpt lat="39.896087" lon="116.638202">
        <time>2021-03-29T12:43:32Z</time>
      </trkpt>
      <trkpt lat="39.896105" lon="116.638036">
        <time>2021-03-29T12:43:37Z</time>
      </trkpt>
      <trkpt lat="39.8961" lon="116.637886">
        <time>2021-03-29T12:43:42Z</time>
      </trkpt>
      <trkpt lat="39.89609" lon="116.637746">
        <time>2021-03-29T12:43:47Z</time>
      </trkpt>
      <trkpt lat="39.896072" lon="116.637577">
        <time>2021-03-29T12:43:52Z</time>
      </trkpt>
      <trkpt lat="39.896061" lon="116.637419">
        <time>2021-03-29T12:43:57Z</time>
      </trkpt>
      <trkpt lat="39.896053" lon="116.637256">
        <time>2021-03-29T12:44:02Z</time>
      </trkpt>
      <trkpt lat="39.896069" lon="116.637137">
        <time>2021-03-29T12:44:07Z</time>
      </trkpt>
      <trkpt lat="39.896048" lon="116.636985">
        <time>2021-03-29T12:44:12Z</time>
      </trkpt>
      <trkpt lat="39.896028" lon="116.636838">
        <time>2021-03-29T12:44:17Z</time>
      </trkpt>
      <trkpt lat="39.895992" lon="116.6367">
        <time>2021-03-29T12:44:22Z</time>
      </trkpt>
      <trkpt lat="39.895924" lon="116.636663">
        <time>2021-03-29T12:44:27Z</time>
      </trkpt>
      <trkpt lat="39.895993" lon="116.636825">
        <time>2021-03-29T12:44:32Z</time>
      </trkpt>
      <trkpt lat="39.896071" lon="116.637011">
        <time>2021-03-29T12:44:37Z</time>
      </trkpt>
      <trkpt lat="39.896093" lon="116.63718">
        <time>2021-03-29T12:44:42Z</time>
      </trkpt>
      <trkpt lat="39.896123" lon="116.637324">
        <time>2021-03-29T12:44:47Z</time>
      </trkpt>
      <trkpt lat="39.89615" lon="116.637507">
        <time>2021-03-29T12:44:52Z</time>
      </trkpt>
      <trkpt lat="39.896165" lon="116.637661">
        <time>2021-03-29T12:44:57Z</time>
      </trkpt>
      <trkpt lat="39.896157" lon="116.63781">
        <time>2021-03-29T12:45:02Z</time>
      </trkpt>
      <trkpt lat="39.896175" lon="116.637989">
        <time>2021-03-29T12:45:07Z</time>
      </trkpt>
      <trkpt lat="39.896192" lon="116.638148">
        <time>2021-03-29T12:45:12Z</time>
      </trkpt>
      <trkpt lat="39.89619" lon="116.638294">
        <time>2021-03-29T12:45:17Z</time>
      </trkpt>
      <trkpt lat="39.896191" lon="116.638455">
        <time>2021-03-29T12:45:22Z</time>
      </trkpt>
      <trkpt lat="39.896192" lon="116.638607">
        <time>2021-03-29T12:45:27Z</time>
      </trkpt>
      <trkpt lat="39.896205" lon="116.638753">
        <time>2021-03-29T12:45:32Z</time>
      </trkpt>
      <trkpt lat="39.896236" lon="116.638919">
        <time>2021-03-29T12:45:37Z</time>
      </trkpt>
      <trkpt lat="39.89623" lon="116.639076">
        <time>2021-03-29T12:45:42Z</time>
      </trkpt>
      <trkpt lat="39.896235" lon="116.639199">
        <time>2021-03-29T12:45:47Z</time>
      </trkpt>
      <trkpt lat="39.89626" lon="116.639351">
        <time>2021-03-29T12:45:52Z</time>
      </trkpt>
      <trkpt lat="39.89626" lon="116.639499">
        <time>2021-03-29T12:45:57Z</time>
      </trkpt>
      <trkpt lat="39.896274" lon="116.639651">
        <time>2021-03-29T12:46:02Z</time>
      </trkpt>
      <trkpt lat="39.896288" lon="116.6398">
        <time>2021-03-29T12:46:07Z</time>
      </trkpt>
      <trkpt lat="39.896297" lon="116.639943">
        <time>2021-03-29T12:46:12Z</time>
      </trkpt>
      <trkpt lat="39.896288" lon="116.640137">
        <time>2021-03-29T12:46:17Z</time>
      </trkpt>
      <trkpt lat="39.896264" lon="116.640289">
        <time>2021-03-29T12:46:22Z</time>
      </trkpt>
      <trkpt lat="39.896242" lon="116.640453">
        <time>2021-03-29T12:46:27Z</time>
      </trkpt>
      <trkpt lat="39.896232" lon="116.640605">
        <time>2021-03-29T12:46:32Z</time>
      </trkpt>
      <trkpt lat="39.896227" lon="116.640757">
        <time>2021-03-29T12:46:37Z</time>
      </trkpt>
      <trkpt lat="39.89625" lon="116.640918">
        <time>2021-03-29T12:46:42Z</time>
      </trkpt>
      <trkpt lat="39.896257" lon="116.641078">
        <time>2021-03-29T12:46:47Z</time>
      </trkpt>
      <trkpt lat="39.896255" lon="116.64121">
        <time>2021-03-29T12:46:52Z</time>
      </trkpt>
      <trkpt lat="39.896231" lon="116.641366">
        <time>2021-03-29T12:46:57Z</time>
      </trkpt>
      <trkpt lat="39.896207" lon="116.64151">
        <time>2021-03-29T12:47:02Z</time>
      </trkpt>
      <trkpt lat="39.896206" lon="116.641637">
        <time>2021-03-29T12:47:07Z</time>
      </trkpt>
      <trkpt lat="39.896199" lon="116.641795">
        <time>2021-03-29T12:47:12Z</time>
      </trkpt>
      <trkpt lat="39.896181" lon="116.641968">
        <time>2021-03-29T12:47:17Z</time>
      </trkpt>
      <trkpt lat="39.896186" lon="116.64221">
        <time>2021-03-29T12:47:22Z</time>
      </trkpt>
      <trkpt lat="39.896193" lon="116.642282">
        <time>2021-03-29T12:47:27Z</time>
      </trkpt>
      <trkpt lat="39.896225" lon="116.642463">
        <time>2021-03-29T12:47:32Z</time>
      </trkpt>
      <trkpt lat="39.896232" lon="116.642625">
        <time>2021-03-29T12:47:37Z</time>
      </trkpt>
      <trkpt lat="39.896225" lon="116.642779">
        <time>2021-03-29T12:47:42Z</time>
      </trkpt>
      <trkpt lat="39.896211" lon="116.642944">
        <time>2021-03-29T12:47:47Z</time>
      </trkpt>
      <trkpt lat="39.896201" lon="116.643105">
        <time>2021-03-29T12:47:52Z</time>
      </trkpt>
      <trkpt lat="39.896179" lon="116.643241">
        <time>2021-03-29T12:47:57Z</time>
      </trkpt>
      <trkpt lat="39.896175" lon="116.643367">
        <time>2021-03-29T12:48:02Z</time>
      </trkpt>
      <trkpt lat="39.896196" lon="116.64354">
        <time>2021-03-29T12:48:07Z</time>
      </trkpt>
      <trkpt lat="39.896199" lon="116.643715">
        <time>2021-03-29T12:48:12Z</time>
      </trkpt>
      <trkpt lat="39.896194" lon="116.643857">
        <time>2021-03-29T12:48:17Z</time>
      </trkpt>
      <trkpt lat="39.896198" lon="116.643999">
        <time>2021-03-29T12:48:22Z</time>
      </trkpt>
      <trkpt lat="39.896205" lon="116.644163">
        <time>2021-03-29T12:48:27Z</time>
      </trkpt>
      <trkpt lat="39.896199" lon="116.644309">
        <time>2021-03-29T12:48:32Z</time>
      </trkpt>
      <trkpt lat="39.8962" lon="116.644425">
        <time>2021-03-29T12:48:37Z</time>
      </trkpt>
      <trkpt lat="39.896212" lon="116.644596">
        <time>2021-03-29T12:48:42Z</time>
      </trkpt>
      <trkpt lat="39.896223" lon="116.644709">
        <time>2021-03-29T12:48:47Z</time>
      </trkpt>
      <trkpt lat="39.896232" lon="116.644812">
        <time>2021-03-29T12:48:52Z</time>
      </trkpt>
      <trkpt lat="39.896239" lon="116.64499">
        <time>2021-03-29T12:48:57Z</time>
      </trkpt>
      <trkpt lat="39.896221" lon="116.645136">
        <time>2021-03-29T12:49:02Z</time>
      </trkpt>
      <trkpt lat="39.89622" lon="116.645275">
        <time>2021-03-29T12:49:07Z</time>
      </trkpt>
      <trkpt lat="39.89618" lon="116.64545">
        <time>2021-03-29T12:49:12Z</time>
      </trkpt>
      <trkpt lat="39.896132" lon="116.64562">
        <time>2021-03-29T12:49:17Z</time>
      </trkpt>
      <trkpt lat="39.896113" lon="116.645785">
        <time>2021-03-29T12:49:22Z</time>
      </trkpt>
      <trkpt lat="39.896095" lon="116.645925">
        <time>2021-03-29T12:49:27Z</time>
      </trkpt>
      <trkpt lat="39.896097" lon="116.646101">
        <time>2021-03-29T12:49:32Z</time>
      </trkpt>
      <trkpt lat="39.896092" lon="116.646282">
        <time>2021-03-29T12:49:37Z</time>
      </trkpt>
      <trkpt lat="39.896085" lon="116.646465">
        <time>2021-03-29T12:49:42Z</time>
      </trkpt>
      <trkpt lat="39.896075" lon="116.646645">
        <time>2021-03-29T12:49:47Z</time>
      </trkpt>
      <trkpt lat="39.896049" lon="116.646796">
        <time>2021-03-29T12:49:52Z</time>
      </trkpt>
      <trkpt lat="39.89591" lon="116.646849">
        <time>2021-03-29T12:49:57Z</time>
      </trkpt>
      <trkpt lat="39.895752" lon="116.646765">
        <time>2021-03-29T12:50:02Z</time>
      </trkpt>
      <trkpt lat="39.895599" lon="116.646704">
        <time>2021-03-29T12:50:07Z</time>
      </trkpt>
      <trkpt lat="39.89546" lon="116.646654">
        <time>2021-03-29T12:50:12Z</time>
      </trkpt>
      <trkpt lat="39.89534" lon="116.646598">
        <time>2021-03-29T12:50:17Z</time>
      </trkpt>
      <trkpt lat="39.895239" lon="116.646531">
        <time>2021-03-29T12:50:22Z</time>
      </trkpt>
      <trkpt lat="39.895142" lon="116.646449">
        <time>2021-03-29T12:50:27Z</time>
      </trkpt>
      <trkpt lat="39.895027" lon="116.646405">
        <time>2021-03-29T12:50:32Z</time>
      </trkpt>
      <trkpt lat="39.894895" lon="116.646364">
        <time>2021-03-29T12:50:37Z</time>
      </trkpt>
      <trkpt lat="39.894771" lon="116.646308">
        <time>2021-03-29T12:50:42Z</time>
      </trkpt>
      <trkpt lat="39.894657" lon="116.646273">
        <time>2021-03-29T12:50:47Z</time>
      </trkpt>
      <trkpt lat="39.894547" lon="116.64622">
        <time>2021-03-29T12:50:52Z</time>
      </trkpt>
      <trkpt lat="39.89442" lon="116.64621">
        <time>2021-03-29T12:50:57Z</time>
      </trkpt>
      <trkpt lat="39.894297" lon="116.646129">
        <time>2021-03-29T12:51:02Z</time>
      </trkpt>
      <trkpt lat="39.894182" lon="116.646085">
        <time>2021-03-29T12:51:07Z</time>
      </trkpt>
      <trkpt lat="39.89408" lon="116.646026">
        <time>2021-03-29T12:51:12Z</time>
      </trkpt>
      <trkpt lat="39.893965" lon="116.645978">
        <time>2021-03-29T12:51:17Z</time>
      </trkpt>
      <trkpt lat="39.893886" lon="116.645948">
        <time>2021-03-29T12:51:22Z</time>
      </trkpt>
      <trkpt lat="39.893792" lon="116.646039">
        <time>2021-03-29T12:51:27Z</time>
      </trkpt>
      <trkpt lat="39.89372" lon="116.646164">
        <time>2021-03-29T12:51:32Z</time>
      </trkpt>
      <trkpt lat="39.893615" lon="116.646394">
        <time>2021-03-29T12:51:37Z</time>
      </trkpt>
      <trkpt lat="39.893556" lon="116.64642">
        <time>2021-03-29T12:51:42Z</time>
      </trkpt>
      <trkpt lat="39.893452" lon="116.646368">
        <time>2021-03-29T12:51:47Z</time>
      </trkpt>
      <trkpt lat="39.893353" lon="116.646277">
        <time>2021-03-29T12:51:52Z</time>
      </trkpt>
      <trkpt lat="39.893224" lon="116.646236">
        <time>2021-03-29T12:51:57Z</time>
      </trkpt>
      <trkpt lat="39.892983" lon="116.646185">
        <time>2021-03-29T12:52:02Z</time>
      </trkpt>
      <trkpt lat="39.892957" lon="116.646171">
        <time>2021-03-29T12:52:07Z</time>
      </trkpt>
      <trkpt lat="39.892831" lon="116.646141">
        <time>2021-03-29T12:52:12Z</time>
      </trkpt>
      <trkpt lat="39.89272" lon="116.646081">
        <time>2021-03-29T12:52:17Z</time>
      </trkpt>
      <trkpt lat="39.892597" lon="116.646018">
        <time>2021-03-29T12:52:22Z</time>
      </trkpt>
      <trkpt lat="39.892498" lon="116.645944">
        <time>2021-03-29T12:52:27Z</time>
      </trkpt>
      <trkpt lat="39.8924" lon="116.645886">
        <time>2021-03-29T12:52:32Z</time>
      </trkpt>
      <trkpt lat="39.89231" lon="116.645785">
        <time>2021-03-29T12:52:37Z</time>
      </trkpt>
      <trkpt lat="39.892188" lon="116.645706">
        <time>2021-03-29T12:52:42Z</time>
      </trkpt>
      <trkpt lat="39.892043" lon="116.645669">
        <time>2021-03-29T12:52:47Z</time>
      </trkpt>
      <trkpt lat="39.891901" lon="116.645647">
        <time>2021-03-29T12:52:52Z</time>
      </trkpt>
      <trkpt lat="39.891791" lon="116.645614">
        <time>2021-03-29T12:52:57Z</time>
      </trkpt>
      <trkpt lat="39.891686" lon="116.645542">
        <time>2021-03-29T12:53:02Z</time>
      </trkpt>
      <trkpt lat="39.891605" lon="116.64542">
        <time>2021-03-29T12:53:07Z</time>
      </trkpt>
      <trkpt lat="39.891513" lon="116.645377">
        <time>2021-03-29T12:53:12Z</time>
      </trkpt>
      <trkpt lat="39.891523" lon="116.645455">
        <time>2021-03-29T12:53:17Z</time>
      </trkpt>
      <trkpt lat="39.891629" lon="116.645509">
        <time>2021-03-29T12:53:22Z</time>
      </trkpt>
      <trkpt lat="39.891821" lon="116.645537">
        <time>2021-03-29T12:53:27Z</time>
      </trkpt>
      <trkpt lat="39.89197" lon="116.645564">
        <time>2021-03-29T12:53:32Z</time>
      </trkpt>
      <trkpt lat="39.892112" lon="116.645601">
        <time>2021-03-29T12:53:37Z</time>
      </trkpt>
      <trkpt lat="39.892243" lon="116.645665">
        <time>2021-03-29T12:53:42Z</time>
      </trkpt>
      <trkpt lat="39.89235" lon="116.645703">
        <time>2021-03-29T12:53:47Z</time>
      </trkpt>
      <trkpt lat="39.892438" lon="116.64577">
        <time>2021-03-29T12:53:52Z</time>
      </trkpt>
      <trkpt lat="39.892526" lon="116.645865">
        <time>2021-03-29T12:53:57Z</time>
      </trkpt>
      <trkpt lat="39.892639" lon="116.645924">
        <time>2021-03-29T12:54:02Z</time>
      </trkpt>
      <trkpt lat="39.892758" lon="116.645964">
        <time>2021-03-29T12:54:07Z</time>
      </trkpt>
      <trkpt lat="39.8929" lon="116.645996">
        <time>2021-03-29T12:54:12Z</time>
      </trkpt>
      <trkpt lat="39.893043" lon="116.64601">
        <time>2021-03-29T12:54:17Z</time>
      </trkpt>
      <trkpt lat="39.89312" lon="116.646084">
        <time>2021-03-29T12:54:22Z</time>
      </trkpt>
      <trkpt lat="39.893224" lon="116.646143">
        <time>2021-03-29T12:54:27Z</time>
      </trkpt>
      <trkpt lat="39.893353" lon="116.646191">
        <time>2021-03-29T12:54:32Z</time>
      </trkpt>
      <trkpt lat="39.893497" lon="116.646259">
        <time>2021-03-29T12:54:37Z</time>
      </trkpt>
      <trkpt lat="39.893652" lon="116.64631">
        <time>2021-03-29T12:54:42Z</time>
      </trkpt>
      <trkpt lat="39.893756" lon="116.646315">
        <time>2021-03-29T12:54:47Z</time>
      </trkpt>
      <trkpt lat="39.89384" lon="116.646177">
        <time>2021-03-29T12:54:52Z</time>
      </trkpt>
      <trkpt lat="39.893878" lon="116.646057">
        <time>2021-03-29T12:54:57Z</time>
      </trkpt>
      <trkpt lat="39.893944" lon="116.645908">
        <time>2021-03-29T12:55:02Z</time>
      </trkpt>
      <trkpt lat="39.893996" lon="116.645859">
        <time>2021-03-29T12:55:07Z</time>
      </trkpt>
      <trkpt lat="39.894123" lon="116.64591">
        <time>2021-03-29T12:55:12Z</time>
      </trkpt>
      <trkpt lat="39.894287" lon="116.645981">
        <time>2021-03-29T12:55:17Z</time>
      </trkpt>
      <trkpt lat="39.894348" lon="116.646033">
        <time>2021-03-29T12:55:22Z</time>
      </trkpt>
      <trkpt lat="39.894447" lon="116.646084">
        <time>2021-03-29T12:55:27Z</time>
      </trkpt>
      <trkpt lat="39.894676" lon="116.646227">
        <time>2021-03-29T12:55:32Z</time>
      </trkpt>
      <trkpt lat="39.894699" lon="116.646237">
        <time>2021-03-29T12:55:37Z</time>
      </trkpt>
      <trkpt lat="39.894831" lon="116.646283">
        <time>2021-03-29T12:55:42Z</time>
      </trkpt>
      <trkpt lat="39.894958" lon="116.646346">
        <time>2021-03-29T12:55:47Z</time>
      </trkpt>
      <trkpt lat="39.895096" lon="116.646422">
        <time>2021-03-29T12:55:52Z</time>
      </trkpt>
      <trkpt lat="39.895241" lon="116.646496">
        <time>2021-03-29T12:55:57Z</time>
      </trkpt>
      <trkpt lat="39.895451" lon="116.646586">
        <time>2021-03-29T12:56:02Z</time>
      </trkpt>
      <trkpt lat="39.895477" lon="116.646597">
        <time>2021-03-29T12:56:07Z</time>
      </trkpt>
      <trkpt lat="39.895616" lon="116.646641">
        <time>2021-03-29T12:56:12Z</time>
      </trkpt>
      <trkpt lat="39.895738" lon="116.646698">
        <time>2021-03-29T12:56:17Z</time>
      </trkpt>
      <trkpt lat="39.895838" lon="116.646733">
        <time>2021-03-29T12:56:22Z</time>
      </trkpt>
      <trkpt lat="39.896" lon="116.646741">
        <time>2021-03-29T12:56:27Z</time>
      </trkpt>
      <trkpt lat="39.896091" lon="116.646722">
        <time>2021-03-29T12:56:32Z</time>
      </trkpt>
      <trkpt lat="39.89612" lon="116.646582">
        <time>2021-03-29T12:56:37Z</time>
      </trkpt>
      <trkpt lat="39.896086" lon="116.646397">
        <time>2021-03-29T12:56:42Z</time>
      </trkpt>
      <trkpt lat="39.896066" lon="116.646249">
        <time>2021-03-29T12:56:47Z</time>
      </trkpt>
      <trkpt lat="39.896077" lon="116.64608">
        <time>2021-03-29T12:56:52Z</time>
      </trkpt>
      <trkpt lat="39.896073" lon="116.645913">
        <time>2021-03-29T12:56:57Z</time>
      </trkpt>
      <trkpt lat="39.896089" lon="116.645768">
        <time>2021-03-29T12:57:02Z</time>
      </trkpt>
      <trkpt lat="39.896108" lon="116.645599">
        <time>2021-03-29T12:57:07Z</time>
      </trkpt>
      <trkpt lat="39.896139" lon="116.645479">
        <time>2021-03-29T12:57:12Z</time>
      </trkpt>
      <trkpt lat="39.896149" lon="116.645313">
        <time>2021-03-29T12:57:17Z</time>
      </trkpt>
      <trkpt lat="39.89614" lon="116.645152">
        <time>2021-03-29T12:57:22Z</time>
      </trkpt>
      <trkpt lat="39.896162" lon="116.645001">
        <time>2021-03-29T12:57:27Z</time>
      </trkpt>
      <trkpt lat="39.896164" lon="116.64482">
        <time>2021-03-29T12:57:32Z</time>
      </trkpt>
      <trkpt lat="39.896172" lon="116.64466">
        <time>2021-03-29T12:57:37Z</time>
      </trkpt>
      <trkpt lat="39.896166" lon="116.644491">
        <time>2021-03-29T12:57:42Z</time>
      </trkpt>
      <trkpt lat="39.896174" lon="116.644357">
        <time>2021-03-29T12:57:47Z</time>
      </trkpt>
      <trkpt lat="39.896158" lon="116.644279">
        <time>2021-03-29T12:57:52Z</time>
      </trkpt>
      <trkpt lat="39.896147" lon="116.644194">
        <time>2021-03-29T12:57:57Z</time>
      </trkpt>
      <trkpt lat="39.896131" lon="116.644051">
        <time>2021-03-29T12:58:02Z</time>
      </trkpt>
      <trkpt lat="39.896139" lon="116.643912">
        <time>2021-03-29T12:58:07Z</time>
      </trkpt>
      <trkpt lat="39.896146" lon="116.643775">
        <time>2021-03-29T12:58:12Z</time>
      </trkpt>
      <trkpt lat="39.896143" lon="116.64363">
        <time>2021-03-29T12:58:17Z</time>
      </trkpt>
      <trkpt lat="39.896147" lon="116.643498">
        <time>2021-03-29T12:58:22Z</time>
      </trkpt>
      <trkpt lat="39.896152" lon="116.643342">
        <time>2021-03-29T12:58:27Z</time>
      </trkpt>
      <trkpt lat="39.896143" lon="116.643196">
        <time>2021-03-29T12:58:32Z</time>
      </trkpt>
      <trkpt lat="39.89615" lon="116.643037">
        <time>2021-03-29T12:58:37Z</time>
      </trkpt>
      <trkpt lat="39.896136" lon="116.642879">
        <time>2021-03-29T12:58:42Z</time>
      </trkpt>
      <trkpt lat="39.896146" lon="116.642721">
        <time>2021-03-29T12:58:47Z</time>
      </trkpt>
      <trkpt lat="39.896168" lon="116.642509">
        <time>2021-03-29T12:58:52Z</time>
      </trkpt>
      <trkpt lat="39.89618" lon="116.64242">
        <time>2021-03-29T12:58:57Z</time>
      </trkpt>
      <trkpt lat="39.896199" lon="116.642274">
        <time>2021-03-29T12:59:02Z</time>
      </trkpt>
      <trkpt lat="39.896204" lon="116.642139">
        <time>2021-03-29T12:59:07Z</time>
      </trkpt>
      <trkpt lat="39.8962" lon="116.642">
        <time>2021-03-29T12:59:12Z</time>
      </trkpt>
      <trkpt lat="39.896199" lon="116.64185">
        <time>2021-03-29T12:59:17Z</time>
      </trkpt>
      <trkpt lat="39.896186" lon="116.641731">
        <time>2021-03-29T12:59:22Z</time>
      </trkpt>
      <trkpt lat="39.896172" lon="116.641511">
        <time>2021-03-29T12:59:27Z</time>
      </trkpt>
      <trkpt lat="39.896172" lon="116.641415">
        <time>2021-03-29T12:59:32Z</time>
      </trkpt>
      <trkpt lat="39.89617" lon="116.64125">
        <time>2021-03-29T12:59:37Z</time>
      </trkpt>
      <trkpt lat="39.896173" lon="116.641102">
        <time>2021-03-29T12:59:42Z</time>
      </trkpt>
      <trkpt lat="39.896175" lon="116.640946">
        <time>2021-03-29T12:59:47Z</time>
      </trkpt>
      <trkpt lat="39.896193" lon="116.640829">
        <time>2021-03-29T12:59:52Z</time>
      </trkpt>
      <trkpt lat="39.896192" lon="116.640687">
        <time>2021-03-29T12:59:57Z</time>
      </trkpt>
      <trkpt lat="39.896214" lon="116.640509">
        <time>2021-03-29T13:00:02Z</time>
      </trkpt>
      <trkpt lat="39.89621" lon="116.640343">
        <time>2021-03-29T13:00:07Z</time>
      </trkpt>
      <trkpt lat="39.89617" lon="116.640146">
        <time>2021-03-29T13:00:12Z</time>
      </trkpt>
      <trkpt lat="39.896172" lon="116.63997">
        <time>2021-03-29T13:00:17Z</time>
      </trkpt>
      <trkpt lat="39.896124" lon="116.639801">
        <time>2021-03-29T13:00:22Z</time>
      </trkpt>
      <trkpt lat="39.896118" lon="116.639626">
        <time>2021-03-29T13:00:27Z</time>
      </trkpt>
      <trkpt lat="39.896122" lon="116.639457">
        <time>2021-03-29T13:00:32Z</time>
      </trkpt>
      <trkpt lat="39.896089" lon="116.639315">
        <time>2021-03-29T13:00:37Z</time>
      </trkpt>
      <trkpt lat="39.896097" lon="116.639171">
        <time>2021-03-29T13:00:42Z</time>
      </trkpt>
      <trkpt lat="39.896079" lon="116.638985">
        <time>2021-03-29T13:00:47Z</time>
      </trkpt>
      <trkpt lat="39.896061" lon="116.63882">
        <time>2021-03-29T13:00:52Z</time>
      </trkpt>
      <trkpt lat="39.896073" lon="116.638682">
        <time>2021-03-29T13:00:57Z</time>
      </trkpt>
      <trkpt lat="39.896079" lon="116.638551">
        <time>2021-03-29T13:01:02Z</time>
      </trkpt>
      <trkpt lat="39.896071" lon="116.638388">
        <time>2021-03-29T13:01:07Z</time>
      </trkpt>
      <trkpt lat="39.896084" lon="116.638268">
        <time>2021-03-29T13:01:12Z</time>
      </trkpt>
      <trkpt lat="39.896082" lon="116.638105">
        <time>2021-03-29T13:01:17Z</time>
      </trkpt>
      <trkpt lat="39.896074" lon="116.637949">
        <time>2021-03-29T13:01:22Z</time>
      </trkpt>
      <trkpt lat="39.896069" lon="116.637829">
        <time>2021-03-29T13:01:27Z</time>
      </trkpt>
      <trkpt lat="39.89607" lon="116.637662">
        <time>2021-03-29T13:01:32Z</time>
      </trkpt>
      <trkpt lat="39.896055" lon="116.637495">
        <time>2021-03-29T13:01:37Z</time>
      </trkpt>
      <trkpt lat="39.896054" lon="116.63736">
        <time>2021-03-29T13:01:42Z</time>
      </trkpt>
      <trkpt lat="39.896066" lon="116.63722">
        <time>2021-03-29T13:01:47Z</time>
      </trkpt>
      <trkpt lat="39.896059" lon="116.63708">
        <time>2021-03-29T13:01:52Z</time>
      </trkpt>
      <trkpt lat="39.896063" lon="116.636923">
        <time>2021-03-29T13:01:57Z</time>
      </trkpt>
      <trkpt lat="39.896034" lon="116.636759">
        <time>2021-03-29T13:02:02Z</time>
      </trkpt>
      <trkpt lat="39.895962" lon="116.636633">
        <time>2021-03-29T13:02:07Z</time>
      </trkpt>
      <trkpt lat="39.895986" lon="116.636735">
        <time>2021-03-29T13:02:12Z</time>
      </trkpt>
      <trkpt lat="39.896061" lon="116.636937">
        <time>2021-03-29T13:02:17Z</time>
      </trkpt>
      <trkpt lat="39.896069" lon="116.637115">
        <time>2021-03-29T13:02:22Z</time>
      </trkpt>
      <trkpt lat="39.896096" lon="116.637238">
        <time>2021-03-29T13:02:27Z</time>
      </trkpt>
      <trkpt lat="39.896115" lon="116.637333">
        <time>2021-03-29T13:02:32Z</time>
      </trkpt>
      <trkpt lat="39.896135" lon="116.637433">
        <time>2021-03-29T13:02:37Z</time>
      </trkpt>
      <trkpt lat="39.896158" lon="116.637591">
        <time>2021-03-29T13:02:42Z</time>
      </trkpt>
      <trkpt lat="39.896188" lon="116.637722">
        <time>2021-03-29T13:02:47Z</time>
      </trkpt>
      <trkpt lat="39.896194" lon="116.637888">
        <time>2021-03-29T13:02:52Z</time>
      </trkpt>
      <trkpt lat="39.896186" lon="116.638035">
        <time>2021-03-29T13:02:57Z</time>
      </trkpt>
      <trkpt lat="39.896185" lon="116.638171">
        <time>2021-03-29T13:03:02Z</time>
      </trkpt>
      <trkpt lat="39.896202" lon="116.638314">
        <time>2021-03-29T13:03:07Z</time>
      </trkpt>
      <trkpt lat="39.896221" lon="116.638471">
        <time>2021-03-29T13:03:12Z</time>
      </trkpt>
      <trkpt lat="39.896221" lon="116.638625">
        <time>2021-03-29T13:03:17Z</time>
      </trkpt>
      <trkpt lat="39.896233" lon="116.638759">
        <time>2021-03-29T13:03:22Z</time>
      </trkpt>
      <trkpt lat="39.89623" lon="116.638903">
        <time>2021-03-29T13:03:27Z</time>
      </trkpt>
      <trkpt lat="39.896239" lon="116.639078">
        <time>2021-03-29T13:03:32Z</time>
      </trkpt>
      <trkpt lat="39.896255" lon="116.639245">
        <time>2021-03-29T13:03:37Z</time>
      </trkpt>
      <trkpt lat="39.896253" lon="116.639355">
        <time>2021-03-29T13:03:42Z</time>
      </trkpt>
      <trkpt lat="39.896264" lon="116.639483">
        <time>2021-03-29T13:03:47Z</time>
      </trkpt>
      <trkpt lat="39.896258" lon="116.639631">
        <time>2021-03-29T13:03:52Z</time>
      </trkpt>
      <trkpt lat="39.89626" lon="116.63977">
        <time>2021-03-29T13:03:57Z</time>
      </trkpt>
      <trkpt lat="39.896296" lon="116.639938">
        <time>2021-03-29T13:04:02Z</time>
      </trkpt>
      <trkpt lat="39.896313" lon="116.6401">
        <time>2021-03-29T13:04:07Z</time>
      </trkpt>
      <trkpt lat="39.896312" lon="116.640274">
        <time>2021-03-29T13:04:12Z</time>
      </trkpt>
      <trkpt lat="39.896283" lon="116.640434">
        <time>2021-03-29T13:04:17Z</time>
      </trkpt>
      <trkpt lat="39.896277" lon="116.64062">
        <time>2021-03-29T13:04:22Z</time>
      </trkpt>
      <trkpt lat="39.896263" lon="116.640783">
        <time>2021-03-29T13:04:27Z</time>
      </trkpt>
      <trkpt lat="39.896246" lon="116.640936">
        <time>2021-03-29T13:04:32Z</time>
      </trkpt>
      <trkpt lat="39.896235" lon="116.641086">
        <time>2021-03-29T13:04:37Z</time>
      </trkpt>
      <trkpt lat="39.896266" lon="116.641248">
        <time>2021-03-29T13:04:42Z</time>
      </trkpt>
      <trkpt lat="39.896281" lon="116.641394">
        <time>2021-03-29T13:04:47Z</time>
      </trkpt>
      <trkpt lat="39.896286" lon="116.641541">
        <time>2021-03-29T13:04:52Z</time>
      </trkpt>
      <trkpt lat="39.89628" lon="116.641688">
        <time>2021-03-29T13:04:57Z</time>
      </trkpt>
      <trkpt lat="39.896271" lon="116.641819">
        <time>2021-03-29T13:05:02Z</time>
      </trkpt>
      <trkpt lat="39.896249" lon="116.641945">
        <time>2021-03-29T13:05:07Z</time>
      </trkpt>
      <trkpt lat="39.896237" lon="116.642084">
        <time>2021-03-29T13:05:12Z</time>
      </trkpt>
      <trkpt lat="39.896262" lon="116.642261">
        <time>2021-03-29T13:05:17Z</time>
      </trkpt>
      <trkpt lat="39.896256" lon="116.642422">
        <time>2021-03-29T13:05:22Z</time>
      </trkpt>
      <trkpt lat="39.896228" lon="116.642573">
        <time>2021-03-29T13:05:27Z</time>
      </trkpt>
      <trkpt lat="39.896225" lon="116.642711">
        <time>2021-03-29T13:05:32Z</time>
      </trkpt>
      <trkpt lat="39.896212" lon="116.642877">
        <time>2021-03-29T13:05:37Z</time>
      </trkpt>
      <trkpt lat="39.89619" lon="116.643044">
        <time>2021-03-29T13:05:42Z</time>
      </trkpt>
      <trkpt lat="39.896199" lon="116.643163">
        <time>2021-03-29T13:05:47Z</time>
      </trkpt>
      <trkpt lat="39.896205" lon="116.643314">
        <time>2021-03-29T13:05:52Z</time>
      </trkpt>
      <trkpt lat="39.896208" lon="116.643455">
        <time>2021-03-29T13:05:57Z</time>
      </trkpt>
      <trkpt lat="39.896189" lon="116.643569">
        <time>2021-03-29T13:06:02Z</time>
      </trkpt>
      <trkpt lat="39.896199" lon="116.643682">
        <time>2021-03-29T13:06:07Z</time>
      </trkpt>
      <trkpt lat="39.896214" lon="116.643824">
        <time>2021-03-29T13:06:12Z</time>
      </trkpt>
      <trkpt lat="39.896232" lon="116.643947">
        <time>2021-03-29T13:06:17Z</time>
      </trkpt>
      <trkpt lat="39.896239" lon="116.644103">
        <time>2021-03-29T13:06:22Z</time>
      </trkpt>
      <trkpt lat="39.89625" lon="116.64425">
        <time>2021-03-29T13:06:27Z</time>
      </trkpt>
      <trkpt lat="39.896246" lon="116.644383">
        <time>2021-03-29T13:06:32Z</time>
      </trkpt>
      <trkpt lat="39.89623" lon="116.644522">
        <time>2021-03-29T13:06:37Z</time>
      </trkpt>
      <trkpt lat="39.896245" lon="116.644663">
        <time>2021-03-29T13:06:42Z</time>
      </trkpt>
      <trkpt lat="39.896244" lon="116.644783">
        <time>2021-03-29T13:06:47Z</time>
      </trkpt>
      <trkpt lat="39.896244" lon="116.644879">
        <time>2021-03-29T13:06:52Z</time>
      </trkpt>
      <trkpt lat="39.896224" lon="116.645037">
        <time>2021-03-29T13:06:57Z</time>
      </trkpt>
      <trkpt lat="39.896144" lon="116.645227">
        <time>2021-03-29T13:07:02Z</time>
      </trkpt>
      <trkpt lat="39.896162" lon="116.645386">
        <time>2021-03-29T13:07:07Z</time>
      </trkpt>
      <trkpt lat="39.896169" lon="116.645542">
        <time>2021-03-29T13:07:12Z</time>
      </trkpt>
      <trkpt lat="39.896135" lon="116.645669">
        <time>2021-03-29T13:07:17Z</time>
      </trkpt>
      <trkpt lat="39.896101" lon="116.645828">
        <time>2021-03-29T13:07:22Z</time>
      </trkpt>
      <trkpt lat="39.896082" lon="116.646004">
        <time>2021-03-29T13:07:27Z</time>
      </trkpt>
      <trkpt lat="39.896092" lon="116.646175">
        <time>2021-03-29T13:07:32Z</time>
      </trkpt>
      <trkpt lat="39.896083" lon="116.64634">
        <time>2021-03-29T13:07:37Z</time>
      </trkpt>
      <trkpt lat="39.89605" lon="116.646514">
        <time>2021-03-29T13:07:42Z</time>
      </trkpt>
      <trkpt lat="39.896049" lon="116.646698">
        <time>2021-03-29T13:07:47Z</time>
      </trkpt>
      <trkpt lat="39.89602" lon="116.646853">
        <time>2021-03-29T13:07:52Z</time>
      </trkpt>
      <trkpt lat="39.895874" lon="116.646872">
        <time>2021-03-29T13:07:57Z</time>
      </trkpt>
      <trkpt lat="39.895755" lon="116.646772">
        <time>2021-03-29T13:08:02Z</time>
      </trkpt>
      <trkpt lat="39.895628" lon="116.646677">
        <time>2021-03-29T13:08:07Z</time>
      </trkpt>
      <trkpt lat="39.895512" lon="116.646609">
        <time>2021-03-29T13:08:12Z</time>
      </trkpt>
      <trkpt lat="39.895375" lon="116.646562">
        <time>2021-03-29T13:08:17Z</time>
      </trkpt>
      <trkpt lat="39.895255" lon="116.646503">
        <time>2021-03-29T13:08:22Z</time>
      </trkpt>
      <trkpt lat="39.895134" lon="116.646452">
        <time>2021-03-29T13:08:27Z</time>
      </trkpt>
      <trkpt lat="39.895" lon="116.646414">
        <time>2021-03-29T13:08:32Z</time>
      </trkpt>
      <trkpt lat="39.89488" lon="116.646385">
        <time>2021-03-29T13:08:37Z</time>
      </trkpt>
      <trkpt lat="39.894801" lon="116.646353">
        <time>2021-03-29T13:08:42Z</time>
      </trkpt>
      <trkpt lat="39.894705" lon="116.646305">
        <time>2021-03-29T13:08:47Z</time>
      </trkpt>
      <trkpt lat="39.894606" lon="116.646279">
        <time>2021-03-29T13:08:52Z</time>
      </trkpt>
      <trkpt lat="39.894431" lon="116.646206">
        <time>2021-03-29T13:08:57Z</time>
      </trkpt>
      <trkpt lat="39.894393" lon="116.646192">
        <time>2021-03-29T13:09:02Z</time>
      </trkpt>
      <trkpt lat="39.8943" lon="116.646128">
        <time>2021-03-29T13:09:07Z</time>
      </trkpt>
      <trkpt lat="39.894193" lon="116.64604">
        <time>2021-03-29T13:09:12Z</time>
      </trkpt>
      <trkpt lat="39.894103" lon="116.645964">
        <time>2021-03-29T13:09:17Z</time>
      </trkpt>
      <trkpt lat="39.893975" lon="116.645958">
        <time>2021-03-29T13:09:22Z</time>
      </trkpt>
      <trkpt lat="39.893863" lon="116.646068">
        <time>2021-03-29T13:09:27Z</time>
      </trkpt>
      <trkpt lat="39.893788" lon="116.646248">
        <time>2021-03-29T13:09:32Z</time>
      </trkpt>
      <trkpt lat="39.893628" lon="116.646448">
        <time>2021-03-29T13:09:37Z</time>
      </trkpt>
      <trkpt lat="39.893601" lon="116.646462">
        <time>2021-03-29T13:09:42Z</time>
      </trkpt>
      <trkpt lat="39.893453" lon="116.646412">
        <time>2021-03-29T13:09:47Z</time>
      </trkpt>
      <trkpt lat="39.893372" lon="116.646343">
        <time>2021-03-29T13:09:52Z</time>
      </trkpt>
      <trkpt lat="39.8933" lon="116.64625">
        <time>2021-03-29T13:09:57Z</time>
      </trkpt>
      <trkpt lat="39.893179" lon="116.646196">
        <time>2021-03-29T13:10:02Z</time>
      </trkpt>
      <trkpt lat="39.893055" lon="116.646178">
        <time>2021-03-29T13:10:07Z</time>
      </trkpt>
      <trkpt lat="39.892955" lon="116.646103">
        <time>2021-03-29T13:10:12Z</time>
      </trkpt>
      <trkpt lat="39.892858" lon="116.646027">
        <time>2021-03-29T13:10:17Z</time>
      </trkpt>
      <trkpt lat="39.892735" lon="116.645985">
        <time>2021-03-29T13:10:22Z</time>
      </trkpt>
      <trkpt lat="39.892629" lon="116.645932">
        <time>2021-03-29T13:10:27Z</time>
      </trkpt>
      <trkpt lat="39.892525" lon="116.645921">
        <time>2021-03-29T13:10:32Z</time>
      </trkpt>
      <trkpt lat="39.892422" lon="116.645893">
        <time>2021-03-29T13:10:37Z</time>
      </trkpt>
      <trkpt lat="39.892308" lon="116.645844">
        <time>2021-03-29T13:10:42Z</time>
      </trkpt>
      <trkpt lat="39.892209" lon="116.645759">
        <time>2021-03-29T13:10:47Z</time>
      </trkpt>
      <trkpt lat="39.892103" lon="116.645683">
        <time>2021-03-29T13:10:52Z</time>
      </trkpt>
      <trkpt lat="39.891985" lon="116.64562">
        <time>2021-03-29T13:10:57Z</time>
      </trkpt>
      <trkpt lat="39.891879" lon="116.64556">
        <time>2021-03-29T13:11:02Z</time>
      </trkpt>
      <trkpt lat="39.891806" lon="116.645516">
        <time>2021-03-29T13:11:07Z</time>
      </trkpt>
      <trkpt lat="39.891694" lon="116.645433">
        <time>2021-03-29T13:11:12Z</time>
      </trkpt>
      <trkpt lat="39.891595" lon="116.645352">
        <time>2021-03-29T13:11:17Z</time>
      </trkpt>
      <trkpt lat="39.891516" lon="116.645373">
        <time>2021-03-29T13:11:22Z</time>
      </trkpt>
      <trkpt lat="39.891627" lon="116.645428">
        <time>2021-03-29T13:11:27Z</time>
      </trkpt>
      <trkpt lat="39.891754" lon="116.645485">
        <time>2021-03-29T13:11:32Z</time>
      </trkpt>
      <trkpt lat="39.891894" lon="116.645516">
        <time>2021-03-29T13:11:37Z</time>
      </trkpt>
      <trkpt lat="39.892001" lon="116.645533">
        <time>2021-03-29T13:11:42Z</time>
      </trkpt>
      <trkpt lat="39.892158" lon="116.645584">
        <time>2021-03-29T13:11:47Z</time>
      </trkpt>
      <trkpt lat="39.892307" lon="116.645646">
        <time>2021-03-29T13:11:52Z</time>
      </trkpt>
      <trkpt lat="39.892385" lon="116.645682">
        <time>2021-03-29T13:11:57Z</time>
      </trkpt>
      <trkpt lat="39.892467" lon="116.645759">
        <time>2021-03-29T13:12:02Z</time>
      </trkpt>
      <trkpt lat="39.892602" lon="116.645824">
        <time>2021-03-29T13:12:07Z</time>
      </trkpt>
      <trkpt lat="39.892718" lon="116.645903">
        <time>2021-03-29T13:12:12Z</time>
      </trkpt>
      <trkpt lat="39.892823" lon="116.64596">
        <time>2021-03-29T13:12:17Z</time>
      </trkpt>
      <trkpt lat="39.892977" lon="116.645958">
        <time>2021-03-29T13:12:22Z</time>
      </trkpt>
      <trkpt lat="39.893106" lon="116.645996">
        <time>2021-03-29T13:12:27Z</time>
      </trkpt>
      <trkpt lat="39.893195" lon="116.646071">
        <time>2021-03-29T13:12:32Z</time>
      </trkpt>
      <trkpt lat="39.893316" lon="116.646137">
        <time>2021-03-29T13:12:37Z</time>
      </trkpt>
      <trkpt lat="39.893448" lon="116.646184">
        <time>2021-03-29T13:12:42Z</time>
      </trkpt>
      <trkpt lat="39.893558" lon="116.646272">
        <time>2021-03-29T13:12:47Z</time>
      </trkpt>
      <trkpt lat="39.893674" lon="116.646332">
        <time>2021-03-29T13:12:52Z</time>
      </trkpt>
      <trkpt lat="39.893785" lon="116.646341">
        <time>2021-03-29T13:12:57Z</time>
      </trkpt>
      <trkpt lat="39.893851" lon="116.646184">
        <time>2021-03-29T13:13:02Z</time>
      </trkpt>
      <trkpt lat="39.893923" lon="116.646047">
        <time>2021-03-29T13:13:07Z</time>
      </trkpt>
      <trkpt lat="39.893983" lon="116.645903">
        <time>2021-03-29T13:13:12Z</time>
      </trkpt>
      <trkpt lat="39.894071" lon="116.645847">
        <time>2021-03-29T13:13:17Z</time>
      </trkpt>
      <trkpt lat="39.894164" lon="116.645926">
        <time>2021-03-29T13:13:22Z</time>
      </trkpt>
      <trkpt lat="39.894283" lon="116.646015">
        <time>2021-03-29T13:13:27Z</time>
      </trkpt>
      <trkpt lat="39.894335" lon="116.646071">
        <time>2021-03-29T13:13:32Z</time>
      </trkpt>
      <trkpt lat="39.894474" lon="116.646168">
        <time>2021-03-29T13:13:37Z</time>
      </trkpt>
      <trkpt lat="39.89467" lon="116.646193">
        <time>2021-03-29T13:13:42Z</time>
      </trkpt>
      <trkpt lat="39.894693" lon="116.646202">
        <time>2021-03-29T13:13:47Z</time>
      </trkpt>
      <trkpt lat="39.894748" lon="116.64631">
        <time>2021-03-29T13:13:52Z</time>
      </trkpt>
      <trkpt lat="39.894866" lon="116.646373">
        <time>2021-03-29T13:13:57Z</time>
      </trkpt>
      <trkpt lat="39.895003" lon="116.646412">
        <time>2021-03-29T13:14:02Z</time>
      </trkpt>
      <trkpt lat="39.895127" lon="116.646468">
        <time>2021-03-29T13:14:07Z</time>
      </trkpt>
      <trkpt lat="39.895239" lon="116.646515">
        <time>2021-03-29T13:14:12Z</time>
      </trkpt>
      <trkpt lat="39.895442" lon="116.646594">
        <time>2021-03-29T13:14:17Z</time>
      </trkpt>
      <trkpt lat="39.895496" lon="116.646607">
        <time>2021-03-29T13:14:22Z</time>
      </trkpt>
      <trkpt lat="39.895621" lon="116.646657">
        <time>2021-03-29T13:14:27Z</time>
      </trkpt>
      <trkpt lat="39.895739" lon="116.646706">
        <time>2021-03-29T13:14:32Z</time>
      </trkpt>
      <trkpt lat="39.895844" lon="116.646761">
        <time>2021-03-29T13:14:37Z</time>
      </trkpt>
      <trkpt lat="39.895975" lon="116.646804">
        <time>2021-03-29T13:14:42Z</time>
      </trkpt>
      <trkpt lat="39.896089" lon="116.646792">
        <time>2021-03-29T13:14:47Z</time>
      </trkpt>
      <trkpt lat="39.896124" lon="116.646622">
        <time>2021-03-29T13:14:52Z</time>
      </trkpt>
      <trkpt lat="39.896097" lon="116.646436">
        <time>2021-03-29T13:14:57Z</time>
      </trkpt>
      <trkpt lat="39.896077" lon="116.646257">
        <time>2021-03-29T13:15:02Z</time>
      </trkpt>
      <trkpt lat="39.896096" lon="116.646108">
        <time>2021-03-29T13:15:07Z</time>
      </trkpt>
      <trkpt lat="39.896104" lon="116.645945">
        <time>2021-03-29T13:15:12Z</time>
      </trkpt>
      <trkpt lat="39.896087" lon="116.64579">
        <time>2021-03-29T13:15:17Z</time>
      </trkpt>
      <trkpt lat="39.896083" lon="116.645648">
        <time>2021-03-29T13:15:22Z</time>
      </trkpt>
      <trkpt lat="39.896131" lon="116.645509">
        <time>2021-03-29T13:15:27Z</time>
      </trkpt>
      <trkpt lat="39.896153" lon="116.645328">
        <time>2021-03-29T13:15:32Z</time>
      </trkpt>
      <trkpt lat="39.896145" lon="116.645181">
        <time>2021-03-29T13:15:37Z</time>
      </trkpt>
      <trkpt lat="39.896159" lon="116.645055">
        <time>2021-03-29T13:15:42Z</time>
      </trkpt>
      <trkpt lat="39.896153" lon="116.644896">
        <time>2021-03-29T13:15:47Z</time>
      </trkpt>
      <trkpt lat="39.896165" lon="116.64474">
        <time>2021-03-29T13:15:52Z</time>
      </trkpt>
      <trkpt lat="39.896158" lon="116.644568">
        <time>2021-03-29T13:15:57Z</time>
      </trkpt>
      <trkpt lat="39.896135" lon="116.64439">
        <time>2021-03-29T13:16:02Z</time>
      </trkpt>
      <trkpt lat="39.89612" lon="116.644236">
        <time>2021-03-29T13:16:07Z</time>
      </trkpt>
      <trkpt lat="39.896116" lon="116.644085">
        <time>2021-03-29T13:16:12Z</time>
      </trkpt>
      <trkpt lat="39.896128" lon="116.643923">
        <time>2021-03-29T13:16:17Z</time>
      </trkpt>
      <trkpt lat="39.896138" lon="116.643769">
        <time>2021-03-29T13:16:22Z</time>
      </trkpt>
      <trkpt lat="39.896137" lon="116.64362">
        <time>2021-03-29T13:16:27Z</time>
      </trkpt>
      <trkpt lat="39.896151" lon="116.643473">
        <time>2021-03-29T13:16:32Z</time>
      </trkpt>
      <trkpt lat="39.896147" lon="116.643325">
        <time>2021-03-29T13:16:37Z</time>
      </trkpt>
      <trkpt lat="39.896146" lon="116.643199">
        <time>2021-03-29T13:16:42Z</time>
      </trkpt>
      <trkpt lat="39.896181" lon="116.643085">
        <time>2021-03-29T13:16:47Z</time>
      </trkpt>
      <trkpt lat="39.896168" lon="116.642934">
        <time>2021-03-29T13:16:52Z</time>
      </trkpt>
      <trkpt lat="39.896139" lon="116.642822">
        <time>2021-03-29T13:16:57Z</time>
      </trkpt>
      <trkpt lat="39.896141" lon="116.642718">
        <time>2021-03-29T13:17:02Z</time>
      </trkpt>
      <trkpt lat="39.896164" lon="116.64252">
        <time>2021-03-29T13:17:07Z</time>
      </trkpt>
      <trkpt lat="39.896152" lon="116.642416">
        <time>2021-03-29T13:17:12Z</time>
      </trkpt>
      <trkpt lat="39.896167" lon="116.642271">
        <time>2021-03-29T13:17:17Z</time>
      </trkpt>
      <trkpt lat="39.896165" lon="116.642071">
        <time>2021-03-29T13:17:22Z</time>
      </trkpt>
      <trkpt lat="39.89618" lon="116.641996">
        <time>2021-03-29T13:17:27Z</time>
      </trkpt>
      <trkpt lat="39.896226" lon="116.64188">
        <time>2021-03-29T13:17:32Z</time>
      </trkpt>
      <trkpt lat="39.896208" lon="116.641613">
        <time>2021-03-29T13:17:37Z</time>
      </trkpt>
      <trkpt lat="39.896202" lon="116.641556">
        <time>2021-03-29T13:17:42Z</time>
      </trkpt>
      <trkpt lat="39.896176" lon="116.641395">
        <time>2021-03-29T13:17:47Z</time>
      </trkpt>
      <trkpt lat="39.896182" lon="116.641233">
        <time>2021-03-29T13:17:52Z</time>
      </trkpt>
      <trkpt lat="39.89618" lon="116.64109">
        <time>2021-03-29T13:17:57Z</time>
      </trkpt>
      <trkpt lat="39.896197" lon="116.640975">
        <time>2021-03-29T13:18:02Z</time>
      </trkpt>
      <trkpt lat="39.896188" lon="116.640837">
        <time>2021-03-29T13:18:07Z</time>
      </trkpt>
      <trkpt lat="39.896212" lon="116.640701">
        <time>2021-03-29T13:18:12Z</time>
      </trkpt>
      <trkpt lat="39.896202" lon="116.640561">
        <time>2021-03-29T13:18:17Z</time>
      </trkpt>
      <trkpt lat="39.896212" lon="116.640417">
        <time>2021-03-29T13:18:22Z</time>
      </trkpt>
      <trkpt lat="39.896207" lon="116.640231">
        <time>2021-03-29T13:18:27Z</time>
      </trkpt>
      <trkpt lat="39.89619" lon="116.640063">
        <time>2021-03-29T13:18:32Z</time>
      </trkpt>
      <trkpt lat="39.896211" lon="116.639927">
        <time>2021-03-29T13:18:37Z</time>
      </trkpt>
      <trkpt lat="39.896194" lon="116.63975">
        <time>2021-03-29T13:18:42Z</time>
      </trkpt>
      <trkpt lat="39.896156" lon="116.639563">
        <time>2021-03-29T13:18:47Z</time>
      </trkpt>
      <trkpt lat="39.896143" lon="116.639399">
        <time>2021-03-29T13:18:52Z</time>
      </trkpt>
      <trkpt lat="39.896129" lon="116.639247">
        <time>2021-03-29T13:18:57Z</time>
      </trkpt>
      <trkpt lat="39.896129" lon="116.639072">
        <time>2021-03-29T13:19:02Z</time>
      </trkpt>
      <trkpt lat="39.89612" lon="116.638891">
        <time>2021-03-29T13:19:07Z</time>
      </trkpt>
      <trkpt lat="39.896091" lon="116.638726">
        <time>2021-03-29T13:19:12Z</time>
      </trkpt>
      <trkpt lat="39.896093" lon="116.638561">
        <time>2021-03-29T13:19:17Z</time>
      </trkpt>
      <trkpt lat="39.896104" lon="116.638407">
        <time>2021-03-29T13:19:22Z</time>
      </trkpt>
      <trkpt lat="39.896094" lon="116.638254">
        <time>2021-03-29T13:19:27Z</time>
      </trkpt>
      <trkpt lat="39.896119" lon="116.638124">
        <time>2021-03-29T13:19:32Z</time>
      </trkpt>
      <trkpt lat="39.896153" lon="116.637984">
        <time>2021-03-29T13:19:37Z</time>
      </trkpt>
      <trkpt lat="39.896154" lon="116.637818">
        <time>2021-03-29T13:19:42Z</time>
      </trkpt>
      <trkpt lat="39.896116" lon="116.637643">
        <time>2021-03-29T13:19:47Z</time>
      </trkpt>
      <trkpt lat="39.896098" lon="116.637506">
        <time>2021-03-29T13:19:52Z</time>
      </trkpt>
      <trkpt lat="39.896118" lon="116.637356">
        <time>2021-03-29T13:19:57Z</time>
      </trkpt>
      <trkpt lat="39.896094" lon="116.637202">
        <time>2021-03-29T13:20:02Z</time>
      </trkpt>
      <trkpt lat="39.896086" lon="116.637058">
        <time>2021-03-29T13:20:07Z</time>
      </trkpt>
      <trkpt lat="39.89605" lon="116.636892">
        <time>2021-03-29T13:20:12Z</time>
      </trkpt>
      <trkpt lat="39.896003" lon="116.636768">
        <time>2021-03-29T13:20:17Z</time>
      </trkpt>
      <trkpt lat="39.895949" lon="116.636649">
        <time>2021-03-29T13:20:22Z</time>
      </trkpt>
      <trkpt lat="39.895918" lon="116.636628">
        <time>2021-03-29T13:20:27Z</time>
      </trkpt>
      <trkpt lat="39.895933" lon="116.636747">
        <time>2021-03-29T13:20:32Z</time>
      </trkpt>
      <trkpt lat="39.896014" lon="116.636877">
        <time>2021-03-29T13:20:37Z</time>
      </trkpt>
      <trkpt lat="39.896101" lon="116.637021">
        <time>2021-03-29T13:20:42Z</time>
      </trkpt>
      <trkpt lat="39.896147" lon="116.637203">
        <time>2021-03-29T13:20:47Z</time>
      </trkpt>
      <trkpt lat="39.896175" lon="116.637374">
        <time>2021-03-29T13:20:52Z</time>
      </trkpt>
      <trkpt lat="39.896182" lon="116.637517">
        <time>2021-03-29T13:20:57Z</time>
      </trkpt>
      <trkpt lat="39.896176" lon="116.637659">
        <time>2021-03-29T13:21:02Z</time>
      </trkpt>
      <trkpt lat="39.896172" lon="116.637822">
        <time>2021-03-29T13:21:07Z</time>
      </trkpt>
      <trkpt lat="39.896197" lon="116.63798">
        <time>2021-03-29T13:21:12Z</time>
      </trkpt>
      <trkpt lat="39.896219" lon="116.638153">
        <time>2021-03-29T13:21:17Z</time>
      </trkpt>
      <trkpt lat="39.896221" lon="116.638338">
        <time>2021-03-29T13:21:22Z</time>
      </trkpt>
      <trkpt lat="39.896235" lon="116.638527">
        <time>2021-03-29T13:21:27Z</time>
      </trkpt>
      <trkpt lat="39.896249" lon="116.638707">
        <time>2021-03-29T13:21:32Z</time>
      </trkpt>
      <trkpt lat="39.896222" lon="116.638849">
        <time>2021-03-29T13:21:37Z</time>
      </trkpt>
      <trkpt lat="39.896223" lon="116.638981">
        <time>2021-03-29T13:21:42Z</time>
      </trkpt>
      <trkpt lat="39.896241" lon="116.639144">
        <time>2021-03-29T13:21:47Z</time>
      </trkpt>
      <trkpt lat="39.89626" lon="116.63929">
        <time>2021-03-29T13:21:52Z</time>
      </trkpt>
      <trkpt lat="39.896261" lon="116.639408">
        <time>2021-03-29T13:21:57Z</time>
      </trkpt>
      <trkpt lat="39.896275" lon="116.639587">
        <time>2021-03-29T13:22:02Z</time>
      </trkpt>
      <trkpt lat="39.896281" lon="116.639745">
        <time>2021-03-29T13:22:07Z</time>
      </trkpt>
      <trkpt lat="39.896287" lon="116.639899">
        <time>2021-03-29T13:22:12Z</time>
      </trkpt>
      <trkpt lat="39.896287" lon="116.640033">
        <time>2021-03-29T13:22:17Z</time>
      </trkpt>
      <trkpt lat="39.896305" lon="116.6402">
        <time>2021-03-29T13:22:22Z</time>
      </trkpt>
      <trkpt lat="39.896338" lon="116.640346">
        <time>2021-03-29T13:22:27Z</time>
      </trkpt>
      <trkpt lat="39.896329" lon="116.640474">
        <time>2021-03-29T13:22:32Z</time>
      </trkpt>
      <trkpt lat="39.896293" lon="116.640643">
        <time>2021-03-29T13:22:37Z</time>
      </trkpt>
      <trkpt lat="39.896288" lon="116.640829">
        <time>2021-03-29T13:22:42Z</time>
      </trkpt>
      <trkpt lat="39.8963" lon="116.641001">
        <time>2021-03-29T13:22:47Z</time>
      </trkpt>
      <trkpt lat="39.896302" lon="116.641165">
        <time>2021-03-29T13:22:52Z</time>
      </trkpt>
      <trkpt lat="39.896283" lon="116.641283">
        <time>2021-03-29T13:22:57Z</time>
      </trkpt>
      <trkpt lat="39.896281" lon="116.641441">
        <time>2021-03-29T13:23:02Z</time>
      </trkpt>
      <trkpt lat="39.896289" lon="116.641608">
        <time>2021-03-29T13:23:07Z</time>
      </trkpt>
      <trkpt lat="39.896276" lon="116.641705">
        <time>2021-03-29T13:23:12Z</time>
      </trkpt>
      <trkpt lat="39.896247" lon="116.641795">
        <time>2021-03-29T13:23:17Z</time>
      </trkpt>
      <trkpt lat="39.89625" lon="116.641941">
        <time>2021-03-29T13:23:22Z</time>
      </trkpt>
      <trkpt lat="39.896239" lon="116.642081">
        <time>2021-03-29T13:23:27Z</time>
      </trkpt>
      <trkpt lat="39.896222" lon="116.642225">
        <time>2021-03-29T13:23:32Z</time>
      </trkpt>
      <trkpt lat="39.896229" lon="116.64242">
        <time>2021-03-29T13:23:37Z</time>
      </trkpt>
      <trkpt lat="39.896254" lon="116.642595">
        <time>2021-03-29T13:23:42Z</time>
      </trkpt>
      <trkpt lat="39.896239" lon="116.642736">
        <time>2021-03-29T13:23:47Z</time>
      </trkpt>
      <trkpt lat="39.896201" lon="116.642888">
        <time>2021-03-29T13:23:52Z</time>
      </trkpt>
      <trkpt lat="39.896197" lon="116.643068">
        <time>2021-03-29T13:23:57Z</time>
      </trkpt>
      <trkpt lat="39.896187" lon="116.643253">
        <time>2021-03-29T13:24:02Z</time>
      </trkpt>
      <trkpt lat="39.896199" lon="116.643422">
        <time>2021-03-29T13:24:07Z</time>
      </trkpt>
      <trkpt lat="39.89622" lon="116.643586">
        <time>2021-03-29T13:24:12Z</time>
      </trkpt>
      <trkpt lat="39.896201" lon="116.643717">
        <time>2021-03-29T13:24:17Z</time>
      </trkpt>
      <trkpt lat="39.896218" lon="116.643885">
        <time>2021-03-29T13:24:22Z</time>
      </trkpt>
      <trkpt lat="39.896233" lon="116.644033">
        <time>2021-03-29T13:24:27Z</time>
      </trkpt>
      <trkpt lat="39.896228" lon="116.644178">
        <time>2021-03-29T13:24:32Z</time>
      </trkpt>
      <trkpt lat="39.896238" lon="116.644364">
        <time>2021-03-29T13:24:37Z</time>
      </trkpt>
      <trkpt lat="39.896255" lon="116.644546">
        <time>2021-03-29T13:24:42Z</time>
      </trkpt>
      <trkpt lat="39.896247" lon="116.644672">
        <time>2021-03-29T13:24:47Z</time>
      </trkpt>
      <trkpt lat="39.896241" lon="116.644842">
        <time>2021-03-29T13:24:52Z</time>
      </trkpt>
      <trkpt lat="39.896245" lon="116.645009">
        <time>2021-03-29T13:24:57Z</time>
      </trkpt>
      <trkpt lat="39.896219" lon="116.645104">
        <time>2021-03-29T13:25:02Z</time>
      </trkpt>
      <trkpt lat="39.89619" lon="116.645245">
        <time>2021-03-29T13:25:07Z</time>
      </trkpt>
      <trkpt lat="39.89618" lon="116.645413">
        <time>2021-03-29T13:25:12Z</time>
      </trkpt>
      <trkpt lat="39.896136" lon="116.645557">
        <time>2021-03-29T13:25:17Z</time>
      </trkpt>
      <trkpt lat="39.896116" lon="116.645758">
        <time>2021-03-29T13:25:22Z</time>
      </trkpt>
      <trkpt lat="39.896126" lon="116.645973">
        <time>2021-03-29T13:25:27Z</time>
      </trkpt>
      <trkpt lat="39.896091" lon="116.646142">
        <time>2021-03-29T13:25:32Z</time>
      </trkpt>
      <trkpt lat="39.896078" lon="116.64632">
        <time>2021-03-29T13:25:37Z</time>
      </trkpt>
      <trkpt lat="39.896068" lon="116.646481">
        <time>2021-03-29T13:25:42Z</time>
      </trkpt>
      <trkpt lat="39.896048" lon="116.64664">
        <time>2021-03-29T13:25:47Z</time>
      </trkpt>
      <trkpt lat="39.89602" lon="116.646814">
        <time>2021-03-29T13:25:52Z</time>
      </trkpt>
      <trkpt lat="39.895907" lon="116.646844">
        <time>2021-03-29T13:25:57Z</time>
      </trkpt>
      <trkpt lat="39.895737" lon="116.646767">
        <time>2021-03-29T13:26:02Z</time>
      </trkpt>
      <trkpt lat="39.89557" lon="116.646705">
        <time>2021-03-29T13:26:07Z</time>
      </trkpt>
      <trkpt lat="39.895447" lon="116.64663">
        <time>2021-03-29T13:26:12Z</time>
      </trkpt>
      <trkpt lat="39.89534" lon="116.646571">
        <time>2021-03-29T13:26:17Z</time>
      </trkpt>
      <trkpt lat="39.895215" lon="116.64651">
        <time>2021-03-29T13:26:22Z</time>
      </trkpt>
      <trkpt lat="39.895075" lon="116.646477">
        <time>2021-03-29T13:26:27Z</time>
      </trkpt>
      <trkpt lat="39.894874" lon="116.646377">
        <time>2021-03-29T13:26:32Z</time>
      </trkpt>
      <trkpt lat="39.894855" lon="116.64637">
        <time>2021-03-29T13:26:37Z</time>
      </trkpt>
      <trkpt lat="39.894753" lon="116.646347">
        <time>2021-03-29T13:26:42Z</time>
      </trkpt>
      <trkpt lat="39.894634" lon="116.646286">
        <time>2021-03-29T13:26:47Z</time>
      </trkpt>
      <trkpt lat="39.894424" lon="116.646202">
        <time>2021-03-29T13:26:52Z</time>
      </trkpt>
      <trkpt lat="39.894403" lon="116.646193">
        <time>2021-03-29T13:26:57Z</time>
      </trkpt>
      <trkpt lat="39.894292" lon="116.646157">
        <time>2021-03-29T13:27:02Z</time>
      </trkpt>
      <trkpt lat="39.894075" lon="116.64602">
        <time>2021-03-29T13:27:07Z</time>
      </trkpt>
      <trkpt lat="39.894056" lon="116.646003">
        <time>2021-03-29T13:27:12Z</time>
      </trkpt>
      <trkpt lat="39.893955" lon="116.645935">
        <time>2021-03-29T13:27:17Z</time>
      </trkpt>
      <trkpt lat="39.893822" lon="116.646069">
        <time>2021-03-29T13:27:22Z</time>
      </trkpt>
      <trkpt lat="39.893805" lon="116.646138">
        <time>2021-03-29T13:27:27Z</time>
      </trkpt>
      <trkpt lat="39.893738" lon="116.646234">
        <time>2021-03-29T13:27:32Z</time>
      </trkpt>
      <trkpt lat="39.893615" lon="116.646393">
        <time>2021-03-29T13:27:37Z</time>
      </trkpt>
      <trkpt lat="39.893563" lon="116.646402">
        <time>2021-03-29T13:27:42Z</time>
      </trkpt>
      <trkpt lat="39.893417" lon="116.646323">
        <time>2021-03-29T13:27:47Z</time>
      </trkpt>
      <trkpt lat="39.893301" lon="116.646257">
        <time>2021-03-29T13:27:52Z</time>
      </trkpt>
      <trkpt lat="39.893202" lon="116.646214">
        <time>2021-03-29T13:27:57Z</time>
      </trkpt>
      <trkpt lat="39.893122" lon="116.646155">
        <time>2021-03-29T13:28:02Z</time>
      </trkpt>
      <trkpt lat="39.89304" lon="116.646127">
        <time>2021-03-29T13:28:07Z</time>
      </trkpt>
      <trkpt lat="39.892975" lon="116.646087">
        <time>2021-03-29T13:28:12Z</time>
      </trkpt>
      <trkpt lat="39.892892" lon="116.646056">
        <time>2021-03-29T13:28:17Z</time>
      </trkpt>
      <trkpt lat="39.892782" lon="116.646027">
        <time>2021-03-29T13:28:22Z</time>
      </trkpt>
      <trkpt lat="39.892702" lon="116.645976">
        <time>2021-03-29T13:28:27Z</time>
      </trkpt>
      <trkpt lat="39.892577" lon="116.645911">
        <time>2021-03-29T13:28:32Z</time>
      </trkpt>
      <trkpt lat="39.892454" lon="116.645851">
        <time>2021-03-29T13:28:37Z</time>
      </trkpt>
      <trkpt lat="39.892322" lon="116.645813">
        <time>2021-03-29T13:28:42Z</time>
      </trkpt>
      <trkpt lat="39.892217" lon="116.645735">
        <time>2021-03-29T13:28:47Z</time>
      </trkpt>
      <trkpt lat="39.892103" lon="116.645641">
        <time>2021-03-29T13:28:52Z</time>
      </trkpt>
      <trkpt lat="39.892008" lon="116.645597">
        <time>2021-03-29T13:28:57Z</time>
      </trkpt>
      <trkpt lat="39.891876" lon="116.645583">
        <time>2021-03-29T13:29:02Z</time>
      </trkpt>
      <trkpt lat="39.891771" lon="116.645592">
        <time>2021-03-29T13:29:07Z</time>
      </trkpt>
      <trkpt lat="39.891671" lon="116.645442">
        <time>2021-03-29T13:29:12Z</time>
      </trkpt>
      <trkpt lat="39.891573" lon="116.645347">
        <time>2021-03-29T13:29:17Z</time>
      </trkpt>
      <trkpt lat="39.89151" lon="116.645374">
        <time>2021-03-29T13:29:22Z</time>
      </trkpt>
      <trkpt lat="39.891591" lon="116.645399">
        <time>2021-03-29T13:29:27Z</time>
      </trkpt>
      <trkpt lat="39.891702" lon="116.645436">
        <time>2021-03-29T13:29:32Z</time>
      </trkpt>
      <trkpt lat="39.891781" lon="116.645497">
        <time>2021-03-29T13:29:37Z</time>
      </trkpt>
      <trkpt lat="39.8919" lon="116.645558">
        <time>2021-03-29T13:29:42Z</time>
      </trkpt>
      <trkpt lat="39.892013" lon="116.645592">
        <time>2021-03-29T13:29:47Z</time>
      </trkpt>
      <trkpt lat="39.892124" lon="116.64563">
        <time>2021-03-29T13:29:52Z</time>
      </trkpt>
      <trkpt lat="39.892236" lon="116.645706">
        <time>2021-03-29T13:29:57Z</time>
      </trkpt>
      <trkpt lat="39.892372" lon="116.645742">
        <time>2021-03-29T13:30:02Z</time>
      </trkpt>
      <trkpt lat="39.892505" lon="116.645759">
        <time>2021-03-29T13:30:07Z</time>
      </trkpt>
      <trkpt lat="39.892577" lon="116.645846">
        <time>2021-03-29T13:30:12Z</time>
      </trkpt>
      <trkpt lat="39.892671" lon="116.645901">
        <time>2021-03-29T13:30:17Z</time>
      </trkpt>
      <trkpt lat="39.892809" lon="116.645922">
        <time>2021-03-29T13:30:22Z</time>
      </trkpt>
      <trkpt lat="39.892906" lon="116.645995">
        <time>2021-03-29T13:30:27Z</time>
      </trkpt>
      <trkpt lat="39.892988" lon="116.646039">
        <time>2021-03-29T13:30:32Z</time>
      </trkpt>
      <trkpt lat="39.893123" lon="116.646121">
        <time>2021-03-29T13:30:37Z</time>
      </trkpt>
      <trkpt lat="39.893251" lon="116.646166">
        <time>2021-03-29T13:30:42Z</time>
      </trkpt>
      <trkpt lat="39.893372" lon="116.646212">
        <time>2021-03-29T13:30:47Z</time>
      </trkpt>
      <trkpt lat="39.893573" lon="116.646338">
        <time>2021-03-29T13:30:52Z</time>
      </trkpt>
      <trkpt lat="39.893627" lon="116.646344">
        <time>2021-03-29T13:30:57Z</time>
      </trkpt>
      <trkpt lat="39.893752" lon="116.64628">
        <time>2021-03-29T13:31:02Z</time>
      </trkpt>
      <trkpt lat="39.893835" lon="116.646129">
        <time>2021-03-29T13:31:07Z</time>
      </trkpt>
      <trkpt lat="39.893889" lon="116.646003">
        <time>2021-03-29T13:31:12Z</time>
      </trkpt>
      <trkpt lat="39.893979" lon="116.645928">
        <time>2021-03-29T13:31:17Z</time>
      </trkpt>
      <trkpt lat="39.894028" lon="116.645859">
        <time>2021-03-29T13:31:22Z</time>
      </trkpt>
      <trkpt lat="39.894079" lon="116.645932">
        <time>2021-03-29T13:31:27Z</time>
      </trkpt>
      <trkpt lat="39.894269" lon="116.646039">
        <time>2021-03-29T13:31:32Z</time>
      </trkpt>
      <trkpt lat="39.894328" lon="116.646082">
        <time>2021-03-29T13:31:37Z</time>
      </trkpt>
      <trkpt lat="39.894464" lon="116.646147">
        <time>2021-03-29T13:31:42Z</time>
      </trkpt>
      <trkpt lat="39.894553" lon="116.646183">
        <time>2021-03-29T13:31:47Z</time>
      </trkpt>
      <trkpt lat="39.894697" lon="116.646275">
        <time>2021-03-29T13:31:52Z</time>
      </trkpt>
      <trkpt lat="39.894764" lon="116.646298">
        <time>2021-03-29T13:31:57Z</time>
      </trkpt>
      <trkpt lat="39.894858" lon="116.646345">
        <time>2021-03-29T13:32:02Z</time>
      </trkpt>
      <trkpt lat="39.894969" lon="116.646396">
        <time>2021-03-29T13:32:07Z</time>
      </trkpt>
      <trkpt lat="39.895091" lon="116.646397">
        <time>2021-03-29T13:32:12Z</time>
      </trkpt>
      <trkpt lat="39.89521" lon="116.646429">
        <time>2021-03-29T13:32:17Z</time>
      </trkpt>
      <trkpt lat="39.89532" lon="116.646472">
        <time>2021-03-29T13:32:22Z</time>
      </trkpt>
      <trkpt lat="39.89546" lon="116.646542">
        <time>2021-03-29T13:32:27Z</time>
      </trkpt>
      <trkpt lat="39.895533" lon="116.646577">
        <time>2021-03-29T13:32:32Z</time>
      </trkpt>
      <trkpt lat="39.895599" lon="116.646611">
        <time>2021-03-29T13:32:37Z</time>
      </trkpt>
      <trkpt lat="39.895657" lon="116.646655">
        <time>2021-03-29T13:32:42Z</time>
      </trkpt>
      <trkpt lat="39.895737" lon="116.646691">
        <time>2021-03-29T13:32:47Z</time>
      </trkpt>
      <trkpt lat="39.895814" lon="116.646738">
        <time>2021-03-29T13:32:52Z</time>
      </trkpt>
      <trkpt lat="39.895887" lon="116.646783">
        <time>2021-03-29T13:32:57Z</time>
      </trkpt>
      <trkpt lat="39.895978" lon="116.646791">
        <time>2021-03-29T13:33:02Z</time>
      </trkpt>
      <trkpt lat="39.896065" lon="116.646702">
        <time>2021-03-29T13:33:07Z</time>
      </trkpt>
      <trkpt lat="39.896073" lon="116.646546">
        <time>2021-03-29T13:33:12Z</time>
      </trkpt>
      <trkpt lat="39.89605" lon="116.646402">
        <time>2021-03-29T13:33:17Z</time>
      </trkpt>
      <trkpt lat="39.896019" lon="116.646242">
        <time>2021-03-29T13:33:22Z</time>
      </trkpt>
      <trkpt lat="39.896021" lon="116.646105">
        <time>2021-03-29T13:33:27Z</time>
      </trkpt>
      <trkpt lat="39.896004" lon="116.645945">
        <time>2021-03-29T13:33:32Z</time>
      </trkpt>
      <trkpt lat="39.895991" lon="116.645802">
        <time>2021-03-29T13:33:37Z</time>
      </trkpt>
      <trkpt lat="39.896017" lon="116.645658">
        <time>2021-03-29T13:33:42Z</time>
      </trkpt>
      <trkpt lat="39.896083" lon="116.645524">
        <time>2021-03-29T13:33:47Z</time>
      </trkpt>
      <trkpt lat="39.8961" lon="116.645385">
        <time>2021-03-29T13:33:52Z</time>
      </trkpt>
      <trkpt lat="39.896118" lon="116.645236">
        <time>2021-03-29T13:33:57Z</time>
      </trkpt>
      <trkpt lat="39.896158" lon="116.645083">
        <time>2021-03-29T13:34:02Z</time>
      </trkpt>
      <trkpt lat="39.896177" lon="116.644916">
        <time>2021-03-29T13:34:07Z</time>
      </trkpt>
      <trkpt lat="39.896186" lon="116.64476">
        <time>2021-03-29T13:34:12Z</time>
      </trkpt>
      <trkpt lat="39.896173" lon="116.644606">
        <time>2021-03-29T13:34:17Z</time>
      </trkpt>
      <trkpt lat="39.896147" lon="116.644451">
        <time>2021-03-29T13:34:22Z</time>
      </trkpt>
      <trkpt lat="39.896144" lon="116.644309">
        <time>2021-03-29T13:34:27Z</time>
      </trkpt>
      <trkpt lat="39.89612" lon="116.644169">
        <time>2021-03-29T13:34:32Z</time>
      </trkpt>
      <trkpt lat="39.896086" lon="116.644011">
        <time>2021-03-29T13:34:37Z</time>
      </trkpt>
      <trkpt lat="39.896097" lon="116.643883">
        <time>2021-03-29T13:34:42Z</time>
      </trkpt>
      <trkpt lat="39.896107" lon="116.64373">
        <time>2021-03-29T13:34:47Z</time>
      </trkpt>
      <trkpt lat="39.896108" lon="116.643579">
        <time>2021-03-29T13:34:52Z</time>
      </trkpt>
      <trkpt lat="39.896124" lon="116.643426">
        <time>2021-03-29T13:34:57Z</time>
      </trkpt>
      <trkpt lat="39.896105" lon="116.643301">
        <time>2021-03-29T13:35:02Z</time>
      </trkpt>
      <trkpt lat="39.896146" lon="116.643195">
        <time>2021-03-29T13:35:07Z</time>
      </trkpt>
      <trkpt lat="39.896154" lon="116.643056">
        <time>2021-03-29T13:35:12Z</time>
      </trkpt>
      <trkpt lat="39.896184" lon="116.642878">
        <time>2021-03-29T13:35:17Z</time>
      </trkpt>
      <trkpt lat="39.896197" lon="116.642796">
        <time>2021-03-29T13:35:22Z</time>
      </trkpt>
      <trkpt lat="39.896192" lon="116.642648">
        <time>2021-03-29T13:35:27Z</time>
      </trkpt>
      <trkpt lat="39.896142" lon="116.642466">
        <time>2021-03-29T13:35:32Z</time>
      </trkpt>
      <trkpt lat="39.896174" lon="116.642339">
        <time>2021-03-29T13:35:37Z</time>
      </trkpt>
      <trkpt lat="39.896139" lon="116.64215">
        <time>2021-03-29T13:35:42Z</time>
      </trkpt>
      <trkpt lat="39.896144" lon="116.641991">
        <time>2021-03-29T13:35:47Z</time>
      </trkpt>
      <trkpt lat="39.896178" lon="116.641881">
        <time>2021-03-29T13:35:52Z</time>
      </trkpt>
      <trkpt lat="39.896234" lon="116.641813">
        <time>2021-03-29T13:35:57Z</time>
      </trkpt>
      <trkpt lat="39.896208" lon="116.641616">
        <time>2021-03-29T13:36:02Z</time>
      </trkpt>
      <trkpt lat="39.896208" lon="116.641595">
        <time>2021-03-29T13:36:07Z</time>
      </trkpt>
      <trkpt lat="39.896212" lon="116.641498">
        <time>2021-03-29T13:36:12Z</time>
      </trkpt>
      <trkpt lat="39.89624" lon="116.641343">
        <time>2021-03-29T13:36:17Z</time>
      </trkpt>
      <trkpt lat="39.896241" lon="116.641172">
        <time>2021-03-29T13:36:22Z</time>
      </trkpt>
      <trkpt lat="39.896227" lon="116.641002">
        <time>2021-03-29T13:36:27Z</time>
      </trkpt>
      <trkpt lat="39.896233" lon="116.640848">
        <time>2021-03-29T13:36:32Z</time>
      </trkpt>
      <trkpt lat="39.896208" lon="116.640711">
        <time>2021-03-29T13:36:37Z</time>
      </trkpt>
      <trkpt lat="39.89621" lon="116.640566">
        <time>2021-03-29T13:36:42Z</time>
      </trkpt>
      <trkpt lat="39.896178" lon="116.640421">
        <time>2021-03-29T13:36:47Z</time>
      </trkpt>
      <trkpt lat="39.89621" lon="116.640268">
        <time>2021-03-29T13:36:52Z</time>
      </trkpt>
      <trkpt lat="39.896219" lon="116.640115">
        <time>2021-03-29T13:36:57Z</time>
      </trkpt>
      <trkpt lat="39.896168" lon="116.639933">
        <time>2021-03-29T13:37:02Z</time>
      </trkpt>
      <trkpt lat="39.896127" lon="116.639796">
        <time>2021-03-29T13:37:07Z</time>
      </trkpt>
      <trkpt lat="39.89615" lon="116.639671">
        <time>2021-03-29T13:37:12Z</time>
      </trkpt>
      <trkpt lat="39.896135" lon="116.639494">
        <time>2021-03-29T13:37:17Z</time>
      </trkpt>
      <trkpt lat="39.896102" lon="116.639361">
        <time>2021-03-29T13:37:22Z</time>
      </trkpt>
      <trkpt lat="39.896087" lon="116.639249">
        <time>2021-03-29T13:37:27Z</time>
      </trkpt>
      <trkpt lat="39.896082" lon="116.639138">
        <time>2021-03-29T13:37:32Z</time>
      </trkpt>
      <trkpt lat="39.896083" lon="116.639021">
        <time>2021-03-29T13:37:37Z</time>
      </trkpt>
      <trkpt lat="39.896092" lon="116.638914">
        <time>2021-03-29T13:37:42Z</time>
      </trkpt>
      <trkpt lat="39.896084" lon="116.63878">
        <time>2021-03-29T13:37:47Z</time>
      </trkpt>
      <trkpt lat="39.896088" lon="116.638663">
        <time>2021-03-29T13:37:52Z</time>
      </trkpt>
      <trkpt lat="39.896089" lon="116.638531">
        <time>2021-03-29T13:37:57Z</time>
      </trkpt>
      <trkpt lat="39.896064" lon="116.63839">
        <time>2021-03-29T13:38:02Z</time>
      </trkpt>
      <trkpt lat="39.896043" lon="116.638237">
        <time>2021-03-29T13:38:07Z</time>
      </trkpt>
      <trkpt lat="39.89604" lon="116.638084">
        <time>2021-03-29T13:38:12Z</time>
      </trkpt>
      <trkpt lat="39.896022" lon="116.637928">
        <time>2021-03-29T13:38:17Z</time>
      </trkpt>
      <trkpt lat="39.896039" lon="116.637774">
        <time>2021-03-29T13:38:22Z</time>
      </trkpt>
      <trkpt lat="39.896028" lon="116.637623">
        <time>2021-03-29T13:38:27Z</time>
      </trkpt>
      <trkpt lat="39.89606" lon="116.63746">
        <time>2021-03-29T13:38:32Z</time>
      </trkpt>
      <trkpt lat="39.896101" lon="116.637333">
        <time>2021-03-29T13:38:37Z</time>
      </trkpt>
      <trkpt lat="39.89612" lon="116.637238">
        <time>2021-03-29T13:38:42Z</time>
      </trkpt>
      <trkpt lat="39.896081" lon="116.637085">
        <time>2021-03-29T13:38:47Z</time>
      </trkpt>
      <trkpt lat="39.896031" lon="116.636936">
        <time>2021-03-29T13:38:52Z</time>
      </trkpt>
      <trkpt lat="39.896019" lon="116.63682">
        <time>2021-03-29T13:38:57Z</time>
      </trkpt>
      <trkpt lat="39.895994" lon="116.636692">
        <time>2021-03-29T13:39:02Z</time>
      </trkpt>
      <trkpt lat="39.895959" lon="116.636698">
        <time>2021-03-29T13:39:07Z</time>
      </trkpt>
      <trkpt lat="39.896017" lon="116.636835">
        <time>2021-03-29T13:39:12Z</time>
      </trkpt>
      <trkpt lat="39.896072" lon="116.636984">
        <time>2021-03-29T13:39:17Z</time>
      </trkpt>
      <trkpt lat="39.896116" lon="116.637098">
        <time>2021-03-29T13:39:22Z</time>
      </trkpt>
      <trkpt lat="39.896141" lon="116.637183">
        <time>2021-03-29T13:39:27Z</time>
      </trkpt>
      <trkpt lat="39.896171" lon="116.637301">
        <time>2021-03-29T13:39:32Z</time>
      </trkpt>
      <trkpt lat="39.896176" lon="116.637436">
        <time>2021-03-29T13:39:37Z</time>
      </trkpt>
      <trkpt lat="39.896187" lon="116.637553">
        <time>2021-03-29T13:39:42Z</time>
      </trkpt>
      <trkpt lat="39.896187" lon="116.637689">
        <time>2021-03-29T13:39:47Z</time>
      </trkpt>
      <trkpt lat="39.896206" lon="116.637836">
        <time>2021-03-29T13:39:52Z</time>
      </trkpt>
      <trkpt lat="39.896185" lon="116.637973">
        <time>2021-03-29T13:39:57Z</time>
      </trkpt>
      <trkpt lat="39.896204" lon="116.638138">
        <time>2021-03-29T13:40:02Z</time>
      </trkpt>
      <trkpt lat="39.896218" lon="116.638283">
        <time>2021-03-29T13:40:07Z</time>
      </trkpt>
      <trkpt lat="39.896212" lon="116.638446">
        <time>2021-03-29T13:40:12Z</time>
      </trkpt>
      <trkpt lat="39.896235" lon="116.638598">
        <time>2021-03-29T13:40:17Z</time>
      </trkpt>
      <trkpt lat="39.896243" lon="116.638734">
        <time>2021-03-29T13:40:22Z</time>
      </trkpt>
      <trkpt lat="39.89625" lon="116.638898">
        <time>2021-03-29T13:40:27Z</time>
      </trkpt>
      <trkpt lat="39.896262" lon="116.63906">
        <time>2021-03-29T13:40:32Z</time>
      </trkpt>
      <trkpt lat="39.89628" lon="116.639214">
        <time>2021-03-29T13:40:37Z</time>
      </trkpt>
      <trkpt lat="39.896281" lon="116.639355">
        <time>2021-03-29T13:40:42Z</time>
      </trkpt>
      <trkpt lat="39.896262" lon="116.639479">
        <time>2021-03-29T13:40:47Z</time>
      </trkpt>
      <trkpt lat="39.896244" lon="116.639624">
        <time>2021-03-29T13:40:52Z</time>
      </trkpt>
      <trkpt lat="39.896249" lon="116.639793">
        <time>2021-03-29T13:40:57Z</time>
      </trkpt>
      <trkpt lat="39.896275" lon="116.63993">
        <time>2021-03-29T13:41:02Z</time>
      </trkpt>
      <trkpt lat="39.896289" lon="116.640068">
        <time>2021-03-29T13:41:07Z</time>
      </trkpt>
      <trkpt lat="39.896297" lon="116.640238">
        <time>2021-03-29T13:41:12Z</time>
      </trkpt>
      <trkpt lat="39.896308" lon="116.640426">
        <time>2021-03-29T13:41:17Z</time>
      </trkpt>
      <trkpt lat="39.896315" lon="116.640584">
        <time>2021-03-29T13:41:22Z</time>
      </trkpt>
      <trkpt lat="39.896302" lon="116.640776">
        <time>2021-03-29T13:41:27Z</time>
      </trkpt>
      <trkpt lat="39.896295" lon="116.640943">
        <time>2021-03-29T13:41:32Z</time>
      </trkpt>
      <trkpt lat="39.896286" lon="116.641086">
        <time>2021-03-29T13:41:37Z</time>
      </trkpt>
      <trkpt lat="39.896266" lon="116.641238">
        <time>2021-03-29T13:41:42Z</time>
      </trkpt>
      <trkpt lat="39.896286" lon="116.641399">
        <time>2021-03-29T13:41:47Z</time>
      </trkpt>
      <trkpt lat="39.896275" lon="116.641534">
        <time>2021-03-29T13:41:52Z</time>
      </trkpt>
      <trkpt lat="39.896259" lon="116.641693">
        <time>2021-03-29T13:41:57Z</time>
      </trkpt>
      <trkpt lat="39.896258" lon="116.64177">
        <time>2021-03-29T13:42:02Z</time>
      </trkpt>
      <trkpt lat="39.896288" lon="116.641995">
        <time>2021-03-29T13:42:07Z</time>
      </trkpt>
      <trkpt lat="39.896286" lon="116.642109">
        <time>2021-03-29T13:42:12Z</time>
      </trkpt>
      <trkpt lat="39.896288" lon="116.642236">
        <time>2021-03-29T13:42:17Z</time>
      </trkpt>
      <trkpt lat="39.896277" lon="116.642348">
        <time>2021-03-29T13:42:22Z</time>
      </trkpt>
      <trkpt lat="39.896255" lon="116.642517">
        <time>2021-03-29T13:42:27Z</time>
      </trkpt>
      <trkpt lat="39.896234" lon="116.642669">
        <time>2021-03-29T13:42:32Z</time>
      </trkpt>
      <trkpt lat="39.896221" lon="116.642823">
        <time>2021-03-29T13:42:37Z</time>
      </trkpt>
      <trkpt lat="39.896202" lon="116.642973">
        <time>2021-03-29T13:42:42Z</time>
      </trkpt>
      <trkpt lat="39.8962" lon="116.643097">
        <time>2021-03-29T13:42:47Z</time>
      </trkpt>
      <trkpt lat="39.896189" lon="116.643269">
        <time>2021-03-29T13:42:52Z</time>
      </trkpt>
      <trkpt lat="39.896198" lon="116.643414">
        <time>2021-03-29T13:42:57Z</time>
      </trkpt>
      <trkpt lat="39.896201" lon="116.643545">
        <time>2021-03-29T13:43:02Z</time>
      </trkpt>
      <trkpt lat="39.896199" lon="116.643668">
        <time>2021-03-29T13:43:07Z</time>
      </trkpt>
      <trkpt lat="39.89622" lon="116.643816">
        <time>2021-03-29T13:43:12Z</time>
      </trkpt>
      <trkpt lat="39.896203" lon="116.64396">
        <time>2021-03-29T13:43:17Z</time>
      </trkpt>
      <trkpt lat="39.896189" lon="116.644125">
        <time>2021-03-29T13:43:22Z</time>
      </trkpt>
      <trkpt lat="39.896205" lon="116.644295">
        <time>2021-03-29T13:43:27Z</time>
      </trkpt>
      <trkpt lat="39.89622" lon="116.644478">
        <time>2021-03-29T13:43:32Z</time>
      </trkpt>
      <trkpt lat="39.896243" lon="116.644638">
        <time>2021-03-29T13:43:37Z</time>
      </trkpt>
      <trkpt lat="39.896253" lon="116.644804">
        <time>2021-03-29T13:43:42Z</time>
      </trkpt>
      <trkpt lat="39.896233" lon="116.644968">
        <time>2021-03-29T13:43:47Z</time>
      </trkpt>
      <trkpt lat="39.89623" lon="116.645087">
        <time>2021-03-29T13:43:52Z</time>
      </trkpt>
      <trkpt lat="39.896228" lon="116.645173">
        <time>2021-03-29T13:43:57Z</time>
      </trkpt>
      <trkpt lat="39.89621" lon="116.645253">
        <time>2021-03-29T13:44:02Z</time>
      </trkpt>
      <trkpt lat="39.896201" lon="116.645339">
        <time>2021-03-29T13:44:07Z</time>
      </trkpt>
      <trkpt lat="39.896187" lon="116.645505">
        <time>2021-03-29T13:44:12Z</time>
      </trkpt>
      <trkpt lat="39.896174" lon="116.645679">
        <time>2021-03-29T13:44:17Z</time>
      </trkpt>
      <trkpt lat="39.89615" lon="116.645826">
        <time>2021-03-29T13:44:22Z</time>
      </trkpt>
      <trkpt lat="39.896118" lon="116.645963">
        <time>2021-03-29T13:44:27Z</time>
      </trkpt>
      <trkpt lat="39.896112" lon="116.646135">
        <time>2021-03-29T13:44:32Z</time>
      </trkpt>
      <trkpt lat="39.896101" lon="116.646323">
        <time>2021-03-29T13:44:37Z</time>
      </trkpt>
      <trkpt lat="39.896081" lon="116.646449">
        <time>2021-03-29T13:44:42Z</time>
      </trkpt>
      <trkpt lat="39.896059" lon="116.646592">
        <time>2021-03-29T13:44:47Z</time>
      </trkpt>
      <trkpt lat="39.896049" lon="116.64675">
        <time>2021-03-29T13:44:52Z</time>
      </trkpt>
      <trkpt lat="39.895941" lon="116.64688">
        <time>2021-03-29T13:44:57Z</time>
      </trkpt>
      <trkpt lat="39.895799" lon="116.646854">
        <time>2021-03-29T13:45:02Z</time>
      </trkpt>
      <trkpt lat="39.895694" lon="116.646772">
        <time>2021-03-29T13:45:07Z</time>
      </trkpt>
      <trkpt lat="39.895575" lon="116.6467">
        <time>2021-03-29T13:45:12Z</time>
      </trkpt>
      <trkpt lat="39.895446" lon="116.646655">
        <time>2021-03-29T13:45:17Z</time>
      </trkpt>
      <trkpt lat="39.895337" lon="116.646584">
        <time>2021-03-29T13:45:22Z</time>
      </trkpt>
      <trkpt lat="39.895233" lon="116.646501">
        <time>2021-03-29T13:45:27Z</time>
      </trkpt>
      <trkpt lat="39.895108" lon="116.646436">
        <time>2021-03-29T13:45:32Z</time>
      </trkpt>
      <trkpt lat="39.894914" lon="116.646358">
        <time>2021-03-29T13:45:37Z</time>
      </trkpt>
      <trkpt lat="39.894892" lon="116.646357">
        <time>2021-03-29T13:45:42Z</time>
      </trkpt>
      <trkpt lat="39.894781" lon="116.64635">
        <time>2021-03-29T13:45:47Z</time>
      </trkpt>
      <trkpt lat="39.894657" lon="116.646331">
        <time>2021-03-29T13:45:52Z</time>
      </trkpt>
      <trkpt lat="39.894537" lon="116.646299">
        <time>2021-03-29T13:45:57Z</time>
      </trkpt>
      <trkpt lat="39.894427" lon="116.646213">
        <time>2021-03-29T13:46:02Z</time>
      </trkpt>
      <trkpt lat="39.894338" lon="116.646179">
        <time>2021-03-29T13:46:07Z</time>
      </trkpt>
      <trkpt lat="39.894258" lon="116.646137">
        <time>2021-03-29T13:46:12Z</time>
      </trkpt>
      <trkpt lat="39.894103" lon="116.646016">
        <time>2021-03-29T13:46:17Z</time>
      </trkpt>
      <trkpt lat="39.894043" lon="116.645985">
        <time>2021-03-29T13:46:22Z</time>
      </trkpt>
      <trkpt lat="39.893931" lon="116.645921">
        <time>2021-03-29T13:46:27Z</time>
      </trkpt>
      <trkpt lat="39.893876" lon="116.645979">
        <time>2021-03-29T13:46:32Z</time>
      </trkpt>
      <trkpt lat="39.893801" lon="116.646181">
        <time>2021-03-29T13:46:37Z</time>
      </trkpt>
      <trkpt lat="39.893773" lon="116.646329">
        <time>2021-03-29T13:46:42Z</time>
      </trkpt>
      <trkpt lat="39.893628" lon="116.64644">
        <time>2021-03-29T13:46:47Z</time>
      </trkpt>
      <trkpt lat="39.893541" lon="116.646406">
        <time>2021-03-29T13:46:52Z</time>
      </trkpt>
      <trkpt lat="39.89342" lon="116.646327">
        <time>2021-03-29T13:46:57Z</time>
      </trkpt>
      <trkpt lat="39.893301" lon="116.646237">
        <time>2021-03-29T13:47:02Z</time>
      </trkpt>
      <trkpt lat="39.893165" lon="116.646183">
        <time>2021-03-29T13:47:07Z</time>
      </trkpt>
      <trkpt lat="39.893052" lon="116.64616">
        <time>2021-03-29T13:47:12Z</time>
      </trkpt>
      <trkpt lat="39.892963" lon="116.646073">
        <time>2021-03-29T13:47:17Z</time>
      </trkpt>
      <trkpt lat="39.892846" lon="116.646028">
        <time>2021-03-29T13:47:22Z</time>
      </trkpt>
      <trkpt lat="39.892723" lon="116.645963">
        <time>2021-03-29T13:47:27Z</time>
      </trkpt>
      <trkpt lat="39.892644" lon="116.645859">
        <time>2021-03-29T13:47:32Z</time>
      </trkpt>
      <trkpt lat="39.892515" lon="116.645815">
        <time>2021-03-29T13:47:37Z</time>
      </trkpt>
      <trkpt lat="39.89238" lon="116.645766">
        <time>2021-03-29T13:47:42Z</time>
      </trkpt>
      <trkpt lat="39.892267" lon="116.645736">
        <time>2021-03-29T13:47:47Z</time>
      </trkpt>
      <trkpt lat="39.892205" lon="116.645671">
        <time>2021-03-29T13:47:52Z</time>
      </trkpt>
      <trkpt lat="39.892141" lon="116.645637">
        <time>2021-03-29T13:47:57Z</time>
      </trkpt>
      <trkpt lat="39.89203" lon="116.645596">
        <time>2021-03-29T13:48:02Z</time>
      </trkpt>
      <trkpt lat="39.891919" lon="116.645583">
        <time>2021-03-29T13:48:07Z</time>
      </trkpt>
      <trkpt lat="39.891794" lon="116.645539">
        <time>2021-03-29T13:48:12Z</time>
      </trkpt>
      <trkpt lat="39.891674" lon="116.645475">
        <time>2021-03-29T13:48:17Z</time>
      </trkpt>
      <trkpt lat="39.891585" lon="116.645367">
        <time>2021-03-29T13:48:22Z</time>
      </trkpt>
      <trkpt lat="39.89154" lon="116.64537">
        <time>2021-03-29T13:48:27Z</time>
      </trkpt>
      <trkpt lat="39.891633" lon="116.645442">
        <time>2021-03-29T13:48:32Z</time>
      </trkpt>
      <trkpt lat="39.891726" lon="116.645505">
        <time>2021-03-29T13:48:37Z</time>
      </trkpt>
      <trkpt lat="39.891852" lon="116.645533">
        <time>2021-03-29T13:48:42Z</time>
      </trkpt>
      <trkpt lat="39.892003" lon="116.645554">
        <time>2021-03-29T13:48:47Z</time>
      </trkpt>
      <trkpt lat="39.892111" lon="116.645599">
        <time>2021-03-29T13:48:52Z</time>
      </trkpt>
      <trkpt lat="39.892219" lon="116.645661">
        <time>2021-03-29T13:48:57Z</time>
      </trkpt>
      <trkpt lat="39.892281" lon="116.645691">
        <time>2021-03-29T13:49:02Z</time>
      </trkpt>
      <trkpt lat="39.892343" lon="116.645721">
        <time>2021-03-29T13:49:07Z</time>
      </trkpt>
      <trkpt lat="39.892484" lon="116.645803">
        <time>2021-03-29T13:49:12Z</time>
      </trkpt>
      <trkpt lat="39.892585" lon="116.645878">
        <time>2021-03-29T13:49:17Z</time>
      </trkpt>
      <trkpt lat="39.892734" lon="116.645921">
        <time>2021-03-29T13:49:22Z</time>
      </trkpt>
      <trkpt lat="39.892858" lon="116.645954">
        <time>2021-03-29T13:49:27Z</time>
      </trkpt>
      <trkpt lat="39.892976" lon="116.645977">
        <time>2021-03-29T13:49:32Z</time>
      </trkpt>
      <trkpt lat="39.893088" lon="116.646014">
        <time>2021-03-29T13:49:37Z</time>
      </trkpt>
      <trkpt lat="39.893228" lon="116.646082">
        <time>2021-03-29T13:49:42Z</time>
      </trkpt>
      <trkpt lat="39.893291" lon="116.646162">
        <time>2021-03-29T13:49:47Z</time>
      </trkpt>
      <trkpt lat="39.893372" lon="116.646206">
        <time>2021-03-29T13:49:52Z</time>
      </trkpt>
      <trkpt lat="39.893446" lon="116.646254">
        <time>2021-03-29T13:49:57Z</time>
      </trkpt>
      <trkpt lat="39.893565" lon="116.646342">
        <time>2021-03-29T13:50:02Z</time>
      </trkpt>
      <trkpt lat="39.893665" lon="116.646339">
        <time>2021-03-29T13:50:07Z</time>
      </trkpt>
      <trkpt lat="39.893836" lon="116.646156">
        <time>2021-03-29T13:50:12Z</time>
      </trkpt>
      <trkpt lat="39.89385" lon="116.646124">
        <time>2021-03-29T13:50:17Z</time>
      </trkpt>
      <trkpt lat="39.893911" lon="116.645968">
        <time>2021-03-29T13:50:22Z</time>
      </trkpt>
      <trkpt lat="39.89397" lon="116.645883">
        <time>2021-03-29T13:50:27Z</time>
      </trkpt>
      <trkpt lat="39.894076" lon="116.645917">
        <time>2021-03-29T13:50:32Z</time>
      </trkpt>
      <trkpt lat="39.894288" lon="116.64601">
        <time>2021-03-29T13:50:37Z</time>
      </trkpt>
      <trkpt lat="39.894337" lon="116.646028">
        <time>2021-03-29T13:50:42Z</time>
      </trkpt>
      <trkpt lat="39.894447" lon="116.646094">
        <time>2021-03-29T13:50:47Z</time>
      </trkpt>
      <trkpt lat="39.894554" lon="116.646173">
        <time>2021-03-29T13:50:52Z</time>
      </trkpt>
      <trkpt lat="39.894641" lon="116.646229">
        <time>2021-03-29T13:50:57Z</time>
      </trkpt>
      <trkpt lat="39.894683" lon="116.646278">
        <time>2021-03-29T13:51:02Z</time>
      </trkpt>
      <trkpt lat="39.894801" lon="116.646355">
        <time>2021-03-29T13:51:07Z</time>
      </trkpt>
      <trkpt lat="39.89494" lon="116.646387">
        <time>2021-03-29T13:51:12Z</time>
      </trkpt>
      <trkpt lat="39.895055" lon="116.646415">
        <time>2021-03-29T13:51:17Z</time>
      </trkpt>
      <trkpt lat="39.895183" lon="116.646463">
        <time>2021-03-29T13:51:22Z</time>
      </trkpt>
      <trkpt lat="39.895294" lon="116.6465">
        <time>2021-03-29T13:51:27Z</time>
      </trkpt>
      <trkpt lat="39.895444" lon="116.646556">
        <time>2021-03-29T13:51:32Z</time>
      </trkpt>
      <trkpt lat="39.895534" lon="116.646581">
        <time>2021-03-29T13:51:37Z</time>
      </trkpt>
      <trkpt lat="39.895607" lon="116.646623">
        <time>2021-03-29T13:51:42Z</time>
      </trkpt>
      <trkpt lat="39.895741" lon="116.646673">
        <time>2021-03-29T13:51:47Z</time>
      </trkpt>
      <trkpt lat="39.895886" lon="116.646718">
        <time>2021-03-29T13:51:52Z</time>
      </trkpt>
      <trkpt lat="39.896008" lon="116.64678">
        <time>2021-03-29T13:51:57Z</time>
      </trkpt>
      <trkpt lat="39.896104" lon="116.64669">
        <time>2021-03-29T13:52:02Z</time>
      </trkpt>
      <trkpt lat="39.896094" lon="116.646553">
        <time>2021-03-29T13:52:07Z</time>
      </trkpt>
      <trkpt lat="39.896045" lon="116.64639">
        <time>2021-03-29T13:52:12Z</time>
      </trkpt>
      <trkpt lat="39.896026" lon="116.646235">
        <time>2021-03-29T13:52:17Z</time>
      </trkpt>
      <trkpt lat="39.896045" lon="116.646098">
        <time>2021-03-29T13:52:22Z</time>
      </trkpt>
      <trkpt lat="39.896066" lon="116.645927">
        <time>2021-03-29T13:52:27Z</time>
      </trkpt>
      <trkpt lat="39.896029" lon="116.645768">
        <time>2021-03-29T13:52:32Z</time>
      </trkpt>
      <trkpt lat="39.896054" lon="116.645609">
        <time>2021-03-29T13:52:37Z</time>
      </trkpt>
      <trkpt lat="39.896101" lon="116.645474">
        <time>2021-03-29T13:52:42Z</time>
      </trkpt>
      <trkpt lat="39.896138" lon="116.645307">
        <time>2021-03-29T13:52:47Z</time>
      </trkpt>
      <trkpt lat="39.89616" lon="116.64518">
        <time>2021-03-29T13:52:52Z</time>
      </trkpt>
      <trkpt lat="39.896168" lon="116.645022">
        <time>2021-03-29T13:52:57Z</time>
      </trkpt>
      <trkpt lat="39.896165" lon="116.644857">
        <time>2021-03-29T13:53:02Z</time>
      </trkpt>
      <trkpt lat="39.896194" lon="116.644732">
        <time>2021-03-29T13:53:07Z</time>
      </trkpt>
      <trkpt lat="39.896211" lon="116.644587">
        <time>2021-03-29T13:53:12Z</time>
      </trkpt>
      <trkpt lat="39.896172" lon="116.644464">
        <time>2021-03-29T13:53:17Z</time>
      </trkpt>
      <trkpt lat="39.896151" lon="116.644363">
        <time>2021-03-29T13:53:22Z</time>
      </trkpt>
      <trkpt lat="39.896149" lon="116.644266">
        <time>2021-03-29T13:53:27Z</time>
      </trkpt>
      <trkpt lat="39.896155" lon="116.644135">
        <time>2021-03-29T13:53:32Z</time>
      </trkpt>
      <trkpt lat="39.896153" lon="116.644021">
        <time>2021-03-29T13:53:37Z</time>
      </trkpt>
      <trkpt lat="39.896151" lon="116.64389">
        <time>2021-03-29T13:53:42Z</time>
      </trkpt>
      <trkpt lat="39.896153" lon="116.64375">
        <time>2021-03-29T13:53:47Z</time>
      </trkpt>
      <trkpt lat="39.896157" lon="116.643608">
        <time>2021-03-29T13:53:52Z</time>
      </trkpt>
      <trkpt lat="39.896177" lon="116.643458">
        <time>2021-03-29T13:53:57Z</time>
      </trkpt>
      <trkpt lat="39.896152" lon="116.643308">
        <time>2021-03-29T13:54:02Z</time>
      </trkpt>
      <trkpt lat="39.89615" lon="116.643194">
        <time>2021-03-29T13:54:07Z</time>
      </trkpt>
      <trkpt lat="39.896155" lon="116.643041">
        <time>2021-03-29T13:54:12Z</time>
      </trkpt>
      <trkpt lat="39.896131" lon="116.642888">
        <time>2021-03-29T13:54:17Z</time>
      </trkpt>
      <trkpt lat="39.896114" lon="116.642748">
        <time>2021-03-29T13:54:22Z</time>
      </trkpt>
      <trkpt lat="39.896117" lon="116.642608">
        <time>2021-03-29T13:54:27Z</time>
      </trkpt>
      <trkpt lat="39.896136" lon="116.642417">
        <time>2021-03-29T13:54:32Z</time>
      </trkpt>
      <trkpt lat="39.896149" lon="116.642288">
        <time>2021-03-29T13:54:37Z</time>
      </trkpt>
      <trkpt lat="39.89615" lon="116.642151">
        <time>2021-03-29T13:54:42Z</time>
      </trkpt>
      <trkpt lat="39.896151" lon="116.641998">
        <time>2021-03-29T13:54:47Z</time>
      </trkpt>
      <trkpt lat="39.896148" lon="116.641868">
        <time>2021-03-29T13:54:52Z</time>
      </trkpt>
      <trkpt lat="39.89616" lon="116.641749">
        <time>2021-03-29T13:54:57Z</time>
      </trkpt>
      <trkpt lat="39.896161" lon="116.641521">
        <time>2021-03-29T13:55:02Z</time>
      </trkpt>
      <trkpt lat="39.896166" lon="116.641501">
        <time>2021-03-29T13:55:07Z</time>
      </trkpt>
      <trkpt lat="39.896187" lon="116.64137">
        <time>2021-03-29T13:55:12Z</time>
      </trkpt>
      <trkpt lat="39.89619" lon="116.641198">
        <time>2021-03-29T13:55:17Z</time>
      </trkpt>
      <trkpt lat="39.896208" lon="116.641046">
        <time>2021-03-29T13:55:22Z</time>
      </trkpt>
      <trkpt lat="39.896207" lon="116.640944">
        <time>2021-03-29T13:55:27Z</time>
      </trkpt>
      <trkpt lat="39.896216" lon="116.64086">
        <time>2021-03-29T13:55:32Z</time>
      </trkpt>
      <trkpt lat="39.896237" lon="116.640773">
        <time>2021-03-29T13:55:37Z</time>
      </trkpt>
      <trkpt lat="39.89624" lon="116.64067">
        <time>2021-03-29T13:55:42Z</time>
      </trkpt>
      <trkpt lat="39.896226" lon="116.64056">
        <time>2021-03-29T13:55:47Z</time>
      </trkpt>
      <trkpt lat="39.896223" lon="116.640452">
        <time>2021-03-29T13:55:52Z</time>
      </trkpt>
      <trkpt lat="39.896216" lon="116.640351">
        <time>2021-03-29T13:55:57Z</time>
      </trkpt>
      <trkpt lat="39.896192" lon="116.640253">
        <time>2021-03-29T13:56:02Z</time>
      </trkpt>
      <trkpt lat="39.896182" lon="116.640147">
        <time>2021-03-29T13:56:07Z</time>
      </trkpt>
      <trkpt lat="39.896196" lon="116.64004">
        <time>2021-03-29T13:56:12Z</time>
      </trkpt>
      <trkpt lat="39.896201" lon="116.639937">
        <time>2021-03-29T13:56:17Z</time>
      </trkpt>
      <trkpt lat="39.896196" lon="116.639818">
        <time>2021-03-29T13:56:22Z</time>
      </trkpt>
      <trkpt lat="39.896193" lon="116.639703">
        <time>2021-03-29T13:56:27Z</time>
      </trkpt>
      <trkpt lat="39.896183" lon="116.639568">
        <time>2021-03-29T13:56:32Z</time>
      </trkpt>
      <trkpt lat="39.896159" lon="116.639424">
        <time>2021-03-29T13:56:37Z</time>
      </trkpt>
      <trkpt lat="39.896113" lon="116.63929">
        <time>2021-03-29T13:56:42Z</time>
      </trkpt>
      <trkpt lat="39.896086" lon="116.639141">
        <time>2021-03-29T13:56:47Z</time>
      </trkpt>
      <trkpt lat="39.896063" lon="116.639027">
        <time>2021-03-29T13:56:52Z</time>
      </trkpt>
      <trkpt lat="39.896025" lon="116.638897">
        <time>2021-03-29T13:56:57Z</time>
      </trkpt>
      <trkpt lat="39.896024" lon="116.638724">
        <time>2021-03-29T13:57:02Z</time>
      </trkpt>
      <trkpt lat="39.896013" lon="116.638564">
        <time>2021-03-29T13:57:07Z</time>
      </trkpt>
      <trkpt lat="39.896019" lon="116.638432">
        <time>2021-03-29T13:57:12Z</time>
      </trkpt>
      <trkpt lat="39.896023" lon="116.638321">
        <time>2021-03-29T13:57:17Z</time>
      </trkpt>
      <trkpt lat="39.896007" lon="116.638215">
        <time>2021-03-29T13:57:22Z</time>
      </trkpt>
      <trkpt lat="39.896013" lon="116.638151">
        <time>2021-03-29T13:57:27Z</time>
      </trkpt>
      <trkpt lat="39.89602" lon="116.638019">
        <time>2021-03-29T13:57:32Z</time>
      </trkpt>
      <trkpt lat="39.896019" lon="116.637917">
        <time>2021-03-29T13:57:37Z</time>
      </trkpt>
      <trkpt lat="39.896018" lon="116.637767">
        <time>2021-03-29T13:57:42Z</time>
      </trkpt>
      <trkpt lat="39.896013" lon="116.637611">
        <time>2021-03-29T13:57:47Z</time>
      </trkpt>
      <trkpt lat="39.896021" lon="116.637452">
        <time>2021-03-29T13:57:52Z</time>
      </trkpt>
      <trkpt lat="39.896025" lon="116.637321">
        <time>2021-03-29T13:57:57Z</time>
      </trkpt>
      <trkpt lat="39.896044" lon="116.637169">
        <time>2021-03-29T13:58:02Z</time>
      </trkpt>
      <trkpt lat="39.896047" lon="116.63705">
        <time>2021-03-29T13:58:07Z</time>
      </trkpt>
      <trkpt lat="39.896026" lon="116.636908">
        <time>2021-03-29T13:58:12Z</time>
      </trkpt>
      <trkpt lat="39.896003" lon="116.636789">
        <time>2021-03-29T13:58:17Z</time>
      </trkpt>
      <trkpt lat="39.895977" lon="116.636682">
        <time>2021-03-29T13:58:22Z</time>
      </trkpt>
      <trkpt lat="39.89593" lon="116.636599">
        <time>2021-03-29T13:58:27Z</time>
      </trkpt>
      <trkpt lat="39.895851" lon="116.636542">
        <time>2021-03-29T13:58:32Z</time>
      </trkpt>
      <trkpt lat="39.895814" lon="116.636461">
        <time>2021-03-29T13:58:37Z</time>
      </trkpt>
      <trkpt lat="39.895913" lon="116.636367">
        <time>2021-03-29T13:58:42Z</time>
      </trkpt>
      <trkpt lat="39.896034" lon="116.63627">
        <time>2021-03-29T13:58:47Z</time>
      </trkpt>
      <trkpt lat="39.896147" lon="116.636179">
        <time>2021-03-29T13:58:52Z</time>
      </trkpt>
      <trkpt lat="39.896246" lon="116.636096">
        <time>2021-03-29T13:58:57Z</time>
      </trkpt>
      <trkpt lat="39.896308" lon="116.636064">
        <time>2021-03-29T13:59:02Z</time>
      </trkpt>
      <trkpt lat="39.89637" lon="116.636032">
        <time>2021-03-29T13:59:07Z</time>
      </trkpt>
      <trkpt lat="39.896597" lon="116.635913">
        <time>2021-03-29T13:59:12Z</time>
      </trkpt>
      <trkpt lat="39.896693" lon="116.635839">
        <time>2021-03-29T13:59:17Z</time>
      </trkpt>
      <trkpt lat="39.896793" lon="116.635771">
        <time>2021-03-29T13:59:22Z</time>
      </trkpt>
      <trkpt lat="39.896881" lon="116.635704">
        <time>2021-03-29T13:59:27Z</time>
      </trkpt>
      <trkpt lat="39.89699" lon="116.635633">
        <time>2021-03-29T13:59:32Z</time>
      </trkpt>
      <trkpt lat="39.89707" lon="116.635634">
        <time>2021-03-29T13:59:37Z</time>
      </trkpt>
      <trkpt lat="39.897167" lon="116.635601">
        <time>2021-03-29T13:59:42Z</time>
      </trkpt>
      <trkpt lat="39.897255" lon="116.63554">
        <time>2021-03-29T13:59:47Z</time>
      </trkpt>
      <trkpt lat="39.89735" lon="116.635502">
        <time>2021-03-29T13:59:52Z</time>
      </trkpt>
      <trkpt lat="39.897516" lon="116.63534">
        <time>2021-03-29T13:59:57Z</time>
      </trkpt>
      <trkpt lat="39.897533" lon="116.635326">
        <time>2021-03-29T14:00:02Z</time>
      </trkpt>
      <trkpt lat="39.897632" lon="116.63526">
        <time>2021-03-29T14:00:07Z</time>
      </trkpt>
      <trkpt lat="39.897718" lon="116.635195">
        <time>2021-03-29T14:00:12Z</time>
      </trkpt>
      <trkpt lat="39.897794" lon="116.635165">
        <time>2021-03-29T14:00:17Z</time>
      </trkpt>
      <trkpt lat="39.897859" lon="116.63512">
        <time>2021-03-29T14:00:22Z</time>
      </trkpt>
      <trkpt lat="39.897931" lon="116.635047">
        <time>2021-03-29T14:00:27Z</time>
      </trkpt>
      <trkpt lat="39.898021" lon="116.634984">
        <time>2021-03-29T14:00:32Z</time>
      </trkpt>
      <trkpt lat="39.898109" lon="116.634925">
        <time>2021-03-29T14:00:37Z</time>
      </trkpt>
      <trkpt lat="39.898214" lon="116.634854">
        <time>2021-03-29T14:00:42Z</time>
      </trkpt>
      <trkpt lat="39.898312" lon="116.634764">
        <time>2021-03-29T14:00:47Z</time>
      </trkpt>
      <trkpt lat="39.898405" lon="116.634757">
        <time>2021-03-29T14:00:52Z</time>
      </trkpt>
      <trkpt lat="39.898506" lon="116.634741">
        <time>2021-03-29T14:00:57Z</time>
      </trkpt>
      <trkpt lat="39.89861" lon="116.634698">
        <time>2021-03-29T14:01:02Z</time>
      </trkpt>
      <trkpt lat="39.898715" lon="116.63463">
        <time>2021-03-29T14:01:07Z</time>
      </trkpt>
      <trkpt lat="39.89881" lon="116.634567">
        <time>2021-03-29T14:01:12Z</time>
      </trkpt>
      <trkpt lat="39.898921" lon="116.634496">
        <time>2021-03-29T14:01:17Z</time>
      </trkpt>
      <trkpt lat="39.899017" lon="116.634428">
        <time>2021-03-29T14:01:22Z</time>
      </trkpt>
      <trkpt lat="39.899118" lon="116.634353">
        <time>2021-03-29T14:01:27Z</time>
      </trkpt>
      <trkpt lat="39.899206" lon="116.634299">
        <time>2021-03-29T14:01:32Z</time>
      </trkpt>
      <trkpt lat="39.899307" lon="116.634252">
        <time>2021-03-29T14:01:37Z</time>
      </trkpt>
      <trkpt lat="39.899393" lon="116.634182">
        <time>2021-03-29T14:01:42Z</time>
      </trkpt>
      <trkpt lat="39.899486" lon="116.634108">
        <time>2021-03-29T14:01:47Z</time>
      </trkpt>
      <trkpt lat="39.899566" lon="116.634084">
        <time>2021-03-29T14:01:52Z</time>
      </trkpt>
      <trkpt lat="39.899681" lon="116.634041">
        <time>2021-03-29T14:01:57Z</time>
      </trkpt>
      <trkpt lat="39.899796" lon="116.633931">
        <time>2021-03-29T14:02:02Z</time>
      </trkpt>
      <trkpt lat="39.899871" lon="116.633875">
        <time>2021-03-29T14:02:07Z</time>
      </trkpt>
      <trkpt lat="39.899959" lon="116.6338">
        <time>2021-03-29T14:02:12Z</time>
      </trkpt>
      <trkpt lat="39.900075" lon="116.633762">
        <time>2021-03-29T14:02:17Z</time>
      </trkpt>
      <trkpt lat="39.900182" lon="116.633714">
        <time>2021-03-29T14:02:22Z</time>
      </trkpt>
      <trkpt lat="39.900279" lon="116.633611">
        <time>2021-03-29T14:02:27Z</time>
      </trkpt>
      <trkpt lat="39.900358" lon="116.633536">
        <time>2021-03-29T14:02:32Z</time>
      </trkpt>
      <trkpt lat="39.900454" lon="116.633453">
        <time>2021-03-29T14:02:37Z</time>
      </trkpt>
      <trkpt lat="39.900556" lon="116.633382">
        <time>2021-03-29T14:02:42Z</time>
      </trkpt>
      <trkpt lat="39.900649" lon="116.633331">
        <time>2021-03-29T14:02:47Z</time>
      </trkpt>
      <trkpt lat="39.900735" lon="116.633291">
        <time>2021-03-29T14:02:52Z</time>
      </trkpt>
      <trkpt lat="39.900828" lon="116.633221">
        <time>2021-03-29T14:02:57Z</time>
      </trkpt>
      <trkpt lat="39.900927" lon="116.633146">
        <time>2021-03-29T14:03:02Z</time>
      </trkpt>
      <trkpt lat="39.901031" lon="116.633139">
        <time>2021-03-29T14:03:07Z</time>
      </trkpt>
      <trkpt lat="39.901123" lon="116.633251">
        <time>2021-03-29T14:03:12Z</time>
      </trkpt>
      <trkpt lat="39.901091" lon="116.633373">
        <time>2021-03-29T14:03:17Z</time>
      </trkpt>
      <trkpt lat="39.901064" lon="116.633482">
        <time>2021-03-29T14:03:22Z</time>
      </trkpt>
      <trkpt lat="39.90104" lon="116.633619">
        <time>2021-03-29T14:03:27Z</time>
      </trkpt>
      <trkpt lat="39.901093" lon="116.633577">
        <time>2021-03-29T14:03:32Z</time>
      </trkpt>
      <trkpt lat="39.90106" lon="116.633404">
        <time>2021-03-29T14:03:37Z</time>
      </trkpt>
      <trkpt lat="39.90106" lon="116.633262">
        <time>2021-03-29T14:03:42Z</time>
      </trkpt>
      <trkpt lat="39.900963" lon="116.633186">
        <time>2021-03-29T14:03:47Z</time>
      </trkpt>
      <trkpt lat="39.900902" lon="116.633071">
        <time>2021-03-29T14:03:52Z</time>
      </trkpt>
      <trkpt lat="39.900851" lon="116.632932">
        <time>2021-03-29T14:03:57Z</time>
      </trkpt>
      <trkpt lat="39.900784" lon="116.632827">
        <time>2021-03-29T14:04:02Z</time>
      </trkpt>
      <trkpt lat="39.900665" lon="116.632849">
        <time>2021-03-29T14:04:07Z</time>
      </trkpt>
      <trkpt lat="39.900569" lon="116.632908">
        <time>2021-03-29T14:04:12Z</time>
      </trkpt>
      <trkpt lat="39.90048" lon="116.633011">
        <time>2021-03-29T14:04:17Z</time>
      </trkpt>
      <trkpt lat="39.900384" lon="116.633131">
        <time>2021-03-29T14:04:22Z</time>
      </trkpt>
      <trkpt lat="39.900287" lon="116.633225">
        <time>2021-03-29T14:04:27Z</time>
      </trkpt>
      <trkpt lat="39.900195" lon="116.633301">
        <time>2021-03-29T14:04:32Z</time>
      </trkpt>
      <trkpt lat="39.900133" lon="116.633354">
        <time>2021-03-29T14:04:37Z</time>
      </trkpt>
      <trkpt lat="39.900058" lon="116.63341">
        <time>2021-03-29T14:04:42Z</time>
      </trkpt>
      <trkpt lat="39.899992" lon="116.633459">
        <time>2021-03-29T14:04:47Z</time>
      </trkpt>
      <trkpt lat="39.899937" lon="116.633499">
        <time>2021-03-29T14:04:52Z</time>
      </trkpt>
      <trkpt lat="39.899857" lon="116.633551">
        <time>2021-03-29T14:04:57Z</time>
      </trkpt>
      <trkpt lat="39.899752" lon="116.633606">
        <time>2021-03-29T14:05:02Z</time>
      </trkpt>
      <trkpt lat="39.899662" lon="116.633659">
        <time>2021-03-29T14:05:07Z</time>
      </trkpt>
      <trkpt lat="39.899554" lon="116.63373">
        <time>2021-03-29T14:05:12Z</time>
      </trkpt>
      <trkpt lat="39.899486" lon="116.633771">
        <time>2021-03-29T14:05:17Z</time>
      </trkpt>
      <trkpt lat="39.899412" lon="116.633846">
        <time>2021-03-29T14:05:22Z</time>
      </trkpt>
      <trkpt lat="39.899339" lon="116.633918">
        <time>2021-03-29T14:05:27Z</time>
      </trkpt>
      <trkpt lat="39.899262" lon="116.63396">
        <time>2021-03-29T14:05:32Z</time>
      </trkpt>
      <trkpt lat="39.899182" lon="116.63399">
        <time>2021-03-29T14:05:37Z</time>
      </trkpt>
      <trkpt lat="39.899147" lon="116.634">
        <time>2021-03-29T14:05:42Z</time>
      </trkpt>
      <trkpt lat="39.899077" lon="116.634045">
        <time>2021-03-29T14:05:47Z</time>
      </trkpt>
      <trkpt lat="39.899003" lon="116.634064">
        <time>2021-03-29T14:05:52Z</time>
      </trkpt>
      <trkpt lat="39.898935" lon="116.634103">
        <time>2021-03-29T14:05:57Z</time>
      </trkpt>
      <trkpt lat="39.898867" lon="116.634135">
        <time>2021-03-29T14:06:02Z</time>
      </trkpt>
      <trkpt lat="39.898792" lon="116.634193">
        <time>2021-03-29T14:06:07Z</time>
      </trkpt>
      <trkpt lat="39.898723" lon="116.634269">
        <time>2021-03-29T14:06:12Z</time>
      </trkpt>
      <trkpt lat="39.898654" lon="116.634346">
        <time>2021-03-29T14:06:17Z</time>
      </trkpt>
      <trkpt lat="39.898587" lon="116.634384">
        <time>2021-03-29T14:06:22Z</time>
      </trkpt>
      <trkpt lat="39.898514" lon="116.634423">
        <time>2021-03-29T14:06:27Z</time>
      </trkpt>
      <trkpt lat="39.898447" lon="116.634464">
        <time>2021-03-29T14:06:32Z</time>
      </trkpt>
      <trkpt lat="39.898389" lon="116.634512">
        <time>2021-03-29T14:06:37Z</time>
      </trkpt>
      <trkpt lat="39.898325" lon="116.634549">
        <time>2021-03-29T14:06:42Z</time>
      </trkpt>
      <trkpt lat="39.898253" lon="116.634615">
        <time>2021-03-29T14:06:47Z</time>
      </trkpt>
      <trkpt lat="39.898188" lon="116.634679">
        <time>2021-03-29T14:06:52Z</time>
      </trkpt>
      <trkpt lat="39.898119" lon="116.634736">
        <time>2021-03-29T14:06:57Z</time>
      </trkpt>
      <trkpt lat="39.898043" lon="116.634724">
        <time>2021-03-29T14:07:02Z</time>
      </trkpt>
      <trkpt lat="39.898003" lon="116.634582">
        <time>2021-03-29T14:07:07Z</time>
      </trkpt>
      <trkpt lat="39.897951" lon="116.634421">
        <time>2021-03-29T14:07:12Z</time>
      </trkpt>
      <trkpt lat="39.89788" lon="116.634273">
        <time>2021-03-29T14:07:17Z</time>
      </trkpt>
      <trkpt lat="39.897772" lon="116.634122">
        <time>2021-03-29T14:07:22Z</time>
      </trkpt>
      <trkpt lat="39.897641" lon="116.633986">
        <time>2021-03-29T14:07:27Z</time>
      </trkpt>
      <trkpt lat="39.897572" lon="116.633856">
        <time>2021-03-29T14:07:32Z</time>
      </trkpt>
      <trkpt lat="39.897522" lon="116.633734">
        <time>2021-03-29T14:07:37Z</time>
      </trkpt>
      <trkpt lat="39.897493" lon="116.63362">
        <time>2021-03-29T14:07:42Z</time>
      </trkpt>
      <trkpt lat="39.897403" lon="116.633648">
        <time>2021-03-29T14:07:47Z</time>
      </trkpt>
      <trkpt lat="39.897355" lon="116.633764">
        <time>2021-03-29T14:07:52Z</time>
      </trkpt>
      <trkpt lat="39.897328" lon="116.633909">
        <time>2021-03-29T14:07:57Z</time>
      </trkpt>
      <trkpt lat="39.897366" lon="116.63403">
        <time>2021-03-29T14:08:02Z</time>
      </trkpt>
      <trkpt lat="39.897325" lon="116.634067">
        <time>2021-03-29T14:08:07Z</time>
      </trkpt>
      <trkpt lat="39.897333" lon="116.634145">
        <time>2021-03-29T14:08:12Z</time>
      </trkpt>
      <trkpt lat="39.897387" lon="116.634232">
        <time>2021-03-29T14:10:57Z</time>
      </trkpt>
    </trkseg>
  </trk>
</gpx>