<?xml version="1.0" encoding="UTF-8"?>
<gpx xmlns="http://www.topografix.com/GPX/1/1" xmlns:gpxtpx="http://www.garmin.com/xmlschemas/TrackPointExtension/v1" xmlns:xsi="http://www.w3.org/2001/XMLSchema-instance" xsi:schemaLocation="http://www.topografix.com/GPX/1/1 http://www.topografix.com/GPX/1/1/gpx.xsd" version="1.1" creator="gpx.py -- https://github.com/tkrajina/gpxpy">
  <trk>
    <name>gpx from keep</name>
    <trkseg>
      <trkpt lat="39.897096" lon="116.635683">
        <time>2021-04-24T11:30:06Z</time>
      </trkpt>
      <trkpt lat="39.897096" lon="116.635683">
        <time>2021-04-24T11:30:11Z</time>
      </trkpt>
      <trkpt lat="39.897039" lon="116.635771">
        <time>2021-04-24T11:30:16Z</time>
      </trkpt>
      <trkpt lat="39.896875" lon="116.635808">
        <time>2021-04-24T11:30:21Z</time>
      </trkpt>
      <trkpt lat="39.896757" lon="116.635892">
        <time>2021-04-24T11:30:26Z</time>
      </trkpt>
      <trkpt lat="39.89664" lon="116.635963">
        <time>2021-04-24T11:30:31Z</time>
      </trkpt>
      <trkpt lat="39.896499" lon="116.63609">
        <time>2021-04-24T11:30:36Z</time>
      </trkpt>
      <trkpt lat="39.896426" lon="116.636126">
        <time>2021-04-24T11:30:41Z</time>
      </trkpt>
      <trkpt lat="39.89631" lon="116.63619">
        <time>2021-04-24T11:30:46Z</time>
      </trkpt>
      <trkpt lat="39.896185" lon="116.636279">
        <time>2021-04-24T11:30:51Z</time>
      </trkpt>
      <trkpt lat="39.896167" lon="116.636403">
        <time>2021-04-24T11:30:56Z</time>
      </trkpt>
      <trkpt lat="39.896164" lon="116.636463">
        <time>2021-04-24T11:31:01Z</time>
      </trkpt>
      <trkpt lat="39.896143" lon="116.636445">
        <time>2021-04-24T11:31:06Z</time>
      </trkpt>
      <trkpt lat="39.896143" lon="116.636445">
        <time>2021-04-24T11:31:11Z</time>
      </trkpt>
      <trkpt lat="39.896143" lon="116.636445">
        <time>2021-04-24T11:31:16Z</time>
      </trkpt>
      <trkpt lat="39.896143" lon="116.636445">
        <time>2021-04-24T11:31:21Z</time>
      </trkpt>
      <trkpt lat="39.896143" lon="116.636445">
        <time>2021-04-24T11:31:26Z</time>
      </trkpt>
      <trkpt lat="39.896143" lon="116.636445">
        <time>2021-04-24T11:31:31Z</time>
      </trkpt>
      <trkpt lat="39.896143" lon="116.636445">
        <time>2021-04-24T11:31:36Z</time>
      </trkpt>
      <trkpt lat="39.896143" lon="116.636445">
        <time>2021-04-24T11:31:41Z</time>
      </trkpt>
      <trkpt lat="39.896143" lon="116.636445">
        <time>2021-04-24T11:31:46Z</time>
      </trkpt>
      <trkpt lat="39.896143" lon="116.636445">
        <time>2021-04-24T11:31:51Z</time>
      </trkpt>
      <trkpt lat="39.896143" lon="116.636445">
        <time>2021-04-24T11:31:56Z</time>
      </trkpt>
      <trkpt lat="39.896143" lon="116.636445">
        <time>2021-04-24T11:32:01Z</time>
      </trkpt>
      <trkpt lat="39.896143" lon="116.636445">
        <time>2021-04-24T11:32:06Z</time>
      </trkpt>
      <trkpt lat="39.896143" lon="116.636445">
        <time>2021-04-24T11:32:11Z</time>
      </trkpt>
      <trkpt lat="39.896143" lon="116.636445">
        <time>2021-04-24T11:32:16Z</time>
      </trkpt>
      <trkpt lat="39.896143" lon="116.636445">
        <time>2021-04-24T11:32:21Z</time>
      </trkpt>
      <trkpt lat="39.896143" lon="116.636445">
        <time>2021-04-24T11:32:26Z</time>
      </trkpt>
      <trkpt lat="39.896143" lon="116.636445">
        <time>2021-04-24T11:32:31Z</time>
      </trkpt>
      <trkpt lat="39.896143" lon="116.636445">
        <time>2021-04-24T11:32:36Z</time>
      </trkpt>
      <trkpt lat="39.896143" lon="116.636445">
        <time>2021-04-24T11:32:41Z</time>
      </trkpt>
      <trkpt lat="39.896143" lon="116.636445">
        <time>2021-04-24T11:32:46Z</time>
      </trkpt>
      <trkpt lat="39.896143" lon="116.636445">
        <time>2021-04-24T11:32:51Z</time>
      </trkpt>
      <trkpt lat="39.896143" lon="116.636445">
        <time>2021-04-24T11:32:56Z</time>
      </trkpt>
      <trkpt lat="39.896143" lon="116.636445">
        <time>2021-04-24T11:33:01Z</time>
      </trkpt>
      <trkpt lat="39.896143" lon="116.636445">
        <time>2021-04-24T11:33:06Z</time>
      </trkpt>
      <trkpt lat="39.896143" lon="116.636445">
        <time>2021-04-24T11:33:11Z</time>
      </trkpt>
      <trkpt lat="39.896143" lon="116.636445">
        <time>2021-04-24T11:33:16Z</time>
      </trkpt>
      <trkpt lat="39.896143" lon="116.636445">
        <time>2021-04-24T11:33:21Z</time>
      </trkpt>
      <trkpt lat="39.896143" lon="116.636445">
        <time>2021-04-24T11:33:26Z</time>
      </trkpt>
      <trkpt lat="39.896143" lon="116.636445">
        <time>2021-04-24T11:33:31Z</time>
      </trkpt>
      <trkpt lat="39.896143" lon="116.636445">
        <time>2021-04-24T11:33:36Z</time>
      </trkpt>
      <trkpt lat="39.896143" lon="116.636445">
        <time>2021-04-24T11:33:41Z</time>
      </trkpt>
      <trkpt lat="39.896143" lon="116.636445">
        <time>2021-04-24T11:33:46Z</time>
      </trkpt>
      <trkpt lat="39.896143" lon="116.636445">
        <time>2021-04-24T11:33:51Z</time>
      </trkpt>
      <trkpt lat="39.896143" lon="116.636445">
        <time>2021-04-24T11:33:56Z</time>
      </trkpt>
      <trkpt lat="39.896143" lon="116.636445">
        <time>2021-04-24T11:34:01Z</time>
      </trkpt>
      <trkpt lat="39.896143" lon="116.636445">
        <time>2021-04-24T11:34:06Z</time>
      </trkpt>
      <trkpt lat="39.896143" lon="116.636445">
        <time>2021-04-24T11:34:11Z</time>
      </trkpt>
      <trkpt lat="39.896143" lon="116.636445">
        <time>2021-04-24T11:34:16Z</time>
      </trkpt>
      <trkpt lat="39.896143" lon="116.636445">
        <time>2021-04-24T11:34:21Z</time>
      </trkpt>
      <trkpt lat="39.896143" lon="116.636445">
        <time>2021-04-24T11:34:26Z</time>
      </trkpt>
      <trkpt lat="39.896143" lon="116.636445">
        <time>2021-04-24T11:34:31Z</time>
      </trkpt>
      <trkpt lat="39.896143" lon="116.636445">
        <time>2021-04-24T11:34:36Z</time>
      </trkpt>
      <trkpt lat="39.896143" lon="116.636445">
        <time>2021-04-24T11:34:41Z</time>
      </trkpt>
      <trkpt lat="39.896143" lon="116.636445">
        <time>2021-04-24T11:34:46Z</time>
      </trkpt>
      <trkpt lat="39.896143" lon="116.636445">
        <time>2021-04-24T11:34:51Z</time>
      </trkpt>
      <trkpt lat="39.896143" lon="116.636445">
        <time>2021-04-24T11:34:56Z</time>
      </trkpt>
      <trkpt lat="39.896143" lon="116.636445">
        <time>2021-04-24T11:35:01Z</time>
      </trkpt>
      <trkpt lat="39.896143" lon="116.636445">
        <time>2021-04-24T11:35:06Z</time>
      </trkpt>
      <trkpt lat="39.896143" lon="116.636445">
        <time>2021-04-24T11:35:11Z</time>
      </trkpt>
      <trkpt lat="39.896143" lon="116.636445">
        <time>2021-04-24T11:35:16Z</time>
      </trkpt>
      <trkpt lat="39.896143" lon="116.636445">
        <time>2021-04-24T11:35:21Z</time>
      </trkpt>
      <trkpt lat="39.896143" lon="116.636445">
        <time>2021-04-24T11:35:26Z</time>
      </trkpt>
      <trkpt lat="39.896143" lon="116.636445">
        <time>2021-04-24T11:35:31Z</time>
      </trkpt>
      <trkpt lat="39.896143" lon="116.636445">
        <time>2021-04-24T11:35:36Z</time>
      </trkpt>
      <trkpt lat="39.896143" lon="116.636445">
        <time>2021-04-24T11:35:41Z</time>
      </trkpt>
      <trkpt lat="39.896143" lon="116.636445">
        <time>2021-04-24T11:35:46Z</time>
      </trkpt>
      <trkpt lat="39.896143" lon="116.636445">
        <time>2021-04-24T11:35:51Z</time>
      </trkpt>
      <trkpt lat="39.896143" lon="116.636445">
        <time>2021-04-24T11:35:56Z</time>
      </trkpt>
      <trkpt lat="39.896143" lon="116.636445">
        <time>2021-04-24T11:36:01Z</time>
      </trkpt>
      <trkpt lat="39.896143" lon="116.636445">
        <time>2021-04-24T11:36:06Z</time>
      </trkpt>
      <trkpt lat="39.896143" lon="116.636445">
        <time>2021-04-24T11:36:11Z</time>
      </trkpt>
      <trkpt lat="39.896143" lon="116.636445">
        <time>2021-04-24T11:36:16Z</time>
      </trkpt>
      <trkpt lat="39.896143" lon="116.636445">
        <time>2021-04-24T11:36:21Z</time>
      </trkpt>
      <trkpt lat="39.896143" lon="116.636445">
        <time>2021-04-24T11:36:26Z</time>
      </trkpt>
      <trkpt lat="39.896143" lon="116.636445">
        <time>2021-04-24T11:36:31Z</time>
      </trkpt>
      <trkpt lat="39.896143" lon="116.636445">
        <time>2021-04-24T11:36:36Z</time>
      </trkpt>
      <trkpt lat="39.896143" lon="116.636445">
        <time>2021-04-24T11:36:41Z</time>
      </trkpt>
      <trkpt lat="39.896143" lon="116.636445">
        <time>2021-04-24T11:36:46Z</time>
      </trkpt>
      <trkpt lat="39.896143" lon="116.636445">
        <time>2021-04-24T11:36:51Z</time>
      </trkpt>
      <trkpt lat="39.896143" lon="116.636445">
        <time>2021-04-24T11:36:56Z</time>
      </trkpt>
      <trkpt lat="39.896143" lon="116.636445">
        <time>2021-04-24T11:37:01Z</time>
      </trkpt>
      <trkpt lat="39.896143" lon="116.636445">
        <time>2021-04-24T11:37:06Z</time>
      </trkpt>
      <trkpt lat="39.896143" lon="116.636445">
        <time>2021-04-24T11:37:11Z</time>
      </trkpt>
      <trkpt lat="39.896143" lon="116.636445">
        <time>2021-04-24T11:37:16Z</time>
      </trkpt>
      <trkpt lat="39.896143" lon="116.636445">
        <time>2021-04-24T11:37:21Z</time>
      </trkpt>
      <trkpt lat="39.896143" lon="116.636445">
        <time>2021-04-24T11:37:26Z</time>
      </trkpt>
      <trkpt lat="39.896143" lon="116.636445">
        <time>2021-04-24T11:37:31Z</time>
      </trkpt>
      <trkpt lat="39.896143" lon="116.636445">
        <time>2021-04-24T11:37:36Z</time>
      </trkpt>
      <trkpt lat="39.896143" lon="116.636445">
        <time>2021-04-24T11:37:41Z</time>
      </trkpt>
      <trkpt lat="39.896143" lon="116.636445">
        <time>2021-04-24T11:37:46Z</time>
      </trkpt>
      <trkpt lat="39.896143" lon="116.636445">
        <time>2021-04-24T11:37:51Z</time>
      </trkpt>
      <trkpt lat="39.896143" lon="116.636445">
        <time>2021-04-24T11:37:56Z</time>
      </trkpt>
      <trkpt lat="39.896143" lon="116.636445">
        <time>2021-04-24T11:38:01Z</time>
      </trkpt>
      <trkpt lat="39.896143" lon="116.636445">
        <time>2021-04-24T11:38:06Z</time>
      </trkpt>
      <trkpt lat="39.896143" lon="116.636445">
        <time>2021-04-24T11:38:11Z</time>
      </trkpt>
      <trkpt lat="39.896143" lon="116.636445">
        <time>2021-04-24T11:38:16Z</time>
      </trkpt>
      <trkpt lat="39.896143" lon="116.636445">
        <time>2021-04-24T11:38:21Z</time>
      </trkpt>
      <trkpt lat="39.896143" lon="116.636445">
        <time>2021-04-24T11:38:26Z</time>
      </trkpt>
      <trkpt lat="39.896143" lon="116.636445">
        <time>2021-04-24T11:38:31Z</time>
      </trkpt>
      <trkpt lat="39.896143" lon="116.636445">
        <time>2021-04-24T11:38:36Z</time>
      </trkpt>
      <trkpt lat="39.896143" lon="116.636445">
        <time>2021-04-24T11:38:41Z</time>
      </trkpt>
      <trkpt lat="39.896143" lon="116.636445">
        <time>2021-04-24T11:38:46Z</time>
      </trkpt>
      <trkpt lat="39.896143" lon="116.636445">
        <time>2021-04-24T11:38:51Z</time>
      </trkpt>
      <trkpt lat="39.896143" lon="116.636445">
        <time>2021-04-24T11:38:56Z</time>
      </trkpt>
      <trkpt lat="39.896143" lon="116.636445">
        <time>2021-04-24T11:39:01Z</time>
      </trkpt>
      <trkpt lat="39.896143" lon="116.636445">
        <time>2021-04-24T11:39:06Z</time>
      </trkpt>
      <trkpt lat="39.896143" lon="116.636445">
        <time>2021-04-24T11:39:11Z</time>
      </trkpt>
      <trkpt lat="39.896143" lon="116.636445">
        <time>2021-04-24T11:39:16Z</time>
      </trkpt>
      <trkpt lat="39.896143" lon="116.636445">
        <time>2021-04-24T11:39:21Z</time>
      </trkpt>
      <trkpt lat="39.896143" lon="116.636445">
        <time>2021-04-24T11:39:26Z</time>
      </trkpt>
      <trkpt lat="39.896143" lon="116.636445">
        <time>2021-04-24T11:39:31Z</time>
      </trkpt>
      <trkpt lat="39.896143" lon="116.636445">
        <time>2021-04-24T11:39:36Z</time>
      </trkpt>
      <trkpt lat="39.896143" lon="116.636445">
        <time>2021-04-24T11:39:41Z</time>
      </trkpt>
      <trkpt lat="39.896143" lon="116.636445">
        <time>2021-04-24T11:39:46Z</time>
      </trkpt>
      <trkpt lat="39.896143" lon="116.636445">
        <time>2021-04-24T11:39:51Z</time>
      </trkpt>
      <trkpt lat="39.896143" lon="116.636445">
        <time>2021-04-24T11:39:56Z</time>
      </trkpt>
      <trkpt lat="39.896143" lon="116.636445">
        <time>2021-04-24T11:40:01Z</time>
      </trkpt>
      <trkpt lat="39.896143" lon="116.636445">
        <time>2021-04-24T11:40:06Z</time>
      </trkpt>
      <trkpt lat="39.896143" lon="116.636445">
        <time>2021-04-24T11:40:11Z</time>
      </trkpt>
      <trkpt lat="39.896143" lon="116.636445">
        <time>2021-04-24T11:40:16Z</time>
      </trkpt>
      <trkpt lat="39.896143" lon="116.636445">
        <time>2021-04-24T11:40:21Z</time>
      </trkpt>
      <trkpt lat="39.896143" lon="116.636445">
        <time>2021-04-24T11:40:26Z</time>
      </trkpt>
      <trkpt lat="39.896143" lon="116.636445">
        <time>2021-04-24T11:40:31Z</time>
      </trkpt>
      <trkpt lat="39.896143" lon="116.636445">
        <time>2021-04-24T11:40:36Z</time>
      </trkpt>
      <trkpt lat="39.896143" lon="116.636445">
        <time>2021-04-24T11:40:41Z</time>
      </trkpt>
      <trkpt lat="39.896143" lon="116.636445">
        <time>2021-04-24T11:40:46Z</time>
      </trkpt>
      <trkpt lat="39.896143" lon="116.636445">
        <time>2021-04-24T11:40:51Z</time>
      </trkpt>
      <trkpt lat="39.896143" lon="116.636445">
        <time>2021-04-24T11:40:56Z</time>
      </trkpt>
      <trkpt lat="39.896143" lon="116.636445">
        <time>2021-04-24T11:41:01Z</time>
      </trkpt>
      <trkpt lat="39.896143" lon="116.636445">
        <time>2021-04-24T11:41:06Z</time>
      </trkpt>
      <trkpt lat="39.896143" lon="116.636445">
        <time>2021-04-24T11:41:11Z</time>
      </trkpt>
      <trkpt lat="39.896143" lon="116.636445">
        <time>2021-04-24T11:41:16Z</time>
      </trkpt>
      <trkpt lat="39.896143" lon="116.636445">
        <time>2021-04-24T11:41:21Z</time>
      </trkpt>
      <trkpt lat="39.896143" lon="116.636445">
        <time>2021-04-24T11:41:26Z</time>
      </trkpt>
      <trkpt lat="39.896143" lon="116.636445">
        <time>2021-04-24T11:41:31Z</time>
      </trkpt>
      <trkpt lat="39.896143" lon="116.636445">
        <time>2021-04-24T11:41:36Z</time>
      </trkpt>
      <trkpt lat="39.896143" lon="116.636445">
        <time>2021-04-24T11:41:41Z</time>
      </trkpt>
      <trkpt lat="39.896143" lon="116.636445">
        <time>2021-04-24T11:41:46Z</time>
      </trkpt>
      <trkpt lat="39.896143" lon="116.636445">
        <time>2021-04-24T11:41:51Z</time>
      </trkpt>
      <trkpt lat="39.896143" lon="116.636445">
        <time>2021-04-24T11:41:56Z</time>
      </trkpt>
      <trkpt lat="39.896143" lon="116.636445">
        <time>2021-04-24T11:42:01Z</time>
      </trkpt>
      <trkpt lat="39.896143" lon="116.636445">
        <time>2021-04-24T11:42:06Z</time>
      </trkpt>
      <trkpt lat="39.896143" lon="116.636445">
        <time>2021-04-24T11:42:11Z</time>
      </trkpt>
      <trkpt lat="39.896143" lon="116.636445">
        <time>2021-04-24T11:42:16Z</time>
      </trkpt>
      <trkpt lat="39.896143" lon="116.636445">
        <time>2021-04-24T11:42:21Z</time>
      </trkpt>
      <trkpt lat="39.896143" lon="116.636445">
        <time>2021-04-24T11:42:26Z</time>
      </trkpt>
      <trkpt lat="39.896143" lon="116.636445">
        <time>2021-04-24T11:42:31Z</time>
      </trkpt>
      <trkpt lat="39.896143" lon="116.636445">
        <time>2021-04-24T11:42:36Z</time>
      </trkpt>
      <trkpt lat="39.896143" lon="116.636445">
        <time>2021-04-24T11:42:41Z</time>
      </trkpt>
      <trkpt lat="39.896143" lon="116.636445">
        <time>2021-04-24T11:42:46Z</time>
      </trkpt>
      <trkpt lat="39.896143" lon="116.636445">
        <time>2021-04-24T11:42:51Z</time>
      </trkpt>
      <trkpt lat="39.896143" lon="116.636445">
        <time>2021-04-24T11:42:56Z</time>
      </trkpt>
      <trkpt lat="39.896143" lon="116.636445">
        <time>2021-04-24T11:43:01Z</time>
      </trkpt>
      <trkpt lat="39.896143" lon="116.636445">
        <time>2021-04-24T11:43:06Z</time>
      </trkpt>
      <trkpt lat="39.896143" lon="116.636445">
        <time>2021-04-24T11:43:11Z</time>
      </trkpt>
      <trkpt lat="39.896143" lon="116.636445">
        <time>2021-04-24T11:43:16Z</time>
      </trkpt>
      <trkpt lat="39.896143" lon="116.636445">
        <time>2021-04-24T11:43:21Z</time>
      </trkpt>
      <trkpt lat="39.896143" lon="116.636445">
        <time>2021-04-24T11:43:26Z</time>
      </trkpt>
      <trkpt lat="39.896143" lon="116.636445">
        <time>2021-04-24T11:43:31Z</time>
      </trkpt>
      <trkpt lat="39.896143" lon="116.636445">
        <time>2021-04-24T11:43:36Z</time>
      </trkpt>
      <trkpt lat="39.896143" lon="116.636445">
        <time>2021-04-24T11:43:41Z</time>
      </trkpt>
      <trkpt lat="39.896143" lon="116.636445">
        <time>2021-04-24T11:43:46Z</time>
      </trkpt>
      <trkpt lat="39.896143" lon="116.636445">
        <time>2021-04-24T11:43:51Z</time>
      </trkpt>
      <trkpt lat="39.896143" lon="116.636445">
        <time>2021-04-24T11:43:56Z</time>
      </trkpt>
      <trkpt lat="39.896143" lon="116.636445">
        <time>2021-04-24T11:44:01Z</time>
      </trkpt>
      <trkpt lat="39.896143" lon="116.636445">
        <time>2021-04-24T11:44:06Z</time>
      </trkpt>
      <trkpt lat="39.896143" lon="116.636445">
        <time>2021-04-24T11:44:11Z</time>
      </trkpt>
      <trkpt lat="39.896143" lon="116.636445">
        <time>2021-04-24T11:44:16Z</time>
      </trkpt>
      <trkpt lat="39.896143" lon="116.636445">
        <time>2021-04-24T11:44:21Z</time>
      </trkpt>
      <trkpt lat="39.896143" lon="116.636445">
        <time>2021-04-24T11:44:26Z</time>
      </trkpt>
      <trkpt lat="39.896143" lon="116.636445">
        <time>2021-04-24T11:44:31Z</time>
      </trkpt>
      <trkpt lat="39.896143" lon="116.636445">
        <time>2021-04-24T11:44:36Z</time>
      </trkpt>
      <trkpt lat="39.896143" lon="116.636445">
        <time>2021-04-24T11:44:41Z</time>
      </trkpt>
      <trkpt lat="39.896143" lon="116.636445">
        <time>2021-04-24T11:44:46Z</time>
      </trkpt>
      <trkpt lat="39.896143" lon="116.636445">
        <time>2021-04-24T11:44:51Z</time>
      </trkpt>
      <trkpt lat="39.896143" lon="116.636445">
        <time>2021-04-24T11:44:56Z</time>
      </trkpt>
      <trkpt lat="39.896143" lon="116.636445">
        <time>2021-04-24T11:45:01Z</time>
      </trkpt>
      <trkpt lat="39.896143" lon="116.636445">
        <time>2021-04-24T11:45:06Z</time>
      </trkpt>
      <trkpt lat="39.896143" lon="116.636445">
        <time>2021-04-24T11:45:11Z</time>
      </trkpt>
      <trkpt lat="39.896143" lon="116.636445">
        <time>2021-04-24T11:45:16Z</time>
      </trkpt>
      <trkpt lat="39.896143" lon="116.636445">
        <time>2021-04-24T11:45:21Z</time>
      </trkpt>
      <trkpt lat="39.896143" lon="116.636445">
        <time>2021-04-24T11:45:26Z</time>
      </trkpt>
      <trkpt lat="39.896143" lon="116.636445">
        <time>2021-04-24T11:45:31Z</time>
      </trkpt>
      <trkpt lat="39.896143" lon="116.636445">
        <time>2021-04-24T11:45:36Z</time>
      </trkpt>
      <trkpt lat="39.896143" lon="116.636445">
        <time>2021-04-24T11:45:41Z</time>
      </trkpt>
      <trkpt lat="39.896143" lon="116.636445">
        <time>2021-04-24T11:45:46Z</time>
      </trkpt>
      <trkpt lat="39.896143" lon="116.636445">
        <time>2021-04-24T11:45:51Z</time>
      </trkpt>
      <trkpt lat="39.896143" lon="116.636445">
        <time>2021-04-24T11:45:56Z</time>
      </trkpt>
      <trkpt lat="39.896143" lon="116.636445">
        <time>2021-04-24T11:46:01Z</time>
      </trkpt>
      <trkpt lat="39.896143" lon="116.636445">
        <time>2021-04-24T11:46:06Z</time>
      </trkpt>
      <trkpt lat="39.896143" lon="116.636445">
        <time>2021-04-24T11:46:11Z</time>
      </trkpt>
      <trkpt lat="39.896143" lon="116.636445">
        <time>2021-04-24T11:46:16Z</time>
      </trkpt>
      <trkpt lat="39.896143" lon="116.636445">
        <time>2021-04-24T11:46:21Z</time>
      </trkpt>
      <trkpt lat="39.896143" lon="116.636445">
        <time>2021-04-24T11:46:26Z</time>
      </trkpt>
      <trkpt lat="39.896143" lon="116.636445">
        <time>2021-04-24T11:46:31Z</time>
      </trkpt>
      <trkpt lat="39.896143" lon="116.636445">
        <time>2021-04-24T11:46:36Z</time>
      </trkpt>
      <trkpt lat="39.896143" lon="116.636445">
        <time>2021-04-24T11:46:41Z</time>
      </trkpt>
      <trkpt lat="39.896143" lon="116.636445">
        <time>2021-04-24T11:46:46Z</time>
      </trkpt>
      <trkpt lat="39.896143" lon="116.636445">
        <time>2021-04-24T11:46:51Z</time>
      </trkpt>
      <trkpt lat="39.896143" lon="116.636445">
        <time>2021-04-24T11:46:56Z</time>
      </trkpt>
      <trkpt lat="39.896143" lon="116.636445">
        <time>2021-04-24T11:47:01Z</time>
      </trkpt>
      <trkpt lat="39.896143" lon="116.636445">
        <time>2021-04-24T11:47:06Z</time>
      </trkpt>
      <trkpt lat="39.896143" lon="116.636445">
        <time>2021-04-24T11:47:11Z</time>
      </trkpt>
      <trkpt lat="39.896143" lon="116.636445">
        <time>2021-04-24T11:47:16Z</time>
      </trkpt>
      <trkpt lat="39.896143" lon="116.636445">
        <time>2021-04-24T11:47:21Z</time>
      </trkpt>
      <trkpt lat="39.896143" lon="116.636445">
        <time>2021-04-24T11:47:26Z</time>
      </trkpt>
      <trkpt lat="39.896143" lon="116.636445">
        <time>2021-04-24T11:47:31Z</time>
      </trkpt>
      <trkpt lat="39.896143" lon="116.636445">
        <time>2021-04-24T11:47:36Z</time>
      </trkpt>
      <trkpt lat="39.896143" lon="116.636445">
        <time>2021-04-24T11:47:41Z</time>
      </trkpt>
      <trkpt lat="39.896143" lon="116.636445">
        <time>2021-04-24T11:47:46Z</time>
      </trkpt>
      <trkpt lat="39.896143" lon="116.636445">
        <time>2021-04-24T11:47:51Z</time>
      </trkpt>
      <trkpt lat="39.896143" lon="116.636445">
        <time>2021-04-24T11:47:56Z</time>
      </trkpt>
      <trkpt lat="39.896143" lon="116.636445">
        <time>2021-04-24T11:48:01Z</time>
      </trkpt>
      <trkpt lat="39.896143" lon="116.636445">
        <time>2021-04-24T11:48:06Z</time>
      </trkpt>
      <trkpt lat="39.896143" lon="116.636445">
        <time>2021-04-24T11:48:11Z</time>
      </trkpt>
      <trkpt lat="39.896143" lon="116.636445">
        <time>2021-04-24T11:48:16Z</time>
      </trkpt>
      <trkpt lat="39.896143" lon="116.636445">
        <time>2021-04-24T11:48:21Z</time>
      </trkpt>
      <trkpt lat="39.896143" lon="116.636445">
        <time>2021-04-24T11:48:26Z</time>
      </trkpt>
      <trkpt lat="39.896143" lon="116.636445">
        <time>2021-04-24T11:48:31Z</time>
      </trkpt>
      <trkpt lat="39.896143" lon="116.636445">
        <time>2021-04-24T11:48:36Z</time>
      </trkpt>
      <trkpt lat="39.896143" lon="116.636445">
        <time>2021-04-24T11:48:41Z</time>
      </trkpt>
      <trkpt lat="39.896143" lon="116.636445">
        <time>2021-04-24T11:48:46Z</time>
      </trkpt>
      <trkpt lat="39.896143" lon="116.636445">
        <time>2021-04-24T11:48:51Z</time>
      </trkpt>
      <trkpt lat="39.896143" lon="116.636445">
        <time>2021-04-24T11:48:56Z</time>
      </trkpt>
      <trkpt lat="39.896143" lon="116.636445">
        <time>2021-04-24T11:49:01Z</time>
      </trkpt>
      <trkpt lat="39.896143" lon="116.636445">
        <time>2021-04-24T11:49:06Z</time>
      </trkpt>
      <trkpt lat="39.896143" lon="116.636445">
        <time>2021-04-24T11:49:11Z</time>
      </trkpt>
      <trkpt lat="39.896143" lon="116.636445">
        <time>2021-04-24T11:49:16Z</time>
      </trkpt>
      <trkpt lat="39.896143" lon="116.636445">
        <time>2021-04-24T11:49:21Z</time>
      </trkpt>
      <trkpt lat="39.896143" lon="116.636445">
        <time>2021-04-24T11:49:26Z</time>
      </trkpt>
      <trkpt lat="39.896143" lon="116.636445">
        <time>2021-04-24T11:49:31Z</time>
      </trkpt>
      <trkpt lat="39.896143" lon="116.636445">
        <time>2021-04-24T11:49:36Z</time>
      </trkpt>
      <trkpt lat="39.896143" lon="116.636445">
        <time>2021-04-24T11:49:41Z</time>
      </trkpt>
      <trkpt lat="39.896143" lon="116.636445">
        <time>2021-04-24T11:49:46Z</time>
      </trkpt>
      <trkpt lat="39.896143" lon="116.636445">
        <time>2021-04-24T11:49:51Z</time>
      </trkpt>
      <trkpt lat="39.896143" lon="116.636445">
        <time>2021-04-24T11:49:56Z</time>
      </trkpt>
      <trkpt lat="39.896143" lon="116.636445">
        <time>2021-04-24T11:50:01Z</time>
      </trkpt>
      <trkpt lat="39.896143" lon="116.636445">
        <time>2021-04-24T11:50:06Z</time>
      </trkpt>
      <trkpt lat="39.896143" lon="116.636445">
        <time>2021-04-24T11:50:11Z</time>
      </trkpt>
      <trkpt lat="39.896143" lon="116.636445">
        <time>2021-04-24T11:50:16Z</time>
      </trkpt>
      <trkpt lat="39.896143" lon="116.636445">
        <time>2021-04-24T11:50:21Z</time>
      </trkpt>
      <trkpt lat="39.896143" lon="116.636445">
        <time>2021-04-24T11:50:26Z</time>
      </trkpt>
      <trkpt lat="39.896143" lon="116.636445">
        <time>2021-04-24T11:50:31Z</time>
      </trkpt>
      <trkpt lat="39.896143" lon="116.636445">
        <time>2021-04-24T11:50:36Z</time>
      </trkpt>
      <trkpt lat="39.896143" lon="116.636445">
        <time>2021-04-24T11:50:41Z</time>
      </trkpt>
      <trkpt lat="39.896143" lon="116.636445">
        <time>2021-04-24T11:50:46Z</time>
      </trkpt>
      <trkpt lat="39.896143" lon="116.636445">
        <time>2021-04-24T11:50:51Z</time>
      </trkpt>
      <trkpt lat="39.896143" lon="116.636445">
        <time>2021-04-24T11:50:56Z</time>
      </trkpt>
      <trkpt lat="39.896143" lon="116.636445">
        <time>2021-04-24T11:51:01Z</time>
      </trkpt>
      <trkpt lat="39.896143" lon="116.636445">
        <time>2021-04-24T11:51:06Z</time>
      </trkpt>
      <trkpt lat="39.896143" lon="116.636445">
        <time>2021-04-24T11:51:11Z</time>
      </trkpt>
      <trkpt lat="39.896143" lon="116.636445">
        <time>2021-04-24T11:51:16Z</time>
      </trkpt>
      <trkpt lat="39.896143" lon="116.636445">
        <time>2021-04-24T11:51:21Z</time>
      </trkpt>
      <trkpt lat="39.896143" lon="116.636445">
        <time>2021-04-24T11:51:26Z</time>
      </trkpt>
      <trkpt lat="39.896143" lon="116.636445">
        <time>2021-04-24T11:51:31Z</time>
      </trkpt>
      <trkpt lat="39.896143" lon="116.636445">
        <time>2021-04-24T11:51:36Z</time>
      </trkpt>
      <trkpt lat="39.896143" lon="116.636445">
        <time>2021-04-24T11:51:41Z</time>
      </trkpt>
      <trkpt lat="39.896143" lon="116.636445">
        <time>2021-04-24T11:51:46Z</time>
      </trkpt>
      <trkpt lat="39.896143" lon="116.636445">
        <time>2021-04-24T11:51:51Z</time>
      </trkpt>
      <trkpt lat="39.896143" lon="116.636445">
        <time>2021-04-24T11:51:56Z</time>
      </trkpt>
      <trkpt lat="39.896143" lon="116.636445">
        <time>2021-04-24T11:52:01Z</time>
      </trkpt>
      <trkpt lat="39.896143" lon="116.636445">
        <time>2021-04-24T11:52:06Z</time>
      </trkpt>
      <trkpt lat="39.896143" lon="116.636445">
        <time>2021-04-24T11:52:11Z</time>
      </trkpt>
      <trkpt lat="39.896143" lon="116.636445">
        <time>2021-04-24T11:52:16Z</time>
      </trkpt>
      <trkpt lat="39.896143" lon="116.636445">
        <time>2021-04-24T11:52:21Z</time>
      </trkpt>
      <trkpt lat="39.896143" lon="116.636445">
        <time>2021-04-24T11:52:26Z</time>
      </trkpt>
      <trkpt lat="39.896143" lon="116.636445">
        <time>2021-04-24T11:52:31Z</time>
      </trkpt>
      <trkpt lat="39.896143" lon="116.636445">
        <time>2021-04-24T11:52:36Z</time>
      </trkpt>
      <trkpt lat="39.896143" lon="116.636445">
        <time>2021-04-24T11:52:41Z</time>
      </trkpt>
      <trkpt lat="39.896143" lon="116.636445">
        <time>2021-04-24T11:52:46Z</time>
      </trkpt>
      <trkpt lat="39.896143" lon="116.636445">
        <time>2021-04-24T11:52:51Z</time>
      </trkpt>
      <trkpt lat="39.896143" lon="116.636445">
        <time>2021-04-24T11:52:56Z</time>
      </trkpt>
      <trkpt lat="39.896143" lon="116.636445">
        <time>2021-04-24T11:53:01Z</time>
      </trkpt>
      <trkpt lat="39.896143" lon="116.636445">
        <time>2021-04-24T11:53:06Z</time>
      </trkpt>
      <trkpt lat="39.896143" lon="116.636445">
        <time>2021-04-24T11:53:11Z</time>
      </trkpt>
      <trkpt lat="39.896143" lon="116.636445">
        <time>2021-04-24T11:53:16Z</time>
      </trkpt>
      <trkpt lat="39.896143" lon="116.636445">
        <time>2021-04-24T11:53:21Z</time>
      </trkpt>
      <trkpt lat="39.896143" lon="116.636445">
        <time>2021-04-24T11:53:26Z</time>
      </trkpt>
      <trkpt lat="39.896143" lon="116.636445">
        <time>2021-04-24T11:53:31Z</time>
      </trkpt>
      <trkpt lat="39.896143" lon="116.636445">
        <time>2021-04-24T11:53:36Z</time>
      </trkpt>
      <trkpt lat="39.896143" lon="116.636445">
        <time>2021-04-24T11:53:41Z</time>
      </trkpt>
      <trkpt lat="39.896143" lon="116.636445">
        <time>2021-04-24T11:53:46Z</time>
      </trkpt>
      <trkpt lat="39.896143" lon="116.636445">
        <time>2021-04-24T11:53:51Z</time>
      </trkpt>
      <trkpt lat="39.896143" lon="116.636445">
        <time>2021-04-24T11:53:56Z</time>
      </trkpt>
      <trkpt lat="39.896143" lon="116.636445">
        <time>2021-04-24T11:54:01Z</time>
      </trkpt>
      <trkpt lat="39.896143" lon="116.636445">
        <time>2021-04-24T11:54:06Z</time>
      </trkpt>
      <trkpt lat="39.896143" lon="116.636445">
        <time>2021-04-24T11:54:11Z</time>
      </trkpt>
      <trkpt lat="39.896143" lon="116.636445">
        <time>2021-04-24T11:54:16Z</time>
      </trkpt>
      <trkpt lat="39.896143" lon="116.636445">
        <time>2021-04-24T11:54:21Z</time>
      </trkpt>
      <trkpt lat="39.896143" lon="116.636445">
        <time>2021-04-24T11:54:26Z</time>
      </trkpt>
      <trkpt lat="39.896143" lon="116.636445">
        <time>2021-04-24T11:54:31Z</time>
      </trkpt>
      <trkpt lat="39.896143" lon="116.636445">
        <time>2021-04-24T11:54:36Z</time>
      </trkpt>
      <trkpt lat="39.896143" lon="116.636445">
        <time>2021-04-24T11:54:41Z</time>
      </trkpt>
      <trkpt lat="39.896143" lon="116.636445">
        <time>2021-04-24T11:54:46Z</time>
      </trkpt>
      <trkpt lat="39.896143" lon="116.636445">
        <time>2021-04-24T11:54:51Z</time>
      </trkpt>
      <trkpt lat="39.896143" lon="116.636445">
        <time>2021-04-24T11:54:56Z</time>
      </trkpt>
      <trkpt lat="39.896143" lon="116.636445">
        <time>2021-04-24T11:55:01Z</time>
      </trkpt>
      <trkpt lat="39.896143" lon="116.636445">
        <time>2021-04-24T11:55:06Z</time>
      </trkpt>
      <trkpt lat="39.896143" lon="116.636445">
        <time>2021-04-24T11:55:11Z</time>
      </trkpt>
      <trkpt lat="39.896143" lon="116.636445">
        <time>2021-04-24T11:55:16Z</time>
      </trkpt>
      <trkpt lat="39.896143" lon="116.636445">
        <time>2021-04-24T11:55:21Z</time>
      </trkpt>
      <trkpt lat="39.896143" lon="116.636445">
        <time>2021-04-24T11:55:26Z</time>
      </trkpt>
      <trkpt lat="39.896143" lon="116.636445">
        <time>2021-04-24T11:55:31Z</time>
      </trkpt>
      <trkpt lat="39.896143" lon="116.636445">
        <time>2021-04-24T11:55:36Z</time>
      </trkpt>
      <trkpt lat="39.896143" lon="116.636445">
        <time>2021-04-24T11:55:41Z</time>
      </trkpt>
      <trkpt lat="39.896143" lon="116.636445">
        <time>2021-04-24T11:55:46Z</time>
      </trkpt>
      <trkpt lat="39.896143" lon="116.636445">
        <time>2021-04-24T11:55:51Z</time>
      </trkpt>
      <trkpt lat="39.896143" lon="116.636445">
        <time>2021-04-24T11:55:56Z</time>
      </trkpt>
      <trkpt lat="39.896143" lon="116.636445">
        <time>2021-04-24T11:56:01Z</time>
      </trkpt>
      <trkpt lat="39.896143" lon="116.636445">
        <time>2021-04-24T11:56:06Z</time>
      </trkpt>
      <trkpt lat="39.896143" lon="116.636445">
        <time>2021-04-24T11:56:11Z</time>
      </trkpt>
      <trkpt lat="39.896143" lon="116.636445">
        <time>2021-04-24T11:56:16Z</time>
      </trkpt>
      <trkpt lat="39.896143" lon="116.636445">
        <time>2021-04-24T11:56:21Z</time>
      </trkpt>
      <trkpt lat="39.896143" lon="116.636445">
        <time>2021-04-24T11:56:26Z</time>
      </trkpt>
      <trkpt lat="39.896143" lon="116.636445">
        <time>2021-04-24T11:56:31Z</time>
      </trkpt>
      <trkpt lat="39.896143" lon="116.636445">
        <time>2021-04-24T11:56:36Z</time>
      </trkpt>
      <trkpt lat="39.896143" lon="116.636445">
        <time>2021-04-24T11:56:41Z</time>
      </trkpt>
      <trkpt lat="39.896143" lon="116.636445">
        <time>2021-04-24T11:56:46Z</time>
      </trkpt>
      <trkpt lat="39.896143" lon="116.636445">
        <time>2021-04-24T11:56:51Z</time>
      </trkpt>
      <trkpt lat="39.896143" lon="116.636445">
        <time>2021-04-24T11:56:56Z</time>
      </trkpt>
      <trkpt lat="39.896143" lon="116.636445">
        <time>2021-04-24T11:57:01Z</time>
      </trkpt>
      <trkpt lat="39.896143" lon="116.636445">
        <time>2021-04-24T11:57:06Z</time>
      </trkpt>
      <trkpt lat="39.896143" lon="116.636445">
        <time>2021-04-24T11:57:11Z</time>
      </trkpt>
      <trkpt lat="39.896143" lon="116.636445">
        <time>2021-04-24T11:57:16Z</time>
      </trkpt>
      <trkpt lat="39.896143" lon="116.636445">
        <time>2021-04-24T11:57:21Z</time>
      </trkpt>
      <trkpt lat="39.896143" lon="116.636445">
        <time>2021-04-24T11:57:26Z</time>
      </trkpt>
      <trkpt lat="39.896143" lon="116.636445">
        <time>2021-04-24T11:57:31Z</time>
      </trkpt>
      <trkpt lat="39.896143" lon="116.636445">
        <time>2021-04-24T11:57:36Z</time>
      </trkpt>
      <trkpt lat="39.896143" lon="116.636445">
        <time>2021-04-24T11:57:41Z</time>
      </trkpt>
      <trkpt lat="39.896143" lon="116.636445">
        <time>2021-04-24T11:57:46Z</time>
      </trkpt>
      <trkpt lat="39.896143" lon="116.636445">
        <time>2021-04-24T11:57:51Z</time>
      </trkpt>
      <trkpt lat="39.896143" lon="116.636445">
        <time>2021-04-24T11:57:56Z</time>
      </trkpt>
      <trkpt lat="39.896143" lon="116.636445">
        <time>2021-04-24T11:58:01Z</time>
      </trkpt>
      <trkpt lat="39.896143" lon="116.636445">
        <time>2021-04-24T11:58:06Z</time>
      </trkpt>
      <trkpt lat="39.896143" lon="116.636445">
        <time>2021-04-24T11:58:11Z</time>
      </trkpt>
      <trkpt lat="39.896143" lon="116.636445">
        <time>2021-04-24T11:58:16Z</time>
      </trkpt>
      <trkpt lat="39.896143" lon="116.636445">
        <time>2021-04-24T11:58:21Z</time>
      </trkpt>
      <trkpt lat="39.896143" lon="116.636445">
        <time>2021-04-24T11:58:26Z</time>
      </trkpt>
      <trkpt lat="39.896143" lon="116.636445">
        <time>2021-04-24T11:58:31Z</time>
      </trkpt>
      <trkpt lat="39.896143" lon="116.636445">
        <time>2021-04-24T11:58:36Z</time>
      </trkpt>
      <trkpt lat="39.896143" lon="116.636445">
        <time>2021-04-24T11:58:41Z</time>
      </trkpt>
      <trkpt lat="39.896143" lon="116.636445">
        <time>2021-04-24T11:58:46Z</time>
      </trkpt>
      <trkpt lat="39.896143" lon="116.636445">
        <time>2021-04-24T11:58:51Z</time>
      </trkpt>
      <trkpt lat="39.896143" lon="116.636445">
        <time>2021-04-24T11:58:56Z</time>
      </trkpt>
      <trkpt lat="39.896143" lon="116.636445">
        <time>2021-04-24T11:59:01Z</time>
      </trkpt>
      <trkpt lat="39.896143" lon="116.636445">
        <time>2021-04-24T11:59:06Z</time>
      </trkpt>
      <trkpt lat="39.896143" lon="116.636445">
        <time>2021-04-24T11:59:11Z</time>
      </trkpt>
      <trkpt lat="39.896143" lon="116.636445">
        <time>2021-04-24T11:59:16Z</time>
      </trkpt>
      <trkpt lat="39.896143" lon="116.636445">
        <time>2021-04-24T11:59:21Z</time>
      </trkpt>
      <trkpt lat="39.896143" lon="116.636445">
        <time>2021-04-24T11:59:26Z</time>
      </trkpt>
      <trkpt lat="39.896143" lon="116.636445">
        <time>2021-04-24T11:59:31Z</time>
      </trkpt>
      <trkpt lat="39.896143" lon="116.636445">
        <time>2021-04-24T11:59:36Z</time>
      </trkpt>
      <trkpt lat="39.896143" lon="116.636445">
        <time>2021-04-24T11:59:41Z</time>
      </trkpt>
      <trkpt lat="39.896143" lon="116.636445">
        <time>2021-04-24T11:59:46Z</time>
      </trkpt>
      <trkpt lat="39.896143" lon="116.636445">
        <time>2021-04-24T11:59:51Z</time>
      </trkpt>
      <trkpt lat="39.896143" lon="116.636445">
        <time>2021-04-24T11:59:56Z</time>
      </trkpt>
      <trkpt lat="39.896143" lon="116.636445">
        <time>2021-04-24T12:00:01Z</time>
      </trkpt>
      <trkpt lat="39.896143" lon="116.636445">
        <time>2021-04-24T12:00:06Z</time>
      </trkpt>
      <trkpt lat="39.896143" lon="116.636445">
        <time>2021-04-24T12:00:11Z</time>
      </trkpt>
      <trkpt lat="39.896143" lon="116.636445">
        <time>2021-04-24T12:00:16Z</time>
      </trkpt>
      <trkpt lat="39.896143" lon="116.636445">
        <time>2021-04-24T12:00:21Z</time>
      </trkpt>
      <trkpt lat="39.896143" lon="116.636445">
        <time>2021-04-24T12:00:26Z</time>
      </trkpt>
      <trkpt lat="39.896143" lon="116.636445">
        <time>2021-04-24T12:00:31Z</time>
      </trkpt>
      <trkpt lat="39.896143" lon="116.636445">
        <time>2021-04-24T12:00:36Z</time>
      </trkpt>
      <trkpt lat="39.896143" lon="116.636445">
        <time>2021-04-24T12:00:41Z</time>
      </trkpt>
      <trkpt lat="39.896143" lon="116.636445">
        <time>2021-04-24T12:00:46Z</time>
      </trkpt>
      <trkpt lat="39.896143" lon="116.636445">
        <time>2021-04-24T12:00:51Z</time>
      </trkpt>
      <trkpt lat="39.896143" lon="116.636445">
        <time>2021-04-24T12:00:56Z</time>
      </trkpt>
      <trkpt lat="39.896143" lon="116.636445">
        <time>2021-04-24T12:01:01Z</time>
      </trkpt>
      <trkpt lat="39.896143" lon="116.636445">
        <time>2021-04-24T12:01:06Z</time>
      </trkpt>
      <trkpt lat="39.896143" lon="116.636445">
        <time>2021-04-24T12:01:11Z</time>
      </trkpt>
      <trkpt lat="39.896143" lon="116.636445">
        <time>2021-04-24T12:01:16Z</time>
      </trkpt>
      <trkpt lat="39.896143" lon="116.636445">
        <time>2021-04-24T12:01:21Z</time>
      </trkpt>
      <trkpt lat="39.896143" lon="116.636445">
        <time>2021-04-24T12:01:26Z</time>
      </trkpt>
      <trkpt lat="39.896143" lon="116.636445">
        <time>2021-04-24T12:01:31Z</time>
      </trkpt>
      <trkpt lat="39.896143" lon="116.636445">
        <time>2021-04-24T12:01:36Z</time>
      </trkpt>
      <trkpt lat="39.896143" lon="116.636445">
        <time>2021-04-24T12:01:41Z</time>
      </trkpt>
      <trkpt lat="39.896143" lon="116.636445">
        <time>2021-04-24T12:01:46Z</time>
      </trkpt>
      <trkpt lat="39.896143" lon="116.636445">
        <time>2021-04-24T12:01:51Z</time>
      </trkpt>
      <trkpt lat="39.896143" lon="116.636445">
        <time>2021-04-24T12:01:56Z</time>
      </trkpt>
      <trkpt lat="39.896143" lon="116.636445">
        <time>2021-04-24T12:02:01Z</time>
      </trkpt>
      <trkpt lat="39.896143" lon="116.636445">
        <time>2021-04-24T12:02:06Z</time>
      </trkpt>
      <trkpt lat="39.896143" lon="116.636445">
        <time>2021-04-24T12:02:11Z</time>
      </trkpt>
      <trkpt lat="39.896143" lon="116.636445">
        <time>2021-04-24T12:02:16Z</time>
      </trkpt>
      <trkpt lat="39.896143" lon="116.636445">
        <time>2021-04-24T12:02:21Z</time>
      </trkpt>
      <trkpt lat="39.896143" lon="116.636445">
        <time>2021-04-24T12:02:26Z</time>
      </trkpt>
      <trkpt lat="39.896143" lon="116.636445">
        <time>2021-04-24T12:02:31Z</time>
      </trkpt>
      <trkpt lat="39.896143" lon="116.636445">
        <time>2021-04-24T12:02:36Z</time>
      </trkpt>
      <trkpt lat="39.896143" lon="116.636445">
        <time>2021-04-24T12:02:41Z</time>
      </trkpt>
      <trkpt lat="39.896143" lon="116.636445">
        <time>2021-04-24T12:02:46Z</time>
      </trkpt>
      <trkpt lat="39.896143" lon="116.636445">
        <time>2021-04-24T12:02:51Z</time>
      </trkpt>
      <trkpt lat="39.896143" lon="116.636445">
        <time>2021-04-24T12:02:56Z</time>
      </trkpt>
      <trkpt lat="39.896143" lon="116.636445">
        <time>2021-04-24T12:03:01Z</time>
      </trkpt>
      <trkpt lat="39.896143" lon="116.636445">
        <time>2021-04-24T12:03:06Z</time>
      </trkpt>
      <trkpt lat="39.896143" lon="116.636445">
        <time>2021-04-24T12:03:11Z</time>
      </trkpt>
      <trkpt lat="39.896143" lon="116.636445">
        <time>2021-04-24T12:03:16Z</time>
      </trkpt>
      <trkpt lat="39.896143" lon="116.636445">
        <time>2021-04-24T12:03:21Z</time>
      </trkpt>
      <trkpt lat="39.896143" lon="116.636445">
        <time>2021-04-24T12:03:26Z</time>
      </trkpt>
      <trkpt lat="39.896143" lon="116.636445">
        <time>2021-04-24T12:03:31Z</time>
      </trkpt>
      <trkpt lat="39.896143" lon="116.636445">
        <time>2021-04-24T12:03:36Z</time>
      </trkpt>
      <trkpt lat="39.896143" lon="116.636445">
        <time>2021-04-24T12:03:41Z</time>
      </trkpt>
      <trkpt lat="39.896143" lon="116.636445">
        <time>2021-04-24T12:03:46Z</time>
      </trkpt>
      <trkpt lat="39.896143" lon="116.636445">
        <time>2021-04-24T12:03:51Z</time>
      </trkpt>
      <trkpt lat="39.896143" lon="116.636445">
        <time>2021-04-24T12:03:56Z</time>
      </trkpt>
      <trkpt lat="39.896143" lon="116.636445">
        <time>2021-04-24T12:04:01Z</time>
      </trkpt>
      <trkpt lat="39.896143" lon="116.636445">
        <time>2021-04-24T12:04:06Z</time>
      </trkpt>
      <trkpt lat="39.896143" lon="116.636445">
        <time>2021-04-24T12:04:11Z</time>
      </trkpt>
      <trkpt lat="39.896143" lon="116.636445">
        <time>2021-04-24T12:04:16Z</time>
      </trkpt>
      <trkpt lat="39.896143" lon="116.636445">
        <time>2021-04-24T12:04:21Z</time>
      </trkpt>
      <trkpt lat="39.896143" lon="116.636445">
        <time>2021-04-24T12:04:26Z</time>
      </trkpt>
      <trkpt lat="39.896143" lon="116.636445">
        <time>2021-04-24T12:04:31Z</time>
      </trkpt>
      <trkpt lat="39.896143" lon="116.636445">
        <time>2021-04-24T12:04:36Z</time>
      </trkpt>
      <trkpt lat="39.896143" lon="116.636445">
        <time>2021-04-24T12:04:41Z</time>
      </trkpt>
      <trkpt lat="39.896143" lon="116.636445">
        <time>2021-04-24T12:04:46Z</time>
      </trkpt>
      <trkpt lat="39.896143" lon="116.636445">
        <time>2021-04-24T12:04:51Z</time>
      </trkpt>
      <trkpt lat="39.896143" lon="116.636445">
        <time>2021-04-24T12:04:56Z</time>
      </trkpt>
      <trkpt lat="39.896143" lon="116.636445">
        <time>2021-04-24T12:05:01Z</time>
      </trkpt>
      <trkpt lat="39.896143" lon="116.636445">
        <time>2021-04-24T12:05:06Z</time>
      </trkpt>
      <trkpt lat="39.896143" lon="116.636445">
        <time>2021-04-24T12:05:11Z</time>
      </trkpt>
      <trkpt lat="39.896143" lon="116.636445">
        <time>2021-04-24T12:05:16Z</time>
      </trkpt>
      <trkpt lat="39.896143" lon="116.636445">
        <time>2021-04-24T12:05:21Z</time>
      </trkpt>
      <trkpt lat="39.896143" lon="116.636445">
        <time>2021-04-24T12:05:26Z</time>
      </trkpt>
      <trkpt lat="39.896143" lon="116.636445">
        <time>2021-04-24T12:05:31Z</time>
      </trkpt>
      <trkpt lat="39.896143" lon="116.636445">
        <time>2021-04-24T12:05:36Z</time>
      </trkpt>
      <trkpt lat="39.896143" lon="116.636445">
        <time>2021-04-24T12:05:41Z</time>
      </trkpt>
      <trkpt lat="39.896143" lon="116.636445">
        <time>2021-04-24T12:05:46Z</time>
      </trkpt>
      <trkpt lat="39.896143" lon="116.636445">
        <time>2021-04-24T12:05:51Z</time>
      </trkpt>
      <trkpt lat="39.896143" lon="116.636445">
        <time>2021-04-24T12:05:56Z</time>
      </trkpt>
      <trkpt lat="39.896143" lon="116.636445">
        <time>2021-04-24T12:06:01Z</time>
      </trkpt>
      <trkpt lat="39.896143" lon="116.636445">
        <time>2021-04-24T12:06:06Z</time>
      </trkpt>
      <trkpt lat="39.896143" lon="116.636445">
        <time>2021-04-24T12:06:11Z</time>
      </trkpt>
      <trkpt lat="39.896143" lon="116.636445">
        <time>2021-04-24T12:06:16Z</time>
      </trkpt>
      <trkpt lat="39.896143" lon="116.636445">
        <time>2021-04-24T12:06:21Z</time>
      </trkpt>
      <trkpt lat="39.896143" lon="116.636445">
        <time>2021-04-24T12:06:26Z</time>
      </trkpt>
      <trkpt lat="39.896143" lon="116.636445">
        <time>2021-04-24T12:06:31Z</time>
      </trkpt>
      <trkpt lat="39.896143" lon="116.636445">
        <time>2021-04-24T12:06:36Z</time>
      </trkpt>
      <trkpt lat="39.896143" lon="116.636445">
        <time>2021-04-24T12:06:41Z</time>
      </trkpt>
      <trkpt lat="39.896143" lon="116.636445">
        <time>2021-04-24T12:06:46Z</time>
      </trkpt>
      <trkpt lat="39.896143" lon="116.636445">
        <time>2021-04-24T12:06:51Z</time>
      </trkpt>
      <trkpt lat="39.896143" lon="116.636445">
        <time>2021-04-24T12:06:56Z</time>
      </trkpt>
      <trkpt lat="39.896143" lon="116.636445">
        <time>2021-04-24T12:07:01Z</time>
      </trkpt>
      <trkpt lat="39.896143" lon="116.636445">
        <time>2021-04-24T12:07:06Z</time>
      </trkpt>
      <trkpt lat="39.896143" lon="116.636445">
        <time>2021-04-24T12:07:11Z</time>
      </trkpt>
      <trkpt lat="39.896143" lon="116.636445">
        <time>2021-04-24T12:07:16Z</time>
      </trkpt>
      <trkpt lat="39.896143" lon="116.636445">
        <time>2021-04-24T12:07:21Z</time>
      </trkpt>
      <trkpt lat="39.896143" lon="116.636445">
        <time>2021-04-24T12:07:26Z</time>
      </trkpt>
      <trkpt lat="39.896143" lon="116.636445">
        <time>2021-04-24T12:07:31Z</time>
      </trkpt>
      <trkpt lat="39.896143" lon="116.636445">
        <time>2021-04-24T12:07:36Z</time>
      </trkpt>
      <trkpt lat="39.896143" lon="116.636445">
        <time>2021-04-24T12:07:41Z</time>
      </trkpt>
      <trkpt lat="39.896143" lon="116.636445">
        <time>2021-04-24T12:07:46Z</time>
      </trkpt>
      <trkpt lat="39.896143" lon="116.636445">
        <time>2021-04-24T12:07:51Z</time>
      </trkpt>
      <trkpt lat="39.896143" lon="116.636445">
        <time>2021-04-24T12:07:56Z</time>
      </trkpt>
      <trkpt lat="39.896143" lon="116.636445">
        <time>2021-04-24T12:08:01Z</time>
      </trkpt>
      <trkpt lat="39.896143" lon="116.636445">
        <time>2021-04-24T12:08:06Z</time>
      </trkpt>
      <trkpt lat="39.896143" lon="116.636445">
        <time>2021-04-24T12:08:11Z</time>
      </trkpt>
      <trkpt lat="39.896143" lon="116.636445">
        <time>2021-04-24T12:08:16Z</time>
      </trkpt>
      <trkpt lat="39.896143" lon="116.636445">
        <time>2021-04-24T12:08:21Z</time>
      </trkpt>
      <trkpt lat="39.896143" lon="116.636445">
        <time>2021-04-24T12:08:26Z</time>
      </trkpt>
      <trkpt lat="39.896143" lon="116.636445">
        <time>2021-04-24T12:08:31Z</time>
      </trkpt>
      <trkpt lat="39.896143" lon="116.636445">
        <time>2021-04-24T12:08:36Z</time>
      </trkpt>
      <trkpt lat="39.896143" lon="116.636445">
        <time>2021-04-24T12:08:41Z</time>
      </trkpt>
      <trkpt lat="39.896143" lon="116.636445">
        <time>2021-04-24T12:08:46Z</time>
      </trkpt>
      <trkpt lat="39.896143" lon="116.636445">
        <time>2021-04-24T12:08:51Z</time>
      </trkpt>
      <trkpt lat="39.896143" lon="116.636445">
        <time>2021-04-24T12:08:56Z</time>
      </trkpt>
      <trkpt lat="39.896143" lon="116.636445">
        <time>2021-04-24T12:09:01Z</time>
      </trkpt>
      <trkpt lat="39.896143" lon="116.636445">
        <time>2021-04-24T12:09:06Z</time>
      </trkpt>
      <trkpt lat="39.896143" lon="116.636445">
        <time>2021-04-24T12:09:11Z</time>
      </trkpt>
      <trkpt lat="39.896143" lon="116.636445">
        <time>2021-04-24T12:09:16Z</time>
      </trkpt>
      <trkpt lat="39.896143" lon="116.636445">
        <time>2021-04-24T12:09:21Z</time>
      </trkpt>
      <trkpt lat="39.896143" lon="116.636445">
        <time>2021-04-24T12:09:26Z</time>
      </trkpt>
      <trkpt lat="39.896143" lon="116.636445">
        <time>2021-04-24T12:09:31Z</time>
      </trkpt>
      <trkpt lat="39.896143" lon="116.636445">
        <time>2021-04-24T12:09:36Z</time>
      </trkpt>
      <trkpt lat="39.896143" lon="116.636445">
        <time>2021-04-24T12:09:41Z</time>
      </trkpt>
      <trkpt lat="39.896143" lon="116.636445">
        <time>2021-04-24T12:09:46Z</time>
      </trkpt>
      <trkpt lat="39.896143" lon="116.636445">
        <time>2021-04-24T12:09:51Z</time>
      </trkpt>
      <trkpt lat="39.896143" lon="116.636445">
        <time>2021-04-24T12:09:56Z</time>
      </trkpt>
      <trkpt lat="39.896667" lon="116.640544">
        <time>2021-04-24T12:10:01Z</time>
      </trkpt>
      <trkpt lat="39.896447" lon="116.640404">
        <time>2021-04-24T12:10:06Z</time>
      </trkpt>
      <trkpt lat="39.896356" lon="116.640407">
        <time>2021-04-24T12:10:11Z</time>
      </trkpt>
      <trkpt lat="39.896297" lon="116.640535">
        <time>2021-04-24T12:10:16Z</time>
      </trkpt>
      <trkpt lat="39.896287" lon="116.640686">
        <time>2021-04-24T12:10:21Z</time>
      </trkpt>
      <trkpt lat="39.896267" lon="116.640819">
        <time>2021-04-24T12:10:26Z</time>
      </trkpt>
      <trkpt lat="39.896237" lon="116.641011">
        <time>2021-04-24T12:10:31Z</time>
      </trkpt>
      <trkpt lat="39.896255" lon="116.641196">
        <time>2021-04-24T12:10:36Z</time>
      </trkpt>
      <trkpt lat="39.896252" lon="116.64137">
        <time>2021-04-24T12:10:41Z</time>
      </trkpt>
      <trkpt lat="39.89624" lon="116.641558">
        <time>2021-04-24T12:10:46Z</time>
      </trkpt>
      <trkpt lat="39.896224" lon="116.641723">
        <time>2021-04-24T12:10:51Z</time>
      </trkpt>
      <trkpt lat="39.896229" lon="116.642075">
        <time>2021-04-24T12:10:56Z</time>
      </trkpt>
      <trkpt lat="39.896207" lon="116.642112">
        <time>2021-04-24T12:11:01Z</time>
      </trkpt>
      <trkpt lat="39.896185" lon="116.642149">
        <time>2021-04-24T12:11:06Z</time>
      </trkpt>
      <trkpt lat="39.896163" lon="116.642186">
        <time>2021-04-24T12:11:11Z</time>
      </trkpt>
      <trkpt lat="39.896141" lon="116.642223">
        <time>2021-04-24T12:11:16Z</time>
      </trkpt>
      <trkpt lat="39.896119" lon="116.64226">
        <time>2021-04-24T12:11:21Z</time>
      </trkpt>
      <trkpt lat="39.896097" lon="116.642297">
        <time>2021-04-24T12:11:26Z</time>
      </trkpt>
      <trkpt lat="39.896075" lon="116.642334">
        <time>2021-04-24T12:11:31Z</time>
      </trkpt>
      <trkpt lat="39.896053" lon="116.642371">
        <time>2021-04-24T12:11:36Z</time>
      </trkpt>
      <trkpt lat="39.896031" lon="116.642408">
        <time>2021-04-24T12:11:41Z</time>
      </trkpt>
      <trkpt lat="39.896009" lon="116.642445">
        <time>2021-04-24T12:11:46Z</time>
      </trkpt>
      <trkpt lat="39.895987" lon="116.642482">
        <time>2021-04-24T12:11:51Z</time>
      </trkpt>
      <trkpt lat="39.895965" lon="116.642519">
        <time>2021-04-24T12:11:56Z</time>
      </trkpt>
      <trkpt lat="39.895943" lon="116.642556">
        <time>2021-04-24T12:12:01Z</time>
      </trkpt>
      <trkpt lat="39.895921" lon="116.642593">
        <time>2021-04-24T12:12:06Z</time>
      </trkpt>
      <trkpt lat="39.895899" lon="116.64263">
        <time>2021-04-24T12:12:11Z</time>
      </trkpt>
      <trkpt lat="39.895877" lon="116.642667">
        <time>2021-04-24T12:12:16Z</time>
      </trkpt>
      <trkpt lat="39.895855" lon="116.642704">
        <time>2021-04-24T12:12:21Z</time>
      </trkpt>
      <trkpt lat="39.895833" lon="116.642741">
        <time>2021-04-24T12:12:26Z</time>
      </trkpt>
      <trkpt lat="39.895811" lon="116.642778">
        <time>2021-04-24T12:12:31Z</time>
      </trkpt>
      <trkpt lat="39.895789" lon="116.642815">
        <time>2021-04-24T12:12:36Z</time>
      </trkpt>
      <trkpt lat="39.895767" lon="116.642852">
        <time>2021-04-24T12:12:41Z</time>
      </trkpt>
      <trkpt lat="39.895745" lon="116.642889">
        <time>2021-04-24T12:12:46Z</time>
      </trkpt>
      <trkpt lat="39.895723" lon="116.642926">
        <time>2021-04-24T12:12:51Z</time>
      </trkpt>
      <trkpt lat="39.895701" lon="116.642963">
        <time>2021-04-24T12:12:56Z</time>
      </trkpt>
      <trkpt lat="39.895679" lon="116.643">
        <time>2021-04-24T12:13:01Z</time>
      </trkpt>
      <trkpt lat="39.895657" lon="116.643037">
        <time>2021-04-24T12:13:06Z</time>
      </trkpt>
      <trkpt lat="39.895635" lon="116.643074">
        <time>2021-04-24T12:13:11Z</time>
      </trkpt>
      <trkpt lat="39.895613" lon="116.643111">
        <time>2021-04-24T12:13:16Z</time>
      </trkpt>
      <trkpt lat="39.895591" lon="116.643148">
        <time>2021-04-24T12:13:21Z</time>
      </trkpt>
      <trkpt lat="39.895569" lon="116.643185">
        <time>2021-04-24T12:13:26Z</time>
      </trkpt>
      <trkpt lat="39.895547" lon="116.643222">
        <time>2021-04-24T12:13:31Z</time>
      </trkpt>
      <trkpt lat="39.895525" lon="116.643259">
        <time>2021-04-24T12:13:36Z</time>
      </trkpt>
      <trkpt lat="39.895503" lon="116.643296">
        <time>2021-04-24T12:13:41Z</time>
      </trkpt>
      <trkpt lat="39.895481" lon="116.643333">
        <time>2021-04-24T12:13:46Z</time>
      </trkpt>
      <trkpt lat="39.895459" lon="116.64337">
        <time>2021-04-24T12:13:51Z</time>
      </trkpt>
      <trkpt lat="39.895437" lon="116.643407">
        <time>2021-04-24T12:13:56Z</time>
      </trkpt>
      <trkpt lat="39.895415" lon="116.643444">
        <time>2021-04-24T12:14:01Z</time>
      </trkpt>
      <trkpt lat="39.895393" lon="116.643481">
        <time>2021-04-24T12:14:06Z</time>
      </trkpt>
      <trkpt lat="39.895371" lon="116.643518">
        <time>2021-04-24T12:14:11Z</time>
      </trkpt>
      <trkpt lat="39.895349" lon="116.643555">
        <time>2021-04-24T12:14:16Z</time>
      </trkpt>
      <trkpt lat="39.895327" lon="116.643592">
        <time>2021-04-24T12:14:21Z</time>
      </trkpt>
      <trkpt lat="39.895305" lon="116.643629">
        <time>2021-04-24T12:14:26Z</time>
      </trkpt>
      <trkpt lat="39.895283" lon="116.643666">
        <time>2021-04-24T12:14:31Z</time>
      </trkpt>
      <trkpt lat="39.895261" lon="116.643703">
        <time>2021-04-24T12:14:36Z</time>
      </trkpt>
      <trkpt lat="39.895239" lon="116.64374">
        <time>2021-04-24T12:14:41Z</time>
      </trkpt>
      <trkpt lat="39.895217" lon="116.643777">
        <time>2021-04-24T12:14:46Z</time>
      </trkpt>
      <trkpt lat="39.895195" lon="116.643814">
        <time>2021-04-24T12:14:51Z</time>
      </trkpt>
      <trkpt lat="39.895173" lon="116.643851">
        <time>2021-04-24T12:14:56Z</time>
      </trkpt>
      <trkpt lat="39.895151" lon="116.643888">
        <time>2021-04-24T12:15:01Z</time>
      </trkpt>
      <trkpt lat="39.895129" lon="116.643925">
        <time>2021-04-24T12:15:06Z</time>
      </trkpt>
      <trkpt lat="39.895107" lon="116.643962">
        <time>2021-04-24T12:15:11Z</time>
      </trkpt>
      <trkpt lat="39.895085" lon="116.643999">
        <time>2021-04-24T12:15:16Z</time>
      </trkpt>
      <trkpt lat="39.895063" lon="116.644036">
        <time>2021-04-24T12:15:21Z</time>
      </trkpt>
      <trkpt lat="39.895041" lon="116.644073">
        <time>2021-04-24T12:15:26Z</time>
      </trkpt>
      <trkpt lat="39.895019" lon="116.64411">
        <time>2021-04-24T12:15:31Z</time>
      </trkpt>
      <trkpt lat="39.894997" lon="116.644147">
        <time>2021-04-24T12:15:36Z</time>
      </trkpt>
      <trkpt lat="39.894975" lon="116.644184">
        <time>2021-04-24T12:15:41Z</time>
      </trkpt>
      <trkpt lat="39.894953" lon="116.644221">
        <time>2021-04-24T12:15:46Z</time>
      </trkpt>
      <trkpt lat="39.894931" lon="116.644258">
        <time>2021-04-24T12:15:51Z</time>
      </trkpt>
      <trkpt lat="39.894909" lon="116.644295">
        <time>2021-04-24T12:15:56Z</time>
      </trkpt>
      <trkpt lat="39.894887" lon="116.644332">
        <time>2021-04-24T12:16:01Z</time>
      </trkpt>
      <trkpt lat="39.894865" lon="116.644369">
        <time>2021-04-24T12:16:06Z</time>
      </trkpt>
      <trkpt lat="39.894843" lon="116.644406">
        <time>2021-04-24T12:16:11Z</time>
      </trkpt>
      <trkpt lat="39.894821" lon="116.644443">
        <time>2021-04-24T12:16:16Z</time>
      </trkpt>
      <trkpt lat="39.894799" lon="116.64448">
        <time>2021-04-24T12:16:21Z</time>
      </trkpt>
      <trkpt lat="39.894777" lon="116.644517">
        <time>2021-04-24T12:16:26Z</time>
      </trkpt>
      <trkpt lat="39.894755" lon="116.644554">
        <time>2021-04-24T12:16:31Z</time>
      </trkpt>
      <trkpt lat="39.894733" lon="116.644591">
        <time>2021-04-24T12:16:36Z</time>
      </trkpt>
      <trkpt lat="39.894711" lon="116.644628">
        <time>2021-04-24T12:16:41Z</time>
      </trkpt>
      <trkpt lat="39.894689" lon="116.644665">
        <time>2021-04-24T12:16:46Z</time>
      </trkpt>
      <trkpt lat="39.894667" lon="116.644702">
        <time>2021-04-24T12:16:51Z</time>
      </trkpt>
      <trkpt lat="39.894645" lon="116.644739">
        <time>2021-04-24T12:16:56Z</time>
      </trkpt>
      <trkpt lat="39.894623" lon="116.644776">
        <time>2021-04-24T12:17:01Z</time>
      </trkpt>
      <trkpt lat="39.894601" lon="116.644813">
        <time>2021-04-24T12:17:06Z</time>
      </trkpt>
      <trkpt lat="39.894579" lon="116.64485">
        <time>2021-04-24T12:17:11Z</time>
      </trkpt>
      <trkpt lat="39.894557" lon="116.644887">
        <time>2021-04-24T12:17:16Z</time>
      </trkpt>
      <trkpt lat="39.894535" lon="116.644924">
        <time>2021-04-24T12:17:21Z</time>
      </trkpt>
      <trkpt lat="39.894513" lon="116.644961">
        <time>2021-04-24T12:17:26Z</time>
      </trkpt>
      <trkpt lat="39.894491" lon="116.644998">
        <time>2021-04-24T12:17:31Z</time>
      </trkpt>
      <trkpt lat="39.894469" lon="116.645035">
        <time>2021-04-24T12:17:36Z</time>
      </trkpt>
      <trkpt lat="39.894447" lon="116.645072">
        <time>2021-04-24T12:17:41Z</time>
      </trkpt>
      <trkpt lat="39.894425" lon="116.645109">
        <time>2021-04-24T12:17:46Z</time>
      </trkpt>
      <trkpt lat="39.894403" lon="116.645146">
        <time>2021-04-24T12:17:51Z</time>
      </trkpt>
      <trkpt lat="39.894381" lon="116.645183">
        <time>2021-04-24T12:17:56Z</time>
      </trkpt>
      <trkpt lat="39.894359" lon="116.64522">
        <time>2021-04-24T12:18:01Z</time>
      </trkpt>
      <trkpt lat="39.894337" lon="116.645257">
        <time>2021-04-24T12:18:06Z</time>
      </trkpt>
      <trkpt lat="39.894315" lon="116.645294">
        <time>2021-04-24T12:18:11Z</time>
      </trkpt>
      <trkpt lat="39.894293" lon="116.645331">
        <time>2021-04-24T12:18:16Z</time>
      </trkpt>
      <trkpt lat="39.894271" lon="116.645368">
        <time>2021-04-24T12:18:21Z</time>
      </trkpt>
      <trkpt lat="39.894249" lon="116.645405">
        <time>2021-04-24T12:18:26Z</time>
      </trkpt>
      <trkpt lat="39.894227" lon="116.645442">
        <time>2021-04-24T12:18:31Z</time>
      </trkpt>
      <trkpt lat="39.894205" lon="116.645479">
        <time>2021-04-24T12:18:36Z</time>
      </trkpt>
      <trkpt lat="39.894183" lon="116.645516">
        <time>2021-04-24T12:18:41Z</time>
      </trkpt>
      <trkpt lat="39.894161" lon="116.645553">
        <time>2021-04-24T12:18:46Z</time>
      </trkpt>
      <trkpt lat="39.894139" lon="116.64559">
        <time>2021-04-24T12:18:51Z</time>
      </trkpt>
      <trkpt lat="39.894117" lon="116.645627">
        <time>2021-04-24T12:18:56Z</time>
      </trkpt>
      <trkpt lat="39.894095" lon="116.645664">
        <time>2021-04-24T12:19:01Z</time>
      </trkpt>
      <trkpt lat="39.894073" lon="116.645701">
        <time>2021-04-24T12:19:06Z</time>
      </trkpt>
      <trkpt lat="39.894051" lon="116.645738">
        <time>2021-04-24T12:19:11Z</time>
      </trkpt>
      <trkpt lat="39.894029" lon="116.645775">
        <time>2021-04-24T12:19:16Z</time>
      </trkpt>
      <trkpt lat="39.894007" lon="116.645812">
        <time>2021-04-24T12:19:21Z</time>
      </trkpt>
      <trkpt lat="39.893985" lon="116.645849">
        <time>2021-04-24T12:19:26Z</time>
      </trkpt>
      <trkpt lat="39.893963" lon="116.645886">
        <time>2021-04-24T12:19:31Z</time>
      </trkpt>
      <trkpt lat="39.893941" lon="116.645923">
        <time>2021-04-24T12:19:36Z</time>
      </trkpt>
      <trkpt lat="39.893919" lon="116.64596">
        <time>2021-04-24T12:19:41Z</time>
      </trkpt>
      <trkpt lat="39.893897" lon="116.645997">
        <time>2021-04-24T12:19:46Z</time>
      </trkpt>
      <trkpt lat="39.893875" lon="116.646034">
        <time>2021-04-24T12:19:51Z</time>
      </trkpt>
      <trkpt lat="39.893853" lon="116.646071">
        <time>2021-04-24T12:19:56Z</time>
      </trkpt>
      <trkpt lat="39.893831" lon="116.646108">
        <time>2021-04-24T12:20:01Z</time>
      </trkpt>
      <trkpt lat="39.893809" lon="116.646145">
        <time>2021-04-24T12:20:06Z</time>
      </trkpt>
      <trkpt lat="39.893787" lon="116.646182">
        <time>2021-04-24T12:20:11Z</time>
      </trkpt>
      <trkpt lat="39.893765" lon="116.646219">
        <time>2021-04-24T12:20:16Z</time>
      </trkpt>
      <trkpt lat="39.893765" lon="116.646219">
        <time>2021-04-24T12:20:21Z</time>
      </trkpt>
      <trkpt lat="39.89381" lon="116.646137">
        <time>2021-04-24T12:20:26Z</time>
      </trkpt>
      <trkpt lat="39.893894" lon="116.646031">
        <time>2021-04-24T12:20:31Z</time>
      </trkpt>
      <trkpt lat="39.893952" lon="116.645966">
        <time>2021-04-24T12:20:36Z</time>
      </trkpt>
      <trkpt lat="39.894061" lon="116.64604">
        <time>2021-04-24T12:20:41Z</time>
      </trkpt>
      <trkpt lat="39.894149" lon="116.646093">
        <time>2021-04-24T12:20:46Z</time>
      </trkpt>
      <trkpt lat="39.894259" lon="116.646089">
        <time>2021-04-24T12:20:51Z</time>
      </trkpt>
      <trkpt lat="39.89436" lon="116.646187">
        <time>2021-04-24T12:20:56Z</time>
      </trkpt>
      <trkpt lat="39.894467" lon="116.646334">
        <time>2021-04-24T12:21:01Z</time>
      </trkpt>
      <trkpt lat="39.894704" lon="116.646462">
        <time>2021-04-24T12:21:06Z</time>
      </trkpt>
      <trkpt lat="39.894763" lon="116.646504">
        <time>2021-04-24T12:21:11Z</time>
      </trkpt>
      <trkpt lat="39.894906" lon="116.646553">
        <time>2021-04-24T12:21:16Z</time>
      </trkpt>
      <trkpt lat="39.89509" lon="116.646581">
        <time>2021-04-24T12:21:21Z</time>
      </trkpt>
      <trkpt lat="39.895253" lon="116.646605">
        <time>2021-04-24T12:21:26Z</time>
      </trkpt>
      <trkpt lat="39.895421" lon="116.646685">
        <time>2021-04-24T12:21:31Z</time>
      </trkpt>
      <trkpt lat="39.895489" lon="116.646729">
        <time>2021-04-24T12:21:36Z</time>
      </trkpt>
      <trkpt lat="39.895623" lon="116.64679">
        <time>2021-04-24T12:21:41Z</time>
      </trkpt>
      <trkpt lat="39.895632" lon="116.646756">
        <time>2021-04-24T12:21:46Z</time>
      </trkpt>
      <trkpt lat="39.895641" lon="116.646722">
        <time>2021-04-24T12:21:51Z</time>
      </trkpt>
      <trkpt lat="39.89565" lon="116.646688">
        <time>2021-04-24T12:21:56Z</time>
      </trkpt>
      <trkpt lat="39.895659" lon="116.646654">
        <time>2021-04-24T12:22:01Z</time>
      </trkpt>
      <trkpt lat="39.895668" lon="116.64662">
        <time>2021-04-24T12:22:06Z</time>
      </trkpt>
      <trkpt lat="39.895677" lon="116.646586">
        <time>2021-04-24T12:22:11Z</time>
      </trkpt>
      <trkpt lat="39.895686" lon="116.646552">
        <time>2021-04-24T12:22:16Z</time>
      </trkpt>
      <trkpt lat="39.895695" lon="116.646518">
        <time>2021-04-24T12:22:21Z</time>
      </trkpt>
      <trkpt lat="39.895704" lon="116.646484">
        <time>2021-04-24T12:22:26Z</time>
      </trkpt>
      <trkpt lat="39.895713" lon="116.64645">
        <time>2021-04-24T12:22:31Z</time>
      </trkpt>
      <trkpt lat="39.895722" lon="116.646416">
        <time>2021-04-24T12:22:36Z</time>
      </trkpt>
      <trkpt lat="39.895731" lon="116.646382">
        <time>2021-04-24T12:22:41Z</time>
      </trkpt>
      <trkpt lat="39.89574" lon="116.646348">
        <time>2021-04-24T12:22:46Z</time>
      </trkpt>
      <trkpt lat="39.895749" lon="116.646314">
        <time>2021-04-24T12:22:51Z</time>
      </trkpt>
      <trkpt lat="39.895758" lon="116.64628">
        <time>2021-04-24T12:22:56Z</time>
      </trkpt>
      <trkpt lat="39.895767" lon="116.646246">
        <time>2021-04-24T12:23:01Z</time>
      </trkpt>
      <trkpt lat="39.895776" lon="116.646212">
        <time>2021-04-24T12:23:06Z</time>
      </trkpt>
      <trkpt lat="39.895785" lon="116.646178">
        <time>2021-04-24T12:23:11Z</time>
      </trkpt>
      <trkpt lat="39.895794" lon="116.646144">
        <time>2021-04-24T12:23:16Z</time>
      </trkpt>
      <trkpt lat="39.895803" lon="116.64611">
        <time>2021-04-24T12:23:21Z</time>
      </trkpt>
      <trkpt lat="39.895812" lon="116.646076">
        <time>2021-04-24T12:23:26Z</time>
      </trkpt>
      <trkpt lat="39.895821" lon="116.646042">
        <time>2021-04-24T12:23:31Z</time>
      </trkpt>
      <trkpt lat="39.89583" lon="116.646008">
        <time>2021-04-24T12:23:36Z</time>
      </trkpt>
      <trkpt lat="39.895839" lon="116.645974">
        <time>2021-04-24T12:23:41Z</time>
      </trkpt>
      <trkpt lat="39.895848" lon="116.64594">
        <time>2021-04-24T12:23:46Z</time>
      </trkpt>
      <trkpt lat="39.895857" lon="116.645906">
        <time>2021-04-24T12:23:51Z</time>
      </trkpt>
      <trkpt lat="39.895866" lon="116.645872">
        <time>2021-04-24T12:23:56Z</time>
      </trkpt>
      <trkpt lat="39.895875" lon="116.645838">
        <time>2021-04-24T12:24:01Z</time>
      </trkpt>
      <trkpt lat="39.895884" lon="116.645804">
        <time>2021-04-24T12:24:06Z</time>
      </trkpt>
      <trkpt lat="39.895893" lon="116.64577">
        <time>2021-04-24T12:24:11Z</time>
      </trkpt>
      <trkpt lat="39.895902" lon="116.645736">
        <time>2021-04-24T12:24:16Z</time>
      </trkpt>
      <trkpt lat="39.895911" lon="116.645702">
        <time>2021-04-24T12:24:21Z</time>
      </trkpt>
      <trkpt lat="39.89592" lon="116.645668">
        <time>2021-04-24T12:24:26Z</time>
      </trkpt>
      <trkpt lat="39.895929" lon="116.645634">
        <time>2021-04-24T12:24:31Z</time>
      </trkpt>
      <trkpt lat="39.895938" lon="116.6456">
        <time>2021-04-24T12:24:36Z</time>
      </trkpt>
      <trkpt lat="39.895947" lon="116.645566">
        <time>2021-04-24T12:24:41Z</time>
      </trkpt>
      <trkpt lat="39.895956" lon="116.645532">
        <time>2021-04-24T12:24:46Z</time>
      </trkpt>
      <trkpt lat="39.895965" lon="116.645498">
        <time>2021-04-24T12:24:51Z</time>
      </trkpt>
      <trkpt lat="39.895974" lon="116.645464">
        <time>2021-04-24T12:24:56Z</time>
      </trkpt>
      <trkpt lat="39.895983" lon="116.64543">
        <time>2021-04-24T12:25:01Z</time>
      </trkpt>
      <trkpt lat="39.895992" lon="116.645396">
        <time>2021-04-24T12:25:06Z</time>
      </trkpt>
      <trkpt lat="39.896001" lon="116.645362">
        <time>2021-04-24T12:25:11Z</time>
      </trkpt>
      <trkpt lat="39.89601" lon="116.645328">
        <time>2021-04-24T12:25:16Z</time>
      </trkpt>
      <trkpt lat="39.896019" lon="116.645294">
        <time>2021-04-24T12:25:21Z</time>
      </trkpt>
      <trkpt lat="39.896028" lon="116.64526">
        <time>2021-04-24T12:25:26Z</time>
      </trkpt>
      <trkpt lat="39.896037" lon="116.645226">
        <time>2021-04-24T12:25:31Z</time>
      </trkpt>
      <trkpt lat="39.896046" lon="116.645192">
        <time>2021-04-24T12:25:36Z</time>
      </trkpt>
      <trkpt lat="39.896055" lon="116.645158">
        <time>2021-04-24T12:25:41Z</time>
      </trkpt>
      <trkpt lat="39.896064" lon="116.645124">
        <time>2021-04-24T12:25:46Z</time>
      </trkpt>
      <trkpt lat="39.896073" lon="116.64509">
        <time>2021-04-24T12:25:51Z</time>
      </trkpt>
      <trkpt lat="39.896082" lon="116.645056">
        <time>2021-04-24T12:25:56Z</time>
      </trkpt>
      <trkpt lat="39.896091" lon="116.645022">
        <time>2021-04-24T12:26:01Z</time>
      </trkpt>
      <trkpt lat="39.8961" lon="116.644988">
        <time>2021-04-24T12:26:06Z</time>
      </trkpt>
      <trkpt lat="39.896109" lon="116.644954">
        <time>2021-04-24T12:26:11Z</time>
      </trkpt>
      <trkpt lat="39.896118" lon="116.64492">
        <time>2021-04-24T12:26:16Z</time>
      </trkpt>
      <trkpt lat="39.896127" lon="116.644886">
        <time>2021-04-24T12:26:21Z</time>
      </trkpt>
      <trkpt lat="39.896136" lon="116.644852">
        <time>2021-04-24T12:26:26Z</time>
      </trkpt>
      <trkpt lat="39.896145" lon="116.644818">
        <time>2021-04-24T12:26:31Z</time>
      </trkpt>
      <trkpt lat="39.896154" lon="116.644784">
        <time>2021-04-24T12:26:36Z</time>
      </trkpt>
      <trkpt lat="39.896163" lon="116.64475">
        <time>2021-04-24T12:26:41Z</time>
      </trkpt>
      <trkpt lat="39.896172" lon="116.644716">
        <time>2021-04-24T12:26:46Z</time>
      </trkpt>
      <trkpt lat="39.896181" lon="116.644682">
        <time>2021-04-24T12:26:51Z</time>
      </trkpt>
      <trkpt lat="39.89619" lon="116.644648">
        <time>2021-04-24T12:26:56Z</time>
      </trkpt>
      <trkpt lat="39.896199" lon="116.644614">
        <time>2021-04-24T12:27:01Z</time>
      </trkpt>
      <trkpt lat="39.896208" lon="116.64458">
        <time>2021-04-24T12:27:06Z</time>
      </trkpt>
      <trkpt lat="39.896217" lon="116.644546">
        <time>2021-04-24T12:27:11Z</time>
      </trkpt>
      <trkpt lat="39.896226" lon="116.644512">
        <time>2021-04-24T12:27:16Z</time>
      </trkpt>
      <trkpt lat="39.896235" lon="116.644478">
        <time>2021-04-24T12:27:21Z</time>
      </trkpt>
      <trkpt lat="39.896244" lon="116.644444">
        <time>2021-04-24T12:27:26Z</time>
      </trkpt>
      <trkpt lat="39.896253" lon="116.64441">
        <time>2021-04-24T12:27:31Z</time>
      </trkpt>
      <trkpt lat="39.896262" lon="116.644376">
        <time>2021-04-24T12:27:36Z</time>
      </trkpt>
      <trkpt lat="39.896271" lon="116.644342">
        <time>2021-04-24T12:27:41Z</time>
      </trkpt>
      <trkpt lat="39.89628" lon="116.644308">
        <time>2021-04-24T12:27:46Z</time>
      </trkpt>
      <trkpt lat="39.896289" lon="116.644274">
        <time>2021-04-24T12:27:51Z</time>
      </trkpt>
      <trkpt lat="39.896298" lon="116.64424">
        <time>2021-04-24T12:27:56Z</time>
      </trkpt>
      <trkpt lat="39.896307" lon="116.644206">
        <time>2021-04-24T12:28:01Z</time>
      </trkpt>
      <trkpt lat="39.896316" lon="116.644172">
        <time>2021-04-24T12:28:06Z</time>
      </trkpt>
      <trkpt lat="39.896325" lon="116.644138">
        <time>2021-04-24T12:28:11Z</time>
      </trkpt>
      <trkpt lat="39.896334" lon="116.644104">
        <time>2021-04-24T12:28:16Z</time>
      </trkpt>
      <trkpt lat="39.896343" lon="116.64407">
        <time>2021-04-24T12:28:21Z</time>
      </trkpt>
      <trkpt lat="39.896352" lon="116.644036">
        <time>2021-04-24T12:28:26Z</time>
      </trkpt>
      <trkpt lat="39.896361" lon="116.644002">
        <time>2021-04-24T12:28:31Z</time>
      </trkpt>
      <trkpt lat="39.89637" lon="116.643968">
        <time>2021-04-24T12:28:36Z</time>
      </trkpt>
      <trkpt lat="39.896379" lon="116.643934">
        <time>2021-04-24T12:28:41Z</time>
      </trkpt>
      <trkpt lat="39.896388" lon="116.6439">
        <time>2021-04-24T12:28:46Z</time>
      </trkpt>
      <trkpt lat="39.896397" lon="116.643866">
        <time>2021-04-24T12:28:51Z</time>
      </trkpt>
      <trkpt lat="39.896406" lon="116.643832">
        <time>2021-04-24T12:28:56Z</time>
      </trkpt>
      <trkpt lat="39.896415" lon="116.643798">
        <time>2021-04-24T12:29:01Z</time>
      </trkpt>
      <trkpt lat="39.896424" lon="116.643764">
        <time>2021-04-24T12:29:06Z</time>
      </trkpt>
      <trkpt lat="39.896433" lon="116.64373">
        <time>2021-04-24T12:29:11Z</time>
      </trkpt>
      <trkpt lat="39.896442" lon="116.643696">
        <time>2021-04-24T12:29:16Z</time>
      </trkpt>
      <trkpt lat="39.896451" lon="116.643662">
        <time>2021-04-24T12:29:21Z</time>
      </trkpt>
      <trkpt lat="39.89646" lon="116.643628">
        <time>2021-04-24T12:29:26Z</time>
      </trkpt>
      <trkpt lat="39.896469" lon="116.643594">
        <time>2021-04-24T12:29:31Z</time>
      </trkpt>
      <trkpt lat="39.896478" lon="116.64356">
        <time>2021-04-24T12:29:36Z</time>
      </trkpt>
      <trkpt lat="39.896487" lon="116.643526">
        <time>2021-04-24T12:29:41Z</time>
      </trkpt>
      <trkpt lat="39.896496" lon="116.643492">
        <time>2021-04-24T12:29:46Z</time>
      </trkpt>
      <trkpt lat="39.896505" lon="116.643458">
        <time>2021-04-24T12:29:51Z</time>
      </trkpt>
      <trkpt lat="39.896514" lon="116.643424">
        <time>2021-04-24T12:29:56Z</time>
      </trkpt>
      <trkpt lat="39.896523" lon="116.64339">
        <time>2021-04-24T12:30:01Z</time>
      </trkpt>
      <trkpt lat="39.896532" lon="116.643356">
        <time>2021-04-24T12:30:06Z</time>
      </trkpt>
      <trkpt lat="39.896541" lon="116.643322">
        <time>2021-04-24T12:30:11Z</time>
      </trkpt>
      <trkpt lat="39.89655" lon="116.643288">
        <time>2021-04-24T12:30:16Z</time>
      </trkpt>
      <trkpt lat="39.896559" lon="116.643254">
        <time>2021-04-24T12:30:21Z</time>
      </trkpt>
      <trkpt lat="39.896568" lon="116.64322">
        <time>2021-04-24T12:30:26Z</time>
      </trkpt>
      <trkpt lat="39.896577" lon="116.643186">
        <time>2021-04-24T12:30:31Z</time>
      </trkpt>
      <trkpt lat="39.896586" lon="116.643152">
        <time>2021-04-24T12:30:36Z</time>
      </trkpt>
      <trkpt lat="39.896595" lon="116.643118">
        <time>2021-04-24T12:30:41Z</time>
      </trkpt>
      <trkpt lat="39.896604" lon="116.643084">
        <time>2021-04-24T12:30:46Z</time>
      </trkpt>
      <trkpt lat="39.896613" lon="116.64305">
        <time>2021-04-24T12:30:51Z</time>
      </trkpt>
      <trkpt lat="39.896622" lon="116.643016">
        <time>2021-04-24T12:30:56Z</time>
      </trkpt>
      <trkpt lat="39.896631" lon="116.642982">
        <time>2021-04-24T12:31:01Z</time>
      </trkpt>
      <trkpt lat="39.89664" lon="116.642948">
        <time>2021-04-24T12:31:06Z</time>
      </trkpt>
      <trkpt lat="39.896649" lon="116.642914">
        <time>2021-04-24T12:31:11Z</time>
      </trkpt>
      <trkpt lat="39.896658" lon="116.64288">
        <time>2021-04-24T12:31:16Z</time>
      </trkpt>
      <trkpt lat="39.896667" lon="116.642846">
        <time>2021-04-24T12:31:21Z</time>
      </trkpt>
      <trkpt lat="39.896676" lon="116.642812">
        <time>2021-04-24T12:31:26Z</time>
      </trkpt>
      <trkpt lat="39.896685" lon="116.642778">
        <time>2021-04-24T12:31:31Z</time>
      </trkpt>
      <trkpt lat="39.896694" lon="116.642744">
        <time>2021-04-24T12:31:36Z</time>
      </trkpt>
      <trkpt lat="39.896703" lon="116.64271">
        <time>2021-04-24T12:31:41Z</time>
      </trkpt>
      <trkpt lat="39.896712" lon="116.642676">
        <time>2021-04-24T12:31:46Z</time>
      </trkpt>
      <trkpt lat="39.896721" lon="116.642642">
        <time>2021-04-24T12:31:51Z</time>
      </trkpt>
      <trkpt lat="39.89673" lon="116.642608">
        <time>2021-04-24T12:31:56Z</time>
      </trkpt>
      <trkpt lat="39.896739" lon="116.642574">
        <time>2021-04-24T12:32:01Z</time>
      </trkpt>
      <trkpt lat="39.896748" lon="116.64254">
        <time>2021-04-24T12:32:06Z</time>
      </trkpt>
      <trkpt lat="39.896757" lon="116.642506">
        <time>2021-04-24T12:32:11Z</time>
      </trkpt>
      <trkpt lat="39.896766" lon="116.642472">
        <time>2021-04-24T12:32:16Z</time>
      </trkpt>
      <trkpt lat="39.896775" lon="116.642438">
        <time>2021-04-24T12:32:21Z</time>
      </trkpt>
      <trkpt lat="39.896784" lon="116.642404">
        <time>2021-04-24T12:32:26Z</time>
      </trkpt>
      <trkpt lat="39.896793" lon="116.64237">
        <time>2021-04-24T12:32:31Z</time>
      </trkpt>
      <trkpt lat="39.896802" lon="116.642336">
        <time>2021-04-24T12:32:36Z</time>
      </trkpt>
      <trkpt lat="39.896811" lon="116.642302">
        <time>2021-04-24T12:32:41Z</time>
      </trkpt>
      <trkpt lat="39.89682" lon="116.642268">
        <time>2021-04-24T12:32:46Z</time>
      </trkpt>
      <trkpt lat="39.896829" lon="116.642234">
        <time>2021-04-24T12:32:51Z</time>
      </trkpt>
      <trkpt lat="39.896838" lon="116.6422">
        <time>2021-04-24T12:32:56Z</time>
      </trkpt>
      <trkpt lat="39.896847" lon="116.642166">
        <time>2021-04-24T12:33:01Z</time>
      </trkpt>
      <trkpt lat="39.896856" lon="116.642132">
        <time>2021-04-24T12:33:06Z</time>
      </trkpt>
      <trkpt lat="39.896865" lon="116.642098">
        <time>2021-04-24T12:33:11Z</time>
      </trkpt>
      <trkpt lat="39.896874" lon="116.642064">
        <time>2021-04-24T12:33:16Z</time>
      </trkpt>
      <trkpt lat="39.896883" lon="116.64203">
        <time>2021-04-24T12:33:21Z</time>
      </trkpt>
      <trkpt lat="39.896892" lon="116.641996">
        <time>2021-04-24T12:33:26Z</time>
      </trkpt>
      <trkpt lat="39.896901" lon="116.641962">
        <time>2021-04-24T12:33:31Z</time>
      </trkpt>
      <trkpt lat="39.89691" lon="116.641928">
        <time>2021-04-24T12:33:36Z</time>
      </trkpt>
      <trkpt lat="39.896919" lon="116.641894">
        <time>2021-04-24T12:33:41Z</time>
      </trkpt>
      <trkpt lat="39.896928" lon="116.64186">
        <time>2021-04-24T12:33:46Z</time>
      </trkpt>
      <trkpt lat="39.896937" lon="116.641826">
        <time>2021-04-24T12:33:51Z</time>
      </trkpt>
      <trkpt lat="39.896946" lon="116.641792">
        <time>2021-04-24T12:33:56Z</time>
      </trkpt>
      <trkpt lat="39.896955" lon="116.641758">
        <time>2021-04-24T12:34:01Z</time>
      </trkpt>
      <trkpt lat="39.896964" lon="116.641724">
        <time>2021-04-24T12:34:06Z</time>
      </trkpt>
      <trkpt lat="39.896973" lon="116.64169">
        <time>2021-04-24T12:34:11Z</time>
      </trkpt>
      <trkpt lat="39.896982" lon="116.641656">
        <time>2021-04-24T12:34:16Z</time>
      </trkpt>
      <trkpt lat="39.896991" lon="116.641622">
        <time>2021-04-24T12:34:21Z</time>
      </trkpt>
      <trkpt lat="39.897" lon="116.641588">
        <time>2021-04-24T12:34:26Z</time>
      </trkpt>
      <trkpt lat="39.897009" lon="116.641554">
        <time>2021-04-24T12:34:31Z</time>
      </trkpt>
      <trkpt lat="39.897018" lon="116.64152">
        <time>2021-04-24T12:34:36Z</time>
      </trkpt>
      <trkpt lat="39.897027" lon="116.641486">
        <time>2021-04-24T12:34:41Z</time>
      </trkpt>
      <trkpt lat="39.897036" lon="116.641452">
        <time>2021-04-24T12:34:46Z</time>
      </trkpt>
      <trkpt lat="39.897045" lon="116.641418">
        <time>2021-04-24T12:34:51Z</time>
      </trkpt>
      <trkpt lat="39.897054" lon="116.641384">
        <time>2021-04-24T12:34:56Z</time>
      </trkpt>
      <trkpt lat="39.897063" lon="116.64135">
        <time>2021-04-24T12:35:01Z</time>
      </trkpt>
      <trkpt lat="39.897072" lon="116.641316">
        <time>2021-04-24T12:35:06Z</time>
      </trkpt>
      <trkpt lat="39.897081" lon="116.641282">
        <time>2021-04-24T12:35:11Z</time>
      </trkpt>
      <trkpt lat="39.89709" lon="116.641248">
        <time>2021-04-24T12:35:16Z</time>
      </trkpt>
      <trkpt lat="39.897099" lon="116.641214">
        <time>2021-04-24T12:35:21Z</time>
      </trkpt>
      <trkpt lat="39.897108" lon="116.64118">
        <time>2021-04-24T12:35:26Z</time>
      </trkpt>
      <trkpt lat="39.897117" lon="116.641146">
        <time>2021-04-24T12:35:31Z</time>
      </trkpt>
      <trkpt lat="39.897126" lon="116.641112">
        <time>2021-04-24T12:35:36Z</time>
      </trkpt>
      <trkpt lat="39.897135" lon="116.641078">
        <time>2021-04-24T12:35:41Z</time>
      </trkpt>
      <trkpt lat="39.897144" lon="116.641044">
        <time>2021-04-24T12:35:46Z</time>
      </trkpt>
      <trkpt lat="39.897153" lon="116.64101">
        <time>2021-04-24T12:35:51Z</time>
      </trkpt>
      <trkpt lat="39.897162" lon="116.640976">
        <time>2021-04-24T12:35:56Z</time>
      </trkpt>
      <trkpt lat="39.897171" lon="116.640942">
        <time>2021-04-24T12:36:01Z</time>
      </trkpt>
      <trkpt lat="39.89718" lon="116.640908">
        <time>2021-04-24T12:36:06Z</time>
      </trkpt>
      <trkpt lat="39.897189" lon="116.640874">
        <time>2021-04-24T12:36:11Z</time>
      </trkpt>
      <trkpt lat="39.897198" lon="116.64084">
        <time>2021-04-24T12:36:16Z</time>
      </trkpt>
      <trkpt lat="39.897207" lon="116.640806">
        <time>2021-04-24T12:36:21Z</time>
      </trkpt>
      <trkpt lat="39.897216" lon="116.640772">
        <time>2021-04-24T12:36:26Z</time>
      </trkpt>
      <trkpt lat="39.897225" lon="116.640738">
        <time>2021-04-24T12:36:31Z</time>
      </trkpt>
      <trkpt lat="39.897234" lon="116.640704">
        <time>2021-04-24T12:36:36Z</time>
      </trkpt>
      <trkpt lat="39.897243" lon="116.64067">
        <time>2021-04-24T12:36:41Z</time>
      </trkpt>
      <trkpt lat="39.897252" lon="116.640636">
        <time>2021-04-24T12:36:46Z</time>
      </trkpt>
      <trkpt lat="39.897261" lon="116.640602">
        <time>2021-04-24T12:36:51Z</time>
      </trkpt>
      <trkpt lat="39.89727" lon="116.640568">
        <time>2021-04-24T12:36:56Z</time>
      </trkpt>
      <trkpt lat="39.897279" lon="116.640534">
        <time>2021-04-24T12:37:01Z</time>
      </trkpt>
      <trkpt lat="39.897288" lon="116.6405">
        <time>2021-04-24T12:37:06Z</time>
      </trkpt>
      <trkpt lat="39.897297" lon="116.640466">
        <time>2021-04-24T12:37:11Z</time>
      </trkpt>
      <trkpt lat="39.897306" lon="116.640432">
        <time>2021-04-24T12:37:16Z</time>
      </trkpt>
      <trkpt lat="39.897315" lon="116.640398">
        <time>2021-04-24T12:37:21Z</time>
      </trkpt>
      <trkpt lat="39.897324" lon="116.640364">
        <time>2021-04-24T12:37:26Z</time>
      </trkpt>
      <trkpt lat="39.897333" lon="116.64033">
        <time>2021-04-24T12:37:31Z</time>
      </trkpt>
      <trkpt lat="39.897342" lon="116.640296">
        <time>2021-04-24T12:37:36Z</time>
      </trkpt>
      <trkpt lat="39.897351" lon="116.640262">
        <time>2021-04-24T12:37:41Z</time>
      </trkpt>
      <trkpt lat="39.89736" lon="116.640228">
        <time>2021-04-24T12:37:46Z</time>
      </trkpt>
      <trkpt lat="39.897369" lon="116.640194">
        <time>2021-04-24T12:37:51Z</time>
      </trkpt>
      <trkpt lat="39.897378" lon="116.64016">
        <time>2021-04-24T12:37:56Z</time>
      </trkpt>
      <trkpt lat="39.897387" lon="116.640126">
        <time>2021-04-24T12:38:01Z</time>
      </trkpt>
      <trkpt lat="39.897396" lon="116.640092">
        <time>2021-04-24T12:38:06Z</time>
      </trkpt>
      <trkpt lat="39.897405" lon="116.640058">
        <time>2021-04-24T12:38:11Z</time>
      </trkpt>
      <trkpt lat="39.897414" lon="116.640024">
        <time>2021-04-24T12:38:16Z</time>
      </trkpt>
      <trkpt lat="39.897423" lon="116.63999">
        <time>2021-04-24T12:38:21Z</time>
      </trkpt>
      <trkpt lat="39.897432" lon="116.639956">
        <time>2021-04-24T12:38:26Z</time>
      </trkpt>
      <trkpt lat="39.897441" lon="116.639922">
        <time>2021-04-24T12:38:31Z</time>
      </trkpt>
      <trkpt lat="39.89745" lon="116.639888">
        <time>2021-04-24T12:38:36Z</time>
      </trkpt>
      <trkpt lat="39.897459" lon="116.639854">
        <time>2021-04-24T12:38:41Z</time>
      </trkpt>
      <trkpt lat="39.897468" lon="116.63982">
        <time>2021-04-24T12:38:46Z</time>
      </trkpt>
      <trkpt lat="39.897477" lon="116.639786">
        <time>2021-04-24T12:38:51Z</time>
      </trkpt>
      <trkpt lat="39.897486" lon="116.639752">
        <time>2021-04-24T12:38:56Z</time>
      </trkpt>
      <trkpt lat="39.897495" lon="116.639718">
        <time>2021-04-24T12:39:01Z</time>
      </trkpt>
      <trkpt lat="39.897504" lon="116.639684">
        <time>2021-04-24T12:39:06Z</time>
      </trkpt>
      <trkpt lat="39.897513" lon="116.63965">
        <time>2021-04-24T12:39:11Z</time>
      </trkpt>
      <trkpt lat="39.897522" lon="116.639616">
        <time>2021-04-24T12:39:16Z</time>
      </trkpt>
      <trkpt lat="39.897531" lon="116.639582">
        <time>2021-04-24T12:39:21Z</time>
      </trkpt>
      <trkpt lat="39.89754" lon="116.639548">
        <time>2021-04-24T12:39:26Z</time>
      </trkpt>
      <trkpt lat="39.897549" lon="116.639514">
        <time>2021-04-24T12:39:31Z</time>
      </trkpt>
      <trkpt lat="39.897558" lon="116.63948">
        <time>2021-04-24T12:39:36Z</time>
      </trkpt>
      <trkpt lat="39.897567" lon="116.639446">
        <time>2021-04-24T12:39:41Z</time>
      </trkpt>
      <trkpt lat="39.897576" lon="116.639412">
        <time>2021-04-24T12:39:46Z</time>
      </trkpt>
      <trkpt lat="39.897585" lon="116.639378">
        <time>2021-04-24T12:39:51Z</time>
      </trkpt>
      <trkpt lat="39.897594" lon="116.639344">
        <time>2021-04-24T12:39:56Z</time>
      </trkpt>
      <trkpt lat="39.897603" lon="116.63931">
        <time>2021-04-24T12:40:01Z</time>
      </trkpt>
      <trkpt lat="39.897612" lon="116.639276">
        <time>2021-04-24T12:40:06Z</time>
      </trkpt>
      <trkpt lat="39.897621" lon="116.639242">
        <time>2021-04-24T12:40:11Z</time>
      </trkpt>
      <trkpt lat="39.89763" lon="116.639208">
        <time>2021-04-24T12:40:16Z</time>
      </trkpt>
      <trkpt lat="39.897639" lon="116.639174">
        <time>2021-04-24T12:40:21Z</time>
      </trkpt>
      <trkpt lat="39.897648" lon="116.63914">
        <time>2021-04-24T12:40:26Z</time>
      </trkpt>
      <trkpt lat="39.897657" lon="116.639106">
        <time>2021-04-24T12:40:31Z</time>
      </trkpt>
      <trkpt lat="39.897666" lon="116.639072">
        <time>2021-04-24T12:40:36Z</time>
      </trkpt>
      <trkpt lat="39.897675" lon="116.639038">
        <time>2021-04-24T12:40:41Z</time>
      </trkpt>
      <trkpt lat="39.897684" lon="116.639004">
        <time>2021-04-24T12:40:46Z</time>
      </trkpt>
      <trkpt lat="39.897693" lon="116.63897">
        <time>2021-04-24T12:40:51Z</time>
      </trkpt>
      <trkpt lat="39.897702" lon="116.638936">
        <time>2021-04-24T12:40:56Z</time>
      </trkpt>
      <trkpt lat="39.897711" lon="116.638902">
        <time>2021-04-24T12:41:01Z</time>
      </trkpt>
      <trkpt lat="39.89772" lon="116.638868">
        <time>2021-04-24T12:41:06Z</time>
      </trkpt>
      <trkpt lat="39.897729" lon="116.638834">
        <time>2021-04-24T12:41:11Z</time>
      </trkpt>
      <trkpt lat="39.897738" lon="116.6388">
        <time>2021-04-24T12:41:16Z</time>
      </trkpt>
      <trkpt lat="39.897747" lon="116.638766">
        <time>2021-04-24T12:41:21Z</time>
      </trkpt>
      <trkpt lat="39.897756" lon="116.638732">
        <time>2021-04-24T12:41:26Z</time>
      </trkpt>
      <trkpt lat="39.897765" lon="116.638698">
        <time>2021-04-24T12:41:31Z</time>
      </trkpt>
      <trkpt lat="39.897774" lon="116.638664">
        <time>2021-04-24T12:41:36Z</time>
      </trkpt>
      <trkpt lat="39.897783" lon="116.63863">
        <time>2021-04-24T12:41:41Z</time>
      </trkpt>
      <trkpt lat="39.897792" lon="116.638596">
        <time>2021-04-24T12:41:46Z</time>
      </trkpt>
      <trkpt lat="39.897801" lon="116.638562">
        <time>2021-04-24T12:41:51Z</time>
      </trkpt>
      <trkpt lat="39.89781" lon="116.638528">
        <time>2021-04-24T12:41:56Z</time>
      </trkpt>
      <trkpt lat="39.897819" lon="116.638494">
        <time>2021-04-24T12:42:01Z</time>
      </trkpt>
      <trkpt lat="39.897828" lon="116.63846">
        <time>2021-04-24T12:42:06Z</time>
      </trkpt>
      <trkpt lat="39.897837" lon="116.638426">
        <time>2021-04-24T12:42:11Z</time>
      </trkpt>
      <trkpt lat="39.897846" lon="116.638392">
        <time>2021-04-24T12:42:16Z</time>
      </trkpt>
      <trkpt lat="39.897855" lon="116.638358">
        <time>2021-04-24T12:42:21Z</time>
      </trkpt>
      <trkpt lat="39.897864" lon="116.638324">
        <time>2021-04-24T12:42:26Z</time>
      </trkpt>
      <trkpt lat="39.897873" lon="116.63829">
        <time>2021-04-24T12:42:31Z</time>
      </trkpt>
      <trkpt lat="39.897882" lon="116.638256">
        <time>2021-04-24T12:42:36Z</time>
      </trkpt>
      <trkpt lat="39.897891" lon="116.638222">
        <time>2021-04-24T12:42:41Z</time>
      </trkpt>
      <trkpt lat="39.8979" lon="116.638188">
        <time>2021-04-24T12:42:46Z</time>
      </trkpt>
      <trkpt lat="39.897909" lon="116.638154">
        <time>2021-04-24T12:42:51Z</time>
      </trkpt>
      <trkpt lat="39.897918" lon="116.63812">
        <time>2021-04-24T12:42:56Z</time>
      </trkpt>
      <trkpt lat="39.897927" lon="116.638086">
        <time>2021-04-24T12:43:01Z</time>
      </trkpt>
      <trkpt lat="39.897936" lon="116.638052">
        <time>2021-04-24T12:43:06Z</time>
      </trkpt>
      <trkpt lat="39.897945" lon="116.638018">
        <time>2021-04-24T12:43:11Z</time>
      </trkpt>
      <trkpt lat="39.897954" lon="116.637984">
        <time>2021-04-24T12:43:16Z</time>
      </trkpt>
      <trkpt lat="39.897963" lon="116.63795">
        <time>2021-04-24T12:43:21Z</time>
      </trkpt>
      <trkpt lat="39.897972" lon="116.637916">
        <time>2021-04-24T12:43:26Z</time>
      </trkpt>
      <trkpt lat="39.897981" lon="116.637882">
        <time>2021-04-24T12:43:31Z</time>
      </trkpt>
      <trkpt lat="39.89799" lon="116.637848">
        <time>2021-04-24T12:43:36Z</time>
      </trkpt>
      <trkpt lat="39.897999" lon="116.637814">
        <time>2021-04-24T12:43:41Z</time>
      </trkpt>
      <trkpt lat="39.898008" lon="116.63778">
        <time>2021-04-24T12:43:46Z</time>
      </trkpt>
      <trkpt lat="39.898017" lon="116.637746">
        <time>2021-04-24T12:43:51Z</time>
      </trkpt>
      <trkpt lat="39.898026" lon="116.637712">
        <time>2021-04-24T12:43:56Z</time>
      </trkpt>
      <trkpt lat="39.898035" lon="116.637678">
        <time>2021-04-24T12:44:01Z</time>
      </trkpt>
      <trkpt lat="39.898044" lon="116.637644">
        <time>2021-04-24T12:44:06Z</time>
      </trkpt>
      <trkpt lat="39.898053" lon="116.63761">
        <time>2021-04-24T12:44:11Z</time>
      </trkpt>
      <trkpt lat="39.898062" lon="116.637576">
        <time>2021-04-24T12:44:16Z</time>
      </trkpt>
      <trkpt lat="39.898071" lon="116.637542">
        <time>2021-04-24T12:44:21Z</time>
      </trkpt>
      <trkpt lat="39.89808" lon="116.637508">
        <time>2021-04-24T12:44:26Z</time>
      </trkpt>
      <trkpt lat="39.898089" lon="116.637474">
        <time>2021-04-24T12:44:31Z</time>
      </trkpt>
      <trkpt lat="39.898098" lon="116.63744">
        <time>2021-04-24T12:44:36Z</time>
      </trkpt>
      <trkpt lat="39.898107" lon="116.637406">
        <time>2021-04-24T12:44:41Z</time>
      </trkpt>
      <trkpt lat="39.898116" lon="116.637372">
        <time>2021-04-24T12:44:46Z</time>
      </trkpt>
      <trkpt lat="39.898125" lon="116.637338">
        <time>2021-04-24T12:44:51Z</time>
      </trkpt>
      <trkpt lat="39.898134" lon="116.637304">
        <time>2021-04-24T12:44:56Z</time>
      </trkpt>
      <trkpt lat="39.898143" lon="116.63727">
        <time>2021-04-24T12:45:01Z</time>
      </trkpt>
      <trkpt lat="39.898152" lon="116.637236">
        <time>2021-04-24T12:45:06Z</time>
      </trkpt>
      <trkpt lat="39.898161" lon="116.637202">
        <time>2021-04-24T12:45:11Z</time>
      </trkpt>
      <trkpt lat="39.89817" lon="116.637168">
        <time>2021-04-24T12:45:16Z</time>
      </trkpt>
      <trkpt lat="39.898179" lon="116.637134">
        <time>2021-04-24T12:45:21Z</time>
      </trkpt>
      <trkpt lat="39.898188" lon="116.6371">
        <time>2021-04-24T12:45:26Z</time>
      </trkpt>
      <trkpt lat="39.898197" lon="116.637066">
        <time>2021-04-24T12:45:31Z</time>
      </trkpt>
      <trkpt lat="39.898206" lon="116.637032">
        <time>2021-04-24T12:45:36Z</time>
      </trkpt>
      <trkpt lat="39.898215" lon="116.636998">
        <time>2021-04-24T12:45:41Z</time>
      </trkpt>
      <trkpt lat="39.898224" lon="116.636964">
        <time>2021-04-24T12:45:46Z</time>
      </trkpt>
      <trkpt lat="39.898233" lon="116.63693">
        <time>2021-04-24T12:45:51Z</time>
      </trkpt>
      <trkpt lat="39.898242" lon="116.636896">
        <time>2021-04-24T12:45:56Z</time>
      </trkpt>
      <trkpt lat="39.898251" lon="116.636862">
        <time>2021-04-24T12:46:01Z</time>
      </trkpt>
      <trkpt lat="39.89826" lon="116.636828">
        <time>2021-04-24T12:46:06Z</time>
      </trkpt>
      <trkpt lat="39.898269" lon="116.636794">
        <time>2021-04-24T12:46:11Z</time>
      </trkpt>
      <trkpt lat="39.898278" lon="116.63676">
        <time>2021-04-24T12:46:16Z</time>
      </trkpt>
      <trkpt lat="39.898287" lon="116.636726">
        <time>2021-04-24T12:46:21Z</time>
      </trkpt>
      <trkpt lat="39.898296" lon="116.636692">
        <time>2021-04-24T12:46:26Z</time>
      </trkpt>
      <trkpt lat="39.898305" lon="116.636658">
        <time>2021-04-24T12:46:31Z</time>
      </trkpt>
      <trkpt lat="39.898314" lon="116.636624">
        <time>2021-04-24T12:46:36Z</time>
      </trkpt>
      <trkpt lat="39.898323" lon="116.63659">
        <time>2021-04-24T12:46:41Z</time>
      </trkpt>
      <trkpt lat="39.898332" lon="116.636556">
        <time>2021-04-24T12:46:46Z</time>
      </trkpt>
      <trkpt lat="39.898341" lon="116.636522">
        <time>2021-04-24T12:46:51Z</time>
      </trkpt>
      <trkpt lat="39.89835" lon="116.636488">
        <time>2021-04-24T12:46:56Z</time>
      </trkpt>
      <trkpt lat="39.898359" lon="116.636454">
        <time>2021-04-24T12:47:01Z</time>
      </trkpt>
      <trkpt lat="39.898368" lon="116.63642">
        <time>2021-04-24T12:47:06Z</time>
      </trkpt>
      <trkpt lat="39.898377" lon="116.636386">
        <time>2021-04-24T12:47:11Z</time>
      </trkpt>
      <trkpt lat="39.898386" lon="116.636352">
        <time>2021-04-24T12:47:16Z</time>
      </trkpt>
      <trkpt lat="39.898395" lon="116.636318">
        <time>2021-04-24T12:47:21Z</time>
      </trkpt>
      <trkpt lat="39.898404" lon="116.636284">
        <time>2021-04-24T12:47:26Z</time>
      </trkpt>
      <trkpt lat="39.898413" lon="116.63625">
        <time>2021-04-24T12:47:31Z</time>
      </trkpt>
      <trkpt lat="39.898422" lon="116.636216">
        <time>2021-04-24T12:47:36Z</time>
      </trkpt>
      <trkpt lat="39.898431" lon="116.636182">
        <time>2021-04-24T12:47:41Z</time>
      </trkpt>
      <trkpt lat="39.89844" lon="116.636148">
        <time>2021-04-24T12:47:46Z</time>
      </trkpt>
      <trkpt lat="39.898449" lon="116.636114">
        <time>2021-04-24T12:47:51Z</time>
      </trkpt>
      <trkpt lat="39.898458" lon="116.63608">
        <time>2021-04-24T12:47:56Z</time>
      </trkpt>
      <trkpt lat="39.898467" lon="116.636046">
        <time>2021-04-24T12:48:01Z</time>
      </trkpt>
      <trkpt lat="39.898476" lon="116.636012">
        <time>2021-04-24T12:48:06Z</time>
      </trkpt>
      <trkpt lat="39.898485" lon="116.635978">
        <time>2021-04-24T12:48:11Z</time>
      </trkpt>
      <trkpt lat="39.898494" lon="116.635944">
        <time>2021-04-24T12:48:16Z</time>
      </trkpt>
      <trkpt lat="39.898503" lon="116.63591">
        <time>2021-04-24T12:48:21Z</time>
      </trkpt>
      <trkpt lat="39.898512" lon="116.635876">
        <time>2021-04-24T12:48:26Z</time>
      </trkpt>
      <trkpt lat="39.898521" lon="116.635842">
        <time>2021-04-24T12:48:31Z</time>
      </trkpt>
      <trkpt lat="39.89853" lon="116.635808">
        <time>2021-04-24T12:48:36Z</time>
      </trkpt>
      <trkpt lat="39.898539" lon="116.635774">
        <time>2021-04-24T12:48:41Z</time>
      </trkpt>
      <trkpt lat="39.898548" lon="116.63574">
        <time>2021-04-24T12:48:46Z</time>
      </trkpt>
      <trkpt lat="39.898557" lon="116.635706">
        <time>2021-04-24T12:48:51Z</time>
      </trkpt>
      <trkpt lat="39.898566" lon="116.635672">
        <time>2021-04-24T12:48:56Z</time>
      </trkpt>
      <trkpt lat="39.898575" lon="116.635638">
        <time>2021-04-24T12:49:01Z</time>
      </trkpt>
      <trkpt lat="39.898584" lon="116.635604">
        <time>2021-04-24T12:49:06Z</time>
      </trkpt>
      <trkpt lat="39.898593" lon="116.63557">
        <time>2021-04-24T12:49:11Z</time>
      </trkpt>
      <trkpt lat="39.898602" lon="116.635536">
        <time>2021-04-24T12:49:16Z</time>
      </trkpt>
      <trkpt lat="39.898611" lon="116.635502">
        <time>2021-04-24T12:49:21Z</time>
      </trkpt>
      <trkpt lat="39.89862" lon="116.635468">
        <time>2021-04-24T12:49:26Z</time>
      </trkpt>
      <trkpt lat="39.898629" lon="116.635434">
        <time>2021-04-24T12:49:31Z</time>
      </trkpt>
      <trkpt lat="39.898638" lon="116.6354">
        <time>2021-04-24T12:49:36Z</time>
      </trkpt>
      <trkpt lat="39.898647" lon="116.635366">
        <time>2021-04-24T12:49:41Z</time>
      </trkpt>
      <trkpt lat="39.898656" lon="116.635332">
        <time>2021-04-24T12:49:46Z</time>
      </trkpt>
      <trkpt lat="39.898665" lon="116.635298">
        <time>2021-04-24T12:49:51Z</time>
      </trkpt>
      <trkpt lat="39.898674" lon="116.635264">
        <time>2021-04-24T12:49:56Z</time>
      </trkpt>
      <trkpt lat="39.898683" lon="116.63523">
        <time>2021-04-24T12:50:01Z</time>
      </trkpt>
      <trkpt lat="39.898692" lon="116.635196">
        <time>2021-04-24T12:50:06Z</time>
      </trkpt>
      <trkpt lat="39.898701" lon="116.635162">
        <time>2021-04-24T12:50:11Z</time>
      </trkpt>
      <trkpt lat="39.89871" lon="116.635128">
        <time>2021-04-24T12:50:16Z</time>
      </trkpt>
      <trkpt lat="39.898719" lon="116.635094">
        <time>2021-04-24T12:50:21Z</time>
      </trkpt>
      <trkpt lat="39.898728" lon="116.63506">
        <time>2021-04-24T12:50:26Z</time>
      </trkpt>
      <trkpt lat="39.898737" lon="116.635026">
        <time>2021-04-24T12:50:31Z</time>
      </trkpt>
      <trkpt lat="39.898746" lon="116.634992">
        <time>2021-04-24T12:50:36Z</time>
      </trkpt>
      <trkpt lat="39.898755" lon="116.634958">
        <time>2021-04-24T12:50:41Z</time>
      </trkpt>
      <trkpt lat="39.898764" lon="116.634924">
        <time>2021-04-24T12:50:46Z</time>
      </trkpt>
      <trkpt lat="39.898773" lon="116.63489">
        <time>2021-04-24T12:50:51Z</time>
      </trkpt>
      <trkpt lat="39.898782" lon="116.634856">
        <time>2021-04-24T12:50:56Z</time>
      </trkpt>
      <trkpt lat="39.898791" lon="116.634822">
        <time>2021-04-24T12:51:01Z</time>
      </trkpt>
      <trkpt lat="39.8988" lon="116.634788">
        <time>2021-04-24T12:51:06Z</time>
      </trkpt>
      <trkpt lat="39.898809" lon="116.634754">
        <time>2021-04-24T12:51:11Z</time>
      </trkpt>
      <trkpt lat="39.898818" lon="116.63472">
        <time>2021-04-24T12:51:16Z</time>
      </trkpt>
      <trkpt lat="39.898827" lon="116.634686">
        <time>2021-04-24T12:51:21Z</time>
      </trkpt>
      <trkpt lat="39.898836" lon="116.634652">
        <time>2021-04-24T12:51:26Z</time>
      </trkpt>
      <trkpt lat="39.898836" lon="116.634652">
        <time>2021-04-24T12:51:31Z</time>
      </trkpt>
      <trkpt lat="39.898836" lon="116.634652">
        <time>2021-04-24T12:51:36Z</time>
      </trkpt>
      <trkpt lat="39.898836" lon="116.634652">
        <time>2021-04-24T12:51:41Z</time>
      </trkpt>
      <trkpt lat="39.898836" lon="116.634652">
        <time>2021-04-24T12:51:46Z</time>
      </trkpt>
      <trkpt lat="39.898836" lon="116.634652">
        <time>2021-04-24T12:51:51Z</time>
      </trkpt>
      <trkpt lat="39.898836" lon="116.634652">
        <time>2021-04-24T12:51:56Z</time>
      </trkpt>
      <trkpt lat="39.898836" lon="116.634652">
        <time>2021-04-24T12:52:01Z</time>
      </trkpt>
      <trkpt lat="39.898836" lon="116.634652">
        <time>2021-04-24T12:52:06Z</time>
      </trkpt>
      <trkpt lat="39.898836" lon="116.634652">
        <time>2021-04-24T12:52:11Z</time>
      </trkpt>
      <trkpt lat="39.898836" lon="116.634652">
        <time>2021-04-24T12:52:16Z</time>
      </trkpt>
      <trkpt lat="39.898836" lon="116.634652">
        <time>2021-04-24T12:52:21Z</time>
      </trkpt>
      <trkpt lat="39.898836" lon="116.634652">
        <time>2021-04-24T12:52:26Z</time>
      </trkpt>
      <trkpt lat="39.898836" lon="116.634652">
        <time>2021-04-24T12:52:31Z</time>
      </trkpt>
      <trkpt lat="39.898836" lon="116.634652">
        <time>2021-04-24T12:52:36Z</time>
      </trkpt>
      <trkpt lat="39.898836" lon="116.634652">
        <time>2021-04-24T12:52:41Z</time>
      </trkpt>
      <trkpt lat="39.898836" lon="116.634652">
        <time>2021-04-24T12:52:46Z</time>
      </trkpt>
      <trkpt lat="39.898836" lon="116.634652">
        <time>2021-04-24T12:52:51Z</time>
      </trkpt>
      <trkpt lat="39.898836" lon="116.634652">
        <time>2021-04-24T12:52:56Z</time>
      </trkpt>
      <trkpt lat="39.898836" lon="116.634652">
        <time>2021-04-24T12:53:01Z</time>
      </trkpt>
      <trkpt lat="39.898836" lon="116.634652">
        <time>2021-04-24T12:53:06Z</time>
      </trkpt>
      <trkpt lat="39.898836" lon="116.634652">
        <time>2021-04-24T12:53:11Z</time>
      </trkpt>
      <trkpt lat="39.898836" lon="116.634652">
        <time>2021-04-24T12:53:16Z</time>
      </trkpt>
      <trkpt lat="39.898836" lon="116.634652">
        <time>2021-04-24T12:53:21Z</time>
      </trkpt>
      <trkpt lat="39.898836" lon="116.634652">
        <time>2021-04-24T12:53:26Z</time>
      </trkpt>
      <trkpt lat="39.898836" lon="116.634652">
        <time>2021-04-24T12:53:31Z</time>
      </trkpt>
      <trkpt lat="39.898836" lon="116.634652">
        <time>2021-04-24T12:53:36Z</time>
      </trkpt>
      <trkpt lat="39.898836" lon="116.634652">
        <time>2021-04-24T12:53:41Z</time>
      </trkpt>
      <trkpt lat="39.898836" lon="116.634652">
        <time>2021-04-24T12:53:46Z</time>
      </trkpt>
      <trkpt lat="39.898836" lon="116.634652">
        <time>2021-04-24T12:53:51Z</time>
      </trkpt>
      <trkpt lat="39.898836" lon="116.634652">
        <time>2021-04-24T12:53:56Z</time>
      </trkpt>
      <trkpt lat="39.898836" lon="116.634652">
        <time>2021-04-24T12:54:01Z</time>
      </trkpt>
      <trkpt lat="39.898836" lon="116.634652">
        <time>2021-04-24T12:54:06Z</time>
      </trkpt>
      <trkpt lat="39.898836" lon="116.634652">
        <time>2021-04-24T12:54:11Z</time>
      </trkpt>
      <trkpt lat="39.898836" lon="116.634652">
        <time>2021-04-24T12:54:16Z</time>
      </trkpt>
      <trkpt lat="39.898836" lon="116.634652">
        <time>2021-04-24T12:54:21Z</time>
      </trkpt>
      <trkpt lat="39.898836" lon="116.634652">
        <time>2021-04-24T12:54:26Z</time>
      </trkpt>
      <trkpt lat="39.898836" lon="116.634652">
        <time>2021-04-24T12:54:31Z</time>
      </trkpt>
      <trkpt lat="39.898836" lon="116.634652">
        <time>2021-04-24T12:54:36Z</time>
      </trkpt>
      <trkpt lat="39.898836" lon="116.634652">
        <time>2021-04-24T12:54:41Z</time>
      </trkpt>
      <trkpt lat="39.898836" lon="116.634652">
        <time>2021-04-24T12:54:46Z</time>
      </trkpt>
      <trkpt lat="39.898836" lon="116.634652">
        <time>2021-04-24T12:54:51Z</time>
      </trkpt>
      <trkpt lat="39.898836" lon="116.634652">
        <time>2021-04-24T12:54:56Z</time>
      </trkpt>
      <trkpt lat="39.898836" lon="116.634652">
        <time>2021-04-24T12:55:01Z</time>
      </trkpt>
      <trkpt lat="39.898836" lon="116.634652">
        <time>2021-04-24T12:55:06Z</time>
      </trkpt>
      <trkpt lat="39.898836" lon="116.634652">
        <time>2021-04-24T12:55:11Z</time>
      </trkpt>
      <trkpt lat="39.898836" lon="116.634652">
        <time>2021-04-24T12:55:16Z</time>
      </trkpt>
      <trkpt lat="39.898836" lon="116.634652">
        <time>2021-04-24T12:55:21Z</time>
      </trkpt>
      <trkpt lat="39.898836" lon="116.634652">
        <time>2021-04-24T12:55:26Z</time>
      </trkpt>
      <trkpt lat="39.898836" lon="116.634652">
        <time>2021-04-24T12:55:31Z</time>
      </trkpt>
      <trkpt lat="39.898836" lon="116.634652">
        <time>2021-04-24T12:55:36Z</time>
      </trkpt>
      <trkpt lat="39.898836" lon="116.634652">
        <time>2021-04-24T12:55:41Z</time>
      </trkpt>
      <trkpt lat="39.898836" lon="116.634652">
        <time>2021-04-24T12:55:46Z</time>
      </trkpt>
      <trkpt lat="39.898836" lon="116.634652">
        <time>2021-04-24T12:55:51Z</time>
      </trkpt>
      <trkpt lat="39.898836" lon="116.634652">
        <time>2021-04-24T12:55:56Z</time>
      </trkpt>
      <trkpt lat="39.898836" lon="116.634652">
        <time>2021-04-24T12:56:01Z</time>
      </trkpt>
      <trkpt lat="39.898836" lon="116.634652">
        <time>2021-04-24T12:56:06Z</time>
      </trkpt>
      <trkpt lat="39.898836" lon="116.634652">
        <time>2021-04-24T12:56:11Z</time>
      </trkpt>
      <trkpt lat="39.898836" lon="116.634652">
        <time>2021-04-24T12:56:16Z</time>
      </trkpt>
      <trkpt lat="39.898836" lon="116.634652">
        <time>2021-04-24T12:56:21Z</time>
      </trkpt>
      <trkpt lat="39.898836" lon="116.634652">
        <time>2021-04-24T12:56:26Z</time>
      </trkpt>
      <trkpt lat="39.898836" lon="116.634652">
        <time>2021-04-24T12:56:31Z</time>
      </trkpt>
      <trkpt lat="39.898836" lon="116.634652">
        <time>2021-04-24T12:56:36Z</time>
      </trkpt>
      <trkpt lat="39.898836" lon="116.634652">
        <time>2021-04-24T12:56:41Z</time>
      </trkpt>
      <trkpt lat="39.898836" lon="116.634652">
        <time>2021-04-24T12:56:46Z</time>
      </trkpt>
      <trkpt lat="39.898836" lon="116.634652">
        <time>2021-04-24T12:56:51Z</time>
      </trkpt>
      <trkpt lat="39.898836" lon="116.634652">
        <time>2021-04-24T12:56:56Z</time>
      </trkpt>
      <trkpt lat="39.898836" lon="116.634652">
        <time>2021-04-24T12:57:01Z</time>
      </trkpt>
      <trkpt lat="39.898836" lon="116.634652">
        <time>2021-04-24T12:57:06Z</time>
      </trkpt>
      <trkpt lat="39.898836" lon="116.634652">
        <time>2021-04-24T12:57:11Z</time>
      </trkpt>
      <trkpt lat="39.898836" lon="116.634652">
        <time>2021-04-24T12:57:16Z</time>
      </trkpt>
      <trkpt lat="39.898836" lon="116.634652">
        <time>2021-04-24T12:57:21Z</time>
      </trkpt>
      <trkpt lat="39.898836" lon="116.634652">
        <time>2021-04-24T12:57:52Z</time>
      </trkpt>
    </trkseg>
  </trk>
</gpx>