<?xml version="1.0" encoding="UTF-8"?>
<gpx xmlns="http://www.topografix.com/GPX/1/1" xmlns:gpxtpx="http://www.garmin.com/xmlschemas/TrackPointExtension/v1" xmlns:xsi="http://www.w3.org/2001/XMLSchema-instance" xsi:schemaLocation="http://www.topografix.com/GPX/1/1 http://www.topografix.com/GPX/1/1/gpx.xsd" version="1.1" creator="gpx.py -- https://github.com/tkrajina/gpxpy">
  <trk>
    <name>gpx from keep</name>
    <trkseg>
      <trkpt lat="34.315942" lon="108.780576">
        <time>2021-07-10T22:59:34Z</time>
      </trkpt>
      <trkpt lat="34.315942" lon="108.780576">
        <time>2021-07-10T22:59:39Z</time>
      </trkpt>
      <trkpt lat="34.316222" lon="108.780457">
        <time>2021-07-10T22:59:44Z</time>
      </trkpt>
      <trkpt lat="34.316254" lon="108.780432">
        <time>2021-07-10T22:59:49Z</time>
      </trkpt>
      <trkpt lat="34.31634" lon="108.780315">
        <time>2021-07-10T22:59:54Z</time>
      </trkpt>
      <trkpt lat="34.316475" lon="108.780181">
        <time>2021-07-10T22:59:59Z</time>
      </trkpt>
      <trkpt lat="34.316527" lon="108.780005">
        <time>2021-07-10T23:00:04Z</time>
      </trkpt>
      <trkpt lat="34.316636" lon="108.779866">
        <time>2021-07-10T23:00:09Z</time>
      </trkpt>
      <trkpt lat="34.316794" lon="108.7798">
        <time>2021-07-10T23:00:14Z</time>
      </trkpt>
      <trkpt lat="34.316943" lon="108.779664">
        <time>2021-07-10T23:00:19Z</time>
      </trkpt>
      <trkpt lat="34.316984" lon="108.779633">
        <time>2021-07-10T23:00:24Z</time>
      </trkpt>
      <trkpt lat="34.317022" lon="108.779493">
        <time>2021-07-10T23:00:29Z</time>
      </trkpt>
      <trkpt lat="34.317057" lon="108.779459">
        <time>2021-07-10T23:00:34Z</time>
      </trkpt>
      <trkpt lat="34.31713" lon="108.779457">
        <time>2021-07-10T23:00:39Z</time>
      </trkpt>
      <trkpt lat="34.317163" lon="108.77931">
        <time>2021-07-10T23:00:44Z</time>
      </trkpt>
      <trkpt lat="34.317127" lon="108.779086">
        <time>2021-07-10T23:00:49Z</time>
      </trkpt>
      <trkpt lat="34.317052" lon="108.778919">
        <time>2021-07-10T23:00:54Z</time>
      </trkpt>
      <trkpt lat="34.31704" lon="108.778678">
        <time>2021-07-10T23:00:59Z</time>
      </trkpt>
      <trkpt lat="34.317039" lon="108.778486">
        <time>2021-07-10T23:01:04Z</time>
      </trkpt>
      <trkpt lat="34.317076" lon="108.778382">
        <time>2021-07-10T23:01:09Z</time>
      </trkpt>
      <trkpt lat="34.317103" lon="108.778335">
        <time>2021-07-10T23:01:14Z</time>
      </trkpt>
      <trkpt lat="34.317136" lon="108.778273">
        <time>2021-07-10T23:01:19Z</time>
      </trkpt>
      <trkpt lat="34.317177" lon="108.778218">
        <time>2021-07-10T23:01:24Z</time>
      </trkpt>
      <trkpt lat="34.317252" lon="108.778109">
        <time>2021-07-10T23:01:29Z</time>
      </trkpt>
      <trkpt lat="34.31738" lon="108.778046">
        <time>2021-07-10T23:01:34Z</time>
      </trkpt>
      <trkpt lat="34.317474" lon="108.777929">
        <time>2021-07-10T23:01:39Z</time>
      </trkpt>
      <trkpt lat="34.317491" lon="108.777846">
        <time>2021-07-10T23:01:44Z</time>
      </trkpt>
      <trkpt lat="34.317453" lon="108.777737">
        <time>2021-07-10T23:01:49Z</time>
      </trkpt>
      <trkpt lat="34.317417" lon="108.777725">
        <time>2021-07-10T23:01:54Z</time>
      </trkpt>
      <trkpt lat="34.317407" lon="108.777784">
        <time>2021-07-10T23:01:59Z</time>
      </trkpt>
      <trkpt lat="34.317415" lon="108.777848">
        <time>2021-07-10T23:02:04Z</time>
      </trkpt>
      <trkpt lat="34.317425" lon="108.777885">
        <time>2021-07-10T23:02:09Z</time>
      </trkpt>
      <trkpt lat="34.317448" lon="108.777942">
        <time>2021-07-10T23:02:14Z</time>
      </trkpt>
      <trkpt lat="34.317391" lon="108.777894">
        <time>2021-07-10T23:02:19Z</time>
      </trkpt>
      <trkpt lat="34.317401" lon="108.777927">
        <time>2021-07-10T23:02:24Z</time>
      </trkpt>
      <trkpt lat="34.317402" lon="108.777928">
        <time>2021-07-10T23:02:29Z</time>
      </trkpt>
      <trkpt lat="34.3174" lon="108.777949">
        <time>2021-07-10T23:02:34Z</time>
      </trkpt>
      <trkpt lat="34.317391" lon="108.777975">
        <time>2021-07-10T23:02:39Z</time>
      </trkpt>
      <trkpt lat="34.317361" lon="108.777978">
        <time>2021-07-10T23:02:44Z</time>
      </trkpt>
      <trkpt lat="34.317419" lon="108.778038">
        <time>2021-07-10T23:02:49Z</time>
      </trkpt>
      <trkpt lat="34.317508" lon="108.777958">
        <time>2021-07-10T23:02:54Z</time>
      </trkpt>
      <trkpt lat="34.317497" lon="108.777799">
        <time>2021-07-10T23:02:59Z</time>
      </trkpt>
      <trkpt lat="34.317519" lon="108.777579">
        <time>2021-07-10T23:03:04Z</time>
      </trkpt>
      <trkpt lat="34.317552" lon="108.777429">
        <time>2021-07-10T23:03:09Z</time>
      </trkpt>
      <trkpt lat="34.317623" lon="108.77731">
        <time>2021-07-10T23:03:14Z</time>
      </trkpt>
      <trkpt lat="34.317651" lon="108.777176">
        <time>2021-07-10T23:03:19Z</time>
      </trkpt>
      <trkpt lat="34.317655" lon="108.777064">
        <time>2021-07-10T23:03:24Z</time>
      </trkpt>
      <trkpt lat="34.3176" lon="108.777029">
        <time>2021-07-10T23:03:29Z</time>
      </trkpt>
      <trkpt lat="34.317592" lon="108.777105">
        <time>2021-07-10T23:03:34Z</time>
      </trkpt>
      <trkpt lat="34.317557" lon="108.777129">
        <time>2021-07-10T23:03:39Z</time>
      </trkpt>
      <trkpt lat="34.317456" lon="108.777166">
        <time>2021-07-10T23:03:44Z</time>
      </trkpt>
      <trkpt lat="34.317386" lon="108.777199">
        <time>2021-07-10T23:03:49Z</time>
      </trkpt>
      <trkpt lat="34.317352" lon="108.77724">
        <time>2021-07-10T23:03:54Z</time>
      </trkpt>
      <trkpt lat="34.317215" lon="108.777226">
        <time>2021-07-10T23:03:59Z</time>
      </trkpt>
      <trkpt lat="34.317147" lon="108.777241">
        <time>2021-07-10T23:04:04Z</time>
      </trkpt>
      <trkpt lat="34.317073" lon="108.7772">
        <time>2021-07-10T23:04:09Z</time>
      </trkpt>
      <trkpt lat="34.317006" lon="108.777161">
        <time>2021-07-10T23:04:14Z</time>
      </trkpt>
      <trkpt lat="34.316998" lon="108.777164">
        <time>2021-07-10T23:04:19Z</time>
      </trkpt>
      <trkpt lat="34.316743" lon="108.777194">
        <time>2021-07-10T23:04:24Z</time>
      </trkpt>
      <trkpt lat="34.316664" lon="108.777211">
        <time>2021-07-10T23:04:29Z</time>
      </trkpt>
      <trkpt lat="34.316604" lon="108.77722">
        <time>2021-07-10T23:04:34Z</time>
      </trkpt>
      <trkpt lat="34.316448" lon="108.777395">
        <time>2021-07-10T23:04:39Z</time>
      </trkpt>
      <trkpt lat="34.316328" lon="108.777471">
        <time>2021-07-10T23:04:44Z</time>
      </trkpt>
      <trkpt lat="34.31618" lon="108.77762">
        <time>2021-07-10T23:04:49Z</time>
      </trkpt>
      <trkpt lat="34.316056" lon="108.777731">
        <time>2021-07-10T23:04:54Z</time>
      </trkpt>
      <trkpt lat="34.315993" lon="108.777825">
        <time>2021-07-10T23:04:59Z</time>
      </trkpt>
      <trkpt lat="34.315949" lon="108.77796">
        <time>2021-07-10T23:05:04Z</time>
      </trkpt>
      <trkpt lat="34.315858" lon="108.778079">
        <time>2021-07-10T23:05:09Z</time>
      </trkpt>
      <trkpt lat="34.315762" lon="108.778222">
        <time>2021-07-10T23:05:14Z</time>
      </trkpt>
      <trkpt lat="34.315721" lon="108.778378">
        <time>2021-07-10T23:05:19Z</time>
      </trkpt>
      <trkpt lat="34.315661" lon="108.778459">
        <time>2021-07-10T23:05:24Z</time>
      </trkpt>
      <trkpt lat="34.315567" lon="108.778531">
        <time>2021-07-10T23:05:29Z</time>
      </trkpt>
      <trkpt lat="34.315504" lon="108.778677">
        <time>2021-07-10T23:05:34Z</time>
      </trkpt>
      <trkpt lat="34.31543" lon="108.778742">
        <time>2021-07-10T23:05:39Z</time>
      </trkpt>
      <trkpt lat="34.31544" lon="108.778841">
        <time>2021-07-10T23:05:44Z</time>
      </trkpt>
      <trkpt lat="34.315409" lon="108.778948">
        <time>2021-07-10T23:05:49Z</time>
      </trkpt>
      <trkpt lat="34.315379" lon="108.779034">
        <time>2021-07-10T23:05:54Z</time>
      </trkpt>
      <trkpt lat="34.315363" lon="108.779154">
        <time>2021-07-10T23:05:59Z</time>
      </trkpt>
      <trkpt lat="34.315361" lon="108.779336">
        <time>2021-07-10T23:06:04Z</time>
      </trkpt>
      <trkpt lat="34.315389" lon="108.779548">
        <time>2021-07-10T23:06:09Z</time>
      </trkpt>
      <trkpt lat="34.315463" lon="108.779623">
        <time>2021-07-10T23:06:14Z</time>
      </trkpt>
      <trkpt lat="34.315563" lon="108.77971">
        <time>2021-07-10T23:06:19Z</time>
      </trkpt>
      <trkpt lat="34.315616" lon="108.77984">
        <time>2021-07-10T23:06:24Z</time>
      </trkpt>
      <trkpt lat="34.315661" lon="108.779875">
        <time>2021-07-10T23:06:29Z</time>
      </trkpt>
      <trkpt lat="34.315714" lon="108.779934">
        <time>2021-07-10T23:06:34Z</time>
      </trkpt>
      <trkpt lat="34.315773" lon="108.779982">
        <time>2021-07-10T23:06:39Z</time>
      </trkpt>
      <trkpt lat="34.315851" lon="108.780022">
        <time>2021-07-10T23:06:44Z</time>
      </trkpt>
      <trkpt lat="34.315961" lon="108.780035">
        <time>2021-07-10T23:06:49Z</time>
      </trkpt>
      <trkpt lat="34.316034" lon="108.780086">
        <time>2021-07-10T23:06:54Z</time>
      </trkpt>
      <trkpt lat="34.316108" lon="108.780138">
        <time>2021-07-10T23:06:59Z</time>
      </trkpt>
      <trkpt lat="34.316231" lon="108.7802">
        <time>2021-07-10T23:07:04Z</time>
      </trkpt>
      <trkpt lat="34.316309" lon="108.780245">
        <time>2021-07-10T23:07:09Z</time>
      </trkpt>
      <trkpt lat="34.316374" lon="108.780272">
        <time>2021-07-10T23:07:14Z</time>
      </trkpt>
      <trkpt lat="34.316418" lon="108.78033">
        <time>2021-07-10T23:07:19Z</time>
      </trkpt>
      <trkpt lat="34.316519" lon="108.780351">
        <time>2021-07-10T23:07:24Z</time>
      </trkpt>
      <trkpt lat="34.316635" lon="108.780181">
        <time>2021-07-10T23:07:29Z</time>
      </trkpt>
      <trkpt lat="34.316664" lon="108.780007">
        <time>2021-07-10T23:07:34Z</time>
      </trkpt>
      <trkpt lat="34.316628" lon="108.779882">
        <time>2021-07-10T23:07:39Z</time>
      </trkpt>
      <trkpt lat="34.316598" lon="108.779652">
        <time>2021-07-10T23:07:44Z</time>
      </trkpt>
      <trkpt lat="34.316664" lon="108.77953">
        <time>2021-07-10T23:07:49Z</time>
      </trkpt>
      <trkpt lat="34.316716" lon="108.779392">
        <time>2021-07-10T23:07:54Z</time>
      </trkpt>
      <trkpt lat="34.316746" lon="108.779315">
        <time>2021-07-10T23:07:59Z</time>
      </trkpt>
      <trkpt lat="34.316985" lon="108.779302">
        <time>2021-07-10T23:08:04Z</time>
      </trkpt>
      <trkpt lat="34.317128" lon="108.779248">
        <time>2021-07-10T23:08:09Z</time>
      </trkpt>
      <trkpt lat="34.317156" lon="108.779186">
        <time>2021-07-10T23:08:14Z</time>
      </trkpt>
      <trkpt lat="34.317154" lon="108.779068">
        <time>2021-07-10T23:08:19Z</time>
      </trkpt>
      <trkpt lat="34.317173" lon="108.778958">
        <time>2021-07-10T23:08:24Z</time>
      </trkpt>
      <trkpt lat="34.317164" lon="108.778795">
        <time>2021-07-10T23:08:29Z</time>
      </trkpt>
      <trkpt lat="34.317171" lon="108.778441">
        <time>2021-07-10T23:08:34Z</time>
      </trkpt>
      <trkpt lat="34.317201" lon="108.778321">
        <time>2021-07-10T23:08:39Z</time>
      </trkpt>
      <trkpt lat="34.317214" lon="108.778196">
        <time>2021-07-10T23:08:44Z</time>
      </trkpt>
      <trkpt lat="34.317292" lon="108.778171">
        <time>2021-07-10T23:08:49Z</time>
      </trkpt>
      <trkpt lat="34.317499" lon="108.778136">
        <time>2021-07-10T23:08:54Z</time>
      </trkpt>
      <trkpt lat="34.317575" lon="108.778046">
        <time>2021-07-10T23:08:59Z</time>
      </trkpt>
      <trkpt lat="34.317559" lon="108.777815">
        <time>2021-07-10T23:09:04Z</time>
      </trkpt>
      <trkpt lat="34.31756" lon="108.777745">
        <time>2021-07-10T23:09:09Z</time>
      </trkpt>
      <trkpt lat="34.317546" lon="108.777584">
        <time>2021-07-10T23:09:14Z</time>
      </trkpt>
      <trkpt lat="34.317594" lon="108.777444">
        <time>2021-07-10T23:09:19Z</time>
      </trkpt>
      <trkpt lat="34.317581" lon="108.77733">
        <time>2021-07-10T23:09:24Z</time>
      </trkpt>
      <trkpt lat="34.31758" lon="108.777249">
        <time>2021-07-10T23:09:29Z</time>
      </trkpt>
      <trkpt lat="34.317619" lon="108.777136">
        <time>2021-07-10T23:09:34Z</time>
      </trkpt>
      <trkpt lat="34.317657" lon="108.777043">
        <time>2021-07-10T23:09:39Z</time>
      </trkpt>
      <trkpt lat="34.317628" lon="108.777054">
        <time>2021-07-10T23:09:44Z</time>
      </trkpt>
      <trkpt lat="34.317594" lon="108.777098">
        <time>2021-07-10T23:09:49Z</time>
      </trkpt>
      <trkpt lat="34.317538" lon="108.777146">
        <time>2021-07-10T23:09:54Z</time>
      </trkpt>
      <trkpt lat="34.317428" lon="108.777178">
        <time>2021-07-10T23:09:59Z</time>
      </trkpt>
      <trkpt lat="34.317404" lon="108.777193">
        <time>2021-07-10T23:10:04Z</time>
      </trkpt>
      <trkpt lat="34.317314" lon="108.777198">
        <time>2021-07-10T23:10:09Z</time>
      </trkpt>
      <trkpt lat="34.317155" lon="108.777155">
        <time>2021-07-10T23:10:14Z</time>
      </trkpt>
      <trkpt lat="34.31706" lon="108.777144">
        <time>2021-07-10T23:10:19Z</time>
      </trkpt>
      <trkpt lat="34.316931" lon="108.777116">
        <time>2021-07-10T23:10:24Z</time>
      </trkpt>
      <trkpt lat="34.316872" lon="108.777078">
        <time>2021-07-10T23:10:29Z</time>
      </trkpt>
      <trkpt lat="34.316742" lon="108.777075">
        <time>2021-07-10T23:10:34Z</time>
      </trkpt>
      <trkpt lat="34.316596" lon="108.777141">
        <time>2021-07-10T23:10:39Z</time>
      </trkpt>
      <trkpt lat="34.316508" lon="108.777159">
        <time>2021-07-10T23:10:44Z</time>
      </trkpt>
      <trkpt lat="34.316408" lon="108.777275">
        <time>2021-07-10T23:10:49Z</time>
      </trkpt>
      <trkpt lat="34.316236" lon="108.77738">
        <time>2021-07-10T23:10:54Z</time>
      </trkpt>
      <trkpt lat="34.316095" lon="108.777509">
        <time>2021-07-10T23:10:59Z</time>
      </trkpt>
      <trkpt lat="34.315985" lon="108.777711">
        <time>2021-07-10T23:11:04Z</time>
      </trkpt>
      <trkpt lat="34.315923" lon="108.777892">
        <time>2021-07-10T23:11:09Z</time>
      </trkpt>
      <trkpt lat="34.315844" lon="108.778019">
        <time>2021-07-10T23:11:14Z</time>
      </trkpt>
      <trkpt lat="34.315751" lon="108.778126">
        <time>2021-07-10T23:11:19Z</time>
      </trkpt>
      <trkpt lat="34.315708" lon="108.778221">
        <time>2021-07-10T23:11:24Z</time>
      </trkpt>
      <trkpt lat="34.315665" lon="108.778362">
        <time>2021-07-10T23:11:29Z</time>
      </trkpt>
      <trkpt lat="34.315571" lon="108.77848">
        <time>2021-07-10T23:11:34Z</time>
      </trkpt>
      <trkpt lat="34.315504" lon="108.778624">
        <time>2021-07-10T23:11:39Z</time>
      </trkpt>
      <trkpt lat="34.315467" lon="108.778738">
        <time>2021-07-10T23:11:44Z</time>
      </trkpt>
      <trkpt lat="34.315391" lon="108.778819">
        <time>2021-07-10T23:11:49Z</time>
      </trkpt>
      <trkpt lat="34.315366" lon="108.778965">
        <time>2021-07-10T23:11:54Z</time>
      </trkpt>
      <trkpt lat="34.315308" lon="108.779115">
        <time>2021-07-10T23:11:59Z</time>
      </trkpt>
      <trkpt lat="34.315241" lon="108.779288">
        <time>2021-07-10T23:12:04Z</time>
      </trkpt>
      <trkpt lat="34.315199" lon="108.779454">
        <time>2021-07-10T23:12:09Z</time>
      </trkpt>
      <trkpt lat="34.315201" lon="108.779623">
        <time>2021-07-10T23:12:14Z</time>
      </trkpt>
      <trkpt lat="34.315333" lon="108.779744">
        <time>2021-07-10T23:12:19Z</time>
      </trkpt>
      <trkpt lat="34.315478" lon="108.779809">
        <time>2021-07-10T23:12:24Z</time>
      </trkpt>
      <trkpt lat="34.315568" lon="108.77989">
        <time>2021-07-10T23:12:29Z</time>
      </trkpt>
      <trkpt lat="34.315663" lon="108.77995">
        <time>2021-07-10T23:12:34Z</time>
      </trkpt>
      <trkpt lat="34.315748" lon="108.779984">
        <time>2021-07-10T23:12:39Z</time>
      </trkpt>
      <trkpt lat="34.315882" lon="108.779989">
        <time>2021-07-10T23:12:44Z</time>
      </trkpt>
      <trkpt lat="34.316035" lon="108.780052">
        <time>2021-07-10T23:12:49Z</time>
      </trkpt>
      <trkpt lat="34.31613" lon="108.780148">
        <time>2021-07-10T23:12:54Z</time>
      </trkpt>
      <trkpt lat="34.316197" lon="108.780207">
        <time>2021-07-10T23:12:59Z</time>
      </trkpt>
      <trkpt lat="34.316313" lon="108.780235">
        <time>2021-07-10T23:13:04Z</time>
      </trkpt>
      <trkpt lat="34.316438" lon="108.780256">
        <time>2021-07-10T23:13:09Z</time>
      </trkpt>
      <trkpt lat="34.316534" lon="108.780348">
        <time>2021-07-10T23:13:14Z</time>
      </trkpt>
      <trkpt lat="34.316626" lon="108.780447">
        <time>2021-07-10T23:13:19Z</time>
      </trkpt>
      <trkpt lat="34.316754" lon="108.780479">
        <time>2021-07-10T23:13:24Z</time>
      </trkpt>
      <trkpt lat="34.316858" lon="108.780349">
        <time>2021-07-10T23:13:29Z</time>
      </trkpt>
      <trkpt lat="34.316971" lon="108.780254">
        <time>2021-07-10T23:13:34Z</time>
      </trkpt>
      <trkpt lat="34.317053" lon="108.780287">
        <time>2021-07-10T23:13:39Z</time>
      </trkpt>
      <trkpt lat="34.317158" lon="108.780226">
        <time>2021-07-10T23:13:44Z</time>
      </trkpt>
      <trkpt lat="34.317195" lon="108.780133">
        <time>2021-07-10T23:13:49Z</time>
      </trkpt>
      <trkpt lat="34.317074" lon="108.779953">
        <time>2021-07-10T23:13:54Z</time>
      </trkpt>
      <trkpt lat="34.316841" lon="108.77971">
        <time>2021-07-10T23:13:59Z</time>
      </trkpt>
      <trkpt lat="34.316821" lon="108.779611">
        <time>2021-07-10T23:14:04Z</time>
      </trkpt>
      <trkpt lat="34.316832" lon="108.779536">
        <time>2021-07-10T23:14:09Z</time>
      </trkpt>
      <trkpt lat="34.316949" lon="108.7794">
        <time>2021-07-10T23:14:14Z</time>
      </trkpt>
      <trkpt lat="34.316966" lon="108.779343">
        <time>2021-07-10T23:14:19Z</time>
      </trkpt>
      <trkpt lat="34.317" lon="108.779271">
        <time>2021-07-10T23:14:24Z</time>
      </trkpt>
      <trkpt lat="34.317041" lon="108.779214">
        <time>2021-07-10T23:14:29Z</time>
      </trkpt>
      <trkpt lat="34.317085" lon="108.779111">
        <time>2021-07-10T23:14:34Z</time>
      </trkpt>
      <trkpt lat="34.317115" lon="108.779029">
        <time>2021-07-10T23:14:39Z</time>
      </trkpt>
      <trkpt lat="34.317132" lon="108.778925">
        <time>2021-07-10T23:14:44Z</time>
      </trkpt>
      <trkpt lat="34.317283" lon="108.778895">
        <time>2021-07-10T23:14:49Z</time>
      </trkpt>
      <trkpt lat="34.317461" lon="108.778856">
        <time>2021-07-10T23:14:54Z</time>
      </trkpt>
      <trkpt lat="34.317529" lon="108.778652">
        <time>2021-07-10T23:14:59Z</time>
      </trkpt>
      <trkpt lat="34.317406" lon="108.7783">
        <time>2021-07-10T23:15:04Z</time>
      </trkpt>
      <trkpt lat="34.317437" lon="108.778208">
        <time>2021-07-10T23:15:09Z</time>
      </trkpt>
      <trkpt lat="34.317431" lon="108.778155">
        <time>2021-07-10T23:15:14Z</time>
      </trkpt>
      <trkpt lat="34.317434" lon="108.777887">
        <time>2021-07-10T23:15:19Z</time>
      </trkpt>
      <trkpt lat="34.317426" lon="108.777848">
        <time>2021-07-10T23:15:24Z</time>
      </trkpt>
      <trkpt lat="34.317439" lon="108.77767">
        <time>2021-07-10T23:15:29Z</time>
      </trkpt>
      <trkpt lat="34.317475" lon="108.777523">
        <time>2021-07-10T23:15:34Z</time>
      </trkpt>
      <trkpt lat="34.3175" lon="108.777399">
        <time>2021-07-10T23:15:39Z</time>
      </trkpt>
      <trkpt lat="34.317536" lon="108.777323">
        <time>2021-07-10T23:15:44Z</time>
      </trkpt>
      <trkpt lat="34.31759" lon="108.777224">
        <time>2021-07-10T23:15:49Z</time>
      </trkpt>
      <trkpt lat="34.31764" lon="108.777105">
        <time>2021-07-10T23:15:54Z</time>
      </trkpt>
      <trkpt lat="34.317608" lon="108.777074">
        <time>2021-07-10T23:15:59Z</time>
      </trkpt>
      <trkpt lat="34.317555" lon="108.777108">
        <time>2021-07-10T23:16:04Z</time>
      </trkpt>
      <trkpt lat="34.317532" lon="108.777135">
        <time>2021-07-10T23:16:09Z</time>
      </trkpt>
      <trkpt lat="34.317441" lon="108.777165">
        <time>2021-07-10T23:16:14Z</time>
      </trkpt>
      <trkpt lat="34.317379" lon="108.77719">
        <time>2021-07-10T23:16:19Z</time>
      </trkpt>
      <trkpt lat="34.31735" lon="108.777198">
        <time>2021-07-10T23:16:24Z</time>
      </trkpt>
      <trkpt lat="34.317317" lon="108.777214">
        <time>2021-07-10T23:16:29Z</time>
      </trkpt>
      <trkpt lat="34.317265" lon="108.777226">
        <time>2021-07-10T23:16:34Z</time>
      </trkpt>
      <trkpt lat="34.317164" lon="108.777208">
        <time>2021-07-10T23:16:39Z</time>
      </trkpt>
      <trkpt lat="34.317063" lon="108.77719">
        <time>2021-07-10T23:16:44Z</time>
      </trkpt>
      <trkpt lat="34.316971" lon="108.777143">
        <time>2021-07-10T23:16:49Z</time>
      </trkpt>
      <trkpt lat="34.316865" lon="108.777128">
        <time>2021-07-10T23:16:54Z</time>
      </trkpt>
      <trkpt lat="34.31667" lon="108.777153">
        <time>2021-07-10T23:16:59Z</time>
      </trkpt>
      <trkpt lat="34.316572" lon="108.777161">
        <time>2021-07-10T23:17:04Z</time>
      </trkpt>
      <trkpt lat="34.316294" lon="108.777308">
        <time>2021-07-10T23:17:09Z</time>
      </trkpt>
      <trkpt lat="34.316264" lon="108.777342">
        <time>2021-07-10T23:17:14Z</time>
      </trkpt>
      <trkpt lat="34.316136" lon="108.777475">
        <time>2021-07-10T23:17:19Z</time>
      </trkpt>
      <trkpt lat="34.316063" lon="108.777601">
        <time>2021-07-10T23:17:24Z</time>
      </trkpt>
      <trkpt lat="34.316035" lon="108.777734">
        <time>2021-07-10T23:17:29Z</time>
      </trkpt>
      <trkpt lat="34.31599" lon="108.777854">
        <time>2021-07-10T23:17:34Z</time>
      </trkpt>
      <trkpt lat="34.315927" lon="108.777921">
        <time>2021-07-10T23:17:39Z</time>
      </trkpt>
      <trkpt lat="34.31589" lon="108.777954">
        <time>2021-07-10T23:17:44Z</time>
      </trkpt>
      <trkpt lat="34.315849" lon="108.778021">
        <time>2021-07-10T23:17:49Z</time>
      </trkpt>
      <trkpt lat="34.315811" lon="108.778137">
        <time>2021-07-10T23:17:54Z</time>
      </trkpt>
      <trkpt lat="34.315784" lon="108.77824">
        <time>2021-07-10T23:17:59Z</time>
      </trkpt>
      <trkpt lat="34.315712" lon="108.778364">
        <time>2021-07-10T23:18:04Z</time>
      </trkpt>
      <trkpt lat="34.315655" lon="108.778501">
        <time>2021-07-10T23:18:09Z</time>
      </trkpt>
      <trkpt lat="34.315596" lon="108.778597">
        <time>2021-07-10T23:18:14Z</time>
      </trkpt>
      <trkpt lat="34.315486" lon="108.778633">
        <time>2021-07-10T23:18:19Z</time>
      </trkpt>
      <trkpt lat="34.315423" lon="108.778676">
        <time>2021-07-10T23:18:24Z</time>
      </trkpt>
      <trkpt lat="34.315399" lon="108.778739">
        <time>2021-07-10T23:18:29Z</time>
      </trkpt>
      <trkpt lat="34.315379" lon="108.778818">
        <time>2021-07-10T23:18:34Z</time>
      </trkpt>
      <trkpt lat="34.315359" lon="108.778918">
        <time>2021-07-10T23:18:39Z</time>
      </trkpt>
      <trkpt lat="34.315301" lon="108.778961">
        <time>2021-07-10T23:18:44Z</time>
      </trkpt>
      <trkpt lat="34.315261" lon="108.779059">
        <time>2021-07-10T23:18:49Z</time>
      </trkpt>
      <trkpt lat="34.315269" lon="108.779205">
        <time>2021-07-10T23:18:54Z</time>
      </trkpt>
      <trkpt lat="34.315256" lon="108.779288">
        <time>2021-07-10T23:18:59Z</time>
      </trkpt>
      <trkpt lat="34.31519" lon="108.779359">
        <time>2021-07-10T23:19:04Z</time>
      </trkpt>
      <trkpt lat="34.315148" lon="108.779455">
        <time>2021-07-10T23:19:09Z</time>
      </trkpt>
      <trkpt lat="34.31513" lon="108.779543">
        <time>2021-07-10T23:19:14Z</time>
      </trkpt>
      <trkpt lat="34.315216" lon="108.779614">
        <time>2021-07-10T23:19:19Z</time>
      </trkpt>
      <trkpt lat="34.315324" lon="108.779652">
        <time>2021-07-10T23:19:24Z</time>
      </trkpt>
      <trkpt lat="34.315402" lon="108.77973">
        <time>2021-07-10T23:19:29Z</time>
      </trkpt>
      <trkpt lat="34.315488" lon="108.779795">
        <time>2021-07-10T23:19:34Z</time>
      </trkpt>
      <trkpt lat="34.315576" lon="108.779859">
        <time>2021-07-10T23:19:39Z</time>
      </trkpt>
      <trkpt lat="34.315684" lon="108.779938">
        <time>2021-07-10T23:19:44Z</time>
      </trkpt>
      <trkpt lat="34.31581" lon="108.780005">
        <time>2021-07-10T23:19:49Z</time>
      </trkpt>
      <trkpt lat="34.315947" lon="108.780016">
        <time>2021-07-10T23:19:54Z</time>
      </trkpt>
      <trkpt lat="34.316041" lon="108.779996">
        <time>2021-07-10T23:19:59Z</time>
      </trkpt>
      <trkpt lat="34.316105" lon="108.780024">
        <time>2021-07-10T23:20:04Z</time>
      </trkpt>
      <trkpt lat="34.316156" lon="108.780118">
        <time>2021-07-10T23:20:09Z</time>
      </trkpt>
      <trkpt lat="34.316221" lon="108.780165">
        <time>2021-07-10T23:20:14Z</time>
      </trkpt>
      <trkpt lat="34.316274" lon="108.780212">
        <time>2021-07-10T23:20:19Z</time>
      </trkpt>
      <trkpt lat="34.316338" lon="108.780251">
        <time>2021-07-10T23:20:24Z</time>
      </trkpt>
      <trkpt lat="34.316436" lon="108.78031">
        <time>2021-07-10T23:20:29Z</time>
      </trkpt>
      <trkpt lat="34.316458" lon="108.780363">
        <time>2021-07-10T23:20:34Z</time>
      </trkpt>
      <trkpt lat="34.316438" lon="108.780394">
        <time>2021-07-10T23:20:39Z</time>
      </trkpt>
      <trkpt lat="34.316524" lon="108.780264">
        <time>2021-07-10T23:20:44Z</time>
      </trkpt>
      <trkpt lat="34.316426" lon="108.779914">
        <time>2021-07-10T23:20:49Z</time>
      </trkpt>
      <trkpt lat="34.316482" lon="108.779733">
        <time>2021-07-10T23:20:54Z</time>
      </trkpt>
      <trkpt lat="34.316408" lon="108.779552">
        <time>2021-07-10T23:20:59Z</time>
      </trkpt>
      <trkpt lat="34.316334" lon="108.779388">
        <time>2021-07-10T23:21:04Z</time>
      </trkpt>
      <trkpt lat="34.316409" lon="108.779207">
        <time>2021-07-10T23:21:09Z</time>
      </trkpt>
      <trkpt lat="34.316736" lon="108.779299">
        <time>2021-07-10T23:21:14Z</time>
      </trkpt>
      <trkpt lat="34.317063" lon="108.779391">
        <time>2021-07-10T23:21:19Z</time>
      </trkpt>
      <trkpt lat="34.317203" lon="108.779253">
        <time>2021-07-10T23:21:24Z</time>
      </trkpt>
      <trkpt lat="34.317177" lon="108.779127">
        <time>2021-07-10T23:21:29Z</time>
      </trkpt>
      <trkpt lat="34.317092" lon="108.77901">
        <time>2021-07-10T23:21:34Z</time>
      </trkpt>
      <trkpt lat="34.317038" lon="108.778871">
        <time>2021-07-10T23:21:39Z</time>
      </trkpt>
      <trkpt lat="34.317028" lon="108.778757">
        <time>2021-07-10T23:21:44Z</time>
      </trkpt>
      <trkpt lat="34.317081" lon="108.778668">
        <time>2021-07-10T23:21:49Z</time>
      </trkpt>
      <trkpt lat="34.31701" lon="108.778545">
        <time>2021-07-10T23:21:54Z</time>
      </trkpt>
      <trkpt lat="34.316954" lon="108.778396">
        <time>2021-07-10T23:21:59Z</time>
      </trkpt>
      <trkpt lat="34.317235" lon="108.778272">
        <time>2021-07-10T23:22:04Z</time>
      </trkpt>
      <trkpt lat="34.317384" lon="108.778189">
        <time>2021-07-10T23:22:09Z</time>
      </trkpt>
      <trkpt lat="34.317517" lon="108.778207">
        <time>2021-07-10T23:22:14Z</time>
      </trkpt>
      <trkpt lat="34.317617" lon="108.778132">
        <time>2021-07-10T23:22:19Z</time>
      </trkpt>
      <trkpt lat="34.317568" lon="108.778062">
        <time>2021-07-10T23:22:24Z</time>
      </trkpt>
      <trkpt lat="34.317549" lon="108.777976">
        <time>2021-07-10T23:22:29Z</time>
      </trkpt>
      <trkpt lat="34.317438" lon="108.777799">
        <time>2021-07-10T23:22:34Z</time>
      </trkpt>
      <trkpt lat="34.317428" lon="108.777601">
        <time>2021-07-10T23:22:39Z</time>
      </trkpt>
      <trkpt lat="34.317433" lon="108.777473">
        <time>2021-07-10T23:22:44Z</time>
      </trkpt>
      <trkpt lat="34.317418" lon="108.777399">
        <time>2021-07-10T23:22:49Z</time>
      </trkpt>
      <trkpt lat="34.31746" lon="108.777331">
        <time>2021-07-10T23:22:54Z</time>
      </trkpt>
      <trkpt lat="34.317563" lon="108.777268">
        <time>2021-07-10T23:22:59Z</time>
      </trkpt>
      <trkpt lat="34.31763" lon="108.777191">
        <time>2021-07-10T23:23:04Z</time>
      </trkpt>
      <trkpt lat="34.317642" lon="108.777098">
        <time>2021-07-10T23:23:09Z</time>
      </trkpt>
      <trkpt lat="34.317574" lon="108.777108">
        <time>2021-07-10T23:23:14Z</time>
      </trkpt>
      <trkpt lat="34.317528" lon="108.777138">
        <time>2021-07-10T23:23:19Z</time>
      </trkpt>
      <trkpt lat="34.317485" lon="108.77714">
        <time>2021-07-10T23:23:24Z</time>
      </trkpt>
      <trkpt lat="34.317468" lon="108.777134">
        <time>2021-07-10T23:23:29Z</time>
      </trkpt>
      <trkpt lat="34.317415" lon="108.777115">
        <time>2021-07-10T23:23:34Z</time>
      </trkpt>
      <trkpt lat="34.317361" lon="108.777187">
        <time>2021-07-10T23:23:39Z</time>
      </trkpt>
      <trkpt lat="34.317316" lon="108.777238">
        <time>2021-07-10T23:23:44Z</time>
      </trkpt>
      <trkpt lat="34.317238" lon="108.777244">
        <time>2021-07-10T23:23:49Z</time>
      </trkpt>
      <trkpt lat="34.317103" lon="108.77723">
        <time>2021-07-10T23:23:54Z</time>
      </trkpt>
      <trkpt lat="34.316966" lon="108.777218">
        <time>2021-07-10T23:23:59Z</time>
      </trkpt>
      <trkpt lat="34.316763" lon="108.777183">
        <time>2021-07-10T23:24:04Z</time>
      </trkpt>
      <trkpt lat="34.316703" lon="108.777176">
        <time>2021-07-10T23:24:09Z</time>
      </trkpt>
      <trkpt lat="34.316334" lon="108.777345">
        <time>2021-07-10T23:24:14Z</time>
      </trkpt>
      <trkpt lat="34.316257" lon="108.777398">
        <time>2021-07-10T23:24:19Z</time>
      </trkpt>
      <trkpt lat="34.316129" lon="108.777491">
        <time>2021-07-10T23:24:24Z</time>
      </trkpt>
      <trkpt lat="34.316013" lon="108.777626">
        <time>2021-07-10T23:24:29Z</time>
      </trkpt>
      <trkpt lat="34.315955" lon="108.777724">
        <time>2021-07-10T23:24:34Z</time>
      </trkpt>
      <trkpt lat="34.315926" lon="108.777834">
        <time>2021-07-10T23:24:39Z</time>
      </trkpt>
      <trkpt lat="34.315894" lon="108.777887">
        <time>2021-07-10T23:24:44Z</time>
      </trkpt>
      <trkpt lat="34.315838" lon="108.777933">
        <time>2021-07-10T23:24:49Z</time>
      </trkpt>
      <trkpt lat="34.315809" lon="108.778022">
        <time>2021-07-10T23:24:54Z</time>
      </trkpt>
      <trkpt lat="34.315769" lon="108.778098">
        <time>2021-07-10T23:24:59Z</time>
      </trkpt>
      <trkpt lat="34.315722" lon="108.778158">
        <time>2021-07-10T23:25:04Z</time>
      </trkpt>
      <trkpt lat="34.315683" lon="108.778212">
        <time>2021-07-10T23:25:09Z</time>
      </trkpt>
      <trkpt lat="34.315668" lon="108.77828">
        <time>2021-07-10T23:25:14Z</time>
      </trkpt>
      <trkpt lat="34.31564" lon="108.778347">
        <time>2021-07-10T23:25:19Z</time>
      </trkpt>
      <trkpt lat="34.31559" lon="108.77847">
        <time>2021-07-10T23:25:24Z</time>
      </trkpt>
      <trkpt lat="34.315508" lon="108.77858">
        <time>2021-07-10T23:25:29Z</time>
      </trkpt>
      <trkpt lat="34.315416" lon="108.778688">
        <time>2021-07-10T23:25:34Z</time>
      </trkpt>
      <trkpt lat="34.315394" lon="108.778832">
        <time>2021-07-10T23:25:39Z</time>
      </trkpt>
      <trkpt lat="34.315422" lon="108.779011">
        <time>2021-07-10T23:25:44Z</time>
      </trkpt>
      <trkpt lat="34.315392" lon="108.779215">
        <time>2021-07-10T23:25:49Z</time>
      </trkpt>
      <trkpt lat="34.315328" lon="108.779379">
        <time>2021-07-10T23:25:54Z</time>
      </trkpt>
      <trkpt lat="34.315203" lon="108.779463">
        <time>2021-07-10T23:25:59Z</time>
      </trkpt>
      <trkpt lat="34.315221" lon="108.77963">
        <time>2021-07-10T23:26:04Z</time>
      </trkpt>
      <trkpt lat="34.315441" lon="108.779787">
        <time>2021-07-10T23:26:09Z</time>
      </trkpt>
      <trkpt lat="34.315605" lon="108.779896">
        <time>2021-07-10T23:26:14Z</time>
      </trkpt>
      <trkpt lat="34.315742" lon="108.779971">
        <time>2021-07-10T23:26:19Z</time>
      </trkpt>
      <trkpt lat="34.315873" lon="108.780023">
        <time>2021-07-10T23:26:24Z</time>
      </trkpt>
      <trkpt lat="34.316011" lon="108.780109">
        <time>2021-07-10T23:26:29Z</time>
      </trkpt>
      <trkpt lat="34.316137" lon="108.780201">
        <time>2021-07-10T23:26:34Z</time>
      </trkpt>
      <trkpt lat="34.316283" lon="108.780198">
        <time>2021-07-10T23:26:39Z</time>
      </trkpt>
      <trkpt lat="34.316336" lon="108.78028">
        <time>2021-07-10T23:26:44Z</time>
      </trkpt>
      <trkpt lat="34.316401" lon="108.780339">
        <time>2021-07-10T23:26:49Z</time>
      </trkpt>
      <trkpt lat="34.316451" lon="108.780389">
        <time>2021-07-10T23:26:54Z</time>
      </trkpt>
      <trkpt lat="34.316436" lon="108.780411">
        <time>2021-07-10T23:26:59Z</time>
      </trkpt>
      <trkpt lat="34.316397" lon="108.780348">
        <time>2021-07-10T23:27:04Z</time>
      </trkpt>
      <trkpt lat="34.316357" lon="108.780251">
        <time>2021-07-10T23:27:09Z</time>
      </trkpt>
      <trkpt lat="34.316425" lon="108.780077">
        <time>2021-07-10T23:27:14Z</time>
      </trkpt>
      <trkpt lat="34.316459" lon="108.779925">
        <time>2021-07-10T23:27:19Z</time>
      </trkpt>
      <trkpt lat="34.316379" lon="108.779759">
        <time>2021-07-10T23:27:24Z</time>
      </trkpt>
      <trkpt lat="34.316386" lon="108.779642">
        <time>2021-07-10T23:27:29Z</time>
      </trkpt>
      <trkpt lat="34.31639" lon="108.77952">
        <time>2021-07-10T23:27:34Z</time>
      </trkpt>
      <trkpt lat="34.316559" lon="108.779466">
        <time>2021-07-10T23:27:39Z</time>
      </trkpt>
      <trkpt lat="34.31658" lon="108.779432">
        <time>2021-07-10T23:27:44Z</time>
      </trkpt>
      <trkpt lat="34.316653" lon="108.779371">
        <time>2021-07-10T23:27:49Z</time>
      </trkpt>
      <trkpt lat="34.316693" lon="108.779277">
        <time>2021-07-10T23:27:54Z</time>
      </trkpt>
      <trkpt lat="34.316805" lon="108.779259">
        <time>2021-07-10T23:27:59Z</time>
      </trkpt>
      <trkpt lat="34.317012" lon="108.779311">
        <time>2021-07-10T23:28:04Z</time>
      </trkpt>
      <trkpt lat="34.317087" lon="108.779201">
        <time>2021-07-10T23:28:09Z</time>
      </trkpt>
      <trkpt lat="34.317102" lon="108.779006">
        <time>2021-07-10T23:28:14Z</time>
      </trkpt>
      <trkpt lat="34.317358" lon="108.778879">
        <time>2021-07-10T23:28:19Z</time>
      </trkpt>
      <trkpt lat="34.317426" lon="108.778863">
        <time>2021-07-10T23:28:24Z</time>
      </trkpt>
      <trkpt lat="34.317568" lon="108.778744">
        <time>2021-07-10T23:28:29Z</time>
      </trkpt>
      <trkpt lat="34.317665" lon="108.778576">
        <time>2021-07-10T23:28:34Z</time>
      </trkpt>
      <trkpt lat="34.317588" lon="108.778227">
        <time>2021-07-10T23:28:39Z</time>
      </trkpt>
      <trkpt lat="34.317571" lon="108.778113">
        <time>2021-07-10T23:28:44Z</time>
      </trkpt>
      <trkpt lat="34.317557" lon="108.778102">
        <time>2021-07-10T23:28:49Z</time>
      </trkpt>
      <trkpt lat="34.317567" lon="108.778071">
        <time>2021-07-10T23:28:54Z</time>
      </trkpt>
      <trkpt lat="34.317404" lon="108.778043">
        <time>2021-07-10T23:28:59Z</time>
      </trkpt>
      <trkpt lat="34.317425" lon="108.778029">
        <time>2021-07-10T23:29:04Z</time>
      </trkpt>
      <trkpt lat="34.317488" lon="108.777977">
        <time>2021-07-10T23:29:09Z</time>
      </trkpt>
      <trkpt lat="34.317466" lon="108.777877">
        <time>2021-07-10T23:29:14Z</time>
      </trkpt>
      <trkpt lat="34.317406" lon="108.777911">
        <time>2021-07-10T23:29:19Z</time>
      </trkpt>
      <trkpt lat="34.317392" lon="108.777997">
        <time>2021-07-10T23:29:24Z</time>
      </trkpt>
      <trkpt lat="34.317419" lon="108.778056">
        <time>2021-07-10T23:29:29Z</time>
      </trkpt>
      <trkpt lat="34.317423" lon="108.778012">
        <time>2021-07-10T23:29:34Z</time>
      </trkpt>
      <trkpt lat="34.317453" lon="108.777967">
        <time>2021-07-10T23:29:39Z</time>
      </trkpt>
      <trkpt lat="34.317485" lon="108.777908">
        <time>2021-07-10T23:29:44Z</time>
      </trkpt>
      <trkpt lat="34.317454" lon="108.777758">
        <time>2021-07-10T23:29:49Z</time>
      </trkpt>
      <trkpt lat="34.317498" lon="108.777612">
        <time>2021-07-10T23:29:54Z</time>
      </trkpt>
      <trkpt lat="34.31751" lon="108.777489">
        <time>2021-07-10T23:29:59Z</time>
      </trkpt>
      <trkpt lat="34.317539" lon="108.777359">
        <time>2021-07-10T23:30:04Z</time>
      </trkpt>
      <trkpt lat="34.317637" lon="108.777201">
        <time>2021-07-10T23:30:09Z</time>
      </trkpt>
      <trkpt lat="34.317594" lon="108.777131">
        <time>2021-07-10T23:30:14Z</time>
      </trkpt>
      <trkpt lat="34.317559" lon="108.777141">
        <time>2021-07-10T23:30:19Z</time>
      </trkpt>
      <trkpt lat="34.31753" lon="108.777129">
        <time>2021-07-10T23:30:24Z</time>
      </trkpt>
      <trkpt lat="34.31742" lon="108.777143">
        <time>2021-07-10T23:30:29Z</time>
      </trkpt>
      <trkpt lat="34.317351" lon="108.77718">
        <time>2021-07-10T23:30:34Z</time>
      </trkpt>
      <trkpt lat="34.317249" lon="108.777202">
        <time>2021-07-10T23:30:39Z</time>
      </trkpt>
      <trkpt lat="34.317089" lon="108.777157">
        <time>2021-07-10T23:30:44Z</time>
      </trkpt>
      <trkpt lat="34.31699" lon="108.777155">
        <time>2021-07-10T23:30:49Z</time>
      </trkpt>
      <trkpt lat="34.316978" lon="108.777143">
        <time>2021-07-10T23:30:54Z</time>
      </trkpt>
      <trkpt lat="34.31682" lon="108.777148">
        <time>2021-07-10T23:30:59Z</time>
      </trkpt>
      <trkpt lat="34.316656" lon="108.777157">
        <time>2021-07-10T23:31:04Z</time>
      </trkpt>
      <trkpt lat="34.316618" lon="108.777203">
        <time>2021-07-10T23:31:09Z</time>
      </trkpt>
      <trkpt lat="34.316474" lon="108.777392">
        <time>2021-07-10T23:31:14Z</time>
      </trkpt>
      <trkpt lat="34.316423" lon="108.777428">
        <time>2021-07-10T23:31:19Z</time>
      </trkpt>
      <trkpt lat="34.316274" lon="108.777499">
        <time>2021-07-10T23:31:24Z</time>
      </trkpt>
      <trkpt lat="34.316139" lon="108.777582">
        <time>2021-07-10T23:31:29Z</time>
      </trkpt>
      <trkpt lat="34.316057" lon="108.777677">
        <time>2021-07-10T23:31:34Z</time>
      </trkpt>
      <trkpt lat="34.316013" lon="108.777755">
        <time>2021-07-10T23:31:39Z</time>
      </trkpt>
      <trkpt lat="34.315954" lon="108.777793">
        <time>2021-07-10T23:31:44Z</time>
      </trkpt>
      <trkpt lat="34.31586" lon="108.777828">
        <time>2021-07-10T23:31:49Z</time>
      </trkpt>
      <trkpt lat="34.315785" lon="108.777875">
        <time>2021-07-10T23:31:54Z</time>
      </trkpt>
      <trkpt lat="34.315727" lon="108.777933">
        <time>2021-07-10T23:31:59Z</time>
      </trkpt>
      <trkpt lat="34.315705" lon="108.778042">
        <time>2021-07-10T23:32:04Z</time>
      </trkpt>
      <trkpt lat="34.315656" lon="108.778171">
        <time>2021-07-10T23:32:09Z</time>
      </trkpt>
      <trkpt lat="34.315606" lon="108.778331">
        <time>2021-07-10T23:32:14Z</time>
      </trkpt>
      <trkpt lat="34.315542" lon="108.778522">
        <time>2021-07-10T23:32:19Z</time>
      </trkpt>
      <trkpt lat="34.315473" lon="108.778614">
        <time>2021-07-10T23:32:24Z</time>
      </trkpt>
      <trkpt lat="34.315413" lon="108.778727">
        <time>2021-07-10T23:32:29Z</time>
      </trkpt>
      <trkpt lat="34.315347" lon="108.778821">
        <time>2021-07-10T23:32:34Z</time>
      </trkpt>
      <trkpt lat="34.315325" lon="108.778901">
        <time>2021-07-10T23:32:39Z</time>
      </trkpt>
      <trkpt lat="34.315224" lon="108.778965">
        <time>2021-07-10T23:32:44Z</time>
      </trkpt>
      <trkpt lat="34.315148" lon="108.779167">
        <time>2021-07-10T23:32:49Z</time>
      </trkpt>
      <trkpt lat="34.315146" lon="108.779358">
        <time>2021-07-10T23:32:54Z</time>
      </trkpt>
      <trkpt lat="34.315302" lon="108.779633">
        <time>2021-07-10T23:32:59Z</time>
      </trkpt>
      <trkpt lat="34.315477" lon="108.779782">
        <time>2021-07-10T23:33:04Z</time>
      </trkpt>
      <trkpt lat="34.315614" lon="108.779884">
        <time>2021-07-10T23:33:09Z</time>
      </trkpt>
      <trkpt lat="34.315673" lon="108.779908">
        <time>2021-07-10T23:33:14Z</time>
      </trkpt>
      <trkpt lat="34.31579" lon="108.779968">
        <time>2021-07-10T23:33:19Z</time>
      </trkpt>
      <trkpt lat="34.315963" lon="108.780122">
        <time>2021-07-10T23:33:24Z</time>
      </trkpt>
      <trkpt lat="34.31616" lon="108.780168">
        <time>2021-07-10T23:33:29Z</time>
      </trkpt>
      <trkpt lat="34.316344" lon="108.78022">
        <time>2021-07-10T23:33:34Z</time>
      </trkpt>
      <trkpt lat="34.316457" lon="108.780304">
        <time>2021-07-10T23:33:39Z</time>
      </trkpt>
      <trkpt lat="34.316452" lon="108.780354">
        <time>2021-07-10T23:33:44Z</time>
      </trkpt>
      <trkpt lat="34.316471" lon="108.780443">
        <time>2021-07-10T23:33:49Z</time>
      </trkpt>
      <trkpt lat="34.316531" lon="108.780504">
        <time>2021-07-10T23:33:54Z</time>
      </trkpt>
      <trkpt lat="34.316601" lon="108.780404">
        <time>2021-07-10T23:33:59Z</time>
      </trkpt>
      <trkpt lat="34.316665" lon="108.780235">
        <time>2021-07-10T23:34:04Z</time>
      </trkpt>
      <trkpt lat="34.316721" lon="108.780263">
        <time>2021-07-10T23:34:09Z</time>
      </trkpt>
      <trkpt lat="34.316775" lon="108.780236">
        <time>2021-07-10T23:34:14Z</time>
      </trkpt>
      <trkpt lat="34.316744" lon="108.780094">
        <time>2021-07-10T23:34:19Z</time>
      </trkpt>
      <trkpt lat="34.316704" lon="108.779912">
        <time>2021-07-10T23:34:24Z</time>
      </trkpt>
      <trkpt lat="34.316677" lon="108.779761">
        <time>2021-07-10T23:34:29Z</time>
      </trkpt>
      <trkpt lat="34.316735" lon="108.779685">
        <time>2021-07-10T23:34:34Z</time>
      </trkpt>
      <trkpt lat="34.316847" lon="108.779547">
        <time>2021-07-10T23:34:39Z</time>
      </trkpt>
      <trkpt lat="34.316905" lon="108.779373">
        <time>2021-07-10T23:34:44Z</time>
      </trkpt>
      <trkpt lat="34.316943" lon="108.779245">
        <time>2021-07-10T23:34:49Z</time>
      </trkpt>
      <trkpt lat="34.316945" lon="108.779085">
        <time>2021-07-10T23:34:54Z</time>
      </trkpt>
      <trkpt lat="34.316929" lon="108.77894">
        <time>2021-07-10T23:34:59Z</time>
      </trkpt>
      <trkpt lat="34.316928" lon="108.778819">
        <time>2021-07-10T23:35:04Z</time>
      </trkpt>
      <trkpt lat="34.316987" lon="108.778729">
        <time>2021-07-10T23:35:09Z</time>
      </trkpt>
      <trkpt lat="34.317142" lon="108.77874">
        <time>2021-07-10T23:35:14Z</time>
      </trkpt>
      <trkpt lat="34.317241" lon="108.778671">
        <time>2021-07-10T23:35:19Z</time>
      </trkpt>
      <trkpt lat="34.317327" lon="108.778472">
        <time>2021-07-10T23:35:24Z</time>
      </trkpt>
      <trkpt lat="34.317391" lon="108.778287">
        <time>2021-07-10T23:35:29Z</time>
      </trkpt>
      <trkpt lat="34.317477" lon="108.77811">
        <time>2021-07-10T23:35:34Z</time>
      </trkpt>
      <trkpt lat="34.317488" lon="108.777973">
        <time>2021-07-10T23:35:39Z</time>
      </trkpt>
      <trkpt lat="34.3175" lon="108.77794">
        <time>2021-07-10T23:35:44Z</time>
      </trkpt>
      <trkpt lat="34.317517" lon="108.777883">
        <time>2021-07-10T23:35:49Z</time>
      </trkpt>
      <trkpt lat="34.317459" lon="108.77786">
        <time>2021-07-10T23:35:54Z</time>
      </trkpt>
      <trkpt lat="34.317418" lon="108.777932">
        <time>2021-07-10T23:35:59Z</time>
      </trkpt>
      <trkpt lat="34.31742" lon="108.777966">
        <time>2021-07-10T23:36:04Z</time>
      </trkpt>
      <trkpt lat="34.31742" lon="108.777939">
        <time>2021-07-10T23:36:09Z</time>
      </trkpt>
      <trkpt lat="34.317424" lon="108.777892">
        <time>2021-07-10T23:36:14Z</time>
      </trkpt>
      <trkpt lat="34.317406" lon="108.777934">
        <time>2021-07-10T23:36:19Z</time>
      </trkpt>
      <trkpt lat="34.317405" lon="108.777945">
        <time>2021-07-10T23:36:24Z</time>
      </trkpt>
      <trkpt lat="34.317428" lon="108.777933">
        <time>2021-07-10T23:36:29Z</time>
      </trkpt>
      <trkpt lat="34.317436" lon="108.777924">
        <time>2021-07-10T23:36:34Z</time>
      </trkpt>
      <trkpt lat="34.317417" lon="108.777971">
        <time>2021-07-10T23:36:39Z</time>
      </trkpt>
      <trkpt lat="34.31741" lon="108.777949">
        <time>2021-07-10T23:36:44Z</time>
      </trkpt>
      <trkpt lat="34.317444" lon="108.777909">
        <time>2021-07-10T23:36:49Z</time>
      </trkpt>
      <trkpt lat="34.317446" lon="108.777855">
        <time>2021-07-10T23:36:54Z</time>
      </trkpt>
      <trkpt lat="34.317444" lon="108.777771">
        <time>2021-07-10T23:36:59Z</time>
      </trkpt>
      <trkpt lat="34.317488" lon="108.777676">
        <time>2021-07-10T23:37:04Z</time>
      </trkpt>
      <trkpt lat="34.31745" lon="108.77754">
        <time>2021-07-10T23:37:09Z</time>
      </trkpt>
      <trkpt lat="34.31768" lon="108.777293">
        <time>2021-07-10T23:37:14Z</time>
      </trkpt>
      <trkpt lat="34.317598" lon="108.77721">
        <time>2021-07-10T23:37:19Z</time>
      </trkpt>
      <trkpt lat="34.317474" lon="108.777152">
        <time>2021-07-10T23:37:24Z</time>
      </trkpt>
      <trkpt lat="34.317419" lon="108.777133">
        <time>2021-07-10T23:37:29Z</time>
      </trkpt>
      <trkpt lat="34.317373" lon="108.777178">
        <time>2021-07-10T23:37:34Z</time>
      </trkpt>
      <trkpt lat="34.317298" lon="108.777172">
        <time>2021-07-10T23:37:39Z</time>
      </trkpt>
      <trkpt lat="34.317229" lon="108.777158">
        <time>2021-07-10T23:37:44Z</time>
      </trkpt>
      <trkpt lat="34.317172" lon="108.77714">
        <time>2021-07-10T23:37:49Z</time>
      </trkpt>
      <trkpt lat="34.317094" lon="108.777107">
        <time>2021-07-10T23:37:54Z</time>
      </trkpt>
      <trkpt lat="34.317014" lon="108.77706">
        <time>2021-07-10T23:37:59Z</time>
      </trkpt>
      <trkpt lat="34.316903" lon="108.77704">
        <time>2021-07-10T23:38:04Z</time>
      </trkpt>
      <trkpt lat="34.316864" lon="108.777041">
        <time>2021-07-10T23:38:09Z</time>
      </trkpt>
      <trkpt lat="34.316876" lon="108.777046">
        <time>2021-07-10T23:38:14Z</time>
      </trkpt>
      <trkpt lat="34.316813" lon="108.777075">
        <time>2021-07-10T23:38:19Z</time>
      </trkpt>
      <trkpt lat="34.316656" lon="108.777072">
        <time>2021-07-10T23:38:24Z</time>
      </trkpt>
      <trkpt lat="34.316518" lon="108.777105">
        <time>2021-07-10T23:38:29Z</time>
      </trkpt>
      <trkpt lat="34.316381" lon="108.777236">
        <time>2021-07-10T23:38:34Z</time>
      </trkpt>
      <trkpt lat="34.316219" lon="108.777395">
        <time>2021-07-10T23:38:39Z</time>
      </trkpt>
      <trkpt lat="34.316059" lon="108.777536">
        <time>2021-07-10T23:38:44Z</time>
      </trkpt>
      <trkpt lat="34.315979" lon="108.777696">
        <time>2021-07-10T23:38:49Z</time>
      </trkpt>
      <trkpt lat="34.315889" lon="108.777788">
        <time>2021-07-10T23:38:54Z</time>
      </trkpt>
      <trkpt lat="34.315775" lon="108.777883">
        <time>2021-07-10T23:38:59Z</time>
      </trkpt>
      <trkpt lat="34.315651" lon="108.77799">
        <time>2021-07-10T23:39:04Z</time>
      </trkpt>
      <trkpt lat="34.315611" lon="108.778218">
        <time>2021-07-10T23:39:09Z</time>
      </trkpt>
      <trkpt lat="34.315555" lon="108.778429">
        <time>2021-07-10T23:39:14Z</time>
      </trkpt>
      <trkpt lat="34.315535" lon="108.778642">
        <time>2021-07-10T23:39:19Z</time>
      </trkpt>
      <trkpt lat="34.315531" lon="108.778776">
        <time>2021-07-10T23:39:24Z</time>
      </trkpt>
      <trkpt lat="34.315418" lon="108.778873">
        <time>2021-07-10T23:39:29Z</time>
      </trkpt>
      <trkpt lat="34.315289" lon="108.778943">
        <time>2021-07-10T23:39:34Z</time>
      </trkpt>
      <trkpt lat="34.315268" lon="108.779005">
        <time>2021-07-10T23:39:39Z</time>
      </trkpt>
      <trkpt lat="34.315252" lon="108.779158">
        <time>2021-07-10T23:39:44Z</time>
      </trkpt>
      <trkpt lat="34.315198" lon="108.779245">
        <time>2021-07-10T23:39:49Z</time>
      </trkpt>
      <trkpt lat="34.315154" lon="108.779386">
        <time>2021-07-10T23:39:54Z</time>
      </trkpt>
      <trkpt lat="34.31514" lon="108.77949">
        <time>2021-07-10T23:39:59Z</time>
      </trkpt>
      <trkpt lat="34.315144" lon="108.779536">
        <time>2021-07-10T23:40:04Z</time>
      </trkpt>
      <trkpt lat="34.315206" lon="108.779585">
        <time>2021-07-10T23:40:09Z</time>
      </trkpt>
      <trkpt lat="34.315279" lon="108.779649">
        <time>2021-07-10T23:40:14Z</time>
      </trkpt>
      <trkpt lat="34.315389" lon="108.779705">
        <time>2021-07-10T23:40:19Z</time>
      </trkpt>
      <trkpt lat="34.315523" lon="108.779769">
        <time>2021-07-10T23:40:24Z</time>
      </trkpt>
      <trkpt lat="34.315625" lon="108.779846">
        <time>2021-07-10T23:40:29Z</time>
      </trkpt>
      <trkpt lat="34.315724" lon="108.77988">
        <time>2021-07-10T23:40:34Z</time>
      </trkpt>
      <trkpt lat="34.31587" lon="108.779964">
        <time>2021-07-10T23:40:39Z</time>
      </trkpt>
      <trkpt lat="34.316053" lon="108.780093">
        <time>2021-07-10T23:40:44Z</time>
      </trkpt>
      <trkpt lat="34.316237" lon="108.780182">
        <time>2021-07-10T23:40:49Z</time>
      </trkpt>
      <trkpt lat="34.316384" lon="108.780242">
        <time>2021-07-10T23:40:54Z</time>
      </trkpt>
      <trkpt lat="34.316357" lon="108.7803">
        <time>2021-07-10T23:40:59Z</time>
      </trkpt>
      <trkpt lat="34.316313" lon="108.780248">
        <time>2021-07-10T23:41:04Z</time>
      </trkpt>
      <trkpt lat="34.316363" lon="108.780168">
        <time>2021-07-10T23:41:09Z</time>
      </trkpt>
      <trkpt lat="34.316465" lon="108.780093">
        <time>2021-07-10T23:41:14Z</time>
      </trkpt>
      <trkpt lat="34.31653" lon="108.779982">
        <time>2021-07-10T23:41:19Z</time>
      </trkpt>
      <trkpt lat="34.316502" lon="108.779853">
        <time>2021-07-10T23:41:24Z</time>
      </trkpt>
      <trkpt lat="34.3165" lon="108.779722">
        <time>2021-07-10T23:41:29Z</time>
      </trkpt>
      <trkpt lat="34.316537" lon="108.779604">
        <time>2021-07-10T23:41:34Z</time>
      </trkpt>
      <trkpt lat="34.31655" lon="108.779504">
        <time>2021-07-10T23:41:39Z</time>
      </trkpt>
      <trkpt lat="34.316599" lon="108.779409">
        <time>2021-07-10T23:41:44Z</time>
      </trkpt>
      <trkpt lat="34.316663" lon="108.779305">
        <time>2021-07-10T23:41:49Z</time>
      </trkpt>
      <trkpt lat="34.316727" lon="108.779228">
        <time>2021-07-10T23:41:54Z</time>
      </trkpt>
      <trkpt lat="34.316819" lon="108.779216">
        <time>2021-07-10T23:41:59Z</time>
      </trkpt>
      <trkpt lat="34.31689" lon="108.779232">
        <time>2021-07-10T23:42:04Z</time>
      </trkpt>
      <trkpt lat="34.316963" lon="108.779196">
        <time>2021-07-10T23:42:09Z</time>
      </trkpt>
      <trkpt lat="34.31702" lon="108.779156">
        <time>2021-07-10T23:42:14Z</time>
      </trkpt>
      <trkpt lat="34.317086" lon="108.779059">
        <time>2021-07-10T23:42:19Z</time>
      </trkpt>
      <trkpt lat="34.317096" lon="108.779041">
        <time>2021-07-10T23:42:24Z</time>
      </trkpt>
      <trkpt lat="34.317153" lon="108.778832">
        <time>2021-07-10T23:42:29Z</time>
      </trkpt>
      <trkpt lat="34.317126" lon="108.778744">
        <time>2021-07-10T23:42:34Z</time>
      </trkpt>
      <trkpt lat="34.31713" lon="108.778531">
        <time>2021-07-10T23:42:39Z</time>
      </trkpt>
      <trkpt lat="34.317272" lon="108.778379">
        <time>2021-07-10T23:42:44Z</time>
      </trkpt>
      <trkpt lat="34.317389" lon="108.778251">
        <time>2021-07-10T23:42:49Z</time>
      </trkpt>
      <trkpt lat="34.31748" lon="108.77812">
        <time>2021-07-10T23:42:54Z</time>
      </trkpt>
      <trkpt lat="34.317523" lon="108.778043">
        <time>2021-07-10T23:42:59Z</time>
      </trkpt>
      <trkpt lat="34.317604" lon="108.778033">
        <time>2021-07-10T23:43:04Z</time>
      </trkpt>
      <trkpt lat="34.317589" lon="108.77777">
        <time>2021-07-10T23:43:09Z</time>
      </trkpt>
      <trkpt lat="34.317573" lon="108.77756">
        <time>2021-07-10T23:43:14Z</time>
      </trkpt>
      <trkpt lat="34.317589" lon="108.77738">
        <time>2021-07-10T23:43:19Z</time>
      </trkpt>
      <trkpt lat="34.317646" lon="108.777175">
        <time>2021-07-10T23:43:24Z</time>
      </trkpt>
      <trkpt lat="34.317561" lon="108.777127">
        <time>2021-07-10T23:43:29Z</time>
      </trkpt>
      <trkpt lat="34.317443" lon="108.777107">
        <time>2021-07-10T23:43:34Z</time>
      </trkpt>
      <trkpt lat="34.31736" lon="108.777114">
        <time>2021-07-10T23:43:39Z</time>
      </trkpt>
      <trkpt lat="34.317297" lon="108.777166">
        <time>2021-07-10T23:43:44Z</time>
      </trkpt>
      <trkpt lat="34.317156" lon="108.777131">
        <time>2021-07-10T23:43:49Z</time>
      </trkpt>
      <trkpt lat="34.317022" lon="108.777086">
        <time>2021-07-10T23:43:54Z</time>
      </trkpt>
      <trkpt lat="34.316866" lon="108.777054">
        <time>2021-07-10T23:43:59Z</time>
      </trkpt>
      <trkpt lat="34.3168" lon="108.777022">
        <time>2021-07-10T23:44:04Z</time>
      </trkpt>
      <trkpt lat="34.316754" lon="108.77702">
        <time>2021-07-10T23:44:09Z</time>
      </trkpt>
      <trkpt lat="34.316621" lon="108.777084">
        <time>2021-07-10T23:44:14Z</time>
      </trkpt>
      <trkpt lat="34.31644" lon="108.777093">
        <time>2021-07-10T23:44:19Z</time>
      </trkpt>
      <trkpt lat="34.316295" lon="108.777294">
        <time>2021-07-10T23:44:24Z</time>
      </trkpt>
      <trkpt lat="34.316205" lon="108.777472">
        <time>2021-07-10T23:44:29Z</time>
      </trkpt>
      <trkpt lat="34.316109" lon="108.777555">
        <time>2021-07-10T23:44:34Z</time>
      </trkpt>
      <trkpt lat="34.316072" lon="108.777615">
        <time>2021-07-10T23:44:39Z</time>
      </trkpt>
      <trkpt lat="34.316027" lon="108.77766">
        <time>2021-07-10T23:44:44Z</time>
      </trkpt>
      <trkpt lat="34.315961" lon="108.777688">
        <time>2021-07-10T23:44:49Z</time>
      </trkpt>
      <trkpt lat="34.315923" lon="108.77773">
        <time>2021-07-10T23:44:54Z</time>
      </trkpt>
      <trkpt lat="34.315897" lon="108.777782">
        <time>2021-07-10T23:44:59Z</time>
      </trkpt>
      <trkpt lat="34.315835" lon="108.777826">
        <time>2021-07-10T23:45:04Z</time>
      </trkpt>
      <trkpt lat="34.315783" lon="108.777869">
        <time>2021-07-10T23:45:09Z</time>
      </trkpt>
      <trkpt lat="34.315753" lon="108.777956">
        <time>2021-07-10T23:45:14Z</time>
      </trkpt>
      <trkpt lat="34.315722" lon="108.778044">
        <time>2021-07-10T23:45:19Z</time>
      </trkpt>
      <trkpt lat="34.315696" lon="108.778122">
        <time>2021-07-10T23:45:24Z</time>
      </trkpt>
      <trkpt lat="34.315685" lon="108.778238">
        <time>2021-07-10T23:45:29Z</time>
      </trkpt>
      <trkpt lat="34.315666" lon="108.778341">
        <time>2021-07-10T23:45:34Z</time>
      </trkpt>
      <trkpt lat="34.315601" lon="108.77845">
        <time>2021-07-10T23:45:39Z</time>
      </trkpt>
      <trkpt lat="34.315581" lon="108.77857">
        <time>2021-07-10T23:45:44Z</time>
      </trkpt>
      <trkpt lat="34.315435" lon="108.778655">
        <time>2021-07-10T23:45:49Z</time>
      </trkpt>
      <trkpt lat="34.31534" lon="108.778912">
        <time>2021-07-10T23:45:54Z</time>
      </trkpt>
      <trkpt lat="34.315307" lon="108.779004">
        <time>2021-07-10T23:45:59Z</time>
      </trkpt>
      <trkpt lat="34.315242" lon="108.779163">
        <time>2021-07-10T23:46:04Z</time>
      </trkpt>
      <trkpt lat="34.315162" lon="108.779355">
        <time>2021-07-10T23:46:09Z</time>
      </trkpt>
      <trkpt lat="34.315167" lon="108.779563">
        <time>2021-07-10T23:46:14Z</time>
      </trkpt>
      <trkpt lat="34.315369" lon="108.779757">
        <time>2021-07-10T23:46:19Z</time>
      </trkpt>
      <trkpt lat="34.315543" lon="108.779897">
        <time>2021-07-10T23:46:24Z</time>
      </trkpt>
      <trkpt lat="34.315688" lon="108.779969">
        <time>2021-07-10T23:46:29Z</time>
      </trkpt>
      <trkpt lat="34.315827" lon="108.78001">
        <time>2021-07-10T23:46:34Z</time>
      </trkpt>
      <trkpt lat="34.315987" lon="108.780109">
        <time>2021-07-10T23:46:39Z</time>
      </trkpt>
      <trkpt lat="34.316155" lon="108.780208">
        <time>2021-07-10T23:46:44Z</time>
      </trkpt>
      <trkpt lat="34.316257" lon="108.780264">
        <time>2021-07-10T23:46:49Z</time>
      </trkpt>
      <trkpt lat="34.31632" lon="108.780233">
        <time>2021-07-10T23:46:54Z</time>
      </trkpt>
      <trkpt lat="34.31637" lon="108.780252">
        <time>2021-07-10T23:46:59Z</time>
      </trkpt>
      <trkpt lat="34.316392" lon="108.780314">
        <time>2021-07-10T23:47:04Z</time>
      </trkpt>
      <trkpt lat="34.316379" lon="108.780359">
        <time>2021-07-10T23:47:09Z</time>
      </trkpt>
      <trkpt lat="34.31641" lon="108.780345">
        <time>2021-07-10T23:47:14Z</time>
      </trkpt>
      <trkpt lat="34.316486" lon="108.780267">
        <time>2021-07-10T23:47:19Z</time>
      </trkpt>
      <trkpt lat="34.316575" lon="108.780172">
        <time>2021-07-10T23:47:24Z</time>
      </trkpt>
      <trkpt lat="34.316603" lon="108.780053">
        <time>2021-07-10T23:47:29Z</time>
      </trkpt>
      <trkpt lat="34.316597" lon="108.779997">
        <time>2021-07-10T23:47:34Z</time>
      </trkpt>
      <trkpt lat="34.31662" lon="108.7799">
        <time>2021-07-10T23:47:39Z</time>
      </trkpt>
      <trkpt lat="34.316652" lon="108.779794">
        <time>2021-07-10T23:47:44Z</time>
      </trkpt>
      <trkpt lat="34.316655" lon="108.779678">
        <time>2021-07-10T23:47:49Z</time>
      </trkpt>
      <trkpt lat="34.316688" lon="108.779592">
        <time>2021-07-10T23:47:54Z</time>
      </trkpt>
      <trkpt lat="34.316733" lon="108.779506">
        <time>2021-07-10T23:47:59Z</time>
      </trkpt>
      <trkpt lat="34.316815" lon="108.779449">
        <time>2021-07-10T23:48:04Z</time>
      </trkpt>
      <trkpt lat="34.316896" lon="108.779424">
        <time>2021-07-10T23:48:09Z</time>
      </trkpt>
      <trkpt lat="34.316959" lon="108.779275">
        <time>2021-07-10T23:48:14Z</time>
      </trkpt>
      <trkpt lat="34.317064" lon="108.779118">
        <time>2021-07-10T23:48:19Z</time>
      </trkpt>
      <trkpt lat="34.317086" lon="108.778998">
        <time>2021-07-10T23:48:24Z</time>
      </trkpt>
      <trkpt lat="34.317174" lon="108.778939">
        <time>2021-07-10T23:48:29Z</time>
      </trkpt>
      <trkpt lat="34.317236" lon="108.778779">
        <time>2021-07-10T23:48:34Z</time>
      </trkpt>
      <trkpt lat="34.317325" lon="108.778562">
        <time>2021-07-10T23:48:39Z</time>
      </trkpt>
      <trkpt lat="34.317379" lon="108.778353">
        <time>2021-07-10T23:48:44Z</time>
      </trkpt>
      <trkpt lat="34.317446" lon="108.77813">
        <time>2021-07-10T23:48:49Z</time>
      </trkpt>
      <trkpt lat="34.317517" lon="108.778072">
        <time>2021-07-10T23:48:54Z</time>
      </trkpt>
      <trkpt lat="34.31758" lon="108.778025">
        <time>2021-07-10T23:48:59Z</time>
      </trkpt>
      <trkpt lat="34.317537" lon="108.778048">
        <time>2021-07-10T23:49:04Z</time>
      </trkpt>
      <trkpt lat="34.317484" lon="108.778099">
        <time>2021-07-10T23:49:09Z</time>
      </trkpt>
      <trkpt lat="34.317484" lon="108.778071">
        <time>2021-07-10T23:49:14Z</time>
      </trkpt>
      <trkpt lat="34.317486" lon="108.778009">
        <time>2021-07-10T23:49:19Z</time>
      </trkpt>
      <trkpt lat="34.31747" lon="108.777959">
        <time>2021-07-10T23:49:24Z</time>
      </trkpt>
      <trkpt lat="34.317456" lon="108.77795">
        <time>2021-07-10T23:49:29Z</time>
      </trkpt>
      <trkpt lat="34.31749" lon="108.77794">
        <time>2021-07-10T23:49:34Z</time>
      </trkpt>
      <trkpt lat="34.31749" lon="108.77794">
        <time>2021-07-10T23:49:39Z</time>
      </trkpt>
      <trkpt lat="34.317414" lon="108.777934">
        <time>2021-07-10T23:49:44Z</time>
      </trkpt>
      <trkpt lat="34.317487" lon="108.777865">
        <time>2021-07-10T23:49:49Z</time>
      </trkpt>
      <trkpt lat="34.317511" lon="108.777736">
        <time>2021-07-10T23:49:54Z</time>
      </trkpt>
      <trkpt lat="34.317538" lon="108.777566">
        <time>2021-07-10T23:49:59Z</time>
      </trkpt>
      <trkpt lat="34.317578" lon="108.77741">
        <time>2021-07-10T23:50:04Z</time>
      </trkpt>
      <trkpt lat="34.317648" lon="108.777236">
        <time>2021-07-10T23:50:09Z</time>
      </trkpt>
      <trkpt lat="34.317597" lon="108.777081">
        <time>2021-07-10T23:50:14Z</time>
      </trkpt>
      <trkpt lat="34.317486" lon="108.777076">
        <time>2021-07-10T23:50:19Z</time>
      </trkpt>
      <trkpt lat="34.317388" lon="108.777131">
        <time>2021-07-10T23:50:24Z</time>
      </trkpt>
      <trkpt lat="34.317332" lon="108.777177">
        <time>2021-07-10T23:50:29Z</time>
      </trkpt>
      <trkpt lat="34.317169" lon="108.777168">
        <time>2021-07-10T23:50:34Z</time>
      </trkpt>
      <trkpt lat="34.316934" lon="108.777116">
        <time>2021-07-10T23:50:39Z</time>
      </trkpt>
      <trkpt lat="34.316664" lon="108.777119">
        <time>2021-07-10T23:50:44Z</time>
      </trkpt>
      <trkpt lat="34.316548" lon="108.777105">
        <time>2021-07-10T23:50:49Z</time>
      </trkpt>
      <trkpt lat="34.316359" lon="108.777128">
        <time>2021-07-10T23:50:54Z</time>
      </trkpt>
      <trkpt lat="34.316187" lon="108.777191">
        <time>2021-07-10T23:50:59Z</time>
      </trkpt>
      <trkpt lat="34.316114" lon="108.777286">
        <time>2021-07-10T23:51:04Z</time>
      </trkpt>
      <trkpt lat="34.316081" lon="108.77739">
        <time>2021-07-10T23:51:09Z</time>
      </trkpt>
      <trkpt lat="34.316061" lon="108.777436">
        <time>2021-07-10T23:51:14Z</time>
      </trkpt>
      <trkpt lat="34.316032" lon="108.777483">
        <time>2021-07-10T23:51:19Z</time>
      </trkpt>
      <trkpt lat="34.315976" lon="108.777546">
        <time>2021-07-10T23:51:24Z</time>
      </trkpt>
      <trkpt lat="34.3159" lon="108.777585">
        <time>2021-07-10T23:51:29Z</time>
      </trkpt>
      <trkpt lat="34.315835" lon="108.777613">
        <time>2021-07-10T23:51:34Z</time>
      </trkpt>
      <trkpt lat="34.315781" lon="108.777694">
        <time>2021-07-10T23:51:39Z</time>
      </trkpt>
      <trkpt lat="34.315699" lon="108.777762">
        <time>2021-07-10T23:51:44Z</time>
      </trkpt>
      <trkpt lat="34.315623" lon="108.777849">
        <time>2021-07-10T23:51:49Z</time>
      </trkpt>
      <trkpt lat="34.315571" lon="108.777996">
        <time>2021-07-10T23:51:54Z</time>
      </trkpt>
      <trkpt lat="34.315592" lon="108.778211">
        <time>2021-07-10T23:51:59Z</time>
      </trkpt>
      <trkpt lat="34.315548" lon="108.778396">
        <time>2021-07-10T23:52:04Z</time>
      </trkpt>
      <trkpt lat="34.315522" lon="108.778528">
        <time>2021-07-10T23:52:09Z</time>
      </trkpt>
      <trkpt lat="34.315383" lon="108.778576">
        <time>2021-07-10T23:52:14Z</time>
      </trkpt>
      <trkpt lat="34.315313" lon="108.778731">
        <time>2021-07-10T23:52:19Z</time>
      </trkpt>
      <trkpt lat="34.315246" lon="108.778861">
        <time>2021-07-10T23:52:24Z</time>
      </trkpt>
      <trkpt lat="34.315177" lon="108.77927">
        <time>2021-07-10T23:52:29Z</time>
      </trkpt>
      <trkpt lat="34.315201" lon="108.779327">
        <time>2021-07-10T23:52:34Z</time>
      </trkpt>
      <trkpt lat="34.31536" lon="108.779588">
        <time>2021-07-10T23:52:39Z</time>
      </trkpt>
      <trkpt lat="34.315489" lon="108.77974">
        <time>2021-07-10T23:52:44Z</time>
      </trkpt>
      <trkpt lat="34.315696" lon="108.779923">
        <time>2021-07-10T23:52:49Z</time>
      </trkpt>
      <trkpt lat="34.315842" lon="108.779967">
        <time>2021-07-10T23:52:54Z</time>
      </trkpt>
      <trkpt lat="34.315916" lon="108.779989">
        <time>2021-07-10T23:52:59Z</time>
      </trkpt>
      <trkpt lat="34.316014" lon="108.78006">
        <time>2021-07-10T23:53:04Z</time>
      </trkpt>
      <trkpt lat="34.316142" lon="108.780153">
        <time>2021-07-10T23:53:09Z</time>
      </trkpt>
      <trkpt lat="34.316248" lon="108.780211">
        <time>2021-07-10T23:53:14Z</time>
      </trkpt>
      <trkpt lat="34.316325" lon="108.780222">
        <time>2021-07-10T23:53:19Z</time>
      </trkpt>
      <trkpt lat="34.316377" lon="108.780248">
        <time>2021-07-10T23:53:24Z</time>
      </trkpt>
      <trkpt lat="34.316349" lon="108.78028">
        <time>2021-07-10T23:53:29Z</time>
      </trkpt>
      <trkpt lat="34.31638" lon="108.78026">
        <time>2021-07-10T23:53:34Z</time>
      </trkpt>
      <trkpt lat="34.316497" lon="108.780295">
        <time>2021-07-10T23:53:39Z</time>
      </trkpt>
      <trkpt lat="34.316657" lon="108.780268">
        <time>2021-07-10T23:53:44Z</time>
      </trkpt>
      <trkpt lat="34.31676" lon="108.780235">
        <time>2021-07-10T23:53:49Z</time>
      </trkpt>
      <trkpt lat="34.316853" lon="108.780215">
        <time>2021-07-10T23:53:54Z</time>
      </trkpt>
      <trkpt lat="34.31687" lon="108.780088">
        <time>2021-07-10T23:53:59Z</time>
      </trkpt>
      <trkpt lat="34.316798" lon="108.779999">
        <time>2021-07-10T23:54:04Z</time>
      </trkpt>
      <trkpt lat="34.316765" lon="108.77994">
        <time>2021-07-10T23:54:09Z</time>
      </trkpt>
      <trkpt lat="34.316807" lon="108.779858">
        <time>2021-07-10T23:54:14Z</time>
      </trkpt>
      <trkpt lat="34.316808" lon="108.779725">
        <time>2021-07-10T23:54:19Z</time>
      </trkpt>
      <trkpt lat="34.316853" lon="108.779581">
        <time>2021-07-10T23:54:24Z</time>
      </trkpt>
      <trkpt lat="34.316895" lon="108.779449">
        <time>2021-07-10T23:54:29Z</time>
      </trkpt>
      <trkpt lat="34.316975" lon="108.779382">
        <time>2021-07-10T23:54:34Z</time>
      </trkpt>
      <trkpt lat="34.317013" lon="108.779387">
        <time>2021-07-10T23:54:39Z</time>
      </trkpt>
      <trkpt lat="34.317029" lon="108.779321">
        <time>2021-07-10T23:54:44Z</time>
      </trkpt>
      <trkpt lat="34.317075" lon="108.77922">
        <time>2021-07-10T23:54:49Z</time>
      </trkpt>
      <trkpt lat="34.317027" lon="108.779065">
        <time>2021-07-10T23:54:54Z</time>
      </trkpt>
      <trkpt lat="34.317012" lon="108.77886">
        <time>2021-07-10T23:54:59Z</time>
      </trkpt>
      <trkpt lat="34.316976" lon="108.778673">
        <time>2021-07-10T23:55:04Z</time>
      </trkpt>
      <trkpt lat="34.317055" lon="108.778513">
        <time>2021-07-10T23:55:09Z</time>
      </trkpt>
      <trkpt lat="34.317197" lon="108.778314">
        <time>2021-07-10T23:55:14Z</time>
      </trkpt>
      <trkpt lat="34.317318" lon="108.778164">
        <time>2021-07-10T23:55:19Z</time>
      </trkpt>
      <trkpt lat="34.317383" lon="108.778021">
        <time>2021-07-10T23:55:24Z</time>
      </trkpt>
      <trkpt lat="34.317426" lon="108.777925">
        <time>2021-07-10T23:55:29Z</time>
      </trkpt>
      <trkpt lat="34.317463" lon="108.777942">
        <time>2021-07-10T23:55:34Z</time>
      </trkpt>
      <trkpt lat="34.317475" lon="108.777916">
        <time>2021-07-10T23:55:39Z</time>
      </trkpt>
      <trkpt lat="34.317521" lon="108.7779">
        <time>2021-07-10T23:55:44Z</time>
      </trkpt>
      <trkpt lat="34.317517" lon="108.777897">
        <time>2021-07-10T23:55:49Z</time>
      </trkpt>
      <trkpt lat="34.31748" lon="108.777834">
        <time>2021-07-10T23:55:54Z</time>
      </trkpt>
      <trkpt lat="34.317448" lon="108.777733">
        <time>2021-07-10T23:55:59Z</time>
      </trkpt>
      <trkpt lat="34.317422" lon="108.777581">
        <time>2021-07-10T23:56:04Z</time>
      </trkpt>
      <trkpt lat="34.31743" lon="108.777518">
        <time>2021-07-10T23:56:09Z</time>
      </trkpt>
      <trkpt lat="34.317463" lon="108.777412">
        <time>2021-07-10T23:56:14Z</time>
      </trkpt>
      <trkpt lat="34.317499" lon="108.777347">
        <time>2021-07-10T23:56:19Z</time>
      </trkpt>
      <trkpt lat="34.317547" lon="108.777298">
        <time>2021-07-10T23:56:24Z</time>
      </trkpt>
      <trkpt lat="34.317627" lon="108.777166">
        <time>2021-07-10T23:56:29Z</time>
      </trkpt>
      <trkpt lat="34.317669" lon="108.777062">
        <time>2021-07-10T23:56:34Z</time>
      </trkpt>
      <trkpt lat="34.317639" lon="108.777012">
        <time>2021-07-10T23:56:39Z</time>
      </trkpt>
      <trkpt lat="34.317592" lon="108.777046">
        <time>2021-07-10T23:56:44Z</time>
      </trkpt>
      <trkpt lat="34.317537" lon="108.777049">
        <time>2021-07-10T23:56:49Z</time>
      </trkpt>
      <trkpt lat="34.317474" lon="108.777073">
        <time>2021-07-10T23:56:54Z</time>
      </trkpt>
      <trkpt lat="34.317414" lon="108.777087">
        <time>2021-07-10T23:56:59Z</time>
      </trkpt>
      <trkpt lat="34.31734" lon="108.777105">
        <time>2021-07-10T23:57:04Z</time>
      </trkpt>
      <trkpt lat="34.317265" lon="108.77713">
        <time>2021-07-10T23:57:09Z</time>
      </trkpt>
      <trkpt lat="34.317215" lon="108.777112">
        <time>2021-07-10T23:57:14Z</time>
      </trkpt>
      <trkpt lat="34.317132" lon="108.777083">
        <time>2021-07-10T23:57:19Z</time>
      </trkpt>
      <trkpt lat="34.317132" lon="108.777083">
        <time>2021-07-10T23:57:24Z</time>
      </trkpt>
      <trkpt lat="34.317132" lon="108.777083">
        <time>2021-07-10T23:57:29Z</time>
      </trkpt>
      <trkpt lat="34.317132" lon="108.777083">
        <time>2021-07-10T23:57:34Z</time>
      </trkpt>
      <trkpt lat="34.317132" lon="108.777083">
        <time>2021-07-10T23:57:39Z</time>
      </trkpt>
      <trkpt lat="34.317132" lon="108.777083">
        <time>2021-07-10T23:57:44Z</time>
      </trkpt>
      <trkpt lat="34.317132" lon="108.777083">
        <time>2021-07-10T23:57:49Z</time>
      </trkpt>
      <trkpt lat="34.317132" lon="108.777083">
        <time>2021-07-10T23:57:54Z</time>
      </trkpt>
      <trkpt lat="34.317132" lon="108.777083">
        <time>2021-07-10T23:57:59Z</time>
      </trkpt>
      <trkpt lat="34.317132" lon="108.777083">
        <time>2021-07-10T23:58:04Z</time>
      </trkpt>
      <trkpt lat="34.317132" lon="108.777083">
        <time>2021-07-10T23:58:09Z</time>
      </trkpt>
      <trkpt lat="34.317132" lon="108.777083">
        <time>2021-07-10T23:58:14Z</time>
      </trkpt>
      <trkpt lat="34.317132" lon="108.777083">
        <time>2021-07-10T23:58:19Z</time>
      </trkpt>
      <trkpt lat="34.317132" lon="108.777083">
        <time>2021-07-10T23:58:24Z</time>
      </trkpt>
      <trkpt lat="34.317132" lon="108.777083">
        <time>2021-07-10T23:58:29Z</time>
      </trkpt>
      <trkpt lat="34.317132" lon="108.777083">
        <time>2021-07-10T23:58:34Z</time>
      </trkpt>
      <trkpt lat="34.317132" lon="108.777083">
        <time>2021-07-10T23:58:39Z</time>
      </trkpt>
      <trkpt lat="34.317132" lon="108.777083">
        <time>2021-07-10T23:58:44Z</time>
      </trkpt>
      <trkpt lat="34.317132" lon="108.777083">
        <time>2021-07-10T23:58:49Z</time>
      </trkpt>
      <trkpt lat="34.317132" lon="108.777083">
        <time>2021-07-10T23:58:54Z</time>
      </trkpt>
      <trkpt lat="34.317132" lon="108.777083">
        <time>2021-07-10T23:58:59Z</time>
      </trkpt>
      <trkpt lat="34.317132" lon="108.777083">
        <time>2021-07-10T23:59:04Z</time>
      </trkpt>
      <trkpt lat="34.317132" lon="108.777083">
        <time>2021-07-10T23:59:09Z</time>
      </trkpt>
      <trkpt lat="34.317132" lon="108.777083">
        <time>2021-07-10T23:59:14Z</time>
      </trkpt>
      <trkpt lat="34.317132" lon="108.777083">
        <time>2021-07-10T23:59:19Z</time>
      </trkpt>
      <trkpt lat="34.317132" lon="108.777083">
        <time>2021-07-10T23:59:24Z</time>
      </trkpt>
      <trkpt lat="34.317132" lon="108.777083">
        <time>2021-07-10T23:59:29Z</time>
      </trkpt>
      <trkpt lat="34.317132" lon="108.777083">
        <time>2021-07-10T23:59:34Z</time>
      </trkpt>
      <trkpt lat="34.317132" lon="108.777083">
        <time>2021-07-10T23:59:39Z</time>
      </trkpt>
      <trkpt lat="34.317132" lon="108.777083">
        <time>2021-07-10T23:59:44Z</time>
      </trkpt>
      <trkpt lat="34.317132" lon="108.777083">
        <time>2021-07-10T23:59:49Z</time>
      </trkpt>
      <trkpt lat="34.317132" lon="108.777083">
        <time>2021-07-10T23:59:54Z</time>
      </trkpt>
      <trkpt lat="34.317132" lon="108.777083">
        <time>2021-07-10T23:59:59Z</time>
      </trkpt>
      <trkpt lat="34.317132" lon="108.777083">
        <time>2021-07-11T00:00:04Z</time>
      </trkpt>
      <trkpt lat="34.317132" lon="108.777083">
        <time>2021-07-11T00:00:09Z</time>
      </trkpt>
      <trkpt lat="34.317132" lon="108.777083">
        <time>2021-07-11T00:00:14Z</time>
      </trkpt>
      <trkpt lat="34.317132" lon="108.777083">
        <time>2021-07-11T00:00:19Z</time>
      </trkpt>
      <trkpt lat="34.317132" lon="108.777083">
        <time>2021-07-11T00:00:24Z</time>
      </trkpt>
      <trkpt lat="34.317132" lon="108.777083">
        <time>2021-07-11T00:00:29Z</time>
      </trkpt>
      <trkpt lat="34.317132" lon="108.777083">
        <time>2021-07-11T00:00:34Z</time>
      </trkpt>
      <trkpt lat="34.317132" lon="108.777083">
        <time>2021-07-11T00:00:39Z</time>
      </trkpt>
      <trkpt lat="34.317132" lon="108.777083">
        <time>2021-07-11T00:00:44Z</time>
      </trkpt>
      <trkpt lat="34.317132" lon="108.777083">
        <time>2021-07-11T00:00:49Z</time>
      </trkpt>
      <trkpt lat="34.317132" lon="108.777083">
        <time>2021-07-11T00:00:54Z</time>
      </trkpt>
      <trkpt lat="34.317132" lon="108.777083">
        <time>2021-07-11T00:00:59Z</time>
      </trkpt>
      <trkpt lat="34.317132" lon="108.777083">
        <time>2021-07-11T00:01:04Z</time>
      </trkpt>
      <trkpt lat="34.317132" lon="108.777083">
        <time>2021-07-11T00:01:09Z</time>
      </trkpt>
      <trkpt lat="34.317132" lon="108.777083">
        <time>2021-07-11T00:01:14Z</time>
      </trkpt>
      <trkpt lat="34.317132" lon="108.777083">
        <time>2021-07-11T00:01:19Z</time>
      </trkpt>
      <trkpt lat="34.317132" lon="108.777083">
        <time>2021-07-11T00:01:24Z</time>
      </trkpt>
      <trkpt lat="34.317132" lon="108.777083">
        <time>2021-07-11T00:01:29Z</time>
      </trkpt>
      <trkpt lat="34.317132" lon="108.777083">
        <time>2021-07-11T00:01:34Z</time>
      </trkpt>
      <trkpt lat="34.317132" lon="108.777083">
        <time>2021-07-11T00:01:39Z</time>
      </trkpt>
      <trkpt lat="34.317132" lon="108.777083">
        <time>2021-07-11T00:01:44Z</time>
      </trkpt>
      <trkpt lat="34.317132" lon="108.777083">
        <time>2021-07-11T00:01:49Z</time>
      </trkpt>
      <trkpt lat="34.317132" lon="108.777083">
        <time>2021-07-11T00:01:54Z</time>
      </trkpt>
      <trkpt lat="34.317132" lon="108.777083">
        <time>2021-07-11T00:01:59Z</time>
      </trkpt>
      <trkpt lat="34.317132" lon="108.777083">
        <time>2021-07-11T00:02:04Z</time>
      </trkpt>
      <trkpt lat="34.317132" lon="108.777083">
        <time>2021-07-11T00:02:09Z</time>
      </trkpt>
      <trkpt lat="34.317132" lon="108.777083">
        <time>2021-07-11T00:02:14Z</time>
      </trkpt>
      <trkpt lat="34.317132" lon="108.777083">
        <time>2021-07-11T00:02:19Z</time>
      </trkpt>
      <trkpt lat="34.317132" lon="108.777083">
        <time>2021-07-11T00:02:24Z</time>
      </trkpt>
      <trkpt lat="34.317132" lon="108.777083">
        <time>2021-07-11T00:02:29Z</time>
      </trkpt>
      <trkpt lat="34.317132" lon="108.777083">
        <time>2021-07-11T00:02:34Z</time>
      </trkpt>
      <trkpt lat="34.317132" lon="108.777083">
        <time>2021-07-11T00:02:39Z</time>
      </trkpt>
      <trkpt lat="34.317132" lon="108.777083">
        <time>2021-07-11T00:02:44Z</time>
      </trkpt>
      <trkpt lat="34.317132" lon="108.777083">
        <time>2021-07-11T00:02:49Z</time>
      </trkpt>
      <trkpt lat="34.317132" lon="108.777083">
        <time>2021-07-11T00:02:54Z</time>
      </trkpt>
      <trkpt lat="34.317132" lon="108.777083">
        <time>2021-07-11T00:02:59Z</time>
      </trkpt>
      <trkpt lat="34.317132" lon="108.777083">
        <time>2021-07-11T00:03:04Z</time>
      </trkpt>
      <trkpt lat="34.317132" lon="108.777083">
        <time>2021-07-11T00:03:09Z</time>
      </trkpt>
      <trkpt lat="34.317132" lon="108.777083">
        <time>2021-07-11T00:03:14Z</time>
      </trkpt>
      <trkpt lat="34.317132" lon="108.777083">
        <time>2021-07-11T00:03:19Z</time>
      </trkpt>
      <trkpt lat="34.317132" lon="108.777083">
        <time>2021-07-11T00:03:24Z</time>
      </trkpt>
      <trkpt lat="34.317132" lon="108.777083">
        <time>2021-07-11T00:03:29Z</time>
      </trkpt>
      <trkpt lat="34.317132" lon="108.777083">
        <time>2021-07-11T00:03:34Z</time>
      </trkpt>
      <trkpt lat="34.317132" lon="108.777083">
        <time>2021-07-11T00:03:39Z</time>
      </trkpt>
      <trkpt lat="34.317132" lon="108.777083">
        <time>2021-07-11T00:03:44Z</time>
      </trkpt>
      <trkpt lat="34.317132" lon="108.777083">
        <time>2021-07-11T00:03:49Z</time>
      </trkpt>
      <trkpt lat="34.317132" lon="108.777083">
        <time>2021-07-11T00:03:54Z</time>
      </trkpt>
      <trkpt lat="34.317132" lon="108.777083">
        <time>2021-07-11T00:03:59Z</time>
      </trkpt>
      <trkpt lat="34.317132" lon="108.777083">
        <time>2021-07-11T00:04:04Z</time>
      </trkpt>
      <trkpt lat="34.317132" lon="108.777083">
        <time>2021-07-11T00:04:09Z</time>
      </trkpt>
      <trkpt lat="34.317132" lon="108.777083">
        <time>2021-07-11T00:04:14Z</time>
      </trkpt>
      <trkpt lat="34.317132" lon="108.777083">
        <time>2021-07-11T00:04:19Z</time>
      </trkpt>
      <trkpt lat="34.317132" lon="108.777083">
        <time>2021-07-11T00:04:24Z</time>
      </trkpt>
      <trkpt lat="34.317132" lon="108.777083">
        <time>2021-07-11T00:04:29Z</time>
      </trkpt>
      <trkpt lat="34.317132" lon="108.777083">
        <time>2021-07-11T00:04:34Z</time>
      </trkpt>
      <trkpt lat="34.317132" lon="108.777083">
        <time>2021-07-11T00:04:39Z</time>
      </trkpt>
      <trkpt lat="34.317132" lon="108.777083">
        <time>2021-07-11T00:04:44Z</time>
      </trkpt>
      <trkpt lat="34.317132" lon="108.777083">
        <time>2021-07-11T00:04:49Z</time>
      </trkpt>
      <trkpt lat="34.317132" lon="108.777083">
        <time>2021-07-11T00:04:54Z</time>
      </trkpt>
      <trkpt lat="34.317132" lon="108.777083">
        <time>2021-07-11T00:04:59Z</time>
      </trkpt>
      <trkpt lat="34.317132" lon="108.777083">
        <time>2021-07-11T00:05:04Z</time>
      </trkpt>
      <trkpt lat="34.317132" lon="108.777083">
        <time>2021-07-11T00:05:09Z</time>
      </trkpt>
      <trkpt lat="34.317132" lon="108.777083">
        <time>2021-07-11T00:05:14Z</time>
      </trkpt>
      <trkpt lat="34.317132" lon="108.777083">
        <time>2021-07-11T00:05:19Z</time>
      </trkpt>
      <trkpt lat="34.317132" lon="108.777083">
        <time>2021-07-11T00:05:24Z</time>
      </trkpt>
      <trkpt lat="34.317132" lon="108.777083">
        <time>2021-07-11T00:05:29Z</time>
      </trkpt>
      <trkpt lat="34.317132" lon="108.777083">
        <time>2021-07-11T00:05:34Z</time>
      </trkpt>
      <trkpt lat="34.317132" lon="108.777083">
        <time>2021-07-11T00:05:39Z</time>
      </trkpt>
      <trkpt lat="34.317132" lon="108.777083">
        <time>2021-07-11T00:05:44Z</time>
      </trkpt>
      <trkpt lat="34.317132" lon="108.777083">
        <time>2021-07-11T00:05:49Z</time>
      </trkpt>
      <trkpt lat="34.317132" lon="108.777083">
        <time>2021-07-11T00:05:54Z</time>
      </trkpt>
      <trkpt lat="34.317132" lon="108.777083">
        <time>2021-07-11T00:05:59Z</time>
      </trkpt>
      <trkpt lat="34.317132" lon="108.777083">
        <time>2021-07-11T00:06:04Z</time>
      </trkpt>
      <trkpt lat="34.317132" lon="108.777083">
        <time>2021-07-11T00:06:09Z</time>
      </trkpt>
      <trkpt lat="34.317132" lon="108.777083">
        <time>2021-07-11T00:06:14Z</time>
      </trkpt>
      <trkpt lat="34.317132" lon="108.777083">
        <time>2021-07-11T00:06:19Z</time>
      </trkpt>
      <trkpt lat="34.317132" lon="108.777083">
        <time>2021-07-11T00:06:24Z</time>
      </trkpt>
      <trkpt lat="34.317132" lon="108.777083">
        <time>2021-07-11T00:06:29Z</time>
      </trkpt>
      <trkpt lat="34.317132" lon="108.777083">
        <time>2021-07-11T00:06:34Z</time>
      </trkpt>
      <trkpt lat="34.317132" lon="108.777083">
        <time>2021-07-11T00:06:39Z</time>
      </trkpt>
      <trkpt lat="34.317132" lon="108.777083">
        <time>2021-07-11T00:06:44Z</time>
      </trkpt>
      <trkpt lat="34.317132" lon="108.777083">
        <time>2021-07-11T00:06:49Z</time>
      </trkpt>
      <trkpt lat="34.317132" lon="108.777083">
        <time>2021-07-11T00:06:54Z</time>
      </trkpt>
      <trkpt lat="34.317132" lon="108.777083">
        <time>2021-07-11T00:06:59Z</time>
      </trkpt>
      <trkpt lat="34.317132" lon="108.777083">
        <time>2021-07-11T00:07:04Z</time>
      </trkpt>
      <trkpt lat="34.317132" lon="108.777083">
        <time>2021-07-11T00:07:09Z</time>
      </trkpt>
      <trkpt lat="34.317132" lon="108.777083">
        <time>2021-07-11T00:07:14Z</time>
      </trkpt>
      <trkpt lat="34.317132" lon="108.777083">
        <time>2021-07-11T00:07:19Z</time>
      </trkpt>
      <trkpt lat="34.317132" lon="108.777083">
        <time>2021-07-11T00:07:24Z</time>
      </trkpt>
      <trkpt lat="34.317132" lon="108.777083">
        <time>2021-07-11T00:07:29Z</time>
      </trkpt>
      <trkpt lat="34.317132" lon="108.777083">
        <time>2021-07-11T00:07:34Z</time>
      </trkpt>
      <trkpt lat="34.317132" lon="108.777083">
        <time>2021-07-11T00:07:39Z</time>
      </trkpt>
      <trkpt lat="34.317132" lon="108.777083">
        <time>2021-07-11T00:07:44Z</time>
      </trkpt>
      <trkpt lat="34.317132" lon="108.777083">
        <time>2021-07-11T00:07:49Z</time>
      </trkpt>
      <trkpt lat="34.317132" lon="108.777083">
        <time>2021-07-11T00:07:54Z</time>
      </trkpt>
      <trkpt lat="34.317132" lon="108.777083">
        <time>2021-07-11T00:07:59Z</time>
      </trkpt>
      <trkpt lat="34.317132" lon="108.777083">
        <time>2021-07-11T00:08:04Z</time>
      </trkpt>
      <trkpt lat="34.317132" lon="108.777083">
        <time>2021-07-11T00:08:09Z</time>
      </trkpt>
      <trkpt lat="34.317132" lon="108.777083">
        <time>2021-07-11T00:08:14Z</time>
      </trkpt>
      <trkpt lat="34.317132" lon="108.777083">
        <time>2021-07-11T00:08:19Z</time>
      </trkpt>
      <trkpt lat="34.317132" lon="108.777083">
        <time>2021-07-11T00:08:24Z</time>
      </trkpt>
      <trkpt lat="34.317132" lon="108.777083">
        <time>2021-07-11T00:08:29Z</time>
      </trkpt>
      <trkpt lat="34.317132" lon="108.777083">
        <time>2021-07-11T00:08:34Z</time>
      </trkpt>
      <trkpt lat="34.317132" lon="108.777083">
        <time>2021-07-11T00:08:39Z</time>
      </trkpt>
      <trkpt lat="34.317132" lon="108.777083">
        <time>2021-07-11T00:08:44Z</time>
      </trkpt>
      <trkpt lat="34.317132" lon="108.777083">
        <time>2021-07-11T00:08:49Z</time>
      </trkpt>
      <trkpt lat="34.317132" lon="108.777083">
        <time>2021-07-11T00:08:54Z</time>
      </trkpt>
      <trkpt lat="34.317132" lon="108.777083">
        <time>2021-07-11T00:08:59Z</time>
      </trkpt>
      <trkpt lat="34.317132" lon="108.777083">
        <time>2021-07-11T00:09:04Z</time>
      </trkpt>
      <trkpt lat="34.317132" lon="108.777083">
        <time>2021-07-11T00:09:09Z</time>
      </trkpt>
      <trkpt lat="34.317132" lon="108.777083">
        <time>2021-07-11T00:09:14Z</time>
      </trkpt>
      <trkpt lat="34.317132" lon="108.777083">
        <time>2021-07-11T00:09:19Z</time>
      </trkpt>
      <trkpt lat="34.317132" lon="108.777083">
        <time>2021-07-11T00:09:24Z</time>
      </trkpt>
      <trkpt lat="34.317132" lon="108.777083">
        <time>2021-07-11T00:09:29Z</time>
      </trkpt>
      <trkpt lat="34.317132" lon="108.777083">
        <time>2021-07-11T00:09:34Z</time>
      </trkpt>
      <trkpt lat="34.317132" lon="108.777083">
        <time>2021-07-11T00:09:39Z</time>
      </trkpt>
      <trkpt lat="34.317132" lon="108.777083">
        <time>2021-07-11T00:09:44Z</time>
      </trkpt>
      <trkpt lat="34.317132" lon="108.777083">
        <time>2021-07-11T00:09:49Z</time>
      </trkpt>
      <trkpt lat="34.317132" lon="108.777083">
        <time>2021-07-11T00:09:54Z</time>
      </trkpt>
      <trkpt lat="34.317132" lon="108.777083">
        <time>2021-07-11T00:09:59Z</time>
      </trkpt>
      <trkpt lat="34.317132" lon="108.777083">
        <time>2021-07-11T00:10:04Z</time>
      </trkpt>
      <trkpt lat="34.317132" lon="108.777083">
        <time>2021-07-11T00:10:09Z</time>
      </trkpt>
      <trkpt lat="34.317132" lon="108.777083">
        <time>2021-07-11T00:10:14Z</time>
      </trkpt>
      <trkpt lat="34.317132" lon="108.777083">
        <time>2021-07-11T00:10:19Z</time>
      </trkpt>
      <trkpt lat="34.317132" lon="108.777083">
        <time>2021-07-11T00:10:24Z</time>
      </trkpt>
      <trkpt lat="34.317132" lon="108.777083">
        <time>2021-07-11T00:10:29Z</time>
      </trkpt>
      <trkpt lat="34.317132" lon="108.777083">
        <time>2021-07-11T00:10:34Z</time>
      </trkpt>
      <trkpt lat="34.317132" lon="108.777083">
        <time>2021-07-11T00:10:39Z</time>
      </trkpt>
      <trkpt lat="34.317132" lon="108.777083">
        <time>2021-07-11T00:10:44Z</time>
      </trkpt>
      <trkpt lat="34.317132" lon="108.777083">
        <time>2021-07-11T00:10:49Z</time>
      </trkpt>
      <trkpt lat="34.317132" lon="108.777083">
        <time>2021-07-11T00:10:54Z</time>
      </trkpt>
      <trkpt lat="34.317132" lon="108.777083">
        <time>2021-07-11T00:10:59Z</time>
      </trkpt>
      <trkpt lat="34.317132" lon="108.777083">
        <time>2021-07-11T00:11:04Z</time>
      </trkpt>
      <trkpt lat="34.317132" lon="108.777083">
        <time>2021-07-11T00:11:09Z</time>
      </trkpt>
      <trkpt lat="34.317132" lon="108.777083">
        <time>2021-07-11T00:11:14Z</time>
      </trkpt>
      <trkpt lat="34.317132" lon="108.777083">
        <time>2021-07-11T00:11:19Z</time>
      </trkpt>
      <trkpt lat="34.317132" lon="108.777083">
        <time>2021-07-11T00:11:24Z</time>
      </trkpt>
      <trkpt lat="34.317132" lon="108.777083">
        <time>2021-07-11T00:11:29Z</time>
      </trkpt>
      <trkpt lat="34.317132" lon="108.777083">
        <time>2021-07-11T00:11:34Z</time>
      </trkpt>
      <trkpt lat="34.317132" lon="108.777083">
        <time>2021-07-11T00:11:39Z</time>
      </trkpt>
      <trkpt lat="34.317132" lon="108.777083">
        <time>2021-07-11T00:11:44Z</time>
      </trkpt>
      <trkpt lat="34.317132" lon="108.777083">
        <time>2021-07-11T00:11:49Z</time>
      </trkpt>
      <trkpt lat="34.317132" lon="108.777083">
        <time>2021-07-11T00:11:54Z</time>
      </trkpt>
      <trkpt lat="34.317132" lon="108.777083">
        <time>2021-07-11T00:11:59Z</time>
      </trkpt>
      <trkpt lat="34.317132" lon="108.777083">
        <time>2021-07-11T00:12:04Z</time>
      </trkpt>
      <trkpt lat="34.317132" lon="108.777083">
        <time>2021-07-11T00:12:09Z</time>
      </trkpt>
      <trkpt lat="34.317132" lon="108.777083">
        <time>2021-07-11T00:12:14Z</time>
      </trkpt>
      <trkpt lat="34.317132" lon="108.777083">
        <time>2021-07-11T00:12:19Z</time>
      </trkpt>
      <trkpt lat="34.317132" lon="108.777083">
        <time>2021-07-11T00:12:24Z</time>
      </trkpt>
      <trkpt lat="34.317132" lon="108.777083">
        <time>2021-07-11T00:12:29Z</time>
      </trkpt>
      <trkpt lat="34.317132" lon="108.777083">
        <time>2021-07-11T00:12:34Z</time>
      </trkpt>
      <trkpt lat="34.317132" lon="108.777083">
        <time>2021-07-11T00:12:39Z</time>
      </trkpt>
      <trkpt lat="34.317132" lon="108.777083">
        <time>2021-07-11T00:12:44Z</time>
      </trkpt>
      <trkpt lat="34.317132" lon="108.777083">
        <time>2021-07-11T00:12:49Z</time>
      </trkpt>
      <trkpt lat="34.317132" lon="108.777083">
        <time>2021-07-11T00:12:54Z</time>
      </trkpt>
      <trkpt lat="34.317132" lon="108.777083">
        <time>2021-07-11T00:12:59Z</time>
      </trkpt>
      <trkpt lat="34.317132" lon="108.777083">
        <time>2021-07-11T00:13:04Z</time>
      </trkpt>
      <trkpt lat="34.317132" lon="108.777083">
        <time>2021-07-11T00:13:09Z</time>
      </trkpt>
      <trkpt lat="34.317132" lon="108.777083">
        <time>2021-07-11T00:13:14Z</time>
      </trkpt>
      <trkpt lat="34.317132" lon="108.777083">
        <time>2021-07-11T00:13:19Z</time>
      </trkpt>
      <trkpt lat="34.317132" lon="108.777083">
        <time>2021-07-11T00:13:24Z</time>
      </trkpt>
      <trkpt lat="34.317132" lon="108.777083">
        <time>2021-07-11T00:13:29Z</time>
      </trkpt>
      <trkpt lat="34.317132" lon="108.777083">
        <time>2021-07-11T00:13:34Z</time>
      </trkpt>
      <trkpt lat="34.317132" lon="108.777083">
        <time>2021-07-11T00:13:39Z</time>
      </trkpt>
      <trkpt lat="34.317132" lon="108.777083">
        <time>2021-07-11T00:13:44Z</time>
      </trkpt>
      <trkpt lat="34.317132" lon="108.777083">
        <time>2021-07-11T00:13:49Z</time>
      </trkpt>
      <trkpt lat="34.317132" lon="108.777083">
        <time>2021-07-11T00:13:54Z</time>
      </trkpt>
      <trkpt lat="34.317132" lon="108.777083">
        <time>2021-07-11T00:13:59Z</time>
      </trkpt>
      <trkpt lat="34.317132" lon="108.777083">
        <time>2021-07-11T00:14:04Z</time>
      </trkpt>
      <trkpt lat="34.317132" lon="108.777083">
        <time>2021-07-11T00:14:09Z</time>
      </trkpt>
      <trkpt lat="34.317132" lon="108.777083">
        <time>2021-07-11T00:14:14Z</time>
      </trkpt>
      <trkpt lat="34.317132" lon="108.777083">
        <time>2021-07-11T00:14:19Z</time>
      </trkpt>
      <trkpt lat="34.317132" lon="108.777083">
        <time>2021-07-11T00:14:24Z</time>
      </trkpt>
      <trkpt lat="34.317132" lon="108.777083">
        <time>2021-07-11T00:14:29Z</time>
      </trkpt>
      <trkpt lat="34.317132" lon="108.777083">
        <time>2021-07-11T00:14:34Z</time>
      </trkpt>
      <trkpt lat="34.317132" lon="108.777083">
        <time>2021-07-11T00:14:39Z</time>
      </trkpt>
      <trkpt lat="34.317132" lon="108.777083">
        <time>2021-07-11T00:14:44Z</time>
      </trkpt>
      <trkpt lat="34.317132" lon="108.777083">
        <time>2021-07-11T00:14:49Z</time>
      </trkpt>
      <trkpt lat="34.317132" lon="108.777083">
        <time>2021-07-11T00:14:54Z</time>
      </trkpt>
      <trkpt lat="34.317132" lon="108.777083">
        <time>2021-07-11T00:14:59Z</time>
      </trkpt>
      <trkpt lat="34.317132" lon="108.777083">
        <time>2021-07-11T00:15:04Z</time>
      </trkpt>
      <trkpt lat="34.317132" lon="108.777083">
        <time>2021-07-11T00:15:09Z</time>
      </trkpt>
      <trkpt lat="34.317132" lon="108.777083">
        <time>2021-07-11T00:15:14Z</time>
      </trkpt>
      <trkpt lat="34.317132" lon="108.777083">
        <time>2021-07-11T00:15:19Z</time>
      </trkpt>
      <trkpt lat="34.317132" lon="108.777083">
        <time>2021-07-11T00:15:24Z</time>
      </trkpt>
      <trkpt lat="34.317132" lon="108.777083">
        <time>2021-07-11T00:15:29Z</time>
      </trkpt>
      <trkpt lat="34.317132" lon="108.777083">
        <time>2021-07-11T00:15:34Z</time>
      </trkpt>
      <trkpt lat="34.317132" lon="108.777083">
        <time>2021-07-11T00:15:39Z</time>
      </trkpt>
      <trkpt lat="34.317132" lon="108.777083">
        <time>2021-07-11T00:15:44Z</time>
      </trkpt>
      <trkpt lat="34.317132" lon="108.777083">
        <time>2021-07-11T00:15:49Z</time>
      </trkpt>
      <trkpt lat="34.317132" lon="108.777083">
        <time>2021-07-11T00:15:54Z</time>
      </trkpt>
      <trkpt lat="34.317132" lon="108.777083">
        <time>2021-07-11T00:15:59Z</time>
      </trkpt>
      <trkpt lat="34.317132" lon="108.777083">
        <time>2021-07-11T00:16:04Z</time>
      </trkpt>
      <trkpt lat="34.317132" lon="108.777083">
        <time>2021-07-11T00:16:09Z</time>
      </trkpt>
      <trkpt lat="34.317132" lon="108.777083">
        <time>2021-07-11T00:16:14Z</time>
      </trkpt>
      <trkpt lat="34.317132" lon="108.777083">
        <time>2021-07-11T00:16:19Z</time>
      </trkpt>
      <trkpt lat="34.317132" lon="108.777083">
        <time>2021-07-11T00:16:24Z</time>
      </trkpt>
      <trkpt lat="34.317132" lon="108.777083">
        <time>2021-07-11T00:16:29Z</time>
      </trkpt>
      <trkpt lat="34.317132" lon="108.777083">
        <time>2021-07-11T00:16:34Z</time>
      </trkpt>
      <trkpt lat="34.317132" lon="108.777083">
        <time>2021-07-11T00:16:39Z</time>
      </trkpt>
      <trkpt lat="34.317132" lon="108.777083">
        <time>2021-07-11T00:16:44Z</time>
      </trkpt>
      <trkpt lat="34.317132" lon="108.777083">
        <time>2021-07-11T00:16:49Z</time>
      </trkpt>
      <trkpt lat="34.317132" lon="108.777083">
        <time>2021-07-11T00:16:54Z</time>
      </trkpt>
      <trkpt lat="34.317132" lon="108.777083">
        <time>2021-07-11T00:16:59Z</time>
      </trkpt>
      <trkpt lat="34.317132" lon="108.777083">
        <time>2021-07-11T00:17:04Z</time>
      </trkpt>
      <trkpt lat="34.317132" lon="108.777083">
        <time>2021-07-11T00:17:09Z</time>
      </trkpt>
      <trkpt lat="34.317132" lon="108.777083">
        <time>2021-07-11T00:17:14Z</time>
      </trkpt>
      <trkpt lat="34.317132" lon="108.777083">
        <time>2021-07-11T00:17:19Z</time>
      </trkpt>
      <trkpt lat="34.317132" lon="108.777083">
        <time>2021-07-11T00:17:24Z</time>
      </trkpt>
      <trkpt lat="34.317132" lon="108.777083">
        <time>2021-07-11T00:17:29Z</time>
      </trkpt>
      <trkpt lat="34.317132" lon="108.777083">
        <time>2021-07-11T00:17:34Z</time>
      </trkpt>
      <trkpt lat="34.317132" lon="108.777083">
        <time>2021-07-11T00:17:39Z</time>
      </trkpt>
      <trkpt lat="34.317132" lon="108.777083">
        <time>2021-07-11T00:17:44Z</time>
      </trkpt>
      <trkpt lat="34.317132" lon="108.777083">
        <time>2021-07-11T00:17:49Z</time>
      </trkpt>
      <trkpt lat="34.317132" lon="108.777083">
        <time>2021-07-11T00:17:54Z</time>
      </trkpt>
      <trkpt lat="34.317132" lon="108.777083">
        <time>2021-07-11T00:17:59Z</time>
      </trkpt>
      <trkpt lat="34.317132" lon="108.777083">
        <time>2021-07-11T00:18:04Z</time>
      </trkpt>
      <trkpt lat="34.317132" lon="108.777083">
        <time>2021-07-11T00:18:09Z</time>
      </trkpt>
      <trkpt lat="34.317132" lon="108.777083">
        <time>2021-07-11T00:18:14Z</time>
      </trkpt>
      <trkpt lat="34.317132" lon="108.777083">
        <time>2021-07-11T00:18:19Z</time>
      </trkpt>
      <trkpt lat="34.317132" lon="108.777083">
        <time>2021-07-11T00:18:24Z</time>
      </trkpt>
      <trkpt lat="34.317132" lon="108.777083">
        <time>2021-07-11T00:18:29Z</time>
      </trkpt>
      <trkpt lat="34.317132" lon="108.777083">
        <time>2021-07-11T00:18:34Z</time>
      </trkpt>
      <trkpt lat="34.317132" lon="108.777083">
        <time>2021-07-11T00:18:39Z</time>
      </trkpt>
      <trkpt lat="34.317132" lon="108.777083">
        <time>2021-07-11T00:18:44Z</time>
      </trkpt>
      <trkpt lat="34.317132" lon="108.777083">
        <time>2021-07-11T00:18:49Z</time>
      </trkpt>
      <trkpt lat="34.317132" lon="108.777083">
        <time>2021-07-11T00:18:54Z</time>
      </trkpt>
      <trkpt lat="34.317132" lon="108.777083">
        <time>2021-07-11T00:18:59Z</time>
      </trkpt>
      <trkpt lat="34.317132" lon="108.777083">
        <time>2021-07-11T00:19:04Z</time>
      </trkpt>
      <trkpt lat="34.317132" lon="108.777083">
        <time>2021-07-11T00:19:09Z</time>
      </trkpt>
      <trkpt lat="34.317132" lon="108.777083">
        <time>2021-07-11T00:19:14Z</time>
      </trkpt>
      <trkpt lat="34.317132" lon="108.777083">
        <time>2021-07-11T00:19:19Z</time>
      </trkpt>
      <trkpt lat="34.317132" lon="108.777083">
        <time>2021-07-11T00:19:24Z</time>
      </trkpt>
      <trkpt lat="34.317132" lon="108.777083">
        <time>2021-07-11T00:19:29Z</time>
      </trkpt>
      <trkpt lat="34.317132" lon="108.777083">
        <time>2021-07-11T00:19:34Z</time>
      </trkpt>
      <trkpt lat="34.317132" lon="108.777083">
        <time>2021-07-11T00:19:39Z</time>
      </trkpt>
      <trkpt lat="34.317132" lon="108.777083">
        <time>2021-07-11T00:19:44Z</time>
      </trkpt>
      <trkpt lat="34.317132" lon="108.777083">
        <time>2021-07-11T00:19:49Z</time>
      </trkpt>
      <trkpt lat="34.317132" lon="108.777083">
        <time>2021-07-11T00:19:54Z</time>
      </trkpt>
      <trkpt lat="34.317132" lon="108.777083">
        <time>2021-07-11T00:19:59Z</time>
      </trkpt>
      <trkpt lat="34.317132" lon="108.777083">
        <time>2021-07-11T00:20:04Z</time>
      </trkpt>
      <trkpt lat="34.317132" lon="108.777083">
        <time>2021-07-11T00:20:09Z</time>
      </trkpt>
      <trkpt lat="34.317132" lon="108.777083">
        <time>2021-07-11T00:20:14Z</time>
      </trkpt>
      <trkpt lat="34.317132" lon="108.777083">
        <time>2021-07-11T00:20:19Z</time>
      </trkpt>
      <trkpt lat="34.317132" lon="108.777083">
        <time>2021-07-11T00:20:24Z</time>
      </trkpt>
      <trkpt lat="34.317132" lon="108.777083">
        <time>2021-07-11T00:20:29Z</time>
      </trkpt>
      <trkpt lat="34.317132" lon="108.777083">
        <time>2021-07-11T00:20:34Z</time>
      </trkpt>
      <trkpt lat="34.317132" lon="108.777083">
        <time>2021-07-11T00:20:39Z</time>
      </trkpt>
      <trkpt lat="34.317132" lon="108.777083">
        <time>2021-07-11T00:20:44Z</time>
      </trkpt>
      <trkpt lat="34.317132" lon="108.777083">
        <time>2021-07-11T00:20:49Z</time>
      </trkpt>
      <trkpt lat="34.317132" lon="108.777083">
        <time>2021-07-11T00:20:54Z</time>
      </trkpt>
      <trkpt lat="34.317132" lon="108.777083">
        <time>2021-07-11T00:20:59Z</time>
      </trkpt>
      <trkpt lat="34.317132" lon="108.777083">
        <time>2021-07-11T00:21:04Z</time>
      </trkpt>
      <trkpt lat="34.317132" lon="108.777083">
        <time>2021-07-11T00:21:09Z</time>
      </trkpt>
      <trkpt lat="34.317132" lon="108.777083">
        <time>2021-07-11T00:21:14Z</time>
      </trkpt>
      <trkpt lat="34.317132" lon="108.777083">
        <time>2021-07-11T00:21:19Z</time>
      </trkpt>
      <trkpt lat="34.317132" lon="108.777083">
        <time>2021-07-11T00:21:24Z</time>
      </trkpt>
      <trkpt lat="34.317132" lon="108.777083">
        <time>2021-07-11T00:21:29Z</time>
      </trkpt>
      <trkpt lat="34.317132" lon="108.777083">
        <time>2021-07-11T00:21:34Z</time>
      </trkpt>
      <trkpt lat="34.317132" lon="108.777083">
        <time>2021-07-11T00:21:39Z</time>
      </trkpt>
      <trkpt lat="34.317132" lon="108.777083">
        <time>2021-07-11T00:21:44Z</time>
      </trkpt>
      <trkpt lat="34.317132" lon="108.777083">
        <time>2021-07-11T00:21:49Z</time>
      </trkpt>
      <trkpt lat="34.317132" lon="108.777083">
        <time>2021-07-11T00:21:54Z</time>
      </trkpt>
      <trkpt lat="34.317132" lon="108.777083">
        <time>2021-07-11T00:21:59Z</time>
      </trkpt>
      <trkpt lat="34.317132" lon="108.777083">
        <time>2021-07-11T00:22:04Z</time>
      </trkpt>
      <trkpt lat="34.317132" lon="108.777083">
        <time>2021-07-11T00:22:09Z</time>
      </trkpt>
      <trkpt lat="34.317132" lon="108.777083">
        <time>2021-07-11T00:22:14Z</time>
      </trkpt>
      <trkpt lat="34.317132" lon="108.777083">
        <time>2021-07-11T00:22:19Z</time>
      </trkpt>
      <trkpt lat="34.317132" lon="108.777083">
        <time>2021-07-11T00:22:24Z</time>
      </trkpt>
      <trkpt lat="34.317132" lon="108.777083">
        <time>2021-07-11T00:22:29Z</time>
      </trkpt>
      <trkpt lat="34.317132" lon="108.777083">
        <time>2021-07-11T00:22:34Z</time>
      </trkpt>
      <trkpt lat="34.317132" lon="108.777083">
        <time>2021-07-11T00:22:39Z</time>
      </trkpt>
      <trkpt lat="34.317132" lon="108.777083">
        <time>2021-07-11T00:22:44Z</time>
      </trkpt>
      <trkpt lat="34.317132" lon="108.777083">
        <time>2021-07-11T00:22:49Z</time>
      </trkpt>
      <trkpt lat="34.317132" lon="108.777083">
        <time>2021-07-11T00:22:54Z</time>
      </trkpt>
      <trkpt lat="34.317132" lon="108.777083">
        <time>2021-07-11T00:22:59Z</time>
      </trkpt>
      <trkpt lat="34.317132" lon="108.777083">
        <time>2021-07-11T00:23:04Z</time>
      </trkpt>
      <trkpt lat="34.317132" lon="108.777083">
        <time>2021-07-11T00:23:09Z</time>
      </trkpt>
      <trkpt lat="34.317132" lon="108.777083">
        <time>2021-07-11T00:23:14Z</time>
      </trkpt>
      <trkpt lat="34.317132" lon="108.777083">
        <time>2021-07-11T00:23:19Z</time>
      </trkpt>
      <trkpt lat="34.317132" lon="108.777083">
        <time>2021-07-11T00:23:24Z</time>
      </trkpt>
      <trkpt lat="34.317132" lon="108.777083">
        <time>2021-07-11T00:23:29Z</time>
      </trkpt>
      <trkpt lat="34.317132" lon="108.777083">
        <time>2021-07-11T00:23:34Z</time>
      </trkpt>
      <trkpt lat="34.317132" lon="108.777083">
        <time>2021-07-11T00:23:39Z</time>
      </trkpt>
      <trkpt lat="34.317132" lon="108.777083">
        <time>2021-07-11T00:23:44Z</time>
      </trkpt>
      <trkpt lat="34.317132" lon="108.777083">
        <time>2021-07-11T00:23:49Z</time>
      </trkpt>
      <trkpt lat="34.317132" lon="108.777083">
        <time>2021-07-11T00:23:54Z</time>
      </trkpt>
      <trkpt lat="34.317132" lon="108.777083">
        <time>2021-07-11T00:23:59Z</time>
      </trkpt>
      <trkpt lat="34.317132" lon="108.777083">
        <time>2021-07-11T00:24:04Z</time>
      </trkpt>
      <trkpt lat="34.317132" lon="108.777083">
        <time>2021-07-11T00:24:09Z</time>
      </trkpt>
      <trkpt lat="34.317132" lon="108.777083">
        <time>2021-07-11T00:24:14Z</time>
      </trkpt>
      <trkpt lat="34.317132" lon="108.777083">
        <time>2021-07-11T00:24:19Z</time>
      </trkpt>
      <trkpt lat="34.317132" lon="108.777083">
        <time>2021-07-11T00:24:24Z</time>
      </trkpt>
      <trkpt lat="34.317132" lon="108.777083">
        <time>2021-07-11T00:24:29Z</time>
      </trkpt>
      <trkpt lat="34.317132" lon="108.777083">
        <time>2021-07-11T00:24:34Z</time>
      </trkpt>
      <trkpt lat="34.317132" lon="108.777083">
        <time>2021-07-11T00:24:39Z</time>
      </trkpt>
      <trkpt lat="34.317132" lon="108.777083">
        <time>2021-07-11T00:24:44Z</time>
      </trkpt>
      <trkpt lat="34.317132" lon="108.777083">
        <time>2021-07-11T00:24:49Z</time>
      </trkpt>
      <trkpt lat="34.317132" lon="108.777083">
        <time>2021-07-11T00:24:54Z</time>
      </trkpt>
      <trkpt lat="34.317132" lon="108.777083">
        <time>2021-07-11T00:24:59Z</time>
      </trkpt>
      <trkpt lat="34.317132" lon="108.777083">
        <time>2021-07-11T00:25:04Z</time>
      </trkpt>
      <trkpt lat="34.317132" lon="108.777083">
        <time>2021-07-11T00:25:09Z</time>
      </trkpt>
      <trkpt lat="34.317132" lon="108.777083">
        <time>2021-07-11T00:25:14Z</time>
      </trkpt>
      <trkpt lat="34.317132" lon="108.777083">
        <time>2021-07-11T00:25:19Z</time>
      </trkpt>
      <trkpt lat="34.317132" lon="108.777083">
        <time>2021-07-11T00:25:24Z</time>
      </trkpt>
      <trkpt lat="34.317132" lon="108.777083">
        <time>2021-07-11T00:25:29Z</time>
      </trkpt>
      <trkpt lat="34.317132" lon="108.777083">
        <time>2021-07-11T00:25:34Z</time>
      </trkpt>
      <trkpt lat="34.317132" lon="108.777083">
        <time>2021-07-11T00:25:39Z</time>
      </trkpt>
      <trkpt lat="34.317132" lon="108.777083">
        <time>2021-07-11T00:25:44Z</time>
      </trkpt>
      <trkpt lat="34.317132" lon="108.777083">
        <time>2021-07-11T00:25:49Z</time>
      </trkpt>
      <trkpt lat="34.317132" lon="108.777083">
        <time>2021-07-11T00:25:54Z</time>
      </trkpt>
      <trkpt lat="34.317132" lon="108.777083">
        <time>2021-07-11T00:25:59Z</time>
      </trkpt>
      <trkpt lat="34.317132" lon="108.777083">
        <time>2021-07-11T00:26:04Z</time>
      </trkpt>
      <trkpt lat="34.317132" lon="108.777083">
        <time>2021-07-11T00:26:09Z</time>
      </trkpt>
      <trkpt lat="34.317132" lon="108.777083">
        <time>2021-07-11T00:26:14Z</time>
      </trkpt>
      <trkpt lat="34.317132" lon="108.777083">
        <time>2021-07-11T00:26:19Z</time>
      </trkpt>
      <trkpt lat="34.317132" lon="108.777083">
        <time>2021-07-11T00:26:24Z</time>
      </trkpt>
      <trkpt lat="34.317132" lon="108.777083">
        <time>2021-07-11T00:26:29Z</time>
      </trkpt>
      <trkpt lat="34.317132" lon="108.777083">
        <time>2021-07-11T00:26:34Z</time>
      </trkpt>
      <trkpt lat="34.317132" lon="108.777083">
        <time>2021-07-11T00:26:39Z</time>
      </trkpt>
      <trkpt lat="34.317132" lon="108.777083">
        <time>2021-07-11T00:26:44Z</time>
      </trkpt>
      <trkpt lat="34.317132" lon="108.777083">
        <time>2021-07-11T00:26:49Z</time>
      </trkpt>
      <trkpt lat="34.317132" lon="108.777083">
        <time>2021-07-11T00:26:54Z</time>
      </trkpt>
      <trkpt lat="34.317132" lon="108.777083">
        <time>2021-07-11T00:26:59Z</time>
      </trkpt>
      <trkpt lat="34.317132" lon="108.777083">
        <time>2021-07-11T00:27:04Z</time>
      </trkpt>
      <trkpt lat="34.317132" lon="108.777083">
        <time>2021-07-11T00:27:09Z</time>
      </trkpt>
      <trkpt lat="34.317132" lon="108.777083">
        <time>2021-07-11T00:27:14Z</time>
      </trkpt>
      <trkpt lat="34.317132" lon="108.777083">
        <time>2021-07-11T00:27:19Z</time>
      </trkpt>
      <trkpt lat="34.317132" lon="108.777083">
        <time>2021-07-11T00:27:24Z</time>
      </trkpt>
      <trkpt lat="34.317132" lon="108.777083">
        <time>2021-07-11T00:27:29Z</time>
      </trkpt>
      <trkpt lat="34.317132" lon="108.777083">
        <time>2021-07-11T00:27:34Z</time>
      </trkpt>
      <trkpt lat="34.317132" lon="108.777083">
        <time>2021-07-11T00:27:39Z</time>
      </trkpt>
      <trkpt lat="34.317132" lon="108.777083">
        <time>2021-07-11T00:27:44Z</time>
      </trkpt>
      <trkpt lat="34.317132" lon="108.777083">
        <time>2021-07-11T00:27:49Z</time>
      </trkpt>
      <trkpt lat="34.317132" lon="108.777083">
        <time>2021-07-11T00:27:54Z</time>
      </trkpt>
      <trkpt lat="34.317132" lon="108.777083">
        <time>2021-07-11T00:27:59Z</time>
      </trkpt>
      <trkpt lat="34.317132" lon="108.777083">
        <time>2021-07-11T00:28:04Z</time>
      </trkpt>
      <trkpt lat="34.317132" lon="108.777083">
        <time>2021-07-11T00:28:09Z</time>
      </trkpt>
      <trkpt lat="34.317132" lon="108.777083">
        <time>2021-07-11T00:28:14Z</time>
      </trkpt>
      <trkpt lat="34.317132" lon="108.777083">
        <time>2021-07-11T00:28:19Z</time>
      </trkpt>
      <trkpt lat="34.317132" lon="108.777083">
        <time>2021-07-11T00:28:24Z</time>
      </trkpt>
      <trkpt lat="34.317132" lon="108.777083">
        <time>2021-07-11T00:28:29Z</time>
      </trkpt>
      <trkpt lat="34.317132" lon="108.777083">
        <time>2021-07-11T00:28:34Z</time>
      </trkpt>
      <trkpt lat="34.317132" lon="108.777083">
        <time>2021-07-11T00:28:39Z</time>
      </trkpt>
      <trkpt lat="34.317132" lon="108.777083">
        <time>2021-07-11T00:28:44Z</time>
      </trkpt>
      <trkpt lat="34.317132" lon="108.777083">
        <time>2021-07-11T00:28:49Z</time>
      </trkpt>
      <trkpt lat="34.317132" lon="108.777083">
        <time>2021-07-11T00:28:54Z</time>
      </trkpt>
      <trkpt lat="34.317132" lon="108.777083">
        <time>2021-07-11T00:28:59Z</time>
      </trkpt>
      <trkpt lat="34.317132" lon="108.777083">
        <time>2021-07-11T00:29:04Z</time>
      </trkpt>
      <trkpt lat="34.317132" lon="108.777083">
        <time>2021-07-11T00:29:09Z</time>
      </trkpt>
      <trkpt lat="34.317132" lon="108.777083">
        <time>2021-07-11T00:29:14Z</time>
      </trkpt>
      <trkpt lat="34.317132" lon="108.777083">
        <time>2021-07-11T00:29:19Z</time>
      </trkpt>
      <trkpt lat="34.317132" lon="108.777083">
        <time>2021-07-11T00:29:24Z</time>
      </trkpt>
      <trkpt lat="34.317132" lon="108.777083">
        <time>2021-07-11T00:29:29Z</time>
      </trkpt>
      <trkpt lat="34.317132" lon="108.777083">
        <time>2021-07-11T00:29:34Z</time>
      </trkpt>
      <trkpt lat="34.317132" lon="108.777083">
        <time>2021-07-11T00:29:39Z</time>
      </trkpt>
      <trkpt lat="34.317132" lon="108.777083">
        <time>2021-07-11T00:29:44Z</time>
      </trkpt>
      <trkpt lat="34.317132" lon="108.777083">
        <time>2021-07-11T00:29:49Z</time>
      </trkpt>
      <trkpt lat="34.317132" lon="108.777083">
        <time>2021-07-11T00:29:54Z</time>
      </trkpt>
      <trkpt lat="34.317132" lon="108.777083">
        <time>2021-07-11T00:29:59Z</time>
      </trkpt>
      <trkpt lat="34.317132" lon="108.777083">
        <time>2021-07-11T00:30:04Z</time>
      </trkpt>
      <trkpt lat="34.317132" lon="108.777083">
        <time>2021-07-11T00:30:09Z</time>
      </trkpt>
      <trkpt lat="34.317132" lon="108.777083">
        <time>2021-07-11T00:30:14Z</time>
      </trkpt>
      <trkpt lat="34.317132" lon="108.777083">
        <time>2021-07-11T00:30:19Z</time>
      </trkpt>
      <trkpt lat="34.317132" lon="108.777083">
        <time>2021-07-11T00:30:24Z</time>
      </trkpt>
      <trkpt lat="34.317132" lon="108.777083">
        <time>2021-07-11T00:30:29Z</time>
      </trkpt>
      <trkpt lat="34.317132" lon="108.777083">
        <time>2021-07-11T00:30:34Z</time>
      </trkpt>
      <trkpt lat="34.317132" lon="108.777083">
        <time>2021-07-11T00:30:39Z</time>
      </trkpt>
      <trkpt lat="34.317132" lon="108.777083">
        <time>2021-07-11T00:30:44Z</time>
      </trkpt>
      <trkpt lat="34.317132" lon="108.777083">
        <time>2021-07-11T00:30:49Z</time>
      </trkpt>
      <trkpt lat="34.317132" lon="108.777083">
        <time>2021-07-11T00:30:54Z</time>
      </trkpt>
      <trkpt lat="34.317132" lon="108.777083">
        <time>2021-07-11T00:30:59Z</time>
      </trkpt>
      <trkpt lat="34.317132" lon="108.777083">
        <time>2021-07-11T00:31:04Z</time>
      </trkpt>
      <trkpt lat="34.317132" lon="108.777083">
        <time>2021-07-11T00:31:09Z</time>
      </trkpt>
      <trkpt lat="34.317132" lon="108.777083">
        <time>2021-07-11T00:31:14Z</time>
      </trkpt>
      <trkpt lat="34.317132" lon="108.777083">
        <time>2021-07-11T00:31:19Z</time>
      </trkpt>
      <trkpt lat="34.317132" lon="108.777083">
        <time>2021-07-11T00:31:24Z</time>
      </trkpt>
      <trkpt lat="34.317132" lon="108.777083">
        <time>2021-07-11T00:31:29Z</time>
      </trkpt>
      <trkpt lat="34.317132" lon="108.777083">
        <time>2021-07-11T00:31:34Z</time>
      </trkpt>
      <trkpt lat="34.317132" lon="108.777083">
        <time>2021-07-11T00:31:39Z</time>
      </trkpt>
      <trkpt lat="34.317132" lon="108.777083">
        <time>2021-07-11T00:31:44Z</time>
      </trkpt>
      <trkpt lat="34.317132" lon="108.777083">
        <time>2021-07-11T00:31:49Z</time>
      </trkpt>
      <trkpt lat="34.317132" lon="108.777083">
        <time>2021-07-11T00:31:54Z</time>
      </trkpt>
      <trkpt lat="34.317132" lon="108.777083">
        <time>2021-07-11T00:31:59Z</time>
      </trkpt>
      <trkpt lat="34.317132" lon="108.777083">
        <time>2021-07-11T00:32:04Z</time>
      </trkpt>
      <trkpt lat="34.317132" lon="108.777083">
        <time>2021-07-11T00:32:09Z</time>
      </trkpt>
      <trkpt lat="34.317132" lon="108.777083">
        <time>2021-07-11T00:32:14Z</time>
      </trkpt>
      <trkpt lat="34.317132" lon="108.777083">
        <time>2021-07-11T00:32:19Z</time>
      </trkpt>
      <trkpt lat="34.317132" lon="108.777083">
        <time>2021-07-11T00:32:24Z</time>
      </trkpt>
      <trkpt lat="34.317132" lon="108.777083">
        <time>2021-07-11T00:32:29Z</time>
      </trkpt>
      <trkpt lat="34.317132" lon="108.777083">
        <time>2021-07-11T00:32:34Z</time>
      </trkpt>
      <trkpt lat="34.317132" lon="108.777083">
        <time>2021-07-11T00:32:39Z</time>
      </trkpt>
      <trkpt lat="34.317132" lon="108.777083">
        <time>2021-07-11T00:32:44Z</time>
      </trkpt>
      <trkpt lat="34.317132" lon="108.777083">
        <time>2021-07-11T00:32:49Z</time>
      </trkpt>
      <trkpt lat="34.317132" lon="108.777083">
        <time>2021-07-11T00:32:54Z</time>
      </trkpt>
      <trkpt lat="34.317132" lon="108.777083">
        <time>2021-07-11T00:32:59Z</time>
      </trkpt>
      <trkpt lat="34.317132" lon="108.777083">
        <time>2021-07-11T00:33:04Z</time>
      </trkpt>
      <trkpt lat="34.317132" lon="108.777083">
        <time>2021-07-11T00:33:09Z</time>
      </trkpt>
      <trkpt lat="34.317132" lon="108.777083">
        <time>2021-07-11T00:33:14Z</time>
      </trkpt>
      <trkpt lat="34.317132" lon="108.777083">
        <time>2021-07-11T00:33:19Z</time>
      </trkpt>
      <trkpt lat="34.317132" lon="108.777083">
        <time>2021-07-11T00:33:24Z</time>
      </trkpt>
      <trkpt lat="34.317132" lon="108.777083">
        <time>2021-07-11T00:33:29Z</time>
      </trkpt>
      <trkpt lat="34.317132" lon="108.777083">
        <time>2021-07-11T00:33:34Z</time>
      </trkpt>
      <trkpt lat="34.317132" lon="108.777083">
        <time>2021-07-11T00:33:39Z</time>
      </trkpt>
      <trkpt lat="34.317132" lon="108.777083">
        <time>2021-07-11T00:33:44Z</time>
      </trkpt>
      <trkpt lat="34.317132" lon="108.777083">
        <time>2021-07-11T00:33:49Z</time>
      </trkpt>
      <trkpt lat="34.317132" lon="108.777083">
        <time>2021-07-11T00:33:54Z</time>
      </trkpt>
      <trkpt lat="34.317132" lon="108.777083">
        <time>2021-07-11T00:33:59Z</time>
      </trkpt>
      <trkpt lat="34.317132" lon="108.777083">
        <time>2021-07-11T00:34:04Z</time>
      </trkpt>
      <trkpt lat="34.317132" lon="108.777083">
        <time>2021-07-11T00:34:09Z</time>
      </trkpt>
      <trkpt lat="34.317132" lon="108.777083">
        <time>2021-07-11T00:34:14Z</time>
      </trkpt>
      <trkpt lat="34.317132" lon="108.777083">
        <time>2021-07-11T00:34:19Z</time>
      </trkpt>
      <trkpt lat="34.317132" lon="108.777083">
        <time>2021-07-11T00:34:24Z</time>
      </trkpt>
      <trkpt lat="34.317132" lon="108.777083">
        <time>2021-07-11T00:34:29Z</time>
      </trkpt>
      <trkpt lat="34.317132" lon="108.777083">
        <time>2021-07-11T00:34:34Z</time>
      </trkpt>
      <trkpt lat="34.317132" lon="108.777083">
        <time>2021-07-11T00:34:39Z</time>
      </trkpt>
      <trkpt lat="34.317132" lon="108.777083">
        <time>2021-07-11T00:34:44Z</time>
      </trkpt>
      <trkpt lat="34.317132" lon="108.777083">
        <time>2021-07-11T00:34:49Z</time>
      </trkpt>
      <trkpt lat="34.317132" lon="108.777083">
        <time>2021-07-11T00:34:54Z</time>
      </trkpt>
      <trkpt lat="34.317132" lon="108.777083">
        <time>2021-07-11T00:34:59Z</time>
      </trkpt>
      <trkpt lat="34.317132" lon="108.777083">
        <time>2021-07-11T00:35:04Z</time>
      </trkpt>
      <trkpt lat="34.317132" lon="108.777083">
        <time>2021-07-11T00:35:09Z</time>
      </trkpt>
      <trkpt lat="34.317132" lon="108.777083">
        <time>2021-07-11T00:35:14Z</time>
      </trkpt>
      <trkpt lat="34.317132" lon="108.777083">
        <time>2021-07-11T00:35:19Z</time>
      </trkpt>
      <trkpt lat="34.317132" lon="108.777083">
        <time>2021-07-11T00:35:24Z</time>
      </trkpt>
      <trkpt lat="34.317132" lon="108.777083">
        <time>2021-07-11T00:35:29Z</time>
      </trkpt>
      <trkpt lat="34.317132" lon="108.777083">
        <time>2021-07-11T00:35:34Z</time>
      </trkpt>
      <trkpt lat="34.317132" lon="108.777083">
        <time>2021-07-11T00:35:39Z</time>
      </trkpt>
      <trkpt lat="34.317132" lon="108.777083">
        <time>2021-07-11T00:35:44Z</time>
      </trkpt>
      <trkpt lat="34.317132" lon="108.777083">
        <time>2021-07-11T00:35:49Z</time>
      </trkpt>
      <trkpt lat="34.317132" lon="108.777083">
        <time>2021-07-11T00:35:54Z</time>
      </trkpt>
      <trkpt lat="34.317132" lon="108.777083">
        <time>2021-07-11T00:35:59Z</time>
      </trkpt>
      <trkpt lat="34.317132" lon="108.777083">
        <time>2021-07-11T00:36:04Z</time>
      </trkpt>
      <trkpt lat="34.317132" lon="108.777083">
        <time>2021-07-11T00:36:09Z</time>
      </trkpt>
      <trkpt lat="34.317132" lon="108.777083">
        <time>2021-07-11T00:36:14Z</time>
      </trkpt>
      <trkpt lat="34.317132" lon="108.777083">
        <time>2021-07-11T00:36:19Z</time>
      </trkpt>
      <trkpt lat="34.317132" lon="108.777083">
        <time>2021-07-11T00:36:24Z</time>
      </trkpt>
      <trkpt lat="34.317132" lon="108.777083">
        <time>2021-07-11T00:36:29Z</time>
      </trkpt>
      <trkpt lat="34.317132" lon="108.777083">
        <time>2021-07-11T00:36:34Z</time>
      </trkpt>
      <trkpt lat="34.317132" lon="108.777083">
        <time>2021-07-11T00:36:39Z</time>
      </trkpt>
      <trkpt lat="34.317132" lon="108.777083">
        <time>2021-07-11T00:36:44Z</time>
      </trkpt>
      <trkpt lat="34.317132" lon="108.777083">
        <time>2021-07-11T00:36:49Z</time>
      </trkpt>
      <trkpt lat="34.317132" lon="108.777083">
        <time>2021-07-11T00:36:54Z</time>
      </trkpt>
      <trkpt lat="34.317132" lon="108.777083">
        <time>2021-07-11T00:36:59Z</time>
      </trkpt>
      <trkpt lat="34.317132" lon="108.777083">
        <time>2021-07-11T00:37:04Z</time>
      </trkpt>
      <trkpt lat="34.317132" lon="108.777083">
        <time>2021-07-11T00:37:09Z</time>
      </trkpt>
      <trkpt lat="34.317132" lon="108.777083">
        <time>2021-07-11T00:37:14Z</time>
      </trkpt>
      <trkpt lat="34.317132" lon="108.777083">
        <time>2021-07-11T00:37:19Z</time>
      </trkpt>
      <trkpt lat="34.317132" lon="108.777083">
        <time>2021-07-11T00:37:24Z</time>
      </trkpt>
      <trkpt lat="34.317132" lon="108.777083">
        <time>2021-07-11T00:37:29Z</time>
      </trkpt>
      <trkpt lat="34.317132" lon="108.777083">
        <time>2021-07-11T00:37:34Z</time>
      </trkpt>
      <trkpt lat="34.317132" lon="108.777083">
        <time>2021-07-11T00:37:39Z</time>
      </trkpt>
      <trkpt lat="34.317132" lon="108.777083">
        <time>2021-07-11T00:37:44Z</time>
      </trkpt>
      <trkpt lat="34.317132" lon="108.777083">
        <time>2021-07-11T00:37:49Z</time>
      </trkpt>
      <trkpt lat="34.317132" lon="108.777083">
        <time>2021-07-11T00:37:54Z</time>
      </trkpt>
      <trkpt lat="34.317132" lon="108.777083">
        <time>2021-07-11T00:37:59Z</time>
      </trkpt>
      <trkpt lat="34.317132" lon="108.777083">
        <time>2021-07-11T00:38:04Z</time>
      </trkpt>
      <trkpt lat="34.317132" lon="108.777083">
        <time>2021-07-11T00:38:09Z</time>
      </trkpt>
      <trkpt lat="34.317132" lon="108.777083">
        <time>2021-07-11T00:38:14Z</time>
      </trkpt>
      <trkpt lat="34.317132" lon="108.777083">
        <time>2021-07-11T00:38:19Z</time>
      </trkpt>
      <trkpt lat="34.317132" lon="108.777083">
        <time>2021-07-11T00:38:24Z</time>
      </trkpt>
      <trkpt lat="34.317132" lon="108.777083">
        <time>2021-07-11T00:38:29Z</time>
      </trkpt>
      <trkpt lat="34.317132" lon="108.777083">
        <time>2021-07-11T00:38:34Z</time>
      </trkpt>
      <trkpt lat="34.317132" lon="108.777083">
        <time>2021-07-11T00:38:39Z</time>
      </trkpt>
      <trkpt lat="34.317132" lon="108.777083">
        <time>2021-07-11T00:38:44Z</time>
      </trkpt>
      <trkpt lat="34.317132" lon="108.777083">
        <time>2021-07-11T00:38:49Z</time>
      </trkpt>
      <trkpt lat="34.317132" lon="108.777083">
        <time>2021-07-11T00:38:54Z</time>
      </trkpt>
      <trkpt lat="34.317132" lon="108.777083">
        <time>2021-07-11T00:38:59Z</time>
      </trkpt>
      <trkpt lat="34.317132" lon="108.777083">
        <time>2021-07-11T00:39:04Z</time>
      </trkpt>
      <trkpt lat="34.317132" lon="108.777083">
        <time>2021-07-11T00:39:09Z</time>
      </trkpt>
      <trkpt lat="34.317132" lon="108.777083">
        <time>2021-07-11T00:39:14Z</time>
      </trkpt>
      <trkpt lat="34.317132" lon="108.777083">
        <time>2021-07-11T00:39:19Z</time>
      </trkpt>
      <trkpt lat="34.317132" lon="108.777083">
        <time>2021-07-11T00:39:24Z</time>
      </trkpt>
      <trkpt lat="34.317132" lon="108.777083">
        <time>2021-07-11T00:39:29Z</time>
      </trkpt>
      <trkpt lat="34.317132" lon="108.777083">
        <time>2021-07-11T00:39:34Z</time>
      </trkpt>
      <trkpt lat="34.317132" lon="108.777083">
        <time>2021-07-11T00:39:39Z</time>
      </trkpt>
      <trkpt lat="34.317132" lon="108.777083">
        <time>2021-07-11T00:39:44Z</time>
      </trkpt>
      <trkpt lat="34.317132" lon="108.777083">
        <time>2021-07-11T00:39:49Z</time>
      </trkpt>
      <trkpt lat="34.317132" lon="108.777083">
        <time>2021-07-11T00:39:54Z</time>
      </trkpt>
      <trkpt lat="34.317132" lon="108.777083">
        <time>2021-07-11T00:39:59Z</time>
      </trkpt>
      <trkpt lat="34.317132" lon="108.777083">
        <time>2021-07-11T00:40:04Z</time>
      </trkpt>
      <trkpt lat="34.317132" lon="108.777083">
        <time>2021-07-11T00:40:09Z</time>
      </trkpt>
      <trkpt lat="34.317132" lon="108.777083">
        <time>2021-07-11T00:40:14Z</time>
      </trkpt>
      <trkpt lat="34.317132" lon="108.777083">
        <time>2021-07-11T00:40:19Z</time>
      </trkpt>
      <trkpt lat="34.317132" lon="108.777083">
        <time>2021-07-11T00:40:24Z</time>
      </trkpt>
      <trkpt lat="34.317132" lon="108.777083">
        <time>2021-07-11T00:40:29Z</time>
      </trkpt>
      <trkpt lat="34.317132" lon="108.777083">
        <time>2021-07-11T00:40:34Z</time>
      </trkpt>
      <trkpt lat="34.317132" lon="108.777083">
        <time>2021-07-11T00:40:39Z</time>
      </trkpt>
      <trkpt lat="34.317132" lon="108.777083">
        <time>2021-07-11T00:40:44Z</time>
      </trkpt>
      <trkpt lat="34.317132" lon="108.777083">
        <time>2021-07-11T00:40:49Z</time>
      </trkpt>
      <trkpt lat="34.317132" lon="108.777083">
        <time>2021-07-11T00:40:54Z</time>
      </trkpt>
      <trkpt lat="34.317132" lon="108.777083">
        <time>2021-07-11T00:40:59Z</time>
      </trkpt>
      <trkpt lat="34.317132" lon="108.777083">
        <time>2021-07-11T00:41:04Z</time>
      </trkpt>
      <trkpt lat="34.317132" lon="108.777083">
        <time>2021-07-11T00:41:09Z</time>
      </trkpt>
      <trkpt lat="34.317132" lon="108.777083">
        <time>2021-07-11T00:41:14Z</time>
      </trkpt>
      <trkpt lat="34.317132" lon="108.777083">
        <time>2021-07-11T00:41:19Z</time>
      </trkpt>
      <trkpt lat="34.317132" lon="108.777083">
        <time>2021-07-11T00:41:24Z</time>
      </trkpt>
      <trkpt lat="34.317132" lon="108.777083">
        <time>2021-07-11T00:41:29Z</time>
      </trkpt>
      <trkpt lat="34.317132" lon="108.777083">
        <time>2021-07-11T00:41:34Z</time>
      </trkpt>
      <trkpt lat="34.317132" lon="108.777083">
        <time>2021-07-11T00:41:39Z</time>
      </trkpt>
      <trkpt lat="34.317132" lon="108.777083">
        <time>2021-07-11T00:41:44Z</time>
      </trkpt>
      <trkpt lat="34.317132" lon="108.777083">
        <time>2021-07-11T00:41:49Z</time>
      </trkpt>
      <trkpt lat="34.317132" lon="108.777083">
        <time>2021-07-11T00:41:54Z</time>
      </trkpt>
      <trkpt lat="34.317132" lon="108.777083">
        <time>2021-07-11T00:41:59Z</time>
      </trkpt>
      <trkpt lat="34.317132" lon="108.777083">
        <time>2021-07-11T00:42:04Z</time>
      </trkpt>
      <trkpt lat="34.317132" lon="108.777083">
        <time>2021-07-11T00:42:09Z</time>
      </trkpt>
      <trkpt lat="34.317132" lon="108.777083">
        <time>2021-07-11T00:42:14Z</time>
      </trkpt>
      <trkpt lat="34.317132" lon="108.777083">
        <time>2021-07-11T00:42:19Z</time>
      </trkpt>
      <trkpt lat="34.317132" lon="108.777083">
        <time>2021-07-11T00:42:24Z</time>
      </trkpt>
      <trkpt lat="34.317132" lon="108.777083">
        <time>2021-07-11T00:42:29Z</time>
      </trkpt>
      <trkpt lat="34.317132" lon="108.777083">
        <time>2021-07-11T00:42:34Z</time>
      </trkpt>
      <trkpt lat="34.317132" lon="108.777083">
        <time>2021-07-11T00:42:39Z</time>
      </trkpt>
      <trkpt lat="34.317132" lon="108.777083">
        <time>2021-07-11T00:42:44Z</time>
      </trkpt>
      <trkpt lat="34.317132" lon="108.777083">
        <time>2021-07-11T00:42:49Z</time>
      </trkpt>
      <trkpt lat="34.317132" lon="108.777083">
        <time>2021-07-11T00:42:54Z</time>
      </trkpt>
      <trkpt lat="34.317132" lon="108.777083">
        <time>2021-07-11T00:42:59Z</time>
      </trkpt>
      <trkpt lat="34.317132" lon="108.777083">
        <time>2021-07-11T00:43:04Z</time>
      </trkpt>
      <trkpt lat="34.317132" lon="108.777083">
        <time>2021-07-11T00:43:09Z</time>
      </trkpt>
      <trkpt lat="34.317132" lon="108.777083">
        <time>2021-07-11T00:43:14Z</time>
      </trkpt>
      <trkpt lat="34.317132" lon="108.777083">
        <time>2021-07-11T00:43:19Z</time>
      </trkpt>
      <trkpt lat="34.317132" lon="108.777083">
        <time>2021-07-11T00:43:24Z</time>
      </trkpt>
      <trkpt lat="34.317132" lon="108.777083">
        <time>2021-07-11T00:43:29Z</time>
      </trkpt>
      <trkpt lat="34.317132" lon="108.777083">
        <time>2021-07-11T00:43:34Z</time>
      </trkpt>
      <trkpt lat="34.317132" lon="108.777083">
        <time>2021-07-11T00:43:39Z</time>
      </trkpt>
      <trkpt lat="34.317132" lon="108.777083">
        <time>2021-07-11T00:43:44Z</time>
      </trkpt>
      <trkpt lat="34.317132" lon="108.777083">
        <time>2021-07-11T00:43:49Z</time>
      </trkpt>
      <trkpt lat="34.317132" lon="108.777083">
        <time>2021-07-11T00:43:54Z</time>
      </trkpt>
      <trkpt lat="34.317132" lon="108.777083">
        <time>2021-07-11T00:43:59Z</time>
      </trkpt>
      <trkpt lat="34.317132" lon="108.777083">
        <time>2021-07-11T00:44:04Z</time>
      </trkpt>
      <trkpt lat="34.317132" lon="108.777083">
        <time>2021-07-11T00:44:09Z</time>
      </trkpt>
      <trkpt lat="34.317132" lon="108.777083">
        <time>2021-07-11T00:44:14Z</time>
      </trkpt>
      <trkpt lat="34.317132" lon="108.777083">
        <time>2021-07-11T00:44:19Z</time>
      </trkpt>
      <trkpt lat="34.317132" lon="108.777083">
        <time>2021-07-11T00:44:24Z</time>
      </trkpt>
      <trkpt lat="34.317132" lon="108.777083">
        <time>2021-07-11T00:44:29Z</time>
      </trkpt>
      <trkpt lat="34.317132" lon="108.777083">
        <time>2021-07-11T00:44:34Z</time>
      </trkpt>
      <trkpt lat="34.317132" lon="108.777083">
        <time>2021-07-11T00:44:39Z</time>
      </trkpt>
      <trkpt lat="34.317132" lon="108.777083">
        <time>2021-07-11T00:44:44Z</time>
      </trkpt>
      <trkpt lat="34.317132" lon="108.777083">
        <time>2021-07-11T00:44:49Z</time>
      </trkpt>
      <trkpt lat="34.317132" lon="108.777083">
        <time>2021-07-11T00:44:54Z</time>
      </trkpt>
      <trkpt lat="34.317132" lon="108.777083">
        <time>2021-07-11T00:44:59Z</time>
      </trkpt>
      <trkpt lat="34.317132" lon="108.777083">
        <time>2021-07-11T00:45:04Z</time>
      </trkpt>
      <trkpt lat="34.317132" lon="108.777083">
        <time>2021-07-11T00:45:09Z</time>
      </trkpt>
      <trkpt lat="34.317132" lon="108.777083">
        <time>2021-07-11T00:45:14Z</time>
      </trkpt>
      <trkpt lat="34.317132" lon="108.777083">
        <time>2021-07-11T00:45:19Z</time>
      </trkpt>
      <trkpt lat="34.317132" lon="108.777083">
        <time>2021-07-11T00:45:24Z</time>
      </trkpt>
      <trkpt lat="34.317132" lon="108.777083">
        <time>2021-07-11T00:45:29Z</time>
      </trkpt>
      <trkpt lat="34.317132" lon="108.777083">
        <time>2021-07-11T00:45:34Z</time>
      </trkpt>
      <trkpt lat="34.317132" lon="108.777083">
        <time>2021-07-11T00:45:39Z</time>
      </trkpt>
      <trkpt lat="34.317132" lon="108.777083">
        <time>2021-07-11T00:45:44Z</time>
      </trkpt>
      <trkpt lat="34.317132" lon="108.777083">
        <time>2021-07-11T00:45:49Z</time>
      </trkpt>
      <trkpt lat="34.317132" lon="108.777083">
        <time>2021-07-11T00:45:54Z</time>
      </trkpt>
      <trkpt lat="34.317132" lon="108.777083">
        <time>2021-07-11T00:45:59Z</time>
      </trkpt>
      <trkpt lat="34.317132" lon="108.777083">
        <time>2021-07-11T00:46:04Z</time>
      </trkpt>
      <trkpt lat="34.317132" lon="108.777083">
        <time>2021-07-11T00:46:09Z</time>
      </trkpt>
      <trkpt lat="34.317132" lon="108.777083">
        <time>2021-07-11T00:46:14Z</time>
      </trkpt>
      <trkpt lat="34.317132" lon="108.777083">
        <time>2021-07-11T00:46:19Z</time>
      </trkpt>
      <trkpt lat="34.317132" lon="108.777083">
        <time>2021-07-11T00:46:24Z</time>
      </trkpt>
      <trkpt lat="34.317132" lon="108.777083">
        <time>2021-07-11T00:46:29Z</time>
      </trkpt>
      <trkpt lat="34.317132" lon="108.777083">
        <time>2021-07-11T00:46:34Z</time>
      </trkpt>
      <trkpt lat="34.317132" lon="108.777083">
        <time>2021-07-11T00:46:39Z</time>
      </trkpt>
      <trkpt lat="34.317132" lon="108.777083">
        <time>2021-07-11T00:46:44Z</time>
      </trkpt>
      <trkpt lat="34.317132" lon="108.777083">
        <time>2021-07-11T00:46:49Z</time>
      </trkpt>
      <trkpt lat="34.317132" lon="108.777083">
        <time>2021-07-11T00:46:54Z</time>
      </trkpt>
      <trkpt lat="34.317132" lon="108.777083">
        <time>2021-07-11T00:46:59Z</time>
      </trkpt>
      <trkpt lat="34.317132" lon="108.777083">
        <time>2021-07-11T00:47:04Z</time>
      </trkpt>
      <trkpt lat="34.317132" lon="108.777083">
        <time>2021-07-11T00:47:09Z</time>
      </trkpt>
      <trkpt lat="34.317132" lon="108.777083">
        <time>2021-07-11T00:47:14Z</time>
      </trkpt>
      <trkpt lat="34.317132" lon="108.777083">
        <time>2021-07-11T00:47:19Z</time>
      </trkpt>
      <trkpt lat="34.317132" lon="108.777083">
        <time>2021-07-11T00:47:24Z</time>
      </trkpt>
      <trkpt lat="34.317132" lon="108.777083">
        <time>2021-07-11T00:47:29Z</time>
      </trkpt>
      <trkpt lat="34.317132" lon="108.777083">
        <time>2021-07-11T00:47:34Z</time>
      </trkpt>
      <trkpt lat="34.317132" lon="108.777083">
        <time>2021-07-11T00:47:39Z</time>
      </trkpt>
      <trkpt lat="34.317132" lon="108.777083">
        <time>2021-07-11T00:47:44Z</time>
      </trkpt>
      <trkpt lat="34.317132" lon="108.777083">
        <time>2021-07-11T00:47:49Z</time>
      </trkpt>
      <trkpt lat="34.317132" lon="108.777083">
        <time>2021-07-11T00:47:54Z</time>
      </trkpt>
      <trkpt lat="34.317132" lon="108.777083">
        <time>2021-07-11T00:47:59Z</time>
      </trkpt>
      <trkpt lat="34.317132" lon="108.777083">
        <time>2021-07-11T00:48:04Z</time>
      </trkpt>
      <trkpt lat="34.317132" lon="108.777083">
        <time>2021-07-11T00:48:09Z</time>
      </trkpt>
      <trkpt lat="34.317132" lon="108.777083">
        <time>2021-07-11T00:48:14Z</time>
      </trkpt>
      <trkpt lat="34.317132" lon="108.777083">
        <time>2021-07-11T00:48:19Z</time>
      </trkpt>
      <trkpt lat="34.317132" lon="108.777083">
        <time>2021-07-11T00:48:24Z</time>
      </trkpt>
      <trkpt lat="34.317132" lon="108.777083">
        <time>2021-07-11T00:48:29Z</time>
      </trkpt>
      <trkpt lat="34.317132" lon="108.777083">
        <time>2021-07-11T00:48:34Z</time>
      </trkpt>
      <trkpt lat="34.317132" lon="108.777083">
        <time>2021-07-11T00:48:39Z</time>
      </trkpt>
      <trkpt lat="34.317132" lon="108.777083">
        <time>2021-07-11T00:48:44Z</time>
      </trkpt>
      <trkpt lat="34.317132" lon="108.777083">
        <time>2021-07-11T00:48:49Z</time>
      </trkpt>
      <trkpt lat="34.317132" lon="108.777083">
        <time>2021-07-11T00:48:54Z</time>
      </trkpt>
      <trkpt lat="34.317132" lon="108.777083">
        <time>2021-07-11T00:48:59Z</time>
      </trkpt>
      <trkpt lat="34.317132" lon="108.777083">
        <time>2021-07-11T00:49:04Z</time>
      </trkpt>
      <trkpt lat="34.317132" lon="108.777083">
        <time>2021-07-11T00:49:09Z</time>
      </trkpt>
      <trkpt lat="34.317132" lon="108.777083">
        <time>2021-07-11T00:49:14Z</time>
      </trkpt>
      <trkpt lat="34.317132" lon="108.777083">
        <time>2021-07-11T00:49:19Z</time>
      </trkpt>
      <trkpt lat="34.317132" lon="108.777083">
        <time>2021-07-11T00:49:24Z</time>
      </trkpt>
      <trkpt lat="34.317132" lon="108.777083">
        <time>2021-07-11T00:49:29Z</time>
      </trkpt>
      <trkpt lat="34.317132" lon="108.777083">
        <time>2021-07-11T00:49:34Z</time>
      </trkpt>
      <trkpt lat="34.317132" lon="108.777083">
        <time>2021-07-11T00:49:39Z</time>
      </trkpt>
      <trkpt lat="34.317132" lon="108.777083">
        <time>2021-07-11T00:49:44Z</time>
      </trkpt>
      <trkpt lat="34.317132" lon="108.777083">
        <time>2021-07-11T00:49:49Z</time>
      </trkpt>
      <trkpt lat="34.317132" lon="108.777083">
        <time>2021-07-11T00:49:54Z</time>
      </trkpt>
      <trkpt lat="34.317132" lon="108.777083">
        <time>2021-07-11T00:49:59Z</time>
      </trkpt>
      <trkpt lat="34.317132" lon="108.777083">
        <time>2021-07-11T00:50:04Z</time>
      </trkpt>
      <trkpt lat="34.317132" lon="108.777083">
        <time>2021-07-11T00:50:09Z</time>
      </trkpt>
      <trkpt lat="34.317132" lon="108.777083">
        <time>2021-07-11T00:50:14Z</time>
      </trkpt>
      <trkpt lat="34.317132" lon="108.777083">
        <time>2021-07-11T00:50:19Z</time>
      </trkpt>
      <trkpt lat="34.317132" lon="108.777083">
        <time>2021-07-11T00:50:24Z</time>
      </trkpt>
      <trkpt lat="34.317132" lon="108.777083">
        <time>2021-07-11T00:50:29Z</time>
      </trkpt>
      <trkpt lat="34.317132" lon="108.777083">
        <time>2021-07-11T00:50:34Z</time>
      </trkpt>
      <trkpt lat="34.317132" lon="108.777083">
        <time>2021-07-11T00:50:39Z</time>
      </trkpt>
      <trkpt lat="34.317132" lon="108.777083">
        <time>2021-07-11T00:50:44Z</time>
      </trkpt>
      <trkpt lat="34.317132" lon="108.777083">
        <time>2021-07-11T00:50:49Z</time>
      </trkpt>
      <trkpt lat="34.317132" lon="108.777083">
        <time>2021-07-11T00:50:54Z</time>
      </trkpt>
      <trkpt lat="34.317132" lon="108.777083">
        <time>2021-07-11T00:50:59Z</time>
      </trkpt>
      <trkpt lat="34.317132" lon="108.777083">
        <time>2021-07-11T00:51:04Z</time>
      </trkpt>
      <trkpt lat="34.317132" lon="108.777083">
        <time>2021-07-11T00:51:09Z</time>
      </trkpt>
      <trkpt lat="34.317132" lon="108.777083">
        <time>2021-07-11T00:51:14Z</time>
      </trkpt>
      <trkpt lat="34.317132" lon="108.777083">
        <time>2021-07-11T00:51:19Z</time>
      </trkpt>
      <trkpt lat="34.317132" lon="108.777083">
        <time>2021-07-11T00:51:24Z</time>
      </trkpt>
      <trkpt lat="34.317132" lon="108.777083">
        <time>2021-07-11T00:51:29Z</time>
      </trkpt>
      <trkpt lat="34.317132" lon="108.777083">
        <time>2021-07-11T00:51:34Z</time>
      </trkpt>
      <trkpt lat="34.317132" lon="108.777083">
        <time>2021-07-11T00:51:39Z</time>
      </trkpt>
      <trkpt lat="34.317132" lon="108.777083">
        <time>2021-07-11T00:51:44Z</time>
      </trkpt>
      <trkpt lat="34.317132" lon="108.777083">
        <time>2021-07-11T00:51:49Z</time>
      </trkpt>
      <trkpt lat="34.317132" lon="108.777083">
        <time>2021-07-11T00:51:54Z</time>
      </trkpt>
      <trkpt lat="34.317132" lon="108.777083">
        <time>2021-07-11T00:51:59Z</time>
      </trkpt>
      <trkpt lat="34.317132" lon="108.777083">
        <time>2021-07-11T00:52:04Z</time>
      </trkpt>
      <trkpt lat="34.317132" lon="108.777083">
        <time>2021-07-11T00:52:09Z</time>
      </trkpt>
      <trkpt lat="34.317132" lon="108.777083">
        <time>2021-07-11T00:52:14Z</time>
      </trkpt>
      <trkpt lat="34.317132" lon="108.777083">
        <time>2021-07-11T00:52:19Z</time>
      </trkpt>
      <trkpt lat="34.317132" lon="108.777083">
        <time>2021-07-11T00:52:24Z</time>
      </trkpt>
      <trkpt lat="34.317132" lon="108.777083">
        <time>2021-07-11T00:52:29Z</time>
      </trkpt>
      <trkpt lat="34.317132" lon="108.777083">
        <time>2021-07-11T00:52:34Z</time>
      </trkpt>
      <trkpt lat="34.317132" lon="108.777083">
        <time>2021-07-11T00:52:39Z</time>
      </trkpt>
      <trkpt lat="34.317132" lon="108.777083">
        <time>2021-07-11T00:52:44Z</time>
      </trkpt>
      <trkpt lat="34.317132" lon="108.777083">
        <time>2021-07-11T00:52:49Z</time>
      </trkpt>
      <trkpt lat="34.317132" lon="108.777083">
        <time>2021-07-11T00:52:54Z</time>
      </trkpt>
      <trkpt lat="34.317132" lon="108.777083">
        <time>2021-07-11T00:52:59Z</time>
      </trkpt>
      <trkpt lat="34.317132" lon="108.777083">
        <time>2021-07-11T00:53:04Z</time>
      </trkpt>
      <trkpt lat="34.317132" lon="108.777083">
        <time>2021-07-11T00:53:09Z</time>
      </trkpt>
      <trkpt lat="34.317132" lon="108.777083">
        <time>2021-07-11T00:53:14Z</time>
      </trkpt>
      <trkpt lat="34.317132" lon="108.777083">
        <time>2021-07-11T00:53:19Z</time>
      </trkpt>
      <trkpt lat="34.317132" lon="108.777083">
        <time>2021-07-11T00:53:24Z</time>
      </trkpt>
      <trkpt lat="34.317132" lon="108.777083">
        <time>2021-07-11T00:53:29Z</time>
      </trkpt>
      <trkpt lat="34.317132" lon="108.777083">
        <time>2021-07-11T00:53:34Z</time>
      </trkpt>
      <trkpt lat="34.317132" lon="108.777083">
        <time>2021-07-11T00:53:39Z</time>
      </trkpt>
      <trkpt lat="34.317132" lon="108.777083">
        <time>2021-07-11T00:53:44Z</time>
      </trkpt>
      <trkpt lat="34.317132" lon="108.777083">
        <time>2021-07-11T00:53:49Z</time>
      </trkpt>
      <trkpt lat="34.317132" lon="108.777083">
        <time>2021-07-11T00:53:54Z</time>
      </trkpt>
      <trkpt lat="34.317132" lon="108.777083">
        <time>2021-07-11T00:53:59Z</time>
      </trkpt>
      <trkpt lat="34.317132" lon="108.777083">
        <time>2021-07-11T00:54:04Z</time>
      </trkpt>
      <trkpt lat="34.317132" lon="108.777083">
        <time>2021-07-11T00:54:09Z</time>
      </trkpt>
      <trkpt lat="34.317132" lon="108.777083">
        <time>2021-07-11T00:54:14Z</time>
      </trkpt>
      <trkpt lat="34.317132" lon="108.777083">
        <time>2021-07-11T00:54:19Z</time>
      </trkpt>
      <trkpt lat="34.317132" lon="108.777083">
        <time>2021-07-11T00:54:24Z</time>
      </trkpt>
      <trkpt lat="34.317132" lon="108.777083">
        <time>2021-07-11T00:54:29Z</time>
      </trkpt>
      <trkpt lat="34.317132" lon="108.777083">
        <time>2021-07-11T00:54:34Z</time>
      </trkpt>
      <trkpt lat="34.317132" lon="108.777083">
        <time>2021-07-11T00:54:39Z</time>
      </trkpt>
      <trkpt lat="34.317132" lon="108.777083">
        <time>2021-07-11T00:54:44Z</time>
      </trkpt>
      <trkpt lat="34.317132" lon="108.777083">
        <time>2021-07-11T00:54:49Z</time>
      </trkpt>
      <trkpt lat="34.317132" lon="108.777083">
        <time>2021-07-11T00:54:54Z</time>
      </trkpt>
      <trkpt lat="34.317132" lon="108.777083">
        <time>2021-07-11T00:54:59Z</time>
      </trkpt>
      <trkpt lat="34.317132" lon="108.777083">
        <time>2021-07-11T00:55:04Z</time>
      </trkpt>
      <trkpt lat="34.317132" lon="108.777083">
        <time>2021-07-11T00:55:09Z</time>
      </trkpt>
      <trkpt lat="34.317132" lon="108.777083">
        <time>2021-07-11T00:55:14Z</time>
      </trkpt>
      <trkpt lat="34.317132" lon="108.777083">
        <time>2021-07-11T00:55:19Z</time>
      </trkpt>
      <trkpt lat="34.317132" lon="108.777083">
        <time>2021-07-11T00:55:24Z</time>
      </trkpt>
      <trkpt lat="34.317132" lon="108.777083">
        <time>2021-07-11T00:55:29Z</time>
      </trkpt>
      <trkpt lat="34.317132" lon="108.777083">
        <time>2021-07-11T00:55:34Z</time>
      </trkpt>
      <trkpt lat="34.317132" lon="108.777083">
        <time>2021-07-11T00:55:39Z</time>
      </trkpt>
      <trkpt lat="34.317132" lon="108.777083">
        <time>2021-07-11T00:55:44Z</time>
      </trkpt>
      <trkpt lat="34.317132" lon="108.777083">
        <time>2021-07-11T00:55:49Z</time>
      </trkpt>
      <trkpt lat="34.317132" lon="108.777083">
        <time>2021-07-11T00:55:54Z</time>
      </trkpt>
      <trkpt lat="34.317132" lon="108.777083">
        <time>2021-07-11T00:55:59Z</time>
      </trkpt>
      <trkpt lat="34.317132" lon="108.777083">
        <time>2021-07-11T00:56:04Z</time>
      </trkpt>
      <trkpt lat="34.317132" lon="108.777083">
        <time>2021-07-11T00:56:09Z</time>
      </trkpt>
      <trkpt lat="34.317132" lon="108.777083">
        <time>2021-07-11T00:56:14Z</time>
      </trkpt>
      <trkpt lat="34.317132" lon="108.777083">
        <time>2021-07-11T00:56:19Z</time>
      </trkpt>
      <trkpt lat="34.317132" lon="108.777083">
        <time>2021-07-11T00:56:24Z</time>
      </trkpt>
      <trkpt lat="34.317132" lon="108.777083">
        <time>2021-07-11T00:56:29Z</time>
      </trkpt>
      <trkpt lat="34.317132" lon="108.777083">
        <time>2021-07-11T00:56:34Z</time>
      </trkpt>
      <trkpt lat="34.317132" lon="108.777083">
        <time>2021-07-11T00:56:39Z</time>
      </trkpt>
      <trkpt lat="34.317132" lon="108.777083">
        <time>2021-07-11T00:56:44Z</time>
      </trkpt>
      <trkpt lat="34.317132" lon="108.777083">
        <time>2021-07-11T00:56:49Z</time>
      </trkpt>
      <trkpt lat="34.317132" lon="108.777083">
        <time>2021-07-11T00:56:54Z</time>
      </trkpt>
      <trkpt lat="34.317132" lon="108.777083">
        <time>2021-07-11T00:56:59Z</time>
      </trkpt>
      <trkpt lat="34.317132" lon="108.777083">
        <time>2021-07-11T00:57:04Z</time>
      </trkpt>
      <trkpt lat="34.317132" lon="108.777083">
        <time>2021-07-11T00:57:09Z</time>
      </trkpt>
      <trkpt lat="34.317132" lon="108.777083">
        <time>2021-07-11T00:57:14Z</time>
      </trkpt>
      <trkpt lat="34.317132" lon="108.777083">
        <time>2021-07-11T00:57:19Z</time>
      </trkpt>
      <trkpt lat="34.317132" lon="108.777083">
        <time>2021-07-11T00:57:24Z</time>
      </trkpt>
      <trkpt lat="34.317132" lon="108.777083">
        <time>2021-07-11T00:57:29Z</time>
      </trkpt>
      <trkpt lat="34.317132" lon="108.777083">
        <time>2021-07-11T00:57:34Z</time>
      </trkpt>
      <trkpt lat="34.317132" lon="108.777083">
        <time>2021-07-11T00:57:39Z</time>
      </trkpt>
      <trkpt lat="34.317132" lon="108.777083">
        <time>2021-07-11T00:57:44Z</time>
      </trkpt>
      <trkpt lat="34.317132" lon="108.777083">
        <time>2021-07-11T00:57:49Z</time>
      </trkpt>
      <trkpt lat="34.317132" lon="108.777083">
        <time>2021-07-11T00:57:54Z</time>
      </trkpt>
      <trkpt lat="34.317132" lon="108.777083">
        <time>2021-07-11T00:57:59Z</time>
      </trkpt>
      <trkpt lat="34.317132" lon="108.777083">
        <time>2021-07-11T00:58:04Z</time>
      </trkpt>
      <trkpt lat="34.317132" lon="108.777083">
        <time>2021-07-11T00:58:09Z</time>
      </trkpt>
      <trkpt lat="34.317132" lon="108.777083">
        <time>2021-07-11T00:58:14Z</time>
      </trkpt>
      <trkpt lat="34.317132" lon="108.777083">
        <time>2021-07-11T00:58:19Z</time>
      </trkpt>
      <trkpt lat="34.317132" lon="108.777083">
        <time>2021-07-11T00:58:24Z</time>
      </trkpt>
      <trkpt lat="34.317132" lon="108.777083">
        <time>2021-07-11T00:58:29Z</time>
      </trkpt>
      <trkpt lat="34.317132" lon="108.777083">
        <time>2021-07-11T00:58:34Z</time>
      </trkpt>
      <trkpt lat="34.317132" lon="108.777083">
        <time>2021-07-11T00:58:39Z</time>
      </trkpt>
      <trkpt lat="34.317132" lon="108.777083">
        <time>2021-07-11T00:58:44Z</time>
      </trkpt>
      <trkpt lat="34.317132" lon="108.777083">
        <time>2021-07-11T00:58:49Z</time>
      </trkpt>
      <trkpt lat="34.317132" lon="108.777083">
        <time>2021-07-11T00:58:54Z</time>
      </trkpt>
      <trkpt lat="34.317132" lon="108.777083">
        <time>2021-07-11T00:58:59Z</time>
      </trkpt>
      <trkpt lat="34.317132" lon="108.777083">
        <time>2021-07-11T00:59:04Z</time>
      </trkpt>
      <trkpt lat="34.317132" lon="108.777083">
        <time>2021-07-11T00:59:09Z</time>
      </trkpt>
      <trkpt lat="34.317132" lon="108.777083">
        <time>2021-07-11T00:59:14Z</time>
      </trkpt>
      <trkpt lat="34.317132" lon="108.777083">
        <time>2021-07-11T00:59:19Z</time>
      </trkpt>
      <trkpt lat="34.317132" lon="108.777083">
        <time>2021-07-11T00:59:24Z</time>
      </trkpt>
      <trkpt lat="34.317132" lon="108.777083">
        <time>2021-07-11T00:59:29Z</time>
      </trkpt>
      <trkpt lat="34.317132" lon="108.777083">
        <time>2021-07-11T00:59:34Z</time>
      </trkpt>
      <trkpt lat="34.317132" lon="108.777083">
        <time>2021-07-11T00:59:39Z</time>
      </trkpt>
      <trkpt lat="34.317132" lon="108.777083">
        <time>2021-07-11T00:59:44Z</time>
      </trkpt>
      <trkpt lat="34.317132" lon="108.777083">
        <time>2021-07-11T00:59:49Z</time>
      </trkpt>
      <trkpt lat="34.317132" lon="108.777083">
        <time>2021-07-11T00:59:54Z</time>
      </trkpt>
      <trkpt lat="34.317132" lon="108.777083">
        <time>2021-07-11T00:59:59Z</time>
      </trkpt>
      <trkpt lat="34.317132" lon="108.777083">
        <time>2021-07-11T01:00:04Z</time>
      </trkpt>
      <trkpt lat="34.317132" lon="108.777083">
        <time>2021-07-11T01:00:09Z</time>
      </trkpt>
      <trkpt lat="34.317132" lon="108.777083">
        <time>2021-07-11T01:00:14Z</time>
      </trkpt>
      <trkpt lat="34.317132" lon="108.777083">
        <time>2021-07-11T01:00:19Z</time>
      </trkpt>
      <trkpt lat="34.317132" lon="108.777083">
        <time>2021-07-11T01:00:24Z</time>
      </trkpt>
      <trkpt lat="34.317132" lon="108.777083">
        <time>2021-07-11T01:00:29Z</time>
      </trkpt>
      <trkpt lat="34.317132" lon="108.777083">
        <time>2021-07-11T01:00:34Z</time>
      </trkpt>
      <trkpt lat="34.317132" lon="108.777083">
        <time>2021-07-11T01:00:39Z</time>
      </trkpt>
      <trkpt lat="34.317132" lon="108.777083">
        <time>2021-07-11T01:00:44Z</time>
      </trkpt>
      <trkpt lat="34.317132" lon="108.777083">
        <time>2021-07-11T01:00:49Z</time>
      </trkpt>
      <trkpt lat="34.317132" lon="108.777083">
        <time>2021-07-11T01:00:54Z</time>
      </trkpt>
      <trkpt lat="34.317132" lon="108.777083">
        <time>2021-07-11T01:00:59Z</time>
      </trkpt>
      <trkpt lat="34.317132" lon="108.777083">
        <time>2021-07-11T01:01:04Z</time>
      </trkpt>
      <trkpt lat="34.317132" lon="108.777083">
        <time>2021-07-11T01:01:09Z</time>
      </trkpt>
      <trkpt lat="34.317132" lon="108.777083">
        <time>2021-07-11T01:01:14Z</time>
      </trkpt>
      <trkpt lat="34.317132" lon="108.777083">
        <time>2021-07-11T01:01:19Z</time>
      </trkpt>
      <trkpt lat="34.317132" lon="108.777083">
        <time>2021-07-11T01:01:24Z</time>
      </trkpt>
      <trkpt lat="34.317132" lon="108.777083">
        <time>2021-07-11T01:01:29Z</time>
      </trkpt>
      <trkpt lat="34.317132" lon="108.777083">
        <time>2021-07-11T01:01:34Z</time>
      </trkpt>
      <trkpt lat="34.317132" lon="108.777083">
        <time>2021-07-11T01:01:39Z</time>
      </trkpt>
      <trkpt lat="34.317132" lon="108.777083">
        <time>2021-07-11T01:01:44Z</time>
      </trkpt>
      <trkpt lat="34.317132" lon="108.777083">
        <time>2021-07-11T01:01:49Z</time>
      </trkpt>
      <trkpt lat="34.317132" lon="108.777083">
        <time>2021-07-11T01:01:54Z</time>
      </trkpt>
      <trkpt lat="34.317132" lon="108.777083">
        <time>2021-07-11T01:01:59Z</time>
      </trkpt>
      <trkpt lat="34.317132" lon="108.777083">
        <time>2021-07-11T01:02:04Z</time>
      </trkpt>
      <trkpt lat="34.317132" lon="108.777083">
        <time>2021-07-11T01:02:09Z</time>
      </trkpt>
      <trkpt lat="34.317132" lon="108.777083">
        <time>2021-07-11T01:02:14Z</time>
      </trkpt>
      <trkpt lat="34.317132" lon="108.777083">
        <time>2021-07-11T01:02:19Z</time>
      </trkpt>
      <trkpt lat="34.317132" lon="108.777083">
        <time>2021-07-11T01:02:24Z</time>
      </trkpt>
      <trkpt lat="34.317132" lon="108.777083">
        <time>2021-07-11T01:02:29Z</time>
      </trkpt>
      <trkpt lat="34.317132" lon="108.777083">
        <time>2021-07-11T01:02:34Z</time>
      </trkpt>
      <trkpt lat="34.317132" lon="108.777083">
        <time>2021-07-11T01:02:39Z</time>
      </trkpt>
      <trkpt lat="34.317132" lon="108.777083">
        <time>2021-07-11T01:02:44Z</time>
      </trkpt>
      <trkpt lat="34.317132" lon="108.777083">
        <time>2021-07-11T01:02:49Z</time>
      </trkpt>
      <trkpt lat="34.317132" lon="108.777083">
        <time>2021-07-11T01:02:54Z</time>
      </trkpt>
      <trkpt lat="34.317132" lon="108.777083">
        <time>2021-07-11T01:02:59Z</time>
      </trkpt>
      <trkpt lat="34.317132" lon="108.777083">
        <time>2021-07-11T01:03:04Z</time>
      </trkpt>
      <trkpt lat="34.317132" lon="108.777083">
        <time>2021-07-11T01:03:09Z</time>
      </trkpt>
      <trkpt lat="34.317132" lon="108.777083">
        <time>2021-07-11T01:03:14Z</time>
      </trkpt>
      <trkpt lat="34.317132" lon="108.777083">
        <time>2021-07-11T01:03:19Z</time>
      </trkpt>
      <trkpt lat="34.317132" lon="108.777083">
        <time>2021-07-11T01:03:24Z</time>
      </trkpt>
      <trkpt lat="34.317132" lon="108.777083">
        <time>2021-07-11T01:03:29Z</time>
      </trkpt>
      <trkpt lat="34.317132" lon="108.777083">
        <time>2021-07-11T01:03:34Z</time>
      </trkpt>
      <trkpt lat="34.317132" lon="108.777083">
        <time>2021-07-11T01:03:39Z</time>
      </trkpt>
      <trkpt lat="34.317132" lon="108.777083">
        <time>2021-07-11T01:03:44Z</time>
      </trkpt>
      <trkpt lat="34.317132" lon="108.777083">
        <time>2021-07-11T01:03:49Z</time>
      </trkpt>
      <trkpt lat="34.317132" lon="108.777083">
        <time>2021-07-11T01:03:54Z</time>
      </trkpt>
      <trkpt lat="34.317132" lon="108.777083">
        <time>2021-07-11T01:03:59Z</time>
      </trkpt>
      <trkpt lat="34.317132" lon="108.777083">
        <time>2021-07-11T01:04:04Z</time>
      </trkpt>
      <trkpt lat="34.317132" lon="108.777083">
        <time>2021-07-11T01:04:09Z</time>
      </trkpt>
      <trkpt lat="34.317132" lon="108.777083">
        <time>2021-07-11T01:04:14Z</time>
      </trkpt>
      <trkpt lat="34.317132" lon="108.777083">
        <time>2021-07-11T01:04:19Z</time>
      </trkpt>
      <trkpt lat="34.317132" lon="108.777083">
        <time>2021-07-11T01:04:24Z</time>
      </trkpt>
      <trkpt lat="34.317132" lon="108.777083">
        <time>2021-07-11T01:04:29Z</time>
      </trkpt>
      <trkpt lat="34.317132" lon="108.777083">
        <time>2021-07-11T01:04:34Z</time>
      </trkpt>
      <trkpt lat="34.317132" lon="108.777083">
        <time>2021-07-11T01:04:39Z</time>
      </trkpt>
      <trkpt lat="34.317132" lon="108.777083">
        <time>2021-07-11T01:04:44Z</time>
      </trkpt>
      <trkpt lat="34.317132" lon="108.777083">
        <time>2021-07-11T01:04:49Z</time>
      </trkpt>
      <trkpt lat="34.317132" lon="108.777083">
        <time>2021-07-11T01:04:54Z</time>
      </trkpt>
      <trkpt lat="34.317132" lon="108.777083">
        <time>2021-07-11T01:04:59Z</time>
      </trkpt>
      <trkpt lat="34.317132" lon="108.777083">
        <time>2021-07-11T01:05:04Z</time>
      </trkpt>
      <trkpt lat="34.317132" lon="108.777083">
        <time>2021-07-11T01:05:09Z</time>
      </trkpt>
      <trkpt lat="34.317132" lon="108.777083">
        <time>2021-07-11T01:05:14Z</time>
      </trkpt>
      <trkpt lat="34.317132" lon="108.777083">
        <time>2021-07-11T01:05:19Z</time>
      </trkpt>
      <trkpt lat="34.317132" lon="108.777083">
        <time>2021-07-11T01:05:24Z</time>
      </trkpt>
      <trkpt lat="34.317132" lon="108.777083">
        <time>2021-07-11T01:05:29Z</time>
      </trkpt>
      <trkpt lat="34.317132" lon="108.777083">
        <time>2021-07-11T01:05:34Z</time>
      </trkpt>
      <trkpt lat="34.317132" lon="108.777083">
        <time>2021-07-11T01:05:39Z</time>
      </trkpt>
      <trkpt lat="34.317132" lon="108.777083">
        <time>2021-07-11T01:05:44Z</time>
      </trkpt>
      <trkpt lat="34.317132" lon="108.777083">
        <time>2021-07-11T01:05:49Z</time>
      </trkpt>
      <trkpt lat="34.317132" lon="108.777083">
        <time>2021-07-11T01:05:54Z</time>
      </trkpt>
      <trkpt lat="34.317132" lon="108.777083">
        <time>2021-07-11T01:05:59Z</time>
      </trkpt>
      <trkpt lat="34.317132" lon="108.777083">
        <time>2021-07-11T01:06:04Z</time>
      </trkpt>
      <trkpt lat="34.317132" lon="108.777083">
        <time>2021-07-11T01:06:09Z</time>
      </trkpt>
      <trkpt lat="34.317132" lon="108.777083">
        <time>2021-07-11T01:06:14Z</time>
      </trkpt>
      <trkpt lat="34.317132" lon="108.777083">
        <time>2021-07-11T01:06:19Z</time>
      </trkpt>
      <trkpt lat="34.317132" lon="108.777083">
        <time>2021-07-11T01:06:24Z</time>
      </trkpt>
      <trkpt lat="34.317132" lon="108.777083">
        <time>2021-07-11T01:06:29Z</time>
      </trkpt>
      <trkpt lat="34.317132" lon="108.777083">
        <time>2021-07-11T01:06:34Z</time>
      </trkpt>
      <trkpt lat="34.317132" lon="108.777083">
        <time>2021-07-11T01:06:39Z</time>
      </trkpt>
      <trkpt lat="34.317132" lon="108.777083">
        <time>2021-07-11T01:06:44Z</time>
      </trkpt>
      <trkpt lat="34.317132" lon="108.777083">
        <time>2021-07-11T01:06:49Z</time>
      </trkpt>
      <trkpt lat="34.317132" lon="108.777083">
        <time>2021-07-11T01:06:54Z</time>
      </trkpt>
      <trkpt lat="34.317132" lon="108.777083">
        <time>2021-07-11T01:06:59Z</time>
      </trkpt>
      <trkpt lat="34.317132" lon="108.777083">
        <time>2021-07-11T01:07:04Z</time>
      </trkpt>
      <trkpt lat="34.317132" lon="108.777083">
        <time>2021-07-11T01:07:09Z</time>
      </trkpt>
      <trkpt lat="34.317132" lon="108.777083">
        <time>2021-07-11T01:07:14Z</time>
      </trkpt>
      <trkpt lat="34.317132" lon="108.777083">
        <time>2021-07-11T01:07:19Z</time>
      </trkpt>
      <trkpt lat="34.317132" lon="108.777083">
        <time>2021-07-11T01:07:24Z</time>
      </trkpt>
      <trkpt lat="34.317132" lon="108.777083">
        <time>2021-07-11T01:07:29Z</time>
      </trkpt>
      <trkpt lat="34.317132" lon="108.777083">
        <time>2021-07-11T01:07:34Z</time>
      </trkpt>
      <trkpt lat="34.317132" lon="108.777083">
        <time>2021-07-11T01:07:39Z</time>
      </trkpt>
      <trkpt lat="34.317132" lon="108.777083">
        <time>2021-07-11T01:07:44Z</time>
      </trkpt>
      <trkpt lat="34.317132" lon="108.777083">
        <time>2021-07-11T01:07:49Z</time>
      </trkpt>
      <trkpt lat="34.317132" lon="108.777083">
        <time>2021-07-11T01:07:54Z</time>
      </trkpt>
      <trkpt lat="34.317132" lon="108.777083">
        <time>2021-07-11T01:07:59Z</time>
      </trkpt>
      <trkpt lat="34.317132" lon="108.777083">
        <time>2021-07-11T01:08:04Z</time>
      </trkpt>
      <trkpt lat="34.317132" lon="108.777083">
        <time>2021-07-11T01:08:09Z</time>
      </trkpt>
      <trkpt lat="34.317132" lon="108.777083">
        <time>2021-07-11T01:08:14Z</time>
      </trkpt>
      <trkpt lat="34.317132" lon="108.777083">
        <time>2021-07-11T01:08:19Z</time>
      </trkpt>
      <trkpt lat="34.317132" lon="108.777083">
        <time>2021-07-11T01:08:24Z</time>
      </trkpt>
      <trkpt lat="34.317132" lon="108.777083">
        <time>2021-07-11T01:08:29Z</time>
      </trkpt>
      <trkpt lat="34.317132" lon="108.777083">
        <time>2021-07-11T01:08:34Z</time>
      </trkpt>
      <trkpt lat="34.317132" lon="108.777083">
        <time>2021-07-11T01:08:39Z</time>
      </trkpt>
      <trkpt lat="34.317132" lon="108.777083">
        <time>2021-07-11T01:08:44Z</time>
      </trkpt>
      <trkpt lat="34.317132" lon="108.777083">
        <time>2021-07-11T01:08:49Z</time>
      </trkpt>
      <trkpt lat="34.317132" lon="108.777083">
        <time>2021-07-11T01:08:54Z</time>
      </trkpt>
      <trkpt lat="34.317132" lon="108.777083">
        <time>2021-07-11T01:08:59Z</time>
      </trkpt>
      <trkpt lat="34.317132" lon="108.777083">
        <time>2021-07-11T01:09:04Z</time>
      </trkpt>
      <trkpt lat="34.317132" lon="108.777083">
        <time>2021-07-11T01:09:09Z</time>
      </trkpt>
      <trkpt lat="34.317132" lon="108.777083">
        <time>2021-07-11T01:09:14Z</time>
      </trkpt>
      <trkpt lat="34.317132" lon="108.777083">
        <time>2021-07-11T01:09:19Z</time>
      </trkpt>
      <trkpt lat="34.317132" lon="108.777083">
        <time>2021-07-11T01:09:24Z</time>
      </trkpt>
      <trkpt lat="34.317132" lon="108.777083">
        <time>2021-07-11T01:09:29Z</time>
      </trkpt>
      <trkpt lat="34.317132" lon="108.777083">
        <time>2021-07-11T01:09:34Z</time>
      </trkpt>
      <trkpt lat="34.317132" lon="108.777083">
        <time>2021-07-11T01:09:39Z</time>
      </trkpt>
      <trkpt lat="34.317132" lon="108.777083">
        <time>2021-07-11T01:09:44Z</time>
      </trkpt>
      <trkpt lat="34.317132" lon="108.777083">
        <time>2021-07-11T01:09:49Z</time>
      </trkpt>
      <trkpt lat="34.317132" lon="108.777083">
        <time>2021-07-11T01:09:54Z</time>
      </trkpt>
      <trkpt lat="34.317132" lon="108.777083">
        <time>2021-07-11T01:09:59Z</time>
      </trkpt>
      <trkpt lat="34.317132" lon="108.777083">
        <time>2021-07-11T01:10:04Z</time>
      </trkpt>
      <trkpt lat="34.317132" lon="108.777083">
        <time>2021-07-11T01:10:09Z</time>
      </trkpt>
      <trkpt lat="34.317132" lon="108.777083">
        <time>2021-07-11T01:10:14Z</time>
      </trkpt>
      <trkpt lat="34.317132" lon="108.777083">
        <time>2021-07-11T01:10:19Z</time>
      </trkpt>
      <trkpt lat="34.317132" lon="108.777083">
        <time>2021-07-11T01:10:24Z</time>
      </trkpt>
      <trkpt lat="34.317132" lon="108.777083">
        <time>2021-07-11T01:10:29Z</time>
      </trkpt>
      <trkpt lat="34.317132" lon="108.777083">
        <time>2021-07-11T01:10:34Z</time>
      </trkpt>
      <trkpt lat="34.317132" lon="108.777083">
        <time>2021-07-11T01:10:39Z</time>
      </trkpt>
      <trkpt lat="34.317132" lon="108.777083">
        <time>2021-07-11T01:10:44Z</time>
      </trkpt>
      <trkpt lat="34.317132" lon="108.777083">
        <time>2021-07-11T01:10:49Z</time>
      </trkpt>
      <trkpt lat="34.317132" lon="108.777083">
        <time>2021-07-11T01:10:54Z</time>
      </trkpt>
      <trkpt lat="34.317132" lon="108.777083">
        <time>2021-07-11T01:10:59Z</time>
      </trkpt>
      <trkpt lat="34.317132" lon="108.777083">
        <time>2021-07-11T01:11:04Z</time>
      </trkpt>
      <trkpt lat="34.317132" lon="108.777083">
        <time>2021-07-11T01:11:09Z</time>
      </trkpt>
      <trkpt lat="34.317132" lon="108.777083">
        <time>2021-07-11T01:11:14Z</time>
      </trkpt>
      <trkpt lat="34.317132" lon="108.777083">
        <time>2021-07-11T01:11:19Z</time>
      </trkpt>
      <trkpt lat="34.317132" lon="108.777083">
        <time>2021-07-11T01:11:24Z</time>
      </trkpt>
      <trkpt lat="34.317132" lon="108.777083">
        <time>2021-07-11T01:11:29Z</time>
      </trkpt>
      <trkpt lat="34.317132" lon="108.777083">
        <time>2021-07-11T01:11:34Z</time>
      </trkpt>
      <trkpt lat="34.317132" lon="108.777083">
        <time>2021-07-11T01:11:39Z</time>
      </trkpt>
      <trkpt lat="34.317132" lon="108.777083">
        <time>2021-07-11T01:11:44Z</time>
      </trkpt>
      <trkpt lat="34.317132" lon="108.777083">
        <time>2021-07-11T01:11:49Z</time>
      </trkpt>
      <trkpt lat="34.317132" lon="108.777083">
        <time>2021-07-11T01:11:54Z</time>
      </trkpt>
      <trkpt lat="34.317132" lon="108.777083">
        <time>2021-07-11T01:11:59Z</time>
      </trkpt>
      <trkpt lat="34.317132" lon="108.777083">
        <time>2021-07-11T01:12:04Z</time>
      </trkpt>
      <trkpt lat="34.317132" lon="108.777083">
        <time>2021-07-11T01:12:09Z</time>
      </trkpt>
      <trkpt lat="34.317132" lon="108.777083">
        <time>2021-07-11T01:12:14Z</time>
      </trkpt>
      <trkpt lat="34.317132" lon="108.777083">
        <time>2021-07-11T01:12:19Z</time>
      </trkpt>
      <trkpt lat="34.317132" lon="108.777083">
        <time>2021-07-11T01:12:24Z</time>
      </trkpt>
      <trkpt lat="34.317132" lon="108.777083">
        <time>2021-07-11T01:12:29Z</time>
      </trkpt>
      <trkpt lat="34.317132" lon="108.777083">
        <time>2021-07-11T01:12:34Z</time>
      </trkpt>
      <trkpt lat="34.317132" lon="108.777083">
        <time>2021-07-11T01:12:39Z</time>
      </trkpt>
      <trkpt lat="34.317132" lon="108.777083">
        <time>2021-07-11T01:12:44Z</time>
      </trkpt>
      <trkpt lat="34.317132" lon="108.777083">
        <time>2021-07-11T01:12:49Z</time>
      </trkpt>
      <trkpt lat="34.317132" lon="108.777083">
        <time>2021-07-11T01:12:54Z</time>
      </trkpt>
      <trkpt lat="34.317132" lon="108.777083">
        <time>2021-07-11T01:12:59Z</time>
      </trkpt>
      <trkpt lat="34.317132" lon="108.777083">
        <time>2021-07-11T01:13:04Z</time>
      </trkpt>
      <trkpt lat="34.317132" lon="108.777083">
        <time>2021-07-11T01:13:09Z</time>
      </trkpt>
      <trkpt lat="34.317132" lon="108.777083">
        <time>2021-07-11T01:13:14Z</time>
      </trkpt>
      <trkpt lat="34.317132" lon="108.777083">
        <time>2021-07-11T01:13:19Z</time>
      </trkpt>
      <trkpt lat="34.317132" lon="108.777083">
        <time>2021-07-11T01:13:24Z</time>
      </trkpt>
      <trkpt lat="34.317132" lon="108.777083">
        <time>2021-07-11T01:13:29Z</time>
      </trkpt>
      <trkpt lat="34.317132" lon="108.777083">
        <time>2021-07-11T01:13:34Z</time>
      </trkpt>
      <trkpt lat="34.317132" lon="108.777083">
        <time>2021-07-11T01:13:39Z</time>
      </trkpt>
      <trkpt lat="34.317132" lon="108.777083">
        <time>2021-07-11T01:13:44Z</time>
      </trkpt>
      <trkpt lat="34.317132" lon="108.777083">
        <time>2021-07-11T01:13:49Z</time>
      </trkpt>
      <trkpt lat="34.317132" lon="108.777083">
        <time>2021-07-11T01:13:54Z</time>
      </trkpt>
      <trkpt lat="34.317132" lon="108.777083">
        <time>2021-07-11T01:13:59Z</time>
      </trkpt>
      <trkpt lat="34.317132" lon="108.777083">
        <time>2021-07-11T01:14:04Z</time>
      </trkpt>
      <trkpt lat="34.317132" lon="108.777083">
        <time>2021-07-11T01:14:09Z</time>
      </trkpt>
      <trkpt lat="34.317132" lon="108.777083">
        <time>2021-07-11T01:14:14Z</time>
      </trkpt>
      <trkpt lat="34.317132" lon="108.777083">
        <time>2021-07-11T01:14:19Z</time>
      </trkpt>
      <trkpt lat="34.317132" lon="108.777083">
        <time>2021-07-11T01:14:24Z</time>
      </trkpt>
      <trkpt lat="34.317132" lon="108.777083">
        <time>2021-07-11T01:14:29Z</time>
      </trkpt>
      <trkpt lat="34.317132" lon="108.777083">
        <time>2021-07-11T01:14:34Z</time>
      </trkpt>
      <trkpt lat="34.317132" lon="108.777083">
        <time>2021-07-11T01:14:39Z</time>
      </trkpt>
      <trkpt lat="34.317132" lon="108.777083">
        <time>2021-07-11T01:14:44Z</time>
      </trkpt>
      <trkpt lat="34.317132" lon="108.777083">
        <time>2021-07-11T01:14:49Z</time>
      </trkpt>
      <trkpt lat="34.317132" lon="108.777083">
        <time>2021-07-11T01:14:54Z</time>
      </trkpt>
      <trkpt lat="34.317132" lon="108.777083">
        <time>2021-07-11T01:14:59Z</time>
      </trkpt>
      <trkpt lat="34.317132" lon="108.777083">
        <time>2021-07-11T01:15:04Z</time>
      </trkpt>
      <trkpt lat="34.317132" lon="108.777083">
        <time>2021-07-11T01:15:09Z</time>
      </trkpt>
      <trkpt lat="34.317132" lon="108.777083">
        <time>2021-07-11T01:15:14Z</time>
      </trkpt>
      <trkpt lat="34.317132" lon="108.777083">
        <time>2021-07-11T01:15:19Z</time>
      </trkpt>
      <trkpt lat="34.317132" lon="108.777083">
        <time>2021-07-11T01:15:24Z</time>
      </trkpt>
      <trkpt lat="34.317132" lon="108.777083">
        <time>2021-07-11T01:15:29Z</time>
      </trkpt>
      <trkpt lat="34.317132" lon="108.777083">
        <time>2021-07-11T01:15:34Z</time>
      </trkpt>
      <trkpt lat="34.317132" lon="108.777083">
        <time>2021-07-11T01:15:39Z</time>
      </trkpt>
      <trkpt lat="34.317132" lon="108.777083">
        <time>2021-07-11T01:15:44Z</time>
      </trkpt>
      <trkpt lat="34.317132" lon="108.777083">
        <time>2021-07-11T01:15:49Z</time>
      </trkpt>
      <trkpt lat="34.317132" lon="108.777083">
        <time>2021-07-11T01:15:54Z</time>
      </trkpt>
      <trkpt lat="34.317132" lon="108.777083">
        <time>2021-07-11T01:15:59Z</time>
      </trkpt>
      <trkpt lat="34.317132" lon="108.777083">
        <time>2021-07-11T01:16:04Z</time>
      </trkpt>
      <trkpt lat="34.317132" lon="108.777083">
        <time>2021-07-11T01:16:09Z</time>
      </trkpt>
      <trkpt lat="34.317132" lon="108.777083">
        <time>2021-07-11T01:16:14Z</time>
      </trkpt>
      <trkpt lat="34.317132" lon="108.777083">
        <time>2021-07-11T01:16:19Z</time>
      </trkpt>
      <trkpt lat="34.317132" lon="108.777083">
        <time>2021-07-11T01:16:24Z</time>
      </trkpt>
      <trkpt lat="34.317132" lon="108.777083">
        <time>2021-07-11T01:16:29Z</time>
      </trkpt>
      <trkpt lat="34.317132" lon="108.777083">
        <time>2021-07-11T01:16:34Z</time>
      </trkpt>
      <trkpt lat="34.317132" lon="108.777083">
        <time>2021-07-11T01:16:39Z</time>
      </trkpt>
      <trkpt lat="34.317132" lon="108.777083">
        <time>2021-07-11T01:16:44Z</time>
      </trkpt>
      <trkpt lat="34.317132" lon="108.777083">
        <time>2021-07-11T01:16:49Z</time>
      </trkpt>
      <trkpt lat="34.317132" lon="108.777083">
        <time>2021-07-11T01:16:54Z</time>
      </trkpt>
      <trkpt lat="34.317132" lon="108.777083">
        <time>2021-07-11T01:16:59Z</time>
      </trkpt>
      <trkpt lat="34.317132" lon="108.777083">
        <time>2021-07-11T01:17:04Z</time>
      </trkpt>
      <trkpt lat="34.317132" lon="108.777083">
        <time>2021-07-11T01:17:09Z</time>
      </trkpt>
      <trkpt lat="34.317132" lon="108.777083">
        <time>2021-07-11T01:17:14Z</time>
      </trkpt>
      <trkpt lat="34.317132" lon="108.777083">
        <time>2021-07-11T01:17:19Z</time>
      </trkpt>
      <trkpt lat="34.317132" lon="108.777083">
        <time>2021-07-11T01:17:24Z</time>
      </trkpt>
      <trkpt lat="34.317132" lon="108.777083">
        <time>2021-07-11T01:17:29Z</time>
      </trkpt>
      <trkpt lat="34.317132" lon="108.777083">
        <time>2021-07-11T01:17:34Z</time>
      </trkpt>
      <trkpt lat="34.317132" lon="108.777083">
        <time>2021-07-11T01:17:39Z</time>
      </trkpt>
      <trkpt lat="34.317132" lon="108.777083">
        <time>2021-07-11T01:17:44Z</time>
      </trkpt>
      <trkpt lat="34.317132" lon="108.777083">
        <time>2021-07-11T01:17:49Z</time>
      </trkpt>
      <trkpt lat="34.317132" lon="108.777083">
        <time>2021-07-11T01:17:54Z</time>
      </trkpt>
      <trkpt lat="34.317132" lon="108.777083">
        <time>2021-07-11T01:17:59Z</time>
      </trkpt>
      <trkpt lat="34.317132" lon="108.777083">
        <time>2021-07-11T01:18:04Z</time>
      </trkpt>
      <trkpt lat="34.317132" lon="108.777083">
        <time>2021-07-11T01:18:09Z</time>
      </trkpt>
      <trkpt lat="34.317132" lon="108.777083">
        <time>2021-07-11T01:18:14Z</time>
      </trkpt>
      <trkpt lat="34.317132" lon="108.777083">
        <time>2021-07-11T01:18:19Z</time>
      </trkpt>
      <trkpt lat="34.317132" lon="108.777083">
        <time>2021-07-11T01:18:24Z</time>
      </trkpt>
      <trkpt lat="34.317132" lon="108.777083">
        <time>2021-07-11T01:18:29Z</time>
      </trkpt>
      <trkpt lat="34.317132" lon="108.777083">
        <time>2021-07-11T01:18:34Z</time>
      </trkpt>
      <trkpt lat="34.317132" lon="108.777083">
        <time>2021-07-11T01:18:39Z</time>
      </trkpt>
      <trkpt lat="34.317132" lon="108.777083">
        <time>2021-07-11T01:18:44Z</time>
      </trkpt>
      <trkpt lat="34.317132" lon="108.777083">
        <time>2021-07-11T01:18:49Z</time>
      </trkpt>
      <trkpt lat="34.317132" lon="108.777083">
        <time>2021-07-11T01:18:54Z</time>
      </trkpt>
      <trkpt lat="34.317132" lon="108.777083">
        <time>2021-07-11T01:18:59Z</time>
      </trkpt>
      <trkpt lat="34.317132" lon="108.777083">
        <time>2021-07-11T01:19:04Z</time>
      </trkpt>
      <trkpt lat="34.317132" lon="108.777083">
        <time>2021-07-11T01:19:09Z</time>
      </trkpt>
      <trkpt lat="34.317132" lon="108.777083">
        <time>2021-07-11T01:19:14Z</time>
      </trkpt>
      <trkpt lat="34.317132" lon="108.777083">
        <time>2021-07-11T01:19:19Z</time>
      </trkpt>
      <trkpt lat="34.317132" lon="108.777083">
        <time>2021-07-11T01:19:24Z</time>
      </trkpt>
      <trkpt lat="34.317132" lon="108.777083">
        <time>2021-07-11T01:19:29Z</time>
      </trkpt>
      <trkpt lat="34.317132" lon="108.777083">
        <time>2021-07-11T01:19:34Z</time>
      </trkpt>
      <trkpt lat="34.317132" lon="108.777083">
        <time>2021-07-11T01:19:39Z</time>
      </trkpt>
      <trkpt lat="34.317132" lon="108.777083">
        <time>2021-07-11T01:19:44Z</time>
      </trkpt>
      <trkpt lat="34.317132" lon="108.777083">
        <time>2021-07-11T01:19:49Z</time>
      </trkpt>
      <trkpt lat="34.317132" lon="108.777083">
        <time>2021-07-11T01:19:54Z</time>
      </trkpt>
      <trkpt lat="34.317132" lon="108.777083">
        <time>2021-07-11T01:19:59Z</time>
      </trkpt>
      <trkpt lat="34.317132" lon="108.777083">
        <time>2021-07-11T01:20:04Z</time>
      </trkpt>
      <trkpt lat="34.317132" lon="108.777083">
        <time>2021-07-11T01:20:09Z</time>
      </trkpt>
      <trkpt lat="34.317132" lon="108.777083">
        <time>2021-07-11T01:20:14Z</time>
      </trkpt>
      <trkpt lat="34.317132" lon="108.777083">
        <time>2021-07-11T01:20:19Z</time>
      </trkpt>
      <trkpt lat="34.317132" lon="108.777083">
        <time>2021-07-11T01:20:24Z</time>
      </trkpt>
      <trkpt lat="34.317132" lon="108.777083">
        <time>2021-07-11T01:20:29Z</time>
      </trkpt>
      <trkpt lat="34.317132" lon="108.777083">
        <time>2021-07-11T01:20:34Z</time>
      </trkpt>
      <trkpt lat="34.317132" lon="108.777083">
        <time>2021-07-11T01:20:39Z</time>
      </trkpt>
      <trkpt lat="34.317132" lon="108.777083">
        <time>2021-07-11T01:20:44Z</time>
      </trkpt>
      <trkpt lat="34.317132" lon="108.777083">
        <time>2021-07-11T01:20:49Z</time>
      </trkpt>
      <trkpt lat="34.317132" lon="108.777083">
        <time>2021-07-11T01:20:54Z</time>
      </trkpt>
      <trkpt lat="34.317132" lon="108.777083">
        <time>2021-07-11T01:20:59Z</time>
      </trkpt>
      <trkpt lat="34.317132" lon="108.777083">
        <time>2021-07-11T01:21:04Z</time>
      </trkpt>
      <trkpt lat="34.317132" lon="108.777083">
        <time>2021-07-11T01:21:09Z</time>
      </trkpt>
      <trkpt lat="34.317132" lon="108.777083">
        <time>2021-07-11T01:21:14Z</time>
      </trkpt>
      <trkpt lat="34.317132" lon="108.777083">
        <time>2021-07-11T01:21:19Z</time>
      </trkpt>
      <trkpt lat="34.317132" lon="108.777083">
        <time>2021-07-11T01:21:24Z</time>
      </trkpt>
      <trkpt lat="34.317132" lon="108.777083">
        <time>2021-07-11T01:21:29Z</time>
      </trkpt>
      <trkpt lat="34.317132" lon="108.777083">
        <time>2021-07-11T01:21:34Z</time>
      </trkpt>
      <trkpt lat="34.317132" lon="108.777083">
        <time>2021-07-11T01:21:39Z</time>
      </trkpt>
      <trkpt lat="34.317132" lon="108.777083">
        <time>2021-07-11T01:21:44Z</time>
      </trkpt>
      <trkpt lat="34.317132" lon="108.777083">
        <time>2021-07-11T01:21:49Z</time>
      </trkpt>
      <trkpt lat="34.317132" lon="108.777083">
        <time>2021-07-11T01:21:54Z</time>
      </trkpt>
      <trkpt lat="34.317132" lon="108.777083">
        <time>2021-07-11T01:21:59Z</time>
      </trkpt>
      <trkpt lat="34.317132" lon="108.777083">
        <time>2021-07-11T01:22:04Z</time>
      </trkpt>
      <trkpt lat="34.317132" lon="108.777083">
        <time>2021-07-11T01:22:09Z</time>
      </trkpt>
      <trkpt lat="34.317132" lon="108.777083">
        <time>2021-07-11T01:22:14Z</time>
      </trkpt>
      <trkpt lat="34.317132" lon="108.777083">
        <time>2021-07-11T01:22:19Z</time>
      </trkpt>
      <trkpt lat="34.317132" lon="108.777083">
        <time>2021-07-11T01:22:24Z</time>
      </trkpt>
      <trkpt lat="34.317132" lon="108.777083">
        <time>2021-07-11T01:22:29Z</time>
      </trkpt>
      <trkpt lat="34.317132" lon="108.777083">
        <time>2021-07-11T01:22:34Z</time>
      </trkpt>
      <trkpt lat="34.317132" lon="108.777083">
        <time>2021-07-11T01:22:39Z</time>
      </trkpt>
      <trkpt lat="34.317132" lon="108.777083">
        <time>2021-07-11T01:22:44Z</time>
      </trkpt>
      <trkpt lat="34.317132" lon="108.777083">
        <time>2021-07-11T01:22:49Z</time>
      </trkpt>
      <trkpt lat="34.317132" lon="108.777083">
        <time>2021-07-11T01:22:54Z</time>
      </trkpt>
      <trkpt lat="34.317132" lon="108.777083">
        <time>2021-07-11T01:22:59Z</time>
      </trkpt>
      <trkpt lat="34.317132" lon="108.777083">
        <time>2021-07-11T01:23:04Z</time>
      </trkpt>
      <trkpt lat="34.317132" lon="108.777083">
        <time>2021-07-11T01:23:09Z</time>
      </trkpt>
      <trkpt lat="34.317132" lon="108.777083">
        <time>2021-07-11T01:23:14Z</time>
      </trkpt>
      <trkpt lat="34.317132" lon="108.777083">
        <time>2021-07-11T01:23:19Z</time>
      </trkpt>
      <trkpt lat="34.317132" lon="108.777083">
        <time>2021-07-11T01:23:24Z</time>
      </trkpt>
      <trkpt lat="34.317132" lon="108.777083">
        <time>2021-07-11T01:23:29Z</time>
      </trkpt>
      <trkpt lat="34.317132" lon="108.777083">
        <time>2021-07-11T01:23:34Z</time>
      </trkpt>
      <trkpt lat="34.317132" lon="108.777083">
        <time>2021-07-11T01:23:39Z</time>
      </trkpt>
      <trkpt lat="34.317132" lon="108.777083">
        <time>2021-07-11T01:23:44Z</time>
      </trkpt>
      <trkpt lat="34.317132" lon="108.777083">
        <time>2021-07-11T01:23:49Z</time>
      </trkpt>
      <trkpt lat="34.317132" lon="108.777083">
        <time>2021-07-11T01:23:54Z</time>
      </trkpt>
      <trkpt lat="34.317132" lon="108.777083">
        <time>2021-07-11T01:23:59Z</time>
      </trkpt>
      <trkpt lat="34.317132" lon="108.777083">
        <time>2021-07-11T01:24:04Z</time>
      </trkpt>
      <trkpt lat="34.317132" lon="108.777083">
        <time>2021-07-11T01:24:09Z</time>
      </trkpt>
      <trkpt lat="34.317132" lon="108.777083">
        <time>2021-07-11T01:24:14Z</time>
      </trkpt>
      <trkpt lat="34.317132" lon="108.777083">
        <time>2021-07-11T01:24:19Z</time>
      </trkpt>
      <trkpt lat="34.317132" lon="108.777083">
        <time>2021-07-11T01:24:24Z</time>
      </trkpt>
      <trkpt lat="34.317132" lon="108.777083">
        <time>2021-07-11T01:24:29Z</time>
      </trkpt>
      <trkpt lat="34.317132" lon="108.777083">
        <time>2021-07-11T01:24:34Z</time>
      </trkpt>
      <trkpt lat="34.317132" lon="108.777083">
        <time>2021-07-11T01:24:39Z</time>
      </trkpt>
      <trkpt lat="34.317132" lon="108.777083">
        <time>2021-07-11T01:24:44Z</time>
      </trkpt>
      <trkpt lat="34.317132" lon="108.777083">
        <time>2021-07-11T01:24:49Z</time>
      </trkpt>
      <trkpt lat="34.317132" lon="108.777083">
        <time>2021-07-11T01:24:54Z</time>
      </trkpt>
      <trkpt lat="34.317132" lon="108.777083">
        <time>2021-07-11T01:24:59Z</time>
      </trkpt>
      <trkpt lat="34.317132" lon="108.777083">
        <time>2021-07-11T01:25:04Z</time>
      </trkpt>
      <trkpt lat="34.317132" lon="108.777083">
        <time>2021-07-11T01:25:09Z</time>
      </trkpt>
      <trkpt lat="34.317132" lon="108.777083">
        <time>2021-07-11T01:25:14Z</time>
      </trkpt>
      <trkpt lat="34.317132" lon="108.777083">
        <time>2021-07-11T01:25:19Z</time>
      </trkpt>
      <trkpt lat="34.317132" lon="108.777083">
        <time>2021-07-11T01:25:24Z</time>
      </trkpt>
      <trkpt lat="34.317132" lon="108.777083">
        <time>2021-07-11T01:25:29Z</time>
      </trkpt>
      <trkpt lat="34.317132" lon="108.777083">
        <time>2021-07-11T01:25:34Z</time>
      </trkpt>
      <trkpt lat="34.317132" lon="108.777083">
        <time>2021-07-11T01:25:39Z</time>
      </trkpt>
      <trkpt lat="34.317132" lon="108.777083">
        <time>2021-07-11T01:25:44Z</time>
      </trkpt>
      <trkpt lat="34.317132" lon="108.777083">
        <time>2021-07-11T01:25:49Z</time>
      </trkpt>
      <trkpt lat="34.317132" lon="108.777083">
        <time>2021-07-11T01:25:54Z</time>
      </trkpt>
      <trkpt lat="34.317132" lon="108.777083">
        <time>2021-07-11T01:25:59Z</time>
      </trkpt>
      <trkpt lat="34.317132" lon="108.777083">
        <time>2021-07-11T01:26:04Z</time>
      </trkpt>
      <trkpt lat="34.317132" lon="108.777083">
        <time>2021-07-11T01:26:09Z</time>
      </trkpt>
      <trkpt lat="34.317132" lon="108.777083">
        <time>2021-07-11T01:26:14Z</time>
      </trkpt>
      <trkpt lat="34.317132" lon="108.777083">
        <time>2021-07-11T01:26:19Z</time>
      </trkpt>
      <trkpt lat="34.317132" lon="108.777083">
        <time>2021-07-11T01:26:24Z</time>
      </trkpt>
      <trkpt lat="34.317132" lon="108.777083">
        <time>2021-07-11T01:26:29Z</time>
      </trkpt>
      <trkpt lat="34.317132" lon="108.777083">
        <time>2021-07-11T01:26:34Z</time>
      </trkpt>
      <trkpt lat="34.317132" lon="108.777083">
        <time>2021-07-11T01:26:39Z</time>
      </trkpt>
      <trkpt lat="34.317132" lon="108.777083">
        <time>2021-07-11T01:26:44Z</time>
      </trkpt>
      <trkpt lat="34.317132" lon="108.777083">
        <time>2021-07-11T01:26:49Z</time>
      </trkpt>
      <trkpt lat="34.317132" lon="108.777083">
        <time>2021-07-11T01:26:54Z</time>
      </trkpt>
      <trkpt lat="34.317132" lon="108.777083">
        <time>2021-07-11T01:26:59Z</time>
      </trkpt>
      <trkpt lat="34.317132" lon="108.777083">
        <time>2021-07-11T01:27:04Z</time>
      </trkpt>
      <trkpt lat="34.317132" lon="108.777083">
        <time>2021-07-11T01:27:09Z</time>
      </trkpt>
      <trkpt lat="34.317132" lon="108.777083">
        <time>2021-07-11T01:27:14Z</time>
      </trkpt>
      <trkpt lat="34.317132" lon="108.777083">
        <time>2021-07-11T01:27:19Z</time>
      </trkpt>
      <trkpt lat="34.317132" lon="108.777083">
        <time>2021-07-11T01:27:24Z</time>
      </trkpt>
      <trkpt lat="34.317132" lon="108.777083">
        <time>2021-07-11T01:27:29Z</time>
      </trkpt>
      <trkpt lat="34.317132" lon="108.777083">
        <time>2021-07-11T01:27:34Z</time>
      </trkpt>
      <trkpt lat="34.317132" lon="108.777083">
        <time>2021-07-11T01:27:39Z</time>
      </trkpt>
      <trkpt lat="34.317132" lon="108.777083">
        <time>2021-07-11T01:27:44Z</time>
      </trkpt>
      <trkpt lat="34.317132" lon="108.777083">
        <time>2021-07-11T01:27:49Z</time>
      </trkpt>
      <trkpt lat="34.317132" lon="108.777083">
        <time>2021-07-11T01:27:54Z</time>
      </trkpt>
      <trkpt lat="34.317132" lon="108.777083">
        <time>2021-07-11T01:27:59Z</time>
      </trkpt>
      <trkpt lat="34.317132" lon="108.777083">
        <time>2021-07-11T01:28:04Z</time>
      </trkpt>
      <trkpt lat="34.317132" lon="108.777083">
        <time>2021-07-11T01:28:09Z</time>
      </trkpt>
      <trkpt lat="34.317132" lon="108.777083">
        <time>2021-07-11T01:28:14Z</time>
      </trkpt>
      <trkpt lat="34.317132" lon="108.777083">
        <time>2021-07-11T01:28:19Z</time>
      </trkpt>
      <trkpt lat="34.317132" lon="108.777083">
        <time>2021-07-11T01:28:24Z</time>
      </trkpt>
      <trkpt lat="34.317132" lon="108.777083">
        <time>2021-07-11T01:28:29Z</time>
      </trkpt>
      <trkpt lat="34.317132" lon="108.777083">
        <time>2021-07-11T01:28:34Z</time>
      </trkpt>
      <trkpt lat="34.317132" lon="108.777083">
        <time>2021-07-11T01:28:39Z</time>
      </trkpt>
      <trkpt lat="34.317132" lon="108.777083">
        <time>2021-07-11T01:28:44Z</time>
      </trkpt>
      <trkpt lat="34.317132" lon="108.777083">
        <time>2021-07-11T01:28:49Z</time>
      </trkpt>
      <trkpt lat="34.317132" lon="108.777083">
        <time>2021-07-11T01:28:54Z</time>
      </trkpt>
      <trkpt lat="34.317132" lon="108.777083">
        <time>2021-07-11T01:28:59Z</time>
      </trkpt>
      <trkpt lat="34.317132" lon="108.777083">
        <time>2021-07-11T01:29:04Z</time>
      </trkpt>
      <trkpt lat="34.317132" lon="108.777083">
        <time>2021-07-11T01:29:09Z</time>
      </trkpt>
      <trkpt lat="34.317132" lon="108.777083">
        <time>2021-07-11T01:29:14Z</time>
      </trkpt>
      <trkpt lat="34.317132" lon="108.777083">
        <time>2021-07-11T01:29:19Z</time>
      </trkpt>
      <trkpt lat="34.317132" lon="108.777083">
        <time>2021-07-11T01:29:24Z</time>
      </trkpt>
      <trkpt lat="34.317132" lon="108.777083">
        <time>2021-07-11T01:29:29Z</time>
      </trkpt>
      <trkpt lat="34.317132" lon="108.777083">
        <time>2021-07-11T01:29:34Z</time>
      </trkpt>
      <trkpt lat="34.317132" lon="108.777083">
        <time>2021-07-11T01:29:39Z</time>
      </trkpt>
      <trkpt lat="34.317132" lon="108.777083">
        <time>2021-07-11T01:29:44Z</time>
      </trkpt>
      <trkpt lat="34.317132" lon="108.777083">
        <time>2021-07-11T01:29:49Z</time>
      </trkpt>
      <trkpt lat="34.317132" lon="108.777083">
        <time>2021-07-11T01:29:54Z</time>
      </trkpt>
      <trkpt lat="34.317132" lon="108.777083">
        <time>2021-07-11T01:29:59Z</time>
      </trkpt>
      <trkpt lat="34.317132" lon="108.777083">
        <time>2021-07-11T01:30:04Z</time>
      </trkpt>
      <trkpt lat="34.317132" lon="108.777083">
        <time>2021-07-11T01:30:09Z</time>
      </trkpt>
      <trkpt lat="34.317132" lon="108.777083">
        <time>2021-07-11T01:30:14Z</time>
      </trkpt>
      <trkpt lat="34.317132" lon="108.777083">
        <time>2021-07-11T01:30:19Z</time>
      </trkpt>
      <trkpt lat="34.317132" lon="108.777083">
        <time>2021-07-11T01:30:24Z</time>
      </trkpt>
      <trkpt lat="34.317132" lon="108.777083">
        <time>2021-07-11T01:30:29Z</time>
      </trkpt>
      <trkpt lat="34.317132" lon="108.777083">
        <time>2021-07-11T01:30:34Z</time>
      </trkpt>
      <trkpt lat="34.317132" lon="108.777083">
        <time>2021-07-11T01:34:19Z</time>
      </trkpt>
    </trkseg>
  </trk>
</gpx>