<?xml version="1.0" encoding="UTF-8"?>
<gpx xmlns="http://www.topografix.com/GPX/1/1" xmlns:gpxtpx="http://www.garmin.com/xmlschemas/TrackPointExtension/v1" xmlns:xsi="http://www.w3.org/2001/XMLSchema-instance" xsi:schemaLocation="http://www.topografix.com/GPX/1/1 http://www.topografix.com/GPX/1/1/gpx.xsd" version="1.1" creator="gpx.py -- https://github.com/tkrajina/gpxpy">
  <trk>
    <name>gpx from keep</name>
    <trkseg>
      <trkpt lat="39.906372" lon="116.620881">
        <time>2022-05-23T12:12:48Z</time>
      </trkpt>
      <trkpt lat="39.906372" lon="116.620881">
        <time>2022-05-23T12:12:53Z</time>
      </trkpt>
      <trkpt lat="39.906396" lon="116.620839">
        <time>2022-05-23T12:12:58Z</time>
      </trkpt>
      <trkpt lat="39.90642" lon="116.620797">
        <time>2022-05-23T12:13:03Z</time>
      </trkpt>
      <trkpt lat="39.906336" lon="116.620782">
        <time>2022-05-23T12:13:08Z</time>
      </trkpt>
      <trkpt lat="39.90625" lon="116.620746">
        <time>2022-05-23T12:13:13Z</time>
      </trkpt>
      <trkpt lat="39.906151" lon="116.620791">
        <time>2022-05-23T12:13:18Z</time>
      </trkpt>
      <trkpt lat="39.90613" lon="116.62083">
        <time>2022-05-23T12:13:23Z</time>
      </trkpt>
      <trkpt lat="39.906056" lon="116.620827">
        <time>2022-05-23T12:13:28Z</time>
      </trkpt>
      <trkpt lat="39.905953" lon="116.620756">
        <time>2022-05-23T12:13:33Z</time>
      </trkpt>
      <trkpt lat="39.905923" lon="116.620702">
        <time>2022-05-23T12:13:38Z</time>
      </trkpt>
      <trkpt lat="39.905842" lon="116.620549">
        <time>2022-05-23T12:13:43Z</time>
      </trkpt>
      <trkpt lat="39.905804" lon="116.620457">
        <time>2022-05-23T12:13:48Z</time>
      </trkpt>
      <trkpt lat="39.90579" lon="116.620339">
        <time>2022-05-23T12:13:53Z</time>
      </trkpt>
      <trkpt lat="39.90576" lon="116.620238">
        <time>2022-05-23T12:13:58Z</time>
      </trkpt>
      <trkpt lat="39.905782" lon="116.620096">
        <time>2022-05-23T12:14:03Z</time>
      </trkpt>
      <trkpt lat="39.905802" lon="116.619913">
        <time>2022-05-23T12:14:08Z</time>
      </trkpt>
      <trkpt lat="39.905794" lon="116.619775">
        <time>2022-05-23T12:14:13Z</time>
      </trkpt>
      <trkpt lat="39.905772" lon="116.619521">
        <time>2022-05-23T12:14:18Z</time>
      </trkpt>
      <trkpt lat="39.905772" lon="116.619521">
        <time>2022-05-23T12:14:23Z</time>
      </trkpt>
      <trkpt lat="39.905772" lon="116.619521">
        <time>2022-05-23T12:14:28Z</time>
      </trkpt>
      <trkpt lat="39.905772" lon="116.619521">
        <time>2022-05-23T12:14:33Z</time>
      </trkpt>
      <trkpt lat="39.905772" lon="116.619521">
        <time>2022-05-23T12:14:38Z</time>
      </trkpt>
      <trkpt lat="39.905772" lon="116.619521">
        <time>2022-05-23T12:14:43Z</time>
      </trkpt>
      <trkpt lat="39.905772" lon="116.619521">
        <time>2022-05-23T12:14:48Z</time>
      </trkpt>
      <trkpt lat="39.905772" lon="116.619521">
        <time>2022-05-23T12:14:53Z</time>
      </trkpt>
      <trkpt lat="39.905772" lon="116.619521">
        <time>2022-05-23T12:14:58Z</time>
      </trkpt>
      <trkpt lat="39.905772" lon="116.619521">
        <time>2022-05-23T12:15:03Z</time>
      </trkpt>
      <trkpt lat="39.905772" lon="116.619521">
        <time>2022-05-23T12:15:08Z</time>
      </trkpt>
      <trkpt lat="39.905772" lon="116.619521">
        <time>2022-05-23T12:15:13Z</time>
      </trkpt>
      <trkpt lat="39.905772" lon="116.619521">
        <time>2022-05-23T12:15:18Z</time>
      </trkpt>
      <trkpt lat="39.905772" lon="116.619521">
        <time>2022-05-23T12:15:23Z</time>
      </trkpt>
      <trkpt lat="39.905772" lon="116.619521">
        <time>2022-05-23T12:15:28Z</time>
      </trkpt>
      <trkpt lat="39.905772" lon="116.619521">
        <time>2022-05-23T12:15:33Z</time>
      </trkpt>
      <trkpt lat="39.905772" lon="116.619521">
        <time>2022-05-23T12:15:38Z</time>
      </trkpt>
      <trkpt lat="39.905772" lon="116.619521">
        <time>2022-05-23T12:15:43Z</time>
      </trkpt>
      <trkpt lat="39.905772" lon="116.619521">
        <time>2022-05-23T12:15:48Z</time>
      </trkpt>
      <trkpt lat="39.905772" lon="116.619521">
        <time>2022-05-23T12:15:53Z</time>
      </trkpt>
      <trkpt lat="39.905772" lon="116.619521">
        <time>2022-05-23T12:15:58Z</time>
      </trkpt>
      <trkpt lat="39.905772" lon="116.619521">
        <time>2022-05-23T12:16:03Z</time>
      </trkpt>
      <trkpt lat="39.905772" lon="116.619521">
        <time>2022-05-23T12:16:08Z</time>
      </trkpt>
      <trkpt lat="39.905772" lon="116.619521">
        <time>2022-05-23T12:16:13Z</time>
      </trkpt>
      <trkpt lat="39.905772" lon="116.619521">
        <time>2022-05-23T12:16:18Z</time>
      </trkpt>
      <trkpt lat="39.905772" lon="116.619521">
        <time>2022-05-23T12:16:23Z</time>
      </trkpt>
      <trkpt lat="39.905772" lon="116.619521">
        <time>2022-05-23T12:16:28Z</time>
      </trkpt>
      <trkpt lat="39.905772" lon="116.619521">
        <time>2022-05-23T12:16:33Z</time>
      </trkpt>
      <trkpt lat="39.905772" lon="116.619521">
        <time>2022-05-23T12:16:38Z</time>
      </trkpt>
      <trkpt lat="39.905772" lon="116.619521">
        <time>2022-05-23T12:16:43Z</time>
      </trkpt>
      <trkpt lat="39.905772" lon="116.619521">
        <time>2022-05-23T12:16:48Z</time>
      </trkpt>
      <trkpt lat="39.905772" lon="116.619521">
        <time>2022-05-23T12:16:53Z</time>
      </trkpt>
      <trkpt lat="39.905772" lon="116.619521">
        <time>2022-05-23T12:16:58Z</time>
      </trkpt>
      <trkpt lat="39.905772" lon="116.619521">
        <time>2022-05-23T12:17:03Z</time>
      </trkpt>
      <trkpt lat="39.905772" lon="116.619521">
        <time>2022-05-23T12:17:08Z</time>
      </trkpt>
      <trkpt lat="39.905772" lon="116.619521">
        <time>2022-05-23T12:17:13Z</time>
      </trkpt>
      <trkpt lat="39.905772" lon="116.619521">
        <time>2022-05-23T12:17:18Z</time>
      </trkpt>
      <trkpt lat="39.905772" lon="116.619521">
        <time>2022-05-23T12:17:23Z</time>
      </trkpt>
      <trkpt lat="39.905772" lon="116.619521">
        <time>2022-05-23T12:17:28Z</time>
      </trkpt>
      <trkpt lat="39.905772" lon="116.619521">
        <time>2022-05-23T12:17:33Z</time>
      </trkpt>
      <trkpt lat="39.905772" lon="116.619521">
        <time>2022-05-23T12:17:38Z</time>
      </trkpt>
      <trkpt lat="39.905772" lon="116.619521">
        <time>2022-05-23T12:17:43Z</time>
      </trkpt>
      <trkpt lat="39.905772" lon="116.619521">
        <time>2022-05-23T12:17:48Z</time>
      </trkpt>
      <trkpt lat="39.905772" lon="116.619521">
        <time>2022-05-23T12:17:53Z</time>
      </trkpt>
      <trkpt lat="39.905772" lon="116.619521">
        <time>2022-05-23T12:17:58Z</time>
      </trkpt>
      <trkpt lat="39.905772" lon="116.619521">
        <time>2022-05-23T12:18:03Z</time>
      </trkpt>
      <trkpt lat="39.905772" lon="116.619521">
        <time>2022-05-23T12:18:08Z</time>
      </trkpt>
      <trkpt lat="39.905772" lon="116.619521">
        <time>2022-05-23T12:18:13Z</time>
      </trkpt>
      <trkpt lat="39.905772" lon="116.619521">
        <time>2022-05-23T12:18:18Z</time>
      </trkpt>
      <trkpt lat="39.905772" lon="116.619521">
        <time>2022-05-23T12:18:23Z</time>
      </trkpt>
      <trkpt lat="39.905772" lon="116.619521">
        <time>2022-05-23T12:18:28Z</time>
      </trkpt>
      <trkpt lat="39.905772" lon="116.619521">
        <time>2022-05-23T12:18:33Z</time>
      </trkpt>
      <trkpt lat="39.905772" lon="116.619521">
        <time>2022-05-23T12:18:38Z</time>
      </trkpt>
      <trkpt lat="39.905772" lon="116.619521">
        <time>2022-05-23T12:18:43Z</time>
      </trkpt>
      <trkpt lat="39.905772" lon="116.619521">
        <time>2022-05-23T12:18:48Z</time>
      </trkpt>
      <trkpt lat="39.905772" lon="116.619521">
        <time>2022-05-23T12:18:53Z</time>
      </trkpt>
      <trkpt lat="39.905772" lon="116.619521">
        <time>2022-05-23T12:18:58Z</time>
      </trkpt>
      <trkpt lat="39.905772" lon="116.619521">
        <time>2022-05-23T12:19:03Z</time>
      </trkpt>
      <trkpt lat="39.905772" lon="116.619521">
        <time>2022-05-23T12:19:08Z</time>
      </trkpt>
      <trkpt lat="39.905772" lon="116.619521">
        <time>2022-05-23T12:19:13Z</time>
      </trkpt>
      <trkpt lat="39.905772" lon="116.619521">
        <time>2022-05-23T12:19:18Z</time>
      </trkpt>
      <trkpt lat="39.905772" lon="116.619521">
        <time>2022-05-23T12:19:23Z</time>
      </trkpt>
      <trkpt lat="39.905772" lon="116.619521">
        <time>2022-05-23T12:19:28Z</time>
      </trkpt>
      <trkpt lat="39.905772" lon="116.619521">
        <time>2022-05-23T12:19:33Z</time>
      </trkpt>
      <trkpt lat="39.905772" lon="116.619521">
        <time>2022-05-23T12:19:38Z</time>
      </trkpt>
      <trkpt lat="39.905772" lon="116.619521">
        <time>2022-05-23T12:19:43Z</time>
      </trkpt>
      <trkpt lat="39.905772" lon="116.619521">
        <time>2022-05-23T12:19:48Z</time>
      </trkpt>
      <trkpt lat="39.905772" lon="116.619521">
        <time>2022-05-23T12:19:53Z</time>
      </trkpt>
      <trkpt lat="39.905772" lon="116.619521">
        <time>2022-05-23T12:19:58Z</time>
      </trkpt>
      <trkpt lat="39.905772" lon="116.619521">
        <time>2022-05-23T12:20:03Z</time>
      </trkpt>
      <trkpt lat="39.905772" lon="116.619521">
        <time>2022-05-23T12:20:08Z</time>
      </trkpt>
      <trkpt lat="39.905772" lon="116.619521">
        <time>2022-05-23T12:20:13Z</time>
      </trkpt>
      <trkpt lat="39.905772" lon="116.619521">
        <time>2022-05-23T12:20:18Z</time>
      </trkpt>
      <trkpt lat="39.905772" lon="116.619521">
        <time>2022-05-23T12:20:23Z</time>
      </trkpt>
      <trkpt lat="39.905772" lon="116.619521">
        <time>2022-05-23T12:20:28Z</time>
      </trkpt>
      <trkpt lat="39.905772" lon="116.619521">
        <time>2022-05-23T12:20:33Z</time>
      </trkpt>
      <trkpt lat="39.905772" lon="116.619521">
        <time>2022-05-23T12:20:38Z</time>
      </trkpt>
      <trkpt lat="39.905772" lon="116.619521">
        <time>2022-05-23T12:20:43Z</time>
      </trkpt>
      <trkpt lat="39.905772" lon="116.619521">
        <time>2022-05-23T12:20:48Z</time>
      </trkpt>
      <trkpt lat="39.905772" lon="116.619521">
        <time>2022-05-23T12:20:53Z</time>
      </trkpt>
      <trkpt lat="39.905772" lon="116.619521">
        <time>2022-05-23T12:20:58Z</time>
      </trkpt>
      <trkpt lat="39.905772" lon="116.619521">
        <time>2022-05-23T12:21:03Z</time>
      </trkpt>
      <trkpt lat="39.905772" lon="116.619521">
        <time>2022-05-23T12:21:08Z</time>
      </trkpt>
      <trkpt lat="39.905772" lon="116.619521">
        <time>2022-05-23T12:21:13Z</time>
      </trkpt>
      <trkpt lat="39.905772" lon="116.619521">
        <time>2022-05-23T12:21:18Z</time>
      </trkpt>
      <trkpt lat="39.905772" lon="116.619521">
        <time>2022-05-23T12:21:23Z</time>
      </trkpt>
      <trkpt lat="39.905772" lon="116.619521">
        <time>2022-05-23T12:21:28Z</time>
      </trkpt>
      <trkpt lat="39.905772" lon="116.619521">
        <time>2022-05-23T12:21:33Z</time>
      </trkpt>
      <trkpt lat="39.905772" lon="116.619521">
        <time>2022-05-23T12:21:38Z</time>
      </trkpt>
      <trkpt lat="39.905772" lon="116.619521">
        <time>2022-05-23T12:21:43Z</time>
      </trkpt>
      <trkpt lat="39.905772" lon="116.619521">
        <time>2022-05-23T12:21:48Z</time>
      </trkpt>
      <trkpt lat="39.905772" lon="116.619521">
        <time>2022-05-23T12:21:53Z</time>
      </trkpt>
      <trkpt lat="39.905772" lon="116.619521">
        <time>2022-05-23T12:21:58Z</time>
      </trkpt>
      <trkpt lat="39.905772" lon="116.619521">
        <time>2022-05-23T12:22:03Z</time>
      </trkpt>
      <trkpt lat="39.905772" lon="116.619521">
        <time>2022-05-23T12:22:08Z</time>
      </trkpt>
      <trkpt lat="39.905772" lon="116.619521">
        <time>2022-05-23T12:22:13Z</time>
      </trkpt>
      <trkpt lat="39.905772" lon="116.619521">
        <time>2022-05-23T12:22:18Z</time>
      </trkpt>
      <trkpt lat="39.905772" lon="116.619521">
        <time>2022-05-23T12:22:23Z</time>
      </trkpt>
      <trkpt lat="39.905772" lon="116.619521">
        <time>2022-05-23T12:22:28Z</time>
      </trkpt>
      <trkpt lat="39.905772" lon="116.619521">
        <time>2022-05-23T12:22:33Z</time>
      </trkpt>
      <trkpt lat="39.905772" lon="116.619521">
        <time>2022-05-23T12:22:38Z</time>
      </trkpt>
      <trkpt lat="39.905772" lon="116.619521">
        <time>2022-05-23T12:22:43Z</time>
      </trkpt>
      <trkpt lat="39.905772" lon="116.619521">
        <time>2022-05-23T12:22:48Z</time>
      </trkpt>
      <trkpt lat="39.905772" lon="116.619521">
        <time>2022-05-23T12:22:53Z</time>
      </trkpt>
      <trkpt lat="39.905772" lon="116.619521">
        <time>2022-05-23T12:22:58Z</time>
      </trkpt>
      <trkpt lat="39.905772" lon="116.619521">
        <time>2022-05-23T12:23:03Z</time>
      </trkpt>
      <trkpt lat="39.905772" lon="116.619521">
        <time>2022-05-23T12:23:08Z</time>
      </trkpt>
      <trkpt lat="39.905772" lon="116.619521">
        <time>2022-05-23T12:23:13Z</time>
      </trkpt>
      <trkpt lat="39.905772" lon="116.619521">
        <time>2022-05-23T12:23:18Z</time>
      </trkpt>
      <trkpt lat="39.905772" lon="116.619521">
        <time>2022-05-23T12:23:23Z</time>
      </trkpt>
      <trkpt lat="39.905772" lon="116.619521">
        <time>2022-05-23T12:23:28Z</time>
      </trkpt>
      <trkpt lat="39.905772" lon="116.619521">
        <time>2022-05-23T12:23:33Z</time>
      </trkpt>
      <trkpt lat="39.905772" lon="116.619521">
        <time>2022-05-23T12:23:38Z</time>
      </trkpt>
      <trkpt lat="39.905772" lon="116.619521">
        <time>2022-05-23T12:23:43Z</time>
      </trkpt>
      <trkpt lat="39.905772" lon="116.619521">
        <time>2022-05-23T12:23:48Z</time>
      </trkpt>
      <trkpt lat="39.905772" lon="116.619521">
        <time>2022-05-23T12:23:53Z</time>
      </trkpt>
      <trkpt lat="39.905772" lon="116.619521">
        <time>2022-05-23T12:23:58Z</time>
      </trkpt>
      <trkpt lat="39.905772" lon="116.619521">
        <time>2022-05-23T12:24:03Z</time>
      </trkpt>
      <trkpt lat="39.905772" lon="116.619521">
        <time>2022-05-23T12:24:08Z</time>
      </trkpt>
      <trkpt lat="39.905772" lon="116.619521">
        <time>2022-05-23T12:24:13Z</time>
      </trkpt>
      <trkpt lat="39.905772" lon="116.619521">
        <time>2022-05-23T12:24:18Z</time>
      </trkpt>
      <trkpt lat="39.905772" lon="116.619521">
        <time>2022-05-23T12:24:23Z</time>
      </trkpt>
      <trkpt lat="39.905772" lon="116.619521">
        <time>2022-05-23T12:24:28Z</time>
      </trkpt>
      <trkpt lat="39.905772" lon="116.619521">
        <time>2022-05-23T12:24:33Z</time>
      </trkpt>
      <trkpt lat="39.905772" lon="116.619521">
        <time>2022-05-23T12:24:38Z</time>
      </trkpt>
      <trkpt lat="39.905772" lon="116.619521">
        <time>2022-05-23T12:24:43Z</time>
      </trkpt>
      <trkpt lat="39.905772" lon="116.619521">
        <time>2022-05-23T12:24:48Z</time>
      </trkpt>
      <trkpt lat="39.905772" lon="116.619521">
        <time>2022-05-23T12:24:53Z</time>
      </trkpt>
      <trkpt lat="39.905772" lon="116.619521">
        <time>2022-05-23T12:24:58Z</time>
      </trkpt>
      <trkpt lat="39.905772" lon="116.619521">
        <time>2022-05-23T12:25:03Z</time>
      </trkpt>
      <trkpt lat="39.905772" lon="116.619521">
        <time>2022-05-23T12:25:08Z</time>
      </trkpt>
      <trkpt lat="39.905772" lon="116.619521">
        <time>2022-05-23T12:25:13Z</time>
      </trkpt>
      <trkpt lat="39.905772" lon="116.619521">
        <time>2022-05-23T12:25:18Z</time>
      </trkpt>
      <trkpt lat="39.905772" lon="116.619521">
        <time>2022-05-23T12:25:23Z</time>
      </trkpt>
      <trkpt lat="39.905772" lon="116.619521">
        <time>2022-05-23T12:25:28Z</time>
      </trkpt>
      <trkpt lat="39.905772" lon="116.619521">
        <time>2022-05-23T12:25:33Z</time>
      </trkpt>
      <trkpt lat="39.905772" lon="116.619521">
        <time>2022-05-23T12:25:38Z</time>
      </trkpt>
      <trkpt lat="39.905772" lon="116.619521">
        <time>2022-05-23T12:25:43Z</time>
      </trkpt>
      <trkpt lat="39.905772" lon="116.619521">
        <time>2022-05-23T12:25:48Z</time>
      </trkpt>
      <trkpt lat="39.905772" lon="116.619521">
        <time>2022-05-23T12:25:53Z</time>
      </trkpt>
      <trkpt lat="39.905772" lon="116.619521">
        <time>2022-05-23T12:25:58Z</time>
      </trkpt>
      <trkpt lat="39.905772" lon="116.619521">
        <time>2022-05-23T12:26:03Z</time>
      </trkpt>
      <trkpt lat="39.905772" lon="116.619521">
        <time>2022-05-23T12:26:08Z</time>
      </trkpt>
      <trkpt lat="39.905772" lon="116.619521">
        <time>2022-05-23T12:26:13Z</time>
      </trkpt>
      <trkpt lat="39.905772" lon="116.619521">
        <time>2022-05-23T12:26:18Z</time>
      </trkpt>
      <trkpt lat="39.905772" lon="116.619521">
        <time>2022-05-23T12:26:23Z</time>
      </trkpt>
      <trkpt lat="39.905772" lon="116.619521">
        <time>2022-05-23T12:26:28Z</time>
      </trkpt>
      <trkpt lat="39.905772" lon="116.619521">
        <time>2022-05-23T12:26:33Z</time>
      </trkpt>
      <trkpt lat="39.905772" lon="116.619521">
        <time>2022-05-23T12:26:38Z</time>
      </trkpt>
      <trkpt lat="39.905772" lon="116.619521">
        <time>2022-05-23T12:26:43Z</time>
      </trkpt>
      <trkpt lat="39.905772" lon="116.619521">
        <time>2022-05-23T12:26:48Z</time>
      </trkpt>
      <trkpt lat="39.905772" lon="116.619521">
        <time>2022-05-23T12:26:53Z</time>
      </trkpt>
      <trkpt lat="39.905772" lon="116.619521">
        <time>2022-05-23T12:26:58Z</time>
      </trkpt>
      <trkpt lat="39.905772" lon="116.619521">
        <time>2022-05-23T12:27:03Z</time>
      </trkpt>
      <trkpt lat="39.905772" lon="116.619521">
        <time>2022-05-23T12:27:08Z</time>
      </trkpt>
      <trkpt lat="39.905772" lon="116.619521">
        <time>2022-05-23T12:27:13Z</time>
      </trkpt>
      <trkpt lat="39.905772" lon="116.619521">
        <time>2022-05-23T12:27:18Z</time>
      </trkpt>
      <trkpt lat="39.905772" lon="116.619521">
        <time>2022-05-23T12:27:23Z</time>
      </trkpt>
      <trkpt lat="39.905772" lon="116.619521">
        <time>2022-05-23T12:27:28Z</time>
      </trkpt>
      <trkpt lat="39.905772" lon="116.619521">
        <time>2022-05-23T12:27:33Z</time>
      </trkpt>
      <trkpt lat="39.905772" lon="116.619521">
        <time>2022-05-23T12:27:38Z</time>
      </trkpt>
      <trkpt lat="39.905772" lon="116.619521">
        <time>2022-05-23T12:27:43Z</time>
      </trkpt>
      <trkpt lat="39.905772" lon="116.619521">
        <time>2022-05-23T12:27:48Z</time>
      </trkpt>
      <trkpt lat="39.905772" lon="116.619521">
        <time>2022-05-23T12:27:53Z</time>
      </trkpt>
      <trkpt lat="39.905772" lon="116.619521">
        <time>2022-05-23T12:27:58Z</time>
      </trkpt>
      <trkpt lat="39.905772" lon="116.619521">
        <time>2022-05-23T12:28:03Z</time>
      </trkpt>
      <trkpt lat="39.905772" lon="116.619521">
        <time>2022-05-23T12:28:08Z</time>
      </trkpt>
      <trkpt lat="39.905772" lon="116.619521">
        <time>2022-05-23T12:28:13Z</time>
      </trkpt>
      <trkpt lat="39.905772" lon="116.619521">
        <time>2022-05-23T12:28:18Z</time>
      </trkpt>
      <trkpt lat="39.905772" lon="116.619521">
        <time>2022-05-23T12:28:23Z</time>
      </trkpt>
      <trkpt lat="39.905772" lon="116.619521">
        <time>2022-05-23T12:28:28Z</time>
      </trkpt>
      <trkpt lat="39.905772" lon="116.619521">
        <time>2022-05-23T12:28:33Z</time>
      </trkpt>
      <trkpt lat="39.905772" lon="116.619521">
        <time>2022-05-23T12:28:38Z</time>
      </trkpt>
      <trkpt lat="39.905772" lon="116.619521">
        <time>2022-05-23T12:28:43Z</time>
      </trkpt>
      <trkpt lat="39.905772" lon="116.619521">
        <time>2022-05-23T12:28:48Z</time>
      </trkpt>
      <trkpt lat="39.905772" lon="116.619521">
        <time>2022-05-23T12:28:53Z</time>
      </trkpt>
      <trkpt lat="39.905772" lon="116.619521">
        <time>2022-05-23T12:28:58Z</time>
      </trkpt>
      <trkpt lat="39.905772" lon="116.619521">
        <time>2022-05-23T12:29:03Z</time>
      </trkpt>
      <trkpt lat="39.905772" lon="116.619521">
        <time>2022-05-23T12:29:08Z</time>
      </trkpt>
      <trkpt lat="39.905772" lon="116.619521">
        <time>2022-05-23T12:29:13Z</time>
      </trkpt>
      <trkpt lat="39.905772" lon="116.619521">
        <time>2022-05-23T12:29:18Z</time>
      </trkpt>
      <trkpt lat="39.905772" lon="116.619521">
        <time>2022-05-23T12:29:23Z</time>
      </trkpt>
      <trkpt lat="39.905772" lon="116.619521">
        <time>2022-05-23T12:29:28Z</time>
      </trkpt>
      <trkpt lat="39.905772" lon="116.619521">
        <time>2022-05-23T12:29:33Z</time>
      </trkpt>
      <trkpt lat="39.905772" lon="116.619521">
        <time>2022-05-23T12:29:38Z</time>
      </trkpt>
      <trkpt lat="39.905772" lon="116.619521">
        <time>2022-05-23T12:29:43Z</time>
      </trkpt>
      <trkpt lat="39.905772" lon="116.619521">
        <time>2022-05-23T12:29:48Z</time>
      </trkpt>
      <trkpt lat="39.905772" lon="116.619521">
        <time>2022-05-23T12:29:53Z</time>
      </trkpt>
      <trkpt lat="39.905772" lon="116.619521">
        <time>2022-05-23T12:29:58Z</time>
      </trkpt>
      <trkpt lat="39.905772" lon="116.619521">
        <time>2022-05-23T12:30:03Z</time>
      </trkpt>
      <trkpt lat="39.905772" lon="116.619521">
        <time>2022-05-23T12:30:08Z</time>
      </trkpt>
      <trkpt lat="39.905772" lon="116.619521">
        <time>2022-05-23T12:30:13Z</time>
      </trkpt>
      <trkpt lat="39.905772" lon="116.619521">
        <time>2022-05-23T12:30:18Z</time>
      </trkpt>
      <trkpt lat="39.905772" lon="116.619521">
        <time>2022-05-23T12:30:23Z</time>
      </trkpt>
      <trkpt lat="39.905772" lon="116.619521">
        <time>2022-05-23T12:30:28Z</time>
      </trkpt>
      <trkpt lat="39.905772" lon="116.619521">
        <time>2022-05-23T12:30:33Z</time>
      </trkpt>
      <trkpt lat="39.905772" lon="116.619521">
        <time>2022-05-23T12:30:38Z</time>
      </trkpt>
      <trkpt lat="39.905772" lon="116.619521">
        <time>2022-05-23T12:30:43Z</time>
      </trkpt>
      <trkpt lat="39.905772" lon="116.619521">
        <time>2022-05-23T12:30:48Z</time>
      </trkpt>
      <trkpt lat="39.905772" lon="116.619521">
        <time>2022-05-23T12:30:53Z</time>
      </trkpt>
      <trkpt lat="39.905772" lon="116.619521">
        <time>2022-05-23T12:30:58Z</time>
      </trkpt>
      <trkpt lat="39.905772" lon="116.619521">
        <time>2022-05-23T12:31:03Z</time>
      </trkpt>
      <trkpt lat="39.905772" lon="116.619521">
        <time>2022-05-23T12:31:08Z</time>
      </trkpt>
      <trkpt lat="39.905772" lon="116.619521">
        <time>2022-05-23T12:31:13Z</time>
      </trkpt>
      <trkpt lat="39.905772" lon="116.619521">
        <time>2022-05-23T12:31:18Z</time>
      </trkpt>
      <trkpt lat="39.905772" lon="116.619521">
        <time>2022-05-23T12:31:23Z</time>
      </trkpt>
      <trkpt lat="39.905772" lon="116.619521">
        <time>2022-05-23T12:31:28Z</time>
      </trkpt>
      <trkpt lat="39.905772" lon="116.619521">
        <time>2022-05-23T12:31:33Z</time>
      </trkpt>
      <trkpt lat="39.905772" lon="116.619521">
        <time>2022-05-23T12:31:38Z</time>
      </trkpt>
      <trkpt lat="39.905772" lon="116.619521">
        <time>2022-05-23T12:31:43Z</time>
      </trkpt>
      <trkpt lat="39.905772" lon="116.619521">
        <time>2022-05-23T12:31:48Z</time>
      </trkpt>
      <trkpt lat="39.905772" lon="116.619521">
        <time>2022-05-23T12:31:53Z</time>
      </trkpt>
      <trkpt lat="39.905772" lon="116.619521">
        <time>2022-05-23T12:31:58Z</time>
      </trkpt>
      <trkpt lat="39.905772" lon="116.619521">
        <time>2022-05-23T12:32:03Z</time>
      </trkpt>
      <trkpt lat="39.905772" lon="116.619521">
        <time>2022-05-23T12:32:08Z</time>
      </trkpt>
      <trkpt lat="39.905772" lon="116.619521">
        <time>2022-05-23T12:32:13Z</time>
      </trkpt>
      <trkpt lat="39.905772" lon="116.619521">
        <time>2022-05-23T12:32:18Z</time>
      </trkpt>
      <trkpt lat="39.905772" lon="116.619521">
        <time>2022-05-23T12:32:23Z</time>
      </trkpt>
      <trkpt lat="39.905772" lon="116.619521">
        <time>2022-05-23T12:32:28Z</time>
      </trkpt>
      <trkpt lat="39.905772" lon="116.619521">
        <time>2022-05-23T12:32:33Z</time>
      </trkpt>
      <trkpt lat="39.905772" lon="116.619521">
        <time>2022-05-23T12:32:38Z</time>
      </trkpt>
      <trkpt lat="39.905772" lon="116.619521">
        <time>2022-05-23T12:32:43Z</time>
      </trkpt>
      <trkpt lat="39.905772" lon="116.619521">
        <time>2022-05-23T12:32:48Z</time>
      </trkpt>
      <trkpt lat="39.905772" lon="116.619521">
        <time>2022-05-23T12:32:53Z</time>
      </trkpt>
      <trkpt lat="39.905772" lon="116.619521">
        <time>2022-05-23T12:32:58Z</time>
      </trkpt>
      <trkpt lat="39.905772" lon="116.619521">
        <time>2022-05-23T12:33:03Z</time>
      </trkpt>
      <trkpt lat="39.905772" lon="116.619521">
        <time>2022-05-23T12:33:08Z</time>
      </trkpt>
      <trkpt lat="39.905772" lon="116.619521">
        <time>2022-05-23T12:33:13Z</time>
      </trkpt>
      <trkpt lat="39.905772" lon="116.619521">
        <time>2022-05-23T12:33:18Z</time>
      </trkpt>
      <trkpt lat="39.905772" lon="116.619521">
        <time>2022-05-23T12:33:23Z</time>
      </trkpt>
      <trkpt lat="39.905772" lon="116.619521">
        <time>2022-05-23T12:33:28Z</time>
      </trkpt>
      <trkpt lat="39.905772" lon="116.619521">
        <time>2022-05-23T12:33:33Z</time>
      </trkpt>
      <trkpt lat="39.905772" lon="116.619521">
        <time>2022-05-23T12:33:38Z</time>
      </trkpt>
      <trkpt lat="39.905772" lon="116.619521">
        <time>2022-05-23T12:33:43Z</time>
      </trkpt>
      <trkpt lat="39.905772" lon="116.619521">
        <time>2022-05-23T12:33:48Z</time>
      </trkpt>
      <trkpt lat="39.905772" lon="116.619521">
        <time>2022-05-23T12:33:53Z</time>
      </trkpt>
      <trkpt lat="39.905772" lon="116.619521">
        <time>2022-05-23T12:33:58Z</time>
      </trkpt>
      <trkpt lat="39.905772" lon="116.619521">
        <time>2022-05-23T12:34:03Z</time>
      </trkpt>
      <trkpt lat="39.905772" lon="116.619521">
        <time>2022-05-23T12:34:08Z</time>
      </trkpt>
      <trkpt lat="39.905772" lon="116.619521">
        <time>2022-05-23T12:34:13Z</time>
      </trkpt>
      <trkpt lat="39.905772" lon="116.619521">
        <time>2022-05-23T12:34:18Z</time>
      </trkpt>
      <trkpt lat="39.905772" lon="116.619521">
        <time>2022-05-23T12:34:23Z</time>
      </trkpt>
      <trkpt lat="39.905772" lon="116.619521">
        <time>2022-05-23T12:34:28Z</time>
      </trkpt>
      <trkpt lat="39.905772" lon="116.619521">
        <time>2022-05-23T12:34:33Z</time>
      </trkpt>
      <trkpt lat="39.905772" lon="116.619521">
        <time>2022-05-23T12:34:38Z</time>
      </trkpt>
      <trkpt lat="39.905772" lon="116.619521">
        <time>2022-05-23T12:34:43Z</time>
      </trkpt>
      <trkpt lat="39.905772" lon="116.619521">
        <time>2022-05-23T12:34:48Z</time>
      </trkpt>
      <trkpt lat="39.905772" lon="116.619521">
        <time>2022-05-23T12:34:53Z</time>
      </trkpt>
      <trkpt lat="39.905772" lon="116.619521">
        <time>2022-05-23T12:34:58Z</time>
      </trkpt>
      <trkpt lat="39.905772" lon="116.619521">
        <time>2022-05-23T12:35:03Z</time>
      </trkpt>
      <trkpt lat="39.905772" lon="116.619521">
        <time>2022-05-23T12:35:08Z</time>
      </trkpt>
      <trkpt lat="39.905772" lon="116.619521">
        <time>2022-05-23T12:35:13Z</time>
      </trkpt>
      <trkpt lat="39.905772" lon="116.619521">
        <time>2022-05-23T12:35:18Z</time>
      </trkpt>
      <trkpt lat="39.905772" lon="116.619521">
        <time>2022-05-23T12:35:23Z</time>
      </trkpt>
      <trkpt lat="39.905772" lon="116.619521">
        <time>2022-05-23T12:35:28Z</time>
      </trkpt>
      <trkpt lat="39.905772" lon="116.619521">
        <time>2022-05-23T12:35:33Z</time>
      </trkpt>
      <trkpt lat="39.905772" lon="116.619521">
        <time>2022-05-23T12:35:38Z</time>
      </trkpt>
      <trkpt lat="39.905772" lon="116.619521">
        <time>2022-05-23T12:35:43Z</time>
      </trkpt>
      <trkpt lat="39.905772" lon="116.619521">
        <time>2022-05-23T12:35:48Z</time>
      </trkpt>
      <trkpt lat="39.905772" lon="116.619521">
        <time>2022-05-23T12:35:53Z</time>
      </trkpt>
      <trkpt lat="39.905772" lon="116.619521">
        <time>2022-05-23T12:35:58Z</time>
      </trkpt>
      <trkpt lat="39.905772" lon="116.619521">
        <time>2022-05-23T12:36:03Z</time>
      </trkpt>
      <trkpt lat="39.905772" lon="116.619521">
        <time>2022-05-23T12:36:08Z</time>
      </trkpt>
      <trkpt lat="39.905772" lon="116.619521">
        <time>2022-05-23T12:36:13Z</time>
      </trkpt>
      <trkpt lat="39.905772" lon="116.619521">
        <time>2022-05-23T12:36:18Z</time>
      </trkpt>
      <trkpt lat="39.905772" lon="116.619521">
        <time>2022-05-23T12:36:23Z</time>
      </trkpt>
      <trkpt lat="39.905772" lon="116.619521">
        <time>2022-05-23T12:36:28Z</time>
      </trkpt>
      <trkpt lat="39.905772" lon="116.619521">
        <time>2022-05-23T12:36:33Z</time>
      </trkpt>
      <trkpt lat="39.905772" lon="116.619521">
        <time>2022-05-23T12:36:38Z</time>
      </trkpt>
      <trkpt lat="39.905772" lon="116.619521">
        <time>2022-05-23T12:36:43Z</time>
      </trkpt>
      <trkpt lat="39.905772" lon="116.619521">
        <time>2022-05-23T12:36:48Z</time>
      </trkpt>
      <trkpt lat="39.905772" lon="116.619521">
        <time>2022-05-23T12:36:53Z</time>
      </trkpt>
      <trkpt lat="39.905772" lon="116.619521">
        <time>2022-05-23T12:36:58Z</time>
      </trkpt>
      <trkpt lat="39.905772" lon="116.619521">
        <time>2022-05-23T12:37:03Z</time>
      </trkpt>
      <trkpt lat="39.905772" lon="116.619521">
        <time>2022-05-23T12:37:08Z</time>
      </trkpt>
      <trkpt lat="39.905772" lon="116.619521">
        <time>2022-05-23T12:37:13Z</time>
      </trkpt>
      <trkpt lat="39.905772" lon="116.619521">
        <time>2022-05-23T12:37:18Z</time>
      </trkpt>
      <trkpt lat="39.905772" lon="116.619521">
        <time>2022-05-23T12:37:23Z</time>
      </trkpt>
      <trkpt lat="39.905772" lon="116.619521">
        <time>2022-05-23T12:37:28Z</time>
      </trkpt>
      <trkpt lat="39.905772" lon="116.619521">
        <time>2022-05-23T12:37:33Z</time>
      </trkpt>
      <trkpt lat="39.905772" lon="116.619521">
        <time>2022-05-23T12:37:38Z</time>
      </trkpt>
      <trkpt lat="39.905772" lon="116.619521">
        <time>2022-05-23T12:37:43Z</time>
      </trkpt>
      <trkpt lat="39.905772" lon="116.619521">
        <time>2022-05-23T12:37:48Z</time>
      </trkpt>
      <trkpt lat="39.905772" lon="116.619521">
        <time>2022-05-23T12:37:53Z</time>
      </trkpt>
      <trkpt lat="39.905772" lon="116.619521">
        <time>2022-05-23T12:37:58Z</time>
      </trkpt>
      <trkpt lat="39.905772" lon="116.619521">
        <time>2022-05-23T12:38:03Z</time>
      </trkpt>
      <trkpt lat="39.905772" lon="116.619521">
        <time>2022-05-23T12:38:08Z</time>
      </trkpt>
      <trkpt lat="39.905772" lon="116.619521">
        <time>2022-05-23T12:38:13Z</time>
      </trkpt>
      <trkpt lat="39.905772" lon="116.619521">
        <time>2022-05-23T12:38:18Z</time>
      </trkpt>
      <trkpt lat="39.905772" lon="116.619521">
        <time>2022-05-23T12:38:23Z</time>
      </trkpt>
      <trkpt lat="39.905772" lon="116.619521">
        <time>2022-05-23T12:38:28Z</time>
      </trkpt>
      <trkpt lat="39.905772" lon="116.619521">
        <time>2022-05-23T12:38:33Z</time>
      </trkpt>
      <trkpt lat="39.905772" lon="116.619521">
        <time>2022-05-23T12:38:38Z</time>
      </trkpt>
      <trkpt lat="39.905772" lon="116.619521">
        <time>2022-05-23T12:38:43Z</time>
      </trkpt>
      <trkpt lat="39.905772" lon="116.619521">
        <time>2022-05-23T12:38:48Z</time>
      </trkpt>
      <trkpt lat="39.905772" lon="116.619521">
        <time>2022-05-23T12:38:53Z</time>
      </trkpt>
      <trkpt lat="39.905772" lon="116.619521">
        <time>2022-05-23T12:38:58Z</time>
      </trkpt>
      <trkpt lat="39.905772" lon="116.619521">
        <time>2022-05-23T12:39:03Z</time>
      </trkpt>
      <trkpt lat="39.905772" lon="116.619521">
        <time>2022-05-23T12:39:08Z</time>
      </trkpt>
      <trkpt lat="39.905772" lon="116.619521">
        <time>2022-05-23T12:39:13Z</time>
      </trkpt>
      <trkpt lat="39.905772" lon="116.619521">
        <time>2022-05-23T12:39:18Z</time>
      </trkpt>
      <trkpt lat="39.91479" lon="116.655563">
        <time>2022-05-23T12:39:23Z</time>
      </trkpt>
      <trkpt lat="39.91479" lon="116.655563">
        <time>2022-05-23T12:39:28Z</time>
      </trkpt>
      <trkpt lat="39.91479" lon="116.655563">
        <time>2022-05-23T12:39:33Z</time>
      </trkpt>
      <trkpt lat="39.91479" lon="116.655563">
        <time>2022-05-23T12:39:38Z</time>
      </trkpt>
      <trkpt lat="39.91479" lon="116.655563">
        <time>2022-05-23T12:39:43Z</time>
      </trkpt>
      <trkpt lat="39.91479" lon="116.655563">
        <time>2022-05-23T12:39:48Z</time>
      </trkpt>
      <trkpt lat="39.91479" lon="116.655563">
        <time>2022-05-23T12:39:53Z</time>
      </trkpt>
      <trkpt lat="39.91479" lon="116.655563">
        <time>2022-05-23T12:39:58Z</time>
      </trkpt>
      <trkpt lat="39.91479" lon="116.655563">
        <time>2022-05-23T12:40:03Z</time>
      </trkpt>
      <trkpt lat="39.91479" lon="116.655563">
        <time>2022-05-23T12:40:08Z</time>
      </trkpt>
      <trkpt lat="39.91479" lon="116.655563">
        <time>2022-05-23T12:40:13Z</time>
      </trkpt>
      <trkpt lat="39.91479" lon="116.655563">
        <time>2022-05-23T12:40:18Z</time>
      </trkpt>
      <trkpt lat="39.91479" lon="116.655563">
        <time>2022-05-23T12:40:23Z</time>
      </trkpt>
      <trkpt lat="39.91479" lon="116.655563">
        <time>2022-05-23T12:40:28Z</time>
      </trkpt>
      <trkpt lat="39.91479" lon="116.655563">
        <time>2022-05-23T12:40:33Z</time>
      </trkpt>
      <trkpt lat="39.91479" lon="116.655563">
        <time>2022-05-23T12:40:38Z</time>
      </trkpt>
      <trkpt lat="39.91479" lon="116.655563">
        <time>2022-05-23T12:40:43Z</time>
      </trkpt>
      <trkpt lat="39.91479" lon="116.655563">
        <time>2022-05-23T12:40:48Z</time>
      </trkpt>
      <trkpt lat="39.91479" lon="116.655563">
        <time>2022-05-23T12:40:53Z</time>
      </trkpt>
      <trkpt lat="39.91479" lon="116.655563">
        <time>2022-05-23T12:40:58Z</time>
      </trkpt>
      <trkpt lat="39.91479" lon="116.655563">
        <time>2022-05-23T12:41:03Z</time>
      </trkpt>
      <trkpt lat="39.91479" lon="116.655563">
        <time>2022-05-23T12:41:08Z</time>
      </trkpt>
      <trkpt lat="39.91479" lon="116.655563">
        <time>2022-05-23T12:41:13Z</time>
      </trkpt>
      <trkpt lat="39.91479" lon="116.655563">
        <time>2022-05-23T12:41:18Z</time>
      </trkpt>
      <trkpt lat="39.91479" lon="116.655563">
        <time>2022-05-23T12:41:23Z</time>
      </trkpt>
      <trkpt lat="39.91479" lon="116.655563">
        <time>2022-05-23T12:41:28Z</time>
      </trkpt>
      <trkpt lat="39.91479" lon="116.655563">
        <time>2022-05-23T12:41:33Z</time>
      </trkpt>
      <trkpt lat="39.91479" lon="116.655563">
        <time>2022-05-23T12:41:38Z</time>
      </trkpt>
      <trkpt lat="39.91479" lon="116.655563">
        <time>2022-05-23T12:41:43Z</time>
      </trkpt>
      <trkpt lat="39.91479" lon="116.655563">
        <time>2022-05-23T12:41:48Z</time>
      </trkpt>
      <trkpt lat="39.91479" lon="116.655563">
        <time>2022-05-23T12:41:53Z</time>
      </trkpt>
      <trkpt lat="39.91479" lon="116.655563">
        <time>2022-05-23T12:41:58Z</time>
      </trkpt>
      <trkpt lat="39.91479" lon="116.655563">
        <time>2022-05-23T12:42:03Z</time>
      </trkpt>
      <trkpt lat="39.91479" lon="116.655563">
        <time>2022-05-23T12:42:08Z</time>
      </trkpt>
      <trkpt lat="39.91479" lon="116.655563">
        <time>2022-05-23T12:42:13Z</time>
      </trkpt>
      <trkpt lat="39.91479" lon="116.655563">
        <time>2022-05-23T12:42:18Z</time>
      </trkpt>
      <trkpt lat="39.91479" lon="116.655563">
        <time>2022-05-23T12:42:23Z</time>
      </trkpt>
      <trkpt lat="39.91479" lon="116.655563">
        <time>2022-05-23T12:42:28Z</time>
      </trkpt>
      <trkpt lat="39.91479" lon="116.655563">
        <time>2022-05-23T12:42:33Z</time>
      </trkpt>
      <trkpt lat="39.91479" lon="116.655563">
        <time>2022-05-23T12:42:38Z</time>
      </trkpt>
      <trkpt lat="39.91479" lon="116.655563">
        <time>2022-05-23T12:42:43Z</time>
      </trkpt>
      <trkpt lat="39.91479" lon="116.655563">
        <time>2022-05-23T12:42:48Z</time>
      </trkpt>
      <trkpt lat="39.91479" lon="116.655563">
        <time>2022-05-23T12:42:53Z</time>
      </trkpt>
      <trkpt lat="39.91479" lon="116.655563">
        <time>2022-05-23T12:42:58Z</time>
      </trkpt>
      <trkpt lat="39.91479" lon="116.655563">
        <time>2022-05-23T12:43:03Z</time>
      </trkpt>
      <trkpt lat="39.91479" lon="116.655563">
        <time>2022-05-23T12:43:08Z</time>
      </trkpt>
      <trkpt lat="39.91479" lon="116.655563">
        <time>2022-05-23T12:43:13Z</time>
      </trkpt>
      <trkpt lat="39.91479" lon="116.655563">
        <time>2022-05-23T12:43:18Z</time>
      </trkpt>
      <trkpt lat="39.91479" lon="116.655563">
        <time>2022-05-23T12:43:23Z</time>
      </trkpt>
      <trkpt lat="39.91479" lon="116.655563">
        <time>2022-05-23T12:43:28Z</time>
      </trkpt>
      <trkpt lat="39.91479" lon="116.655563">
        <time>2022-05-23T12:43:33Z</time>
      </trkpt>
      <trkpt lat="39.91479" lon="116.655563">
        <time>2022-05-23T12:43:38Z</time>
      </trkpt>
      <trkpt lat="39.91479" lon="116.655563">
        <time>2022-05-23T12:43:43Z</time>
      </trkpt>
      <trkpt lat="39.91479" lon="116.655563">
        <time>2022-05-23T12:43:48Z</time>
      </trkpt>
      <trkpt lat="39.91479" lon="116.655563">
        <time>2022-05-23T12:43:53Z</time>
      </trkpt>
      <trkpt lat="39.91479" lon="116.655563">
        <time>2022-05-23T12:43:58Z</time>
      </trkpt>
      <trkpt lat="39.91479" lon="116.655563">
        <time>2022-05-23T12:44:03Z</time>
      </trkpt>
      <trkpt lat="39.91479" lon="116.655563">
        <time>2022-05-23T12:44:08Z</time>
      </trkpt>
      <trkpt lat="39.91479" lon="116.655563">
        <time>2022-05-23T12:44:13Z</time>
      </trkpt>
      <trkpt lat="39.91479" lon="116.655563">
        <time>2022-05-23T12:44:18Z</time>
      </trkpt>
      <trkpt lat="39.91479" lon="116.655563">
        <time>2022-05-23T12:44:23Z</time>
      </trkpt>
      <trkpt lat="39.91479" lon="116.655563">
        <time>2022-05-23T12:44:28Z</time>
      </trkpt>
      <trkpt lat="39.91479" lon="116.655563">
        <time>2022-05-23T12:44:33Z</time>
      </trkpt>
      <trkpt lat="39.91479" lon="116.655563">
        <time>2022-05-23T12:44:38Z</time>
      </trkpt>
      <trkpt lat="39.91479" lon="116.655563">
        <time>2022-05-23T12:44:43Z</time>
      </trkpt>
      <trkpt lat="39.91479" lon="116.655563">
        <time>2022-05-23T12:44:48Z</time>
      </trkpt>
      <trkpt lat="39.91479" lon="116.655563">
        <time>2022-05-23T12:44:53Z</time>
      </trkpt>
      <trkpt lat="39.91479" lon="116.655563">
        <time>2022-05-23T12:44:58Z</time>
      </trkpt>
      <trkpt lat="39.91479" lon="116.655563">
        <time>2022-05-23T12:45:03Z</time>
      </trkpt>
      <trkpt lat="39.91479" lon="116.655563">
        <time>2022-05-23T12:45:08Z</time>
      </trkpt>
      <trkpt lat="39.91479" lon="116.655563">
        <time>2022-05-23T12:45:13Z</time>
      </trkpt>
      <trkpt lat="39.91479" lon="116.655563">
        <time>2022-05-23T12:45:18Z</time>
      </trkpt>
      <trkpt lat="39.91479" lon="116.655563">
        <time>2022-05-23T12:45:23Z</time>
      </trkpt>
      <trkpt lat="39.91479" lon="116.655563">
        <time>2022-05-23T12:45:28Z</time>
      </trkpt>
      <trkpt lat="39.91479" lon="116.655563">
        <time>2022-05-23T12:45:33Z</time>
      </trkpt>
      <trkpt lat="39.91479" lon="116.655563">
        <time>2022-05-23T12:45:38Z</time>
      </trkpt>
      <trkpt lat="39.91479" lon="116.655563">
        <time>2022-05-23T12:45:43Z</time>
      </trkpt>
      <trkpt lat="39.91479" lon="116.655563">
        <time>2022-05-23T12:45:48Z</time>
      </trkpt>
      <trkpt lat="39.91479" lon="116.655563">
        <time>2022-05-23T12:45:53Z</time>
      </trkpt>
      <trkpt lat="39.91479" lon="116.655563">
        <time>2022-05-23T12:45:58Z</time>
      </trkpt>
      <trkpt lat="39.91479" lon="116.655563">
        <time>2022-05-23T12:46:03Z</time>
      </trkpt>
      <trkpt lat="39.91479" lon="116.655563">
        <time>2022-05-23T12:46:08Z</time>
      </trkpt>
      <trkpt lat="39.91479" lon="116.655563">
        <time>2022-05-23T12:46:13Z</time>
      </trkpt>
      <trkpt lat="39.91479" lon="116.655563">
        <time>2022-05-23T12:46:18Z</time>
      </trkpt>
      <trkpt lat="39.91479" lon="116.655563">
        <time>2022-05-23T12:46:23Z</time>
      </trkpt>
      <trkpt lat="39.91479" lon="116.655563">
        <time>2022-05-23T12:46:28Z</time>
      </trkpt>
      <trkpt lat="39.91479" lon="116.655563">
        <time>2022-05-23T12:46:33Z</time>
      </trkpt>
      <trkpt lat="39.91479" lon="116.655563">
        <time>2022-05-23T12:46:38Z</time>
      </trkpt>
      <trkpt lat="39.91479" lon="116.655563">
        <time>2022-05-23T12:46:43Z</time>
      </trkpt>
      <trkpt lat="39.91479" lon="116.655563">
        <time>2022-05-23T12:46:48Z</time>
      </trkpt>
      <trkpt lat="39.91479" lon="116.655563">
        <time>2022-05-23T12:46:53Z</time>
      </trkpt>
      <trkpt lat="39.91479" lon="116.655563">
        <time>2022-05-23T12:46:58Z</time>
      </trkpt>
      <trkpt lat="39.91479" lon="116.655563">
        <time>2022-05-23T12:47:03Z</time>
      </trkpt>
      <trkpt lat="39.91479" lon="116.655563">
        <time>2022-05-23T12:47:08Z</time>
      </trkpt>
      <trkpt lat="39.91479" lon="116.655563">
        <time>2022-05-23T12:47:13Z</time>
      </trkpt>
      <trkpt lat="39.91479" lon="116.655563">
        <time>2022-05-23T12:47:18Z</time>
      </trkpt>
      <trkpt lat="39.91479" lon="116.655563">
        <time>2022-05-23T12:47:23Z</time>
      </trkpt>
      <trkpt lat="39.91479" lon="116.655563">
        <time>2022-05-23T12:47:28Z</time>
      </trkpt>
      <trkpt lat="39.91479" lon="116.655563">
        <time>2022-05-23T12:47:33Z</time>
      </trkpt>
      <trkpt lat="39.91479" lon="116.655563">
        <time>2022-05-23T12:47:38Z</time>
      </trkpt>
      <trkpt lat="39.91479" lon="116.655563">
        <time>2022-05-23T12:47:43Z</time>
      </trkpt>
      <trkpt lat="39.91479" lon="116.655563">
        <time>2022-05-23T12:47:48Z</time>
      </trkpt>
      <trkpt lat="39.91479" lon="116.655563">
        <time>2022-05-23T12:47:53Z</time>
      </trkpt>
      <trkpt lat="39.91479" lon="116.655563">
        <time>2022-05-23T12:47:58Z</time>
      </trkpt>
      <trkpt lat="39.91479" lon="116.655563">
        <time>2022-05-23T12:48:03Z</time>
      </trkpt>
      <trkpt lat="39.91479" lon="116.655563">
        <time>2022-05-23T12:48:08Z</time>
      </trkpt>
      <trkpt lat="39.91479" lon="116.655563">
        <time>2022-05-23T12:48:13Z</time>
      </trkpt>
      <trkpt lat="39.91479" lon="116.655563">
        <time>2022-05-23T12:48:18Z</time>
      </trkpt>
      <trkpt lat="39.91479" lon="116.655563">
        <time>2022-05-23T12:48:23Z</time>
      </trkpt>
      <trkpt lat="39.91479" lon="116.655563">
        <time>2022-05-23T12:48:28Z</time>
      </trkpt>
      <trkpt lat="39.91479" lon="116.655563">
        <time>2022-05-23T12:48:33Z</time>
      </trkpt>
      <trkpt lat="39.91479" lon="116.655563">
        <time>2022-05-23T12:48:38Z</time>
      </trkpt>
      <trkpt lat="39.91479" lon="116.655563">
        <time>2022-05-23T12:48:43Z</time>
      </trkpt>
      <trkpt lat="39.91479" lon="116.655563">
        <time>2022-05-23T12:48:48Z</time>
      </trkpt>
      <trkpt lat="39.91479" lon="116.655563">
        <time>2022-05-23T12:48:53Z</time>
      </trkpt>
      <trkpt lat="39.91479" lon="116.655563">
        <time>2022-05-23T12:48:58Z</time>
      </trkpt>
      <trkpt lat="39.91479" lon="116.655563">
        <time>2022-05-23T12:49:03Z</time>
      </trkpt>
      <trkpt lat="39.91479" lon="116.655563">
        <time>2022-05-23T12:49:08Z</time>
      </trkpt>
      <trkpt lat="39.91479" lon="116.655563">
        <time>2022-05-23T12:49:13Z</time>
      </trkpt>
      <trkpt lat="39.91479" lon="116.655563">
        <time>2022-05-23T12:49:18Z</time>
      </trkpt>
      <trkpt lat="39.91479" lon="116.655563">
        <time>2022-05-23T12:49:23Z</time>
      </trkpt>
      <trkpt lat="39.91479" lon="116.655563">
        <time>2022-05-23T12:49:28Z</time>
      </trkpt>
      <trkpt lat="39.91479" lon="116.655563">
        <time>2022-05-23T12:49:33Z</time>
      </trkpt>
      <trkpt lat="39.91479" lon="116.655563">
        <time>2022-05-23T12:49:38Z</time>
      </trkpt>
      <trkpt lat="39.91479" lon="116.655563">
        <time>2022-05-23T12:49:43Z</time>
      </trkpt>
      <trkpt lat="39.91479" lon="116.655563">
        <time>2022-05-23T12:49:48Z</time>
      </trkpt>
      <trkpt lat="39.91479" lon="116.655563">
        <time>2022-05-23T12:49:53Z</time>
      </trkpt>
      <trkpt lat="39.91479" lon="116.655563">
        <time>2022-05-23T12:49:58Z</time>
      </trkpt>
      <trkpt lat="39.91479" lon="116.655563">
        <time>2022-05-23T12:50:03Z</time>
      </trkpt>
      <trkpt lat="39.91479" lon="116.655563">
        <time>2022-05-23T12:50:08Z</time>
      </trkpt>
      <trkpt lat="39.91479" lon="116.655563">
        <time>2022-05-23T12:50:13Z</time>
      </trkpt>
      <trkpt lat="39.91479" lon="116.655563">
        <time>2022-05-23T12:50:18Z</time>
      </trkpt>
      <trkpt lat="39.91479" lon="116.655563">
        <time>2022-05-23T12:50:23Z</time>
      </trkpt>
      <trkpt lat="39.91479" lon="116.655563">
        <time>2022-05-23T12:50:28Z</time>
      </trkpt>
      <trkpt lat="39.91479" lon="116.655563">
        <time>2022-05-23T12:50:33Z</time>
      </trkpt>
      <trkpt lat="39.91479" lon="116.655563">
        <time>2022-05-23T12:50:38Z</time>
      </trkpt>
      <trkpt lat="39.91479" lon="116.655563">
        <time>2022-05-23T12:50:43Z</time>
      </trkpt>
      <trkpt lat="39.91479" lon="116.655563">
        <time>2022-05-23T12:50:48Z</time>
      </trkpt>
      <trkpt lat="39.91479" lon="116.655563">
        <time>2022-05-23T12:50:53Z</time>
      </trkpt>
      <trkpt lat="39.91479" lon="116.655563">
        <time>2022-05-23T12:50:58Z</time>
      </trkpt>
      <trkpt lat="39.91479" lon="116.655563">
        <time>2022-05-23T12:51:03Z</time>
      </trkpt>
      <trkpt lat="39.91479" lon="116.655563">
        <time>2022-05-23T12:51:08Z</time>
      </trkpt>
      <trkpt lat="39.91479" lon="116.655563">
        <time>2022-05-23T12:51:13Z</time>
      </trkpt>
      <trkpt lat="39.91479" lon="116.655563">
        <time>2022-05-23T12:51:18Z</time>
      </trkpt>
      <trkpt lat="39.91479" lon="116.655563">
        <time>2022-05-23T12:51:23Z</time>
      </trkpt>
      <trkpt lat="39.91479" lon="116.655563">
        <time>2022-05-23T12:51:28Z</time>
      </trkpt>
      <trkpt lat="39.91479" lon="116.655563">
        <time>2022-05-23T12:51:33Z</time>
      </trkpt>
      <trkpt lat="39.91479" lon="116.655563">
        <time>2022-05-23T12:51:38Z</time>
      </trkpt>
      <trkpt lat="39.91479" lon="116.655563">
        <time>2022-05-23T12:51:43Z</time>
      </trkpt>
      <trkpt lat="39.91479" lon="116.655563">
        <time>2022-05-23T12:51:48Z</time>
      </trkpt>
      <trkpt lat="39.91479" lon="116.655563">
        <time>2022-05-23T12:51:53Z</time>
      </trkpt>
      <trkpt lat="39.91479" lon="116.655563">
        <time>2022-05-23T12:51:58Z</time>
      </trkpt>
      <trkpt lat="39.91479" lon="116.655563">
        <time>2022-05-23T12:52:03Z</time>
      </trkpt>
      <trkpt lat="39.91479" lon="116.655563">
        <time>2022-05-23T12:52:08Z</time>
      </trkpt>
      <trkpt lat="39.91479" lon="116.655563">
        <time>2022-05-23T12:52:13Z</time>
      </trkpt>
      <trkpt lat="39.91479" lon="116.655563">
        <time>2022-05-23T12:52:18Z</time>
      </trkpt>
      <trkpt lat="39.91479" lon="116.655563">
        <time>2022-05-23T12:52:23Z</time>
      </trkpt>
      <trkpt lat="39.91479" lon="116.655563">
        <time>2022-05-23T12:52:28Z</time>
      </trkpt>
      <trkpt lat="39.91479" lon="116.655563">
        <time>2022-05-23T12:52:33Z</time>
      </trkpt>
      <trkpt lat="39.91479" lon="116.655563">
        <time>2022-05-23T12:52:38Z</time>
      </trkpt>
      <trkpt lat="39.91479" lon="116.655563">
        <time>2022-05-23T12:52:43Z</time>
      </trkpt>
      <trkpt lat="39.91479" lon="116.655563">
        <time>2022-05-23T12:52:48Z</time>
      </trkpt>
      <trkpt lat="39.91479" lon="116.655563">
        <time>2022-05-23T12:52:53Z</time>
      </trkpt>
      <trkpt lat="39.91479" lon="116.655563">
        <time>2022-05-23T12:52:58Z</time>
      </trkpt>
      <trkpt lat="39.91479" lon="116.655563">
        <time>2022-05-23T12:53:03Z</time>
      </trkpt>
      <trkpt lat="39.91479" lon="116.655563">
        <time>2022-05-23T12:53:08Z</time>
      </trkpt>
      <trkpt lat="39.91479" lon="116.655563">
        <time>2022-05-23T12:53:13Z</time>
      </trkpt>
      <trkpt lat="39.91479" lon="116.655563">
        <time>2022-05-23T12:53:18Z</time>
      </trkpt>
      <trkpt lat="39.91479" lon="116.655563">
        <time>2022-05-23T12:53:23Z</time>
      </trkpt>
      <trkpt lat="39.91479" lon="116.655563">
        <time>2022-05-23T12:53:28Z</time>
      </trkpt>
      <trkpt lat="39.91479" lon="116.655563">
        <time>2022-05-23T12:53:33Z</time>
      </trkpt>
      <trkpt lat="39.91479" lon="116.655563">
        <time>2022-05-23T12:53:38Z</time>
      </trkpt>
      <trkpt lat="39.91479" lon="116.655563">
        <time>2022-05-23T12:53:43Z</time>
      </trkpt>
      <trkpt lat="39.91479" lon="116.655563">
        <time>2022-05-23T12:53:48Z</time>
      </trkpt>
      <trkpt lat="39.91479" lon="116.655563">
        <time>2022-05-23T12:53:53Z</time>
      </trkpt>
      <trkpt lat="39.91479" lon="116.655563">
        <time>2022-05-23T12:53:58Z</time>
      </trkpt>
      <trkpt lat="39.91479" lon="116.655563">
        <time>2022-05-23T12:54:03Z</time>
      </trkpt>
      <trkpt lat="39.91479" lon="116.655563">
        <time>2022-05-23T12:54:08Z</time>
      </trkpt>
      <trkpt lat="39.91479" lon="116.655563">
        <time>2022-05-23T12:54:13Z</time>
      </trkpt>
      <trkpt lat="39.91479" lon="116.655563">
        <time>2022-05-23T12:54:18Z</time>
      </trkpt>
      <trkpt lat="39.91479" lon="116.655563">
        <time>2022-05-23T12:54:23Z</time>
      </trkpt>
      <trkpt lat="39.91479" lon="116.655563">
        <time>2022-05-23T12:54:28Z</time>
      </trkpt>
      <trkpt lat="39.91479" lon="116.655563">
        <time>2022-05-23T12:54:33Z</time>
      </trkpt>
      <trkpt lat="39.91479" lon="116.655563">
        <time>2022-05-23T12:54:38Z</time>
      </trkpt>
      <trkpt lat="39.91479" lon="116.655563">
        <time>2022-05-23T12:54:43Z</time>
      </trkpt>
      <trkpt lat="39.91479" lon="116.655563">
        <time>2022-05-23T12:54:48Z</time>
      </trkpt>
      <trkpt lat="39.91479" lon="116.655563">
        <time>2022-05-23T12:54:53Z</time>
      </trkpt>
      <trkpt lat="39.91479" lon="116.655563">
        <time>2022-05-23T12:54:58Z</time>
      </trkpt>
      <trkpt lat="39.91479" lon="116.655563">
        <time>2022-05-23T12:55:03Z</time>
      </trkpt>
      <trkpt lat="39.91479" lon="116.655563">
        <time>2022-05-23T12:55:08Z</time>
      </trkpt>
      <trkpt lat="39.91479" lon="116.655563">
        <time>2022-05-23T12:55:13Z</time>
      </trkpt>
      <trkpt lat="39.91479" lon="116.655563">
        <time>2022-05-23T12:55:18Z</time>
      </trkpt>
      <trkpt lat="39.91479" lon="116.655563">
        <time>2022-05-23T12:55:23Z</time>
      </trkpt>
      <trkpt lat="39.91479" lon="116.655563">
        <time>2022-05-23T12:55:28Z</time>
      </trkpt>
      <trkpt lat="39.91479" lon="116.655563">
        <time>2022-05-23T12:55:33Z</time>
      </trkpt>
      <trkpt lat="39.91479" lon="116.655563">
        <time>2022-05-23T12:55:38Z</time>
      </trkpt>
      <trkpt lat="39.91479" lon="116.655563">
        <time>2022-05-23T12:55:43Z</time>
      </trkpt>
      <trkpt lat="39.91479" lon="116.655563">
        <time>2022-05-23T12:55:48Z</time>
      </trkpt>
      <trkpt lat="39.91479" lon="116.655563">
        <time>2022-05-23T12:55:53Z</time>
      </trkpt>
      <trkpt lat="39.91479" lon="116.655563">
        <time>2022-05-23T12:55:58Z</time>
      </trkpt>
      <trkpt lat="39.91479" lon="116.655563">
        <time>2022-05-23T12:56:03Z</time>
      </trkpt>
      <trkpt lat="39.91479" lon="116.655563">
        <time>2022-05-23T12:56:08Z</time>
      </trkpt>
      <trkpt lat="39.91479" lon="116.655563">
        <time>2022-05-23T12:56:13Z</time>
      </trkpt>
      <trkpt lat="39.91479" lon="116.655563">
        <time>2022-05-23T12:56:18Z</time>
      </trkpt>
      <trkpt lat="39.91479" lon="116.655563">
        <time>2022-05-23T12:56:23Z</time>
      </trkpt>
      <trkpt lat="39.91479" lon="116.655563">
        <time>2022-05-23T12:56:28Z</time>
      </trkpt>
      <trkpt lat="39.91479" lon="116.655563">
        <time>2022-05-23T12:56:33Z</time>
      </trkpt>
      <trkpt lat="39.91479" lon="116.655563">
        <time>2022-05-23T12:56:38Z</time>
      </trkpt>
      <trkpt lat="39.91479" lon="116.655563">
        <time>2022-05-23T12:56:43Z</time>
      </trkpt>
      <trkpt lat="39.91479" lon="116.655563">
        <time>2022-05-23T12:56:48Z</time>
      </trkpt>
      <trkpt lat="39.91479" lon="116.655563">
        <time>2022-05-23T12:56:53Z</time>
      </trkpt>
      <trkpt lat="39.91479" lon="116.655563">
        <time>2022-05-23T12:56:58Z</time>
      </trkpt>
      <trkpt lat="39.91479" lon="116.655563">
        <time>2022-05-23T12:57:03Z</time>
      </trkpt>
      <trkpt lat="39.91479" lon="116.655563">
        <time>2022-05-23T12:57:08Z</time>
      </trkpt>
      <trkpt lat="39.91479" lon="116.655563">
        <time>2022-05-23T12:57:13Z</time>
      </trkpt>
      <trkpt lat="39.91479" lon="116.655563">
        <time>2022-05-23T12:57:18Z</time>
      </trkpt>
      <trkpt lat="39.91479" lon="116.655563">
        <time>2022-05-23T12:57:23Z</time>
      </trkpt>
      <trkpt lat="39.91479" lon="116.655563">
        <time>2022-05-23T12:57:28Z</time>
      </trkpt>
      <trkpt lat="39.91479" lon="116.655563">
        <time>2022-05-23T12:57:33Z</time>
      </trkpt>
      <trkpt lat="39.91479" lon="116.655563">
        <time>2022-05-23T12:57:38Z</time>
      </trkpt>
      <trkpt lat="39.91479" lon="116.655563">
        <time>2022-05-23T12:57:43Z</time>
      </trkpt>
      <trkpt lat="39.91479" lon="116.655563">
        <time>2022-05-23T12:57:48Z</time>
      </trkpt>
      <trkpt lat="39.91479" lon="116.655563">
        <time>2022-05-23T12:57:53Z</time>
      </trkpt>
      <trkpt lat="39.91479" lon="116.655563">
        <time>2022-05-23T12:57:58Z</time>
      </trkpt>
      <trkpt lat="39.91479" lon="116.655563">
        <time>2022-05-23T12:58:03Z</time>
      </trkpt>
      <trkpt lat="39.91479" lon="116.655563">
        <time>2022-05-23T12:58:08Z</time>
      </trkpt>
      <trkpt lat="39.91479" lon="116.655563">
        <time>2022-05-23T12:58:13Z</time>
      </trkpt>
      <trkpt lat="39.91479" lon="116.655563">
        <time>2022-05-23T12:58:18Z</time>
      </trkpt>
      <trkpt lat="39.91479" lon="116.655563">
        <time>2022-05-23T12:58:23Z</time>
      </trkpt>
      <trkpt lat="39.91479" lon="116.655563">
        <time>2022-05-23T12:58:28Z</time>
      </trkpt>
      <trkpt lat="39.91479" lon="116.655563">
        <time>2022-05-23T12:58:33Z</time>
      </trkpt>
      <trkpt lat="39.91479" lon="116.655563">
        <time>2022-05-23T12:58:38Z</time>
      </trkpt>
      <trkpt lat="39.91479" lon="116.655563">
        <time>2022-05-23T12:58:43Z</time>
      </trkpt>
      <trkpt lat="39.91479" lon="116.655563">
        <time>2022-05-23T12:58:48Z</time>
      </trkpt>
      <trkpt lat="39.91479" lon="116.655563">
        <time>2022-05-23T12:58:53Z</time>
      </trkpt>
      <trkpt lat="39.91479" lon="116.655563">
        <time>2022-05-23T12:58:58Z</time>
      </trkpt>
      <trkpt lat="39.91479" lon="116.655563">
        <time>2022-05-23T12:59:03Z</time>
      </trkpt>
      <trkpt lat="39.91479" lon="116.655563">
        <time>2022-05-23T12:59:08Z</time>
      </trkpt>
      <trkpt lat="39.91479" lon="116.655563">
        <time>2022-05-23T12:59:13Z</time>
      </trkpt>
      <trkpt lat="39.91479" lon="116.655563">
        <time>2022-05-23T12:59:18Z</time>
      </trkpt>
      <trkpt lat="39.91479" lon="116.655563">
        <time>2022-05-23T12:59:23Z</time>
      </trkpt>
      <trkpt lat="39.91479" lon="116.655563">
        <time>2022-05-23T12:59:28Z</time>
      </trkpt>
      <trkpt lat="39.91479" lon="116.655563">
        <time>2022-05-23T12:59:33Z</time>
      </trkpt>
      <trkpt lat="39.91479" lon="116.655563">
        <time>2022-05-23T12:59:38Z</time>
      </trkpt>
      <trkpt lat="39.91479" lon="116.655563">
        <time>2022-05-23T12:59:43Z</time>
      </trkpt>
      <trkpt lat="39.91479" lon="116.655563">
        <time>2022-05-23T12:59:48Z</time>
      </trkpt>
      <trkpt lat="39.91479" lon="116.655563">
        <time>2022-05-23T12:59:53Z</time>
      </trkpt>
      <trkpt lat="39.91479" lon="116.655563">
        <time>2022-05-23T12:59:58Z</time>
      </trkpt>
      <trkpt lat="39.91479" lon="116.655563">
        <time>2022-05-23T13:00:03Z</time>
      </trkpt>
      <trkpt lat="39.91479" lon="116.655563">
        <time>2022-05-23T13:00:08Z</time>
      </trkpt>
      <trkpt lat="39.91479" lon="116.655563">
        <time>2022-05-23T13:00:13Z</time>
      </trkpt>
      <trkpt lat="39.91479" lon="116.655563">
        <time>2022-05-23T13:00:18Z</time>
      </trkpt>
      <trkpt lat="39.91479" lon="116.655563">
        <time>2022-05-23T13:00:23Z</time>
      </trkpt>
      <trkpt lat="39.91479" lon="116.655563">
        <time>2022-05-23T13:00:28Z</time>
      </trkpt>
      <trkpt lat="39.91479" lon="116.655563">
        <time>2022-05-23T13:00:33Z</time>
      </trkpt>
      <trkpt lat="39.91479" lon="116.655563">
        <time>2022-05-23T13:00:38Z</time>
      </trkpt>
      <trkpt lat="39.91479" lon="116.655563">
        <time>2022-05-23T13:00:43Z</time>
      </trkpt>
      <trkpt lat="39.91479" lon="116.655563">
        <time>2022-05-23T13:00:48Z</time>
      </trkpt>
      <trkpt lat="39.91479" lon="116.655563">
        <time>2022-05-23T13:00:53Z</time>
      </trkpt>
      <trkpt lat="39.91479" lon="116.655563">
        <time>2022-05-23T13:00:58Z</time>
      </trkpt>
      <trkpt lat="39.91479" lon="116.655563">
        <time>2022-05-23T13:01:03Z</time>
      </trkpt>
      <trkpt lat="39.91479" lon="116.655563">
        <time>2022-05-23T13:01:08Z</time>
      </trkpt>
      <trkpt lat="39.91479" lon="116.655563">
        <time>2022-05-23T13:01:13Z</time>
      </trkpt>
      <trkpt lat="39.91479" lon="116.655563">
        <time>2022-05-23T13:01:18Z</time>
      </trkpt>
      <trkpt lat="39.91479" lon="116.655563">
        <time>2022-05-23T13:01:23Z</time>
      </trkpt>
      <trkpt lat="39.91479" lon="116.655563">
        <time>2022-05-23T13:01:28Z</time>
      </trkpt>
      <trkpt lat="39.91479" lon="116.655563">
        <time>2022-05-23T13:01:33Z</time>
      </trkpt>
      <trkpt lat="39.91479" lon="116.655563">
        <time>2022-05-23T13:01:38Z</time>
      </trkpt>
      <trkpt lat="39.91479" lon="116.655563">
        <time>2022-05-23T13:01:43Z</time>
      </trkpt>
      <trkpt lat="39.91479" lon="116.655563">
        <time>2022-05-23T13:01:48Z</time>
      </trkpt>
      <trkpt lat="39.91479" lon="116.655563">
        <time>2022-05-23T13:01:53Z</time>
      </trkpt>
      <trkpt lat="39.91479" lon="116.655563">
        <time>2022-05-23T13:01:58Z</time>
      </trkpt>
      <trkpt lat="39.91479" lon="116.655563">
        <time>2022-05-23T13:02:03Z</time>
      </trkpt>
      <trkpt lat="39.91479" lon="116.655563">
        <time>2022-05-23T13:02:08Z</time>
      </trkpt>
      <trkpt lat="39.91479" lon="116.655563">
        <time>2022-05-23T13:02:13Z</time>
      </trkpt>
      <trkpt lat="39.91479" lon="116.655563">
        <time>2022-05-23T13:02:18Z</time>
      </trkpt>
      <trkpt lat="39.91479" lon="116.655563">
        <time>2022-05-23T13:02:23Z</time>
      </trkpt>
      <trkpt lat="39.91479" lon="116.655563">
        <time>2022-05-23T13:02:28Z</time>
      </trkpt>
      <trkpt lat="39.91479" lon="116.655563">
        <time>2022-05-23T13:02:33Z</time>
      </trkpt>
      <trkpt lat="39.91479" lon="116.655563">
        <time>2022-05-23T13:02:38Z</time>
      </trkpt>
      <trkpt lat="39.91479" lon="116.655563">
        <time>2022-05-23T13:02:43Z</time>
      </trkpt>
      <trkpt lat="39.91479" lon="116.655563">
        <time>2022-05-23T13:02:48Z</time>
      </trkpt>
      <trkpt lat="39.91479" lon="116.655563">
        <time>2022-05-23T13:02:53Z</time>
      </trkpt>
      <trkpt lat="39.91479" lon="116.655563">
        <time>2022-05-23T13:02:58Z</time>
      </trkpt>
      <trkpt lat="39.91479" lon="116.655563">
        <time>2022-05-23T13:03:03Z</time>
      </trkpt>
      <trkpt lat="39.91479" lon="116.655563">
        <time>2022-05-23T13:03:08Z</time>
      </trkpt>
      <trkpt lat="39.91479" lon="116.655563">
        <time>2022-05-23T13:03:13Z</time>
      </trkpt>
      <trkpt lat="39.91479" lon="116.655563">
        <time>2022-05-23T13:03:18Z</time>
      </trkpt>
      <trkpt lat="39.91479" lon="116.655563">
        <time>2022-05-23T13:03:23Z</time>
      </trkpt>
      <trkpt lat="39.91479" lon="116.655563">
        <time>2022-05-23T13:03:28Z</time>
      </trkpt>
      <trkpt lat="39.91479" lon="116.655563">
        <time>2022-05-23T13:03:33Z</time>
      </trkpt>
      <trkpt lat="39.91479" lon="116.655563">
        <time>2022-05-23T13:03:38Z</time>
      </trkpt>
      <trkpt lat="39.91479" lon="116.655563">
        <time>2022-05-23T13:03:43Z</time>
      </trkpt>
      <trkpt lat="39.91479" lon="116.655563">
        <time>2022-05-23T13:03:48Z</time>
      </trkpt>
      <trkpt lat="39.91479" lon="116.655563">
        <time>2022-05-23T13:03:53Z</time>
      </trkpt>
      <trkpt lat="39.91479" lon="116.655563">
        <time>2022-05-23T13:03:58Z</time>
      </trkpt>
      <trkpt lat="39.91479" lon="116.655563">
        <time>2022-05-23T13:04:03Z</time>
      </trkpt>
      <trkpt lat="39.91479" lon="116.655563">
        <time>2022-05-23T13:04:08Z</time>
      </trkpt>
      <trkpt lat="39.91479" lon="116.655563">
        <time>2022-05-23T13:04:13Z</time>
      </trkpt>
      <trkpt lat="39.91479" lon="116.655563">
        <time>2022-05-23T13:04:18Z</time>
      </trkpt>
      <trkpt lat="39.91479" lon="116.655563">
        <time>2022-05-23T13:04:23Z</time>
      </trkpt>
      <trkpt lat="39.91479" lon="116.655563">
        <time>2022-05-23T13:04:28Z</time>
      </trkpt>
      <trkpt lat="39.91479" lon="116.655563">
        <time>2022-05-23T13:04:33Z</time>
      </trkpt>
      <trkpt lat="39.91479" lon="116.655563">
        <time>2022-05-23T13:04:38Z</time>
      </trkpt>
      <trkpt lat="39.91479" lon="116.655563">
        <time>2022-05-23T13:04:43Z</time>
      </trkpt>
      <trkpt lat="39.91479" lon="116.655563">
        <time>2022-05-23T13:04:48Z</time>
      </trkpt>
      <trkpt lat="39.91479" lon="116.655563">
        <time>2022-05-23T13:04:53Z</time>
      </trkpt>
      <trkpt lat="39.91479" lon="116.655563">
        <time>2022-05-23T13:04:58Z</time>
      </trkpt>
      <trkpt lat="39.91479" lon="116.655563">
        <time>2022-05-23T13:05:03Z</time>
      </trkpt>
      <trkpt lat="39.91479" lon="116.655563">
        <time>2022-05-23T13:05:08Z</time>
      </trkpt>
      <trkpt lat="39.91479" lon="116.655563">
        <time>2022-05-23T13:05:13Z</time>
      </trkpt>
      <trkpt lat="39.91479" lon="116.655563">
        <time>2022-05-23T13:05:18Z</time>
      </trkpt>
      <trkpt lat="39.91479" lon="116.655563">
        <time>2022-05-23T13:05:23Z</time>
      </trkpt>
      <trkpt lat="39.91479" lon="116.655563">
        <time>2022-05-23T13:05:28Z</time>
      </trkpt>
      <trkpt lat="39.91479" lon="116.655563">
        <time>2022-05-23T13:05:33Z</time>
      </trkpt>
      <trkpt lat="39.91479" lon="116.655563">
        <time>2022-05-23T13:05:38Z</time>
      </trkpt>
      <trkpt lat="39.91479" lon="116.655563">
        <time>2022-05-23T13:05:43Z</time>
      </trkpt>
      <trkpt lat="39.91479" lon="116.655563">
        <time>2022-05-23T13:05:48Z</time>
      </trkpt>
      <trkpt lat="39.91479" lon="116.655563">
        <time>2022-05-23T13:05:53Z</time>
      </trkpt>
      <trkpt lat="39.91479" lon="116.655563">
        <time>2022-05-23T13:05:58Z</time>
      </trkpt>
      <trkpt lat="39.91479" lon="116.655563">
        <time>2022-05-23T13:06:03Z</time>
      </trkpt>
      <trkpt lat="39.91479" lon="116.655563">
        <time>2022-05-23T13:06:08Z</time>
      </trkpt>
      <trkpt lat="39.91479" lon="116.655563">
        <time>2022-05-23T13:06:13Z</time>
      </trkpt>
      <trkpt lat="39.91479" lon="116.655563">
        <time>2022-05-23T13:06:18Z</time>
      </trkpt>
      <trkpt lat="39.91479" lon="116.655563">
        <time>2022-05-23T13:06:23Z</time>
      </trkpt>
      <trkpt lat="39.91479" lon="116.655563">
        <time>2022-05-23T13:06:28Z</time>
      </trkpt>
      <trkpt lat="39.91479" lon="116.655563">
        <time>2022-05-23T13:06:33Z</time>
      </trkpt>
      <trkpt lat="39.91479" lon="116.655563">
        <time>2022-05-23T13:06:38Z</time>
      </trkpt>
      <trkpt lat="39.91479" lon="116.655563">
        <time>2022-05-23T13:06:43Z</time>
      </trkpt>
      <trkpt lat="39.91479" lon="116.655563">
        <time>2022-05-23T13:06:48Z</time>
      </trkpt>
      <trkpt lat="39.91479" lon="116.655563">
        <time>2022-05-23T13:06:53Z</time>
      </trkpt>
      <trkpt lat="39.91479" lon="116.655563">
        <time>2022-05-23T13:06:58Z</time>
      </trkpt>
      <trkpt lat="39.91479" lon="116.655563">
        <time>2022-05-23T13:07:03Z</time>
      </trkpt>
      <trkpt lat="39.91479" lon="116.655563">
        <time>2022-05-23T13:07:08Z</time>
      </trkpt>
      <trkpt lat="39.91479" lon="116.655563">
        <time>2022-05-23T13:07:13Z</time>
      </trkpt>
      <trkpt lat="39.91479" lon="116.655563">
        <time>2022-05-23T13:07:18Z</time>
      </trkpt>
      <trkpt lat="39.91479" lon="116.655563">
        <time>2022-05-23T13:07:23Z</time>
      </trkpt>
      <trkpt lat="39.91479" lon="116.655563">
        <time>2022-05-23T13:07:28Z</time>
      </trkpt>
      <trkpt lat="39.91479" lon="116.655563">
        <time>2022-05-23T13:07:33Z</time>
      </trkpt>
      <trkpt lat="39.91479" lon="116.655563">
        <time>2022-05-23T13:07:38Z</time>
      </trkpt>
      <trkpt lat="39.91479" lon="116.655563">
        <time>2022-05-23T13:07:43Z</time>
      </trkpt>
      <trkpt lat="39.91479" lon="116.655563">
        <time>2022-05-23T13:07:48Z</time>
      </trkpt>
      <trkpt lat="39.91479" lon="116.655563">
        <time>2022-05-23T13:07:53Z</time>
      </trkpt>
      <trkpt lat="39.91479" lon="116.655563">
        <time>2022-05-23T13:07:58Z</time>
      </trkpt>
      <trkpt lat="39.91479" lon="116.655563">
        <time>2022-05-23T13:08:03Z</time>
      </trkpt>
      <trkpt lat="39.91479" lon="116.655563">
        <time>2022-05-23T13:08:08Z</time>
      </trkpt>
      <trkpt lat="39.91479" lon="116.655563">
        <time>2022-05-23T13:08:13Z</time>
      </trkpt>
      <trkpt lat="39.91479" lon="116.655563">
        <time>2022-05-23T13:08:18Z</time>
      </trkpt>
      <trkpt lat="39.91479" lon="116.655563">
        <time>2022-05-23T13:08:23Z</time>
      </trkpt>
      <trkpt lat="39.91479" lon="116.655563">
        <time>2022-05-23T13:08:28Z</time>
      </trkpt>
      <trkpt lat="39.91479" lon="116.655563">
        <time>2022-05-23T13:08:33Z</time>
      </trkpt>
      <trkpt lat="39.91479" lon="116.655563">
        <time>2022-05-23T13:08:38Z</time>
      </trkpt>
      <trkpt lat="39.91479" lon="116.655563">
        <time>2022-05-23T13:08:43Z</time>
      </trkpt>
      <trkpt lat="39.91479" lon="116.655563">
        <time>2022-05-23T13:08:48Z</time>
      </trkpt>
      <trkpt lat="39.91479" lon="116.655563">
        <time>2022-05-23T13:08:53Z</time>
      </trkpt>
      <trkpt lat="39.91479" lon="116.655563">
        <time>2022-05-23T13:08:58Z</time>
      </trkpt>
      <trkpt lat="39.91479" lon="116.655563">
        <time>2022-05-23T13:09:03Z</time>
      </trkpt>
      <trkpt lat="39.91479" lon="116.655563">
        <time>2022-05-23T13:09:08Z</time>
      </trkpt>
      <trkpt lat="39.91479" lon="116.655563">
        <time>2022-05-23T13:09:13Z</time>
      </trkpt>
      <trkpt lat="39.91479" lon="116.655563">
        <time>2022-05-23T13:09:18Z</time>
      </trkpt>
      <trkpt lat="39.91479" lon="116.655563">
        <time>2022-05-23T13:09:23Z</time>
      </trkpt>
      <trkpt lat="39.91479" lon="116.655563">
        <time>2022-05-23T13:09:28Z</time>
      </trkpt>
      <trkpt lat="39.91479" lon="116.655563">
        <time>2022-05-23T13:09:33Z</time>
      </trkpt>
      <trkpt lat="39.91479" lon="116.655563">
        <time>2022-05-23T13:09:38Z</time>
      </trkpt>
      <trkpt lat="39.91479" lon="116.655563">
        <time>2022-05-23T13:09:43Z</time>
      </trkpt>
      <trkpt lat="39.91479" lon="116.655563">
        <time>2022-05-23T13:09:48Z</time>
      </trkpt>
      <trkpt lat="39.91479" lon="116.655563">
        <time>2022-05-23T13:09:53Z</time>
      </trkpt>
      <trkpt lat="39.91479" lon="116.655563">
        <time>2022-05-23T13:09:58Z</time>
      </trkpt>
      <trkpt lat="39.91479" lon="116.655563">
        <time>2022-05-23T13:10:03Z</time>
      </trkpt>
      <trkpt lat="39.91479" lon="116.655563">
        <time>2022-05-23T13:10:08Z</time>
      </trkpt>
      <trkpt lat="39.91479" lon="116.655563">
        <time>2022-05-23T13:10:13Z</time>
      </trkpt>
      <trkpt lat="39.91479" lon="116.655563">
        <time>2022-05-23T13:10:18Z</time>
      </trkpt>
      <trkpt lat="39.91479" lon="116.655563">
        <time>2022-05-23T13:10:23Z</time>
      </trkpt>
      <trkpt lat="39.91479" lon="116.655563">
        <time>2022-05-23T13:10:28Z</time>
      </trkpt>
      <trkpt lat="39.91479" lon="116.655563">
        <time>2022-05-23T13:10:33Z</time>
      </trkpt>
      <trkpt lat="39.91479" lon="116.655563">
        <time>2022-05-23T13:10:38Z</time>
      </trkpt>
      <trkpt lat="39.91479" lon="116.655563">
        <time>2022-05-23T13:10:43Z</time>
      </trkpt>
      <trkpt lat="39.91479" lon="116.655563">
        <time>2022-05-23T13:10:48Z</time>
      </trkpt>
      <trkpt lat="39.91479" lon="116.655563">
        <time>2022-05-23T13:10:53Z</time>
      </trkpt>
      <trkpt lat="39.91479" lon="116.655563">
        <time>2022-05-23T13:10:58Z</time>
      </trkpt>
      <trkpt lat="39.91479" lon="116.655563">
        <time>2022-05-23T13:11:03Z</time>
      </trkpt>
      <trkpt lat="39.91479" lon="116.655563">
        <time>2022-05-23T13:11:08Z</time>
      </trkpt>
      <trkpt lat="39.91479" lon="116.655563">
        <time>2022-05-23T13:11:13Z</time>
      </trkpt>
      <trkpt lat="39.91479" lon="116.655563">
        <time>2022-05-23T13:11:18Z</time>
      </trkpt>
      <trkpt lat="39.91479" lon="116.655563">
        <time>2022-05-23T13:11:23Z</time>
      </trkpt>
      <trkpt lat="39.91479" lon="116.655563">
        <time>2022-05-23T13:11:28Z</time>
      </trkpt>
      <trkpt lat="39.91479" lon="116.655563">
        <time>2022-05-23T13:11:33Z</time>
      </trkpt>
      <trkpt lat="39.91479" lon="116.655563">
        <time>2022-05-23T13:11:38Z</time>
      </trkpt>
      <trkpt lat="39.91479" lon="116.655563">
        <time>2022-05-23T13:11:43Z</time>
      </trkpt>
      <trkpt lat="39.91479" lon="116.655563">
        <time>2022-05-23T13:11:48Z</time>
      </trkpt>
      <trkpt lat="39.91479" lon="116.655563">
        <time>2022-05-23T13:11:53Z</time>
      </trkpt>
      <trkpt lat="39.91479" lon="116.655563">
        <time>2022-05-23T13:11:58Z</time>
      </trkpt>
      <trkpt lat="39.91479" lon="116.655563">
        <time>2022-05-23T13:12:03Z</time>
      </trkpt>
      <trkpt lat="39.91479" lon="116.655563">
        <time>2022-05-23T13:12:08Z</time>
      </trkpt>
      <trkpt lat="39.91479" lon="116.655563">
        <time>2022-05-23T13:12:13Z</time>
      </trkpt>
      <trkpt lat="39.91479" lon="116.655563">
        <time>2022-05-23T13:12:18Z</time>
      </trkpt>
      <trkpt lat="39.91479" lon="116.655563">
        <time>2022-05-23T13:12:23Z</time>
      </trkpt>
      <trkpt lat="39.91479" lon="116.655563">
        <time>2022-05-23T13:12:28Z</time>
      </trkpt>
      <trkpt lat="39.91479" lon="116.655563">
        <time>2022-05-23T13:12:33Z</time>
      </trkpt>
      <trkpt lat="39.91479" lon="116.655563">
        <time>2022-05-23T13:12:38Z</time>
      </trkpt>
      <trkpt lat="39.91479" lon="116.655563">
        <time>2022-05-23T13:12:43Z</time>
      </trkpt>
      <trkpt lat="39.91479" lon="116.655563">
        <time>2022-05-23T13:12:48Z</time>
      </trkpt>
      <trkpt lat="39.91479" lon="116.655563">
        <time>2022-05-23T13:12:53Z</time>
      </trkpt>
      <trkpt lat="39.91479" lon="116.655563">
        <time>2022-05-23T13:12:58Z</time>
      </trkpt>
      <trkpt lat="39.91479" lon="116.655563">
        <time>2022-05-23T13:13:03Z</time>
      </trkpt>
      <trkpt lat="39.91479" lon="116.655563">
        <time>2022-05-23T13:13:08Z</time>
      </trkpt>
      <trkpt lat="39.91479" lon="116.655563">
        <time>2022-05-23T13:13:13Z</time>
      </trkpt>
      <trkpt lat="39.91479" lon="116.655563">
        <time>2022-05-23T13:13:18Z</time>
      </trkpt>
      <trkpt lat="39.91479" lon="116.655563">
        <time>2022-05-23T13:13:23Z</time>
      </trkpt>
      <trkpt lat="39.91479" lon="116.655563">
        <time>2022-05-23T13:13:28Z</time>
      </trkpt>
      <trkpt lat="39.91479" lon="116.655563">
        <time>2022-05-23T13:13:33Z</time>
      </trkpt>
      <trkpt lat="39.91479" lon="116.655563">
        <time>2022-05-23T13:13:38Z</time>
      </trkpt>
      <trkpt lat="39.91479" lon="116.655563">
        <time>2022-05-23T13:13:43Z</time>
      </trkpt>
      <trkpt lat="39.91479" lon="116.655563">
        <time>2022-05-23T13:13:48Z</time>
      </trkpt>
      <trkpt lat="39.91479" lon="116.655563">
        <time>2022-05-23T13:13:53Z</time>
      </trkpt>
      <trkpt lat="39.91479" lon="116.655563">
        <time>2022-05-23T13:13:58Z</time>
      </trkpt>
      <trkpt lat="39.91479" lon="116.655563">
        <time>2022-05-23T13:14:03Z</time>
      </trkpt>
      <trkpt lat="39.91479" lon="116.655563">
        <time>2022-05-23T13:14:08Z</time>
      </trkpt>
      <trkpt lat="39.91479" lon="116.655563">
        <time>2022-05-23T13:14:13Z</time>
      </trkpt>
      <trkpt lat="39.91479" lon="116.655563">
        <time>2022-05-23T13:14:18Z</time>
      </trkpt>
      <trkpt lat="39.91479" lon="116.655563">
        <time>2022-05-23T13:14:23Z</time>
      </trkpt>
      <trkpt lat="39.91479" lon="116.655563">
        <time>2022-05-23T13:14:28Z</time>
      </trkpt>
      <trkpt lat="39.91479" lon="116.655563">
        <time>2022-05-23T13:14:33Z</time>
      </trkpt>
      <trkpt lat="39.91479" lon="116.655563">
        <time>2022-05-23T13:14:38Z</time>
      </trkpt>
      <trkpt lat="39.91479" lon="116.655563">
        <time>2022-05-23T13:14:43Z</time>
      </trkpt>
      <trkpt lat="39.91479" lon="116.655563">
        <time>2022-05-23T13:14:48Z</time>
      </trkpt>
      <trkpt lat="39.91479" lon="116.655563">
        <time>2022-05-23T13:14:53Z</time>
      </trkpt>
      <trkpt lat="39.91479" lon="116.655563">
        <time>2022-05-23T13:14:58Z</time>
      </trkpt>
      <trkpt lat="39.91479" lon="116.655563">
        <time>2022-05-23T13:15:03Z</time>
      </trkpt>
      <trkpt lat="39.91479" lon="116.655563">
        <time>2022-05-23T13:15:08Z</time>
      </trkpt>
      <trkpt lat="39.91479" lon="116.655563">
        <time>2022-05-23T13:15:13Z</time>
      </trkpt>
      <trkpt lat="39.91479" lon="116.655563">
        <time>2022-05-23T13:15:18Z</time>
      </trkpt>
      <trkpt lat="39.91479" lon="116.655563">
        <time>2022-05-23T13:15:23Z</time>
      </trkpt>
      <trkpt lat="39.91479" lon="116.655563">
        <time>2022-05-23T13:15:28Z</time>
      </trkpt>
      <trkpt lat="39.91479" lon="116.655563">
        <time>2022-05-23T13:15:33Z</time>
      </trkpt>
      <trkpt lat="39.91479" lon="116.655563">
        <time>2022-05-23T13:15:38Z</time>
      </trkpt>
      <trkpt lat="39.91479" lon="116.655563">
        <time>2022-05-23T13:15:43Z</time>
      </trkpt>
      <trkpt lat="39.91479" lon="116.655563">
        <time>2022-05-23T13:15:48Z</time>
      </trkpt>
      <trkpt lat="39.91479" lon="116.655563">
        <time>2022-05-23T13:15:53Z</time>
      </trkpt>
      <trkpt lat="39.91479" lon="116.655563">
        <time>2022-05-23T13:15:58Z</time>
      </trkpt>
      <trkpt lat="39.91479" lon="116.655563">
        <time>2022-05-23T13:16:03Z</time>
      </trkpt>
      <trkpt lat="39.91479" lon="116.655563">
        <time>2022-05-23T13:16:08Z</time>
      </trkpt>
      <trkpt lat="39.91479" lon="116.655563">
        <time>2022-05-23T13:16:13Z</time>
      </trkpt>
      <trkpt lat="39.91479" lon="116.655563">
        <time>2022-05-23T13:16:18Z</time>
      </trkpt>
      <trkpt lat="39.91479" lon="116.655563">
        <time>2022-05-23T13:16:23Z</time>
      </trkpt>
      <trkpt lat="39.91479" lon="116.655563">
        <time>2022-05-23T13:16:28Z</time>
      </trkpt>
      <trkpt lat="39.91479" lon="116.655563">
        <time>2022-05-23T13:16:33Z</time>
      </trkpt>
      <trkpt lat="39.91479" lon="116.655563">
        <time>2022-05-23T13:16:38Z</time>
      </trkpt>
      <trkpt lat="39.91479" lon="116.655563">
        <time>2022-05-23T13:16:43Z</time>
      </trkpt>
      <trkpt lat="39.91479" lon="116.655563">
        <time>2022-05-23T13:16:48Z</time>
      </trkpt>
      <trkpt lat="39.91479" lon="116.655563">
        <time>2022-05-23T13:16:53Z</time>
      </trkpt>
      <trkpt lat="39.91479" lon="116.655563">
        <time>2022-05-23T13:16:58Z</time>
      </trkpt>
      <trkpt lat="39.91479" lon="116.655563">
        <time>2022-05-23T13:17:03Z</time>
      </trkpt>
      <trkpt lat="39.91479" lon="116.655563">
        <time>2022-05-23T13:17:08Z</time>
      </trkpt>
      <trkpt lat="39.91479" lon="116.655563">
        <time>2022-05-23T13:17:13Z</time>
      </trkpt>
      <trkpt lat="39.91479" lon="116.655563">
        <time>2022-05-23T13:17:18Z</time>
      </trkpt>
      <trkpt lat="39.91479" lon="116.655563">
        <time>2022-05-23T13:17:23Z</time>
      </trkpt>
      <trkpt lat="39.91479" lon="116.655563">
        <time>2022-05-23T13:17:28Z</time>
      </trkpt>
      <trkpt lat="39.91479" lon="116.655563">
        <time>2022-05-23T13:17:33Z</time>
      </trkpt>
      <trkpt lat="39.91479" lon="116.655563">
        <time>2022-05-23T13:17:38Z</time>
      </trkpt>
      <trkpt lat="39.91479" lon="116.655563">
        <time>2022-05-23T13:17:43Z</time>
      </trkpt>
      <trkpt lat="39.91479" lon="116.655563">
        <time>2022-05-23T13:17:48Z</time>
      </trkpt>
      <trkpt lat="39.91479" lon="116.655563">
        <time>2022-05-23T13:17:53Z</time>
      </trkpt>
      <trkpt lat="39.91479" lon="116.655563">
        <time>2022-05-23T13:17:58Z</time>
      </trkpt>
      <trkpt lat="39.91479" lon="116.655563">
        <time>2022-05-23T13:18:03Z</time>
      </trkpt>
      <trkpt lat="39.91479" lon="116.655563">
        <time>2022-05-23T13:18:08Z</time>
      </trkpt>
      <trkpt lat="39.91479" lon="116.655563">
        <time>2022-05-23T13:18:13Z</time>
      </trkpt>
      <trkpt lat="39.91479" lon="116.655563">
        <time>2022-05-23T13:18:18Z</time>
      </trkpt>
      <trkpt lat="39.91479" lon="116.655563">
        <time>2022-05-23T13:18:23Z</time>
      </trkpt>
      <trkpt lat="39.91479" lon="116.655563">
        <time>2022-05-23T13:18:28Z</time>
      </trkpt>
      <trkpt lat="39.91479" lon="116.655563">
        <time>2022-05-23T13:18:33Z</time>
      </trkpt>
      <trkpt lat="39.91479" lon="116.655563">
        <time>2022-05-23T13:18:38Z</time>
      </trkpt>
      <trkpt lat="39.91479" lon="116.655563">
        <time>2022-05-23T13:18:43Z</time>
      </trkpt>
      <trkpt lat="39.91479" lon="116.655563">
        <time>2022-05-23T13:18:48Z</time>
      </trkpt>
      <trkpt lat="39.91479" lon="116.655563">
        <time>2022-05-23T13:18:53Z</time>
      </trkpt>
      <trkpt lat="39.91479" lon="116.655563">
        <time>2022-05-23T13:18:58Z</time>
      </trkpt>
      <trkpt lat="39.91479" lon="116.655563">
        <time>2022-05-23T13:19:03Z</time>
      </trkpt>
      <trkpt lat="39.91479" lon="116.655563">
        <time>2022-05-23T13:19:08Z</time>
      </trkpt>
      <trkpt lat="39.91479" lon="116.655563">
        <time>2022-05-23T13:19:13Z</time>
      </trkpt>
      <trkpt lat="39.91479" lon="116.655563">
        <time>2022-05-23T13:19:18Z</time>
      </trkpt>
      <trkpt lat="39.91479" lon="116.655563">
        <time>2022-05-23T13:19:23Z</time>
      </trkpt>
      <trkpt lat="39.91479" lon="116.655563">
        <time>2022-05-23T13:19:28Z</time>
      </trkpt>
      <trkpt lat="39.91479" lon="116.655563">
        <time>2022-05-23T13:19:33Z</time>
      </trkpt>
      <trkpt lat="39.91479" lon="116.655563">
        <time>2022-05-23T13:19:38Z</time>
      </trkpt>
      <trkpt lat="39.91479" lon="116.655563">
        <time>2022-05-23T13:19:43Z</time>
      </trkpt>
      <trkpt lat="39.91479" lon="116.655563">
        <time>2022-05-23T13:19:48Z</time>
      </trkpt>
      <trkpt lat="39.91479" lon="116.655563">
        <time>2022-05-23T13:19:53Z</time>
      </trkpt>
      <trkpt lat="39.91479" lon="116.655563">
        <time>2022-05-23T13:19:58Z</time>
      </trkpt>
      <trkpt lat="39.91479" lon="116.655563">
        <time>2022-05-23T13:20:03Z</time>
      </trkpt>
      <trkpt lat="39.91479" lon="116.655563">
        <time>2022-05-23T13:20:08Z</time>
      </trkpt>
      <trkpt lat="39.91479" lon="116.655563">
        <time>2022-05-23T13:20:13Z</time>
      </trkpt>
      <trkpt lat="39.91479" lon="116.655563">
        <time>2022-05-23T13:20:18Z</time>
      </trkpt>
      <trkpt lat="39.91479" lon="116.655563">
        <time>2022-05-23T13:20:23Z</time>
      </trkpt>
      <trkpt lat="39.91479" lon="116.655563">
        <time>2022-05-23T13:20:28Z</time>
      </trkpt>
      <trkpt lat="39.91479" lon="116.655563">
        <time>2022-05-23T13:20:33Z</time>
      </trkpt>
      <trkpt lat="39.91479" lon="116.655563">
        <time>2022-05-23T13:20:38Z</time>
      </trkpt>
      <trkpt lat="39.91479" lon="116.655563">
        <time>2022-05-23T13:20:43Z</time>
      </trkpt>
      <trkpt lat="39.91479" lon="116.655563">
        <time>2022-05-23T13:20:48Z</time>
      </trkpt>
      <trkpt lat="39.91479" lon="116.655563">
        <time>2022-05-23T13:20:53Z</time>
      </trkpt>
      <trkpt lat="39.91479" lon="116.655563">
        <time>2022-05-23T13:20:58Z</time>
      </trkpt>
      <trkpt lat="39.91479" lon="116.655563">
        <time>2022-05-23T13:21:03Z</time>
      </trkpt>
      <trkpt lat="39.91479" lon="116.655563">
        <time>2022-05-23T13:21:08Z</time>
      </trkpt>
      <trkpt lat="39.91479" lon="116.655563">
        <time>2022-05-23T13:21:13Z</time>
      </trkpt>
      <trkpt lat="39.91479" lon="116.655563">
        <time>2022-05-23T13:21:18Z</time>
      </trkpt>
      <trkpt lat="39.91479" lon="116.655563">
        <time>2022-05-23T13:21:23Z</time>
      </trkpt>
      <trkpt lat="39.91479" lon="116.655563">
        <time>2022-05-23T13:21:28Z</time>
      </trkpt>
      <trkpt lat="39.91479" lon="116.655563">
        <time>2022-05-23T13:21:33Z</time>
      </trkpt>
      <trkpt lat="39.91479" lon="116.655563">
        <time>2022-05-23T13:21:38Z</time>
      </trkpt>
      <trkpt lat="39.91479" lon="116.655563">
        <time>2022-05-23T13:21:43Z</time>
      </trkpt>
      <trkpt lat="39.91479" lon="116.655563">
        <time>2022-05-23T13:21:48Z</time>
      </trkpt>
      <trkpt lat="39.91479" lon="116.655563">
        <time>2022-05-23T13:21:53Z</time>
      </trkpt>
      <trkpt lat="39.91479" lon="116.655563">
        <time>2022-05-23T13:21:58Z</time>
      </trkpt>
      <trkpt lat="39.91479" lon="116.655563">
        <time>2022-05-23T13:22:03Z</time>
      </trkpt>
      <trkpt lat="39.91479" lon="116.655563">
        <time>2022-05-23T13:22:08Z</time>
      </trkpt>
      <trkpt lat="39.91479" lon="116.655563">
        <time>2022-05-23T13:22:13Z</time>
      </trkpt>
      <trkpt lat="39.91479" lon="116.655563">
        <time>2022-05-23T13:22:18Z</time>
      </trkpt>
      <trkpt lat="39.91479" lon="116.655563">
        <time>2022-05-23T13:22:23Z</time>
      </trkpt>
      <trkpt lat="39.91479" lon="116.655563">
        <time>2022-05-23T13:22:28Z</time>
      </trkpt>
      <trkpt lat="39.91479" lon="116.655563">
        <time>2022-05-23T13:22:33Z</time>
      </trkpt>
      <trkpt lat="39.91479" lon="116.655563">
        <time>2022-05-23T13:22:38Z</time>
      </trkpt>
      <trkpt lat="39.91479" lon="116.655563">
        <time>2022-05-23T13:22:43Z</time>
      </trkpt>
      <trkpt lat="39.91479" lon="116.655563">
        <time>2022-05-23T13:22:48Z</time>
      </trkpt>
      <trkpt lat="39.91479" lon="116.655563">
        <time>2022-05-23T13:22:53Z</time>
      </trkpt>
      <trkpt lat="39.91479" lon="116.655563">
        <time>2022-05-23T13:22:58Z</time>
      </trkpt>
      <trkpt lat="39.91479" lon="116.655563">
        <time>2022-05-23T13:23:03Z</time>
      </trkpt>
      <trkpt lat="39.91479" lon="116.655563">
        <time>2022-05-23T13:23:08Z</time>
      </trkpt>
      <trkpt lat="39.91491" lon="116.655693">
        <time>2022-05-23T13:23:13Z</time>
      </trkpt>
      <trkpt lat="39.914976" lon="116.655819">
        <time>2022-05-23T13:23:18Z</time>
      </trkpt>
      <trkpt lat="39.915009" lon="116.655895">
        <time>2022-05-23T13:23:23Z</time>
      </trkpt>
      <trkpt lat="39.915057" lon="116.656066">
        <time>2022-05-23T13:23:28Z</time>
      </trkpt>
      <trkpt lat="39.915104" lon="116.656175">
        <time>2022-05-23T13:23:33Z</time>
      </trkpt>
      <trkpt lat="39.915148" lon="116.656286">
        <time>2022-05-23T13:23:38Z</time>
      </trkpt>
      <trkpt lat="39.915162" lon="116.656314">
        <time>2022-05-23T13:23:43Z</time>
      </trkpt>
      <trkpt lat="39.915237" lon="116.656274">
        <time>2022-05-23T13:23:48Z</time>
      </trkpt>
      <trkpt lat="39.915251" lon="116.656371">
        <time>2022-05-23T13:23:53Z</time>
      </trkpt>
      <trkpt lat="39.915343" lon="116.656582">
        <time>2022-05-23T13:23:58Z</time>
      </trkpt>
      <trkpt lat="39.915436" lon="116.656794">
        <time>2022-05-23T13:24:03Z</time>
      </trkpt>
      <trkpt lat="39.915504" lon="116.656925">
        <time>2022-05-23T13:24:08Z</time>
      </trkpt>
      <trkpt lat="39.915567" lon="116.657026">
        <time>2022-05-23T13:24:13Z</time>
      </trkpt>
      <trkpt lat="39.91564" lon="116.657136">
        <time>2022-05-23T13:24:18Z</time>
      </trkpt>
      <trkpt lat="39.915697" lon="116.657227">
        <time>2022-05-23T13:24:23Z</time>
      </trkpt>
      <trkpt lat="39.915697" lon="116.657227">
        <time>2022-05-23T13:24:28Z</time>
      </trkpt>
      <trkpt lat="39.915697" lon="116.657227">
        <time>2022-05-23T13:24:33Z</time>
      </trkpt>
      <trkpt lat="39.915697" lon="116.657227">
        <time>2022-05-23T13:24:38Z</time>
      </trkpt>
      <trkpt lat="39.915697" lon="116.657227">
        <time>2022-05-23T13:24:43Z</time>
      </trkpt>
      <trkpt lat="39.915697" lon="116.657227">
        <time>2022-05-23T13:24:48Z</time>
      </trkpt>
      <trkpt lat="39.915697" lon="116.657227">
        <time>2022-05-23T13:24:53Z</time>
      </trkpt>
      <trkpt lat="39.915697" lon="116.657227">
        <time>2022-05-23T13:24:58Z</time>
      </trkpt>
      <trkpt lat="39.915697" lon="116.657227">
        <time>2022-05-23T13:25:03Z</time>
      </trkpt>
      <trkpt lat="39.915697" lon="116.657227">
        <time>2022-05-23T13:25:08Z</time>
      </trkpt>
      <trkpt lat="39.915697" lon="116.657227">
        <time>2022-05-23T13:25:13Z</time>
      </trkpt>
      <trkpt lat="39.915697" lon="116.657227">
        <time>2022-05-23T13:25:18Z</time>
      </trkpt>
      <trkpt lat="39.915697" lon="116.657227">
        <time>2022-05-23T13:25:23Z</time>
      </trkpt>
      <trkpt lat="39.915697" lon="116.657227">
        <time>2022-05-23T13:25:28Z</time>
      </trkpt>
      <trkpt lat="39.915697" lon="116.657227">
        <time>2022-05-23T13:25:33Z</time>
      </trkpt>
      <trkpt lat="39.915697" lon="116.657227">
        <time>2022-05-23T13:25:38Z</time>
      </trkpt>
      <trkpt lat="39.915697" lon="116.657227">
        <time>2022-05-23T13:25:43Z</time>
      </trkpt>
      <trkpt lat="39.915697" lon="116.657227">
        <time>2022-05-23T13:25:48Z</time>
      </trkpt>
      <trkpt lat="39.915697" lon="116.657227">
        <time>2022-05-23T13:25:53Z</time>
      </trkpt>
      <trkpt lat="39.915697" lon="116.657227">
        <time>2022-05-23T13:25:58Z</time>
      </trkpt>
      <trkpt lat="39.915697" lon="116.657227">
        <time>2022-05-23T13:26:03Z</time>
      </trkpt>
      <trkpt lat="39.915697" lon="116.657227">
        <time>2022-05-23T13:26:08Z</time>
      </trkpt>
      <trkpt lat="39.915697" lon="116.657227">
        <time>2022-05-23T13:26:13Z</time>
      </trkpt>
      <trkpt lat="39.915697" lon="116.657227">
        <time>2022-05-23T13:26:18Z</time>
      </trkpt>
      <trkpt lat="39.915697" lon="116.657227">
        <time>2022-05-23T13:26:23Z</time>
      </trkpt>
      <trkpt lat="39.915697" lon="116.657227">
        <time>2022-05-23T13:26:28Z</time>
      </trkpt>
      <trkpt lat="39.915697" lon="116.657227">
        <time>2022-05-23T13:26:33Z</time>
      </trkpt>
      <trkpt lat="39.915697" lon="116.657227">
        <time>2022-05-23T13:26:38Z</time>
      </trkpt>
      <trkpt lat="39.915697" lon="116.657227">
        <time>2022-05-23T13:26:43Z</time>
      </trkpt>
      <trkpt lat="39.915697" lon="116.657227">
        <time>2022-05-23T13:26:48Z</time>
      </trkpt>
      <trkpt lat="39.915697" lon="116.657227">
        <time>2022-05-23T13:26:53Z</time>
      </trkpt>
      <trkpt lat="39.915697" lon="116.657227">
        <time>2022-05-23T13:26:58Z</time>
      </trkpt>
      <trkpt lat="39.915697" lon="116.657227">
        <time>2022-05-23T13:27:03Z</time>
      </trkpt>
      <trkpt lat="39.915697" lon="116.657227">
        <time>2022-05-23T13:27:08Z</time>
      </trkpt>
      <trkpt lat="39.915697" lon="116.657227">
        <time>2022-05-23T13:27:13Z</time>
      </trkpt>
      <trkpt lat="39.915697" lon="116.657227">
        <time>2022-05-23T13:27:18Z</time>
      </trkpt>
      <trkpt lat="39.915697" lon="116.657227">
        <time>2022-05-23T13:27:23Z</time>
      </trkpt>
      <trkpt lat="39.915697" lon="116.657227">
        <time>2022-05-23T13:27:28Z</time>
      </trkpt>
      <trkpt lat="39.915697" lon="116.657227">
        <time>2022-05-23T13:27:33Z</time>
      </trkpt>
      <trkpt lat="39.915697" lon="116.657227">
        <time>2022-05-23T13:27:38Z</time>
      </trkpt>
      <trkpt lat="39.915697" lon="116.657227">
        <time>2022-05-23T13:27:43Z</time>
      </trkpt>
      <trkpt lat="39.915697" lon="116.657227">
        <time>2022-05-23T13:27:48Z</time>
      </trkpt>
      <trkpt lat="39.915697" lon="116.657227">
        <time>2022-05-23T13:27:53Z</time>
      </trkpt>
      <trkpt lat="39.915697" lon="116.657227">
        <time>2022-05-23T13:27:58Z</time>
      </trkpt>
      <trkpt lat="39.915697" lon="116.657227">
        <time>2022-05-23T13:28:03Z</time>
      </trkpt>
      <trkpt lat="39.915697" lon="116.657227">
        <time>2022-05-23T13:28:08Z</time>
      </trkpt>
      <trkpt lat="39.915697" lon="116.657227">
        <time>2022-05-23T13:28:13Z</time>
      </trkpt>
      <trkpt lat="39.915697" lon="116.657227">
        <time>2022-05-23T13:28:18Z</time>
      </trkpt>
      <trkpt lat="39.915697" lon="116.657227">
        <time>2022-05-23T13:28:23Z</time>
      </trkpt>
      <trkpt lat="39.915697" lon="116.657227">
        <time>2022-05-23T13:28:28Z</time>
      </trkpt>
      <trkpt lat="39.915697" lon="116.657227">
        <time>2022-05-23T13:28:33Z</time>
      </trkpt>
      <trkpt lat="39.915697" lon="116.657227">
        <time>2022-05-23T13:28:38Z</time>
      </trkpt>
      <trkpt lat="39.915697" lon="116.657227">
        <time>2022-05-23T13:28:43Z</time>
      </trkpt>
      <trkpt lat="39.915697" lon="116.657227">
        <time>2022-05-23T13:28:48Z</time>
      </trkpt>
      <trkpt lat="39.915697" lon="116.657227">
        <time>2022-05-23T13:28:53Z</time>
      </trkpt>
      <trkpt lat="39.915697" lon="116.657227">
        <time>2022-05-23T13:28:58Z</time>
      </trkpt>
      <trkpt lat="39.915697" lon="116.657227">
        <time>2022-05-23T13:29:03Z</time>
      </trkpt>
      <trkpt lat="39.915697" lon="116.657227">
        <time>2022-05-23T13:29:08Z</time>
      </trkpt>
      <trkpt lat="39.915697" lon="116.657227">
        <time>2022-05-23T13:29:13Z</time>
      </trkpt>
      <trkpt lat="39.915697" lon="116.657227">
        <time>2022-05-23T13:29:18Z</time>
      </trkpt>
      <trkpt lat="39.915697" lon="116.657227">
        <time>2022-05-23T13:29:23Z</time>
      </trkpt>
      <trkpt lat="39.915697" lon="116.657227">
        <time>2022-05-23T13:29:28Z</time>
      </trkpt>
      <trkpt lat="39.915697" lon="116.657227">
        <time>2022-05-23T13:29:33Z</time>
      </trkpt>
      <trkpt lat="39.915697" lon="116.657227">
        <time>2022-05-23T13:29:38Z</time>
      </trkpt>
      <trkpt lat="39.915697" lon="116.657227">
        <time>2022-05-23T13:29:43Z</time>
      </trkpt>
      <trkpt lat="39.915697" lon="116.657227">
        <time>2022-05-23T13:29:48Z</time>
      </trkpt>
      <trkpt lat="39.915697" lon="116.657227">
        <time>2022-05-23T13:29:53Z</time>
      </trkpt>
      <trkpt lat="39.915697" lon="116.657227">
        <time>2022-05-23T13:29:58Z</time>
      </trkpt>
      <trkpt lat="39.915697" lon="116.657227">
        <time>2022-05-23T13:30:03Z</time>
      </trkpt>
      <trkpt lat="39.915697" lon="116.657227">
        <time>2022-05-23T13:30:08Z</time>
      </trkpt>
      <trkpt lat="39.915697" lon="116.657227">
        <time>2022-05-23T13:30:13Z</time>
      </trkpt>
      <trkpt lat="39.915697" lon="116.657227">
        <time>2022-05-23T13:30:18Z</time>
      </trkpt>
      <trkpt lat="39.915697" lon="116.657227">
        <time>2022-05-23T13:30:23Z</time>
      </trkpt>
      <trkpt lat="39.915697" lon="116.657227">
        <time>2022-05-23T13:30:28Z</time>
      </trkpt>
      <trkpt lat="39.915697" lon="116.657227">
        <time>2022-05-23T13:30:33Z</time>
      </trkpt>
      <trkpt lat="39.915697" lon="116.657227">
        <time>2022-05-23T13:30:38Z</time>
      </trkpt>
      <trkpt lat="39.915697" lon="116.657227">
        <time>2022-05-23T13:30:43Z</time>
      </trkpt>
      <trkpt lat="39.915697" lon="116.657227">
        <time>2022-05-23T13:30:48Z</time>
      </trkpt>
      <trkpt lat="39.915697" lon="116.657227">
        <time>2022-05-23T13:30:53Z</time>
      </trkpt>
      <trkpt lat="39.915697" lon="116.657227">
        <time>2022-05-23T13:30:58Z</time>
      </trkpt>
      <trkpt lat="39.915697" lon="116.657227">
        <time>2022-05-23T13:31:03Z</time>
      </trkpt>
      <trkpt lat="39.915697" lon="116.657227">
        <time>2022-05-23T13:31:08Z</time>
      </trkpt>
      <trkpt lat="39.915697" lon="116.657227">
        <time>2022-05-23T13:31:13Z</time>
      </trkpt>
      <trkpt lat="39.915697" lon="116.657227">
        <time>2022-05-23T13:31:18Z</time>
      </trkpt>
      <trkpt lat="39.915697" lon="116.657227">
        <time>2022-05-23T13:31:23Z</time>
      </trkpt>
      <trkpt lat="39.915697" lon="116.657227">
        <time>2022-05-23T13:31:28Z</time>
      </trkpt>
      <trkpt lat="39.915697" lon="116.657227">
        <time>2022-05-23T13:31:33Z</time>
      </trkpt>
      <trkpt lat="39.915697" lon="116.657227">
        <time>2022-05-23T13:31:38Z</time>
      </trkpt>
      <trkpt lat="39.915697" lon="116.657227">
        <time>2022-05-23T13:31:43Z</time>
      </trkpt>
      <trkpt lat="39.915697" lon="116.657227">
        <time>2022-05-23T13:31:48Z</time>
      </trkpt>
      <trkpt lat="39.915697" lon="116.657227">
        <time>2022-05-23T13:31:53Z</time>
      </trkpt>
      <trkpt lat="39.915697" lon="116.657227">
        <time>2022-05-23T13:31:58Z</time>
      </trkpt>
      <trkpt lat="39.915697" lon="116.657227">
        <time>2022-05-23T13:32:03Z</time>
      </trkpt>
      <trkpt lat="39.915697" lon="116.657227">
        <time>2022-05-23T13:32:08Z</time>
      </trkpt>
      <trkpt lat="39.915697" lon="116.657227">
        <time>2022-05-23T13:32:13Z</time>
      </trkpt>
      <trkpt lat="39.915697" lon="116.657227">
        <time>2022-05-23T13:32:18Z</time>
      </trkpt>
      <trkpt lat="39.915697" lon="116.657227">
        <time>2022-05-23T13:32:23Z</time>
      </trkpt>
      <trkpt lat="39.915697" lon="116.657227">
        <time>2022-05-23T13:32:28Z</time>
      </trkpt>
      <trkpt lat="39.915697" lon="116.657227">
        <time>2022-05-23T13:32:33Z</time>
      </trkpt>
      <trkpt lat="39.915697" lon="116.657227">
        <time>2022-05-23T13:32:38Z</time>
      </trkpt>
      <trkpt lat="39.915697" lon="116.657227">
        <time>2022-05-23T13:32:43Z</time>
      </trkpt>
      <trkpt lat="39.915697" lon="116.657227">
        <time>2022-05-23T13:32:48Z</time>
      </trkpt>
      <trkpt lat="39.915697" lon="116.657227">
        <time>2022-05-23T13:32:53Z</time>
      </trkpt>
      <trkpt lat="39.915697" lon="116.657227">
        <time>2022-05-23T13:32:58Z</time>
      </trkpt>
      <trkpt lat="39.915697" lon="116.657227">
        <time>2022-05-23T13:33:03Z</time>
      </trkpt>
      <trkpt lat="39.915697" lon="116.657227">
        <time>2022-05-23T13:33:08Z</time>
      </trkpt>
      <trkpt lat="39.915697" lon="116.657227">
        <time>2022-05-23T13:33:13Z</time>
      </trkpt>
      <trkpt lat="39.915697" lon="116.657227">
        <time>2022-05-23T13:33:18Z</time>
      </trkpt>
      <trkpt lat="39.915697" lon="116.657227">
        <time>2022-05-23T13:33:23Z</time>
      </trkpt>
      <trkpt lat="39.915697" lon="116.657227">
        <time>2022-05-23T13:33:28Z</time>
      </trkpt>
      <trkpt lat="39.915697" lon="116.657227">
        <time>2022-05-23T13:33:33Z</time>
      </trkpt>
      <trkpt lat="39.915697" lon="116.657227">
        <time>2022-05-23T13:33:38Z</time>
      </trkpt>
      <trkpt lat="39.915697" lon="116.657227">
        <time>2022-05-23T13:33:43Z</time>
      </trkpt>
      <trkpt lat="39.915697" lon="116.657227">
        <time>2022-05-23T13:33:48Z</time>
      </trkpt>
      <trkpt lat="39.915697" lon="116.657227">
        <time>2022-05-23T13:33:53Z</time>
      </trkpt>
      <trkpt lat="39.915697" lon="116.657227">
        <time>2022-05-23T13:33:58Z</time>
      </trkpt>
      <trkpt lat="39.915697" lon="116.657227">
        <time>2022-05-23T13:34:03Z</time>
      </trkpt>
      <trkpt lat="39.915697" lon="116.657227">
        <time>2022-05-23T13:34:08Z</time>
      </trkpt>
      <trkpt lat="39.915697" lon="116.657227">
        <time>2022-05-23T13:34:13Z</time>
      </trkpt>
      <trkpt lat="39.915697" lon="116.657227">
        <time>2022-05-23T13:34:18Z</time>
      </trkpt>
      <trkpt lat="39.915697" lon="116.657227">
        <time>2022-05-23T13:34:23Z</time>
      </trkpt>
      <trkpt lat="39.915697" lon="116.657227">
        <time>2022-05-23T13:34:28Z</time>
      </trkpt>
      <trkpt lat="39.915697" lon="116.657227">
        <time>2022-05-23T13:34:33Z</time>
      </trkpt>
      <trkpt lat="39.915697" lon="116.657227">
        <time>2022-05-23T13:34:38Z</time>
      </trkpt>
      <trkpt lat="39.915697" lon="116.657227">
        <time>2022-05-23T13:34:43Z</time>
      </trkpt>
      <trkpt lat="39.915697" lon="116.657227">
        <time>2022-05-23T13:34:48Z</time>
      </trkpt>
      <trkpt lat="39.915697" lon="116.657227">
        <time>2022-05-23T13:34:53Z</time>
      </trkpt>
      <trkpt lat="39.915697" lon="116.657227">
        <time>2022-05-23T13:34:58Z</time>
      </trkpt>
      <trkpt lat="39.915697" lon="116.657227">
        <time>2022-05-23T13:35:03Z</time>
      </trkpt>
      <trkpt lat="39.915697" lon="116.657227">
        <time>2022-05-23T13:35:08Z</time>
      </trkpt>
      <trkpt lat="39.915697" lon="116.657227">
        <time>2022-05-23T13:35:13Z</time>
      </trkpt>
      <trkpt lat="39.915697" lon="116.657227">
        <time>2022-05-23T13:35:18Z</time>
      </trkpt>
      <trkpt lat="39.915697" lon="116.657227">
        <time>2022-05-23T13:35:23Z</time>
      </trkpt>
      <trkpt lat="39.915697" lon="116.657227">
        <time>2022-05-23T13:35:28Z</time>
      </trkpt>
      <trkpt lat="39.915697" lon="116.657227">
        <time>2022-05-23T13:35:33Z</time>
      </trkpt>
      <trkpt lat="39.915697" lon="116.657227">
        <time>2022-05-23T13:35:38Z</time>
      </trkpt>
      <trkpt lat="39.915697" lon="116.657227">
        <time>2022-05-23T13:35:43Z</time>
      </trkpt>
      <trkpt lat="39.915697" lon="116.657227">
        <time>2022-05-23T13:35:48Z</time>
      </trkpt>
      <trkpt lat="39.915697" lon="116.657227">
        <time>2022-05-23T13:35:53Z</time>
      </trkpt>
      <trkpt lat="39.915697" lon="116.657227">
        <time>2022-05-23T13:35:58Z</time>
      </trkpt>
      <trkpt lat="39.915697" lon="116.657227">
        <time>2022-05-23T13:36:03Z</time>
      </trkpt>
      <trkpt lat="39.915697" lon="116.657227">
        <time>2022-05-23T13:36:08Z</time>
      </trkpt>
      <trkpt lat="39.915697" lon="116.657227">
        <time>2022-05-23T13:36:13Z</time>
      </trkpt>
      <trkpt lat="39.915697" lon="116.657227">
        <time>2022-05-23T13:36:18Z</time>
      </trkpt>
      <trkpt lat="39.915697" lon="116.657227">
        <time>2022-05-23T13:36:23Z</time>
      </trkpt>
      <trkpt lat="39.915697" lon="116.657227">
        <time>2022-05-23T13:36:28Z</time>
      </trkpt>
      <trkpt lat="39.915697" lon="116.657227">
        <time>2022-05-23T13:36:33Z</time>
      </trkpt>
      <trkpt lat="39.915697" lon="116.657227">
        <time>2022-05-23T13:36:38Z</time>
      </trkpt>
      <trkpt lat="39.915697" lon="116.657227">
        <time>2022-05-23T13:36:43Z</time>
      </trkpt>
      <trkpt lat="39.915697" lon="116.657227">
        <time>2022-05-23T13:36:48Z</time>
      </trkpt>
      <trkpt lat="39.915697" lon="116.657227">
        <time>2022-05-23T13:36:53Z</time>
      </trkpt>
      <trkpt lat="39.915697" lon="116.657227">
        <time>2022-05-23T13:36:58Z</time>
      </trkpt>
      <trkpt lat="39.915697" lon="116.657227">
        <time>2022-05-23T13:37:03Z</time>
      </trkpt>
      <trkpt lat="39.915697" lon="116.657227">
        <time>2022-05-23T13:37:08Z</time>
      </trkpt>
      <trkpt lat="39.915697" lon="116.657227">
        <time>2022-05-23T13:37:13Z</time>
      </trkpt>
      <trkpt lat="39.915697" lon="116.657227">
        <time>2022-05-23T13:37:18Z</time>
      </trkpt>
      <trkpt lat="39.915697" lon="116.657227">
        <time>2022-05-23T13:37:23Z</time>
      </trkpt>
      <trkpt lat="39.915697" lon="116.657227">
        <time>2022-05-23T13:37:28Z</time>
      </trkpt>
      <trkpt lat="39.915697" lon="116.657227">
        <time>2022-05-23T13:37:33Z</time>
      </trkpt>
      <trkpt lat="39.915697" lon="116.657227">
        <time>2022-05-23T13:37:38Z</time>
      </trkpt>
      <trkpt lat="39.915697" lon="116.657227">
        <time>2022-05-23T13:37:43Z</time>
      </trkpt>
      <trkpt lat="39.915697" lon="116.657227">
        <time>2022-05-23T13:37:48Z</time>
      </trkpt>
      <trkpt lat="39.915697" lon="116.657227">
        <time>2022-05-23T13:37:53Z</time>
      </trkpt>
      <trkpt lat="39.915697" lon="116.657227">
        <time>2022-05-23T13:37:58Z</time>
      </trkpt>
      <trkpt lat="39.915697" lon="116.657227">
        <time>2022-05-23T13:38:03Z</time>
      </trkpt>
      <trkpt lat="39.915697" lon="116.657227">
        <time>2022-05-23T13:38:08Z</time>
      </trkpt>
      <trkpt lat="39.915697" lon="116.657227">
        <time>2022-05-23T13:38:13Z</time>
      </trkpt>
      <trkpt lat="39.915697" lon="116.657227">
        <time>2022-05-23T13:38:18Z</time>
      </trkpt>
      <trkpt lat="39.915697" lon="116.657227">
        <time>2022-05-23T13:38:23Z</time>
      </trkpt>
      <trkpt lat="39.915697" lon="116.657227">
        <time>2022-05-23T13:38:28Z</time>
      </trkpt>
      <trkpt lat="39.915697" lon="116.657227">
        <time>2022-05-23T13:38:33Z</time>
      </trkpt>
      <trkpt lat="39.915697" lon="116.657227">
        <time>2022-05-23T13:38:38Z</time>
      </trkpt>
      <trkpt lat="39.915697" lon="116.657227">
        <time>2022-05-23T13:38:43Z</time>
      </trkpt>
      <trkpt lat="39.915697" lon="116.657227">
        <time>2022-05-23T13:38:48Z</time>
      </trkpt>
      <trkpt lat="39.915697" lon="116.657227">
        <time>2022-05-23T13:38:53Z</time>
      </trkpt>
      <trkpt lat="39.915697" lon="116.657227">
        <time>2022-05-23T13:38:58Z</time>
      </trkpt>
      <trkpt lat="39.915697" lon="116.657227">
        <time>2022-05-23T13:39:03Z</time>
      </trkpt>
      <trkpt lat="39.915697" lon="116.657227">
        <time>2022-05-23T13:39:08Z</time>
      </trkpt>
      <trkpt lat="39.915697" lon="116.657227">
        <time>2022-05-23T13:39:13Z</time>
      </trkpt>
      <trkpt lat="39.915697" lon="116.657227">
        <time>2022-05-23T13:39:18Z</time>
      </trkpt>
      <trkpt lat="39.915697" lon="116.657227">
        <time>2022-05-23T13:39:23Z</time>
      </trkpt>
      <trkpt lat="39.915697" lon="116.657227">
        <time>2022-05-23T13:39:28Z</time>
      </trkpt>
      <trkpt lat="39.915697" lon="116.657227">
        <time>2022-05-23T13:39:33Z</time>
      </trkpt>
      <trkpt lat="39.915697" lon="116.657227">
        <time>2022-05-23T13:39:38Z</time>
      </trkpt>
      <trkpt lat="39.915697" lon="116.657227">
        <time>2022-05-23T13:39:43Z</time>
      </trkpt>
      <trkpt lat="39.915697" lon="116.657227">
        <time>2022-05-23T13:39:48Z</time>
      </trkpt>
      <trkpt lat="39.915697" lon="116.657227">
        <time>2022-05-23T13:39:53Z</time>
      </trkpt>
      <trkpt lat="39.915697" lon="116.657227">
        <time>2022-05-23T13:39:58Z</time>
      </trkpt>
      <trkpt lat="39.915697" lon="116.657227">
        <time>2022-05-23T13:40:03Z</time>
      </trkpt>
      <trkpt lat="39.915697" lon="116.657227">
        <time>2022-05-23T13:40:08Z</time>
      </trkpt>
      <trkpt lat="39.915697" lon="116.657227">
        <time>2022-05-23T13:40:13Z</time>
      </trkpt>
      <trkpt lat="39.915697" lon="116.657227">
        <time>2022-05-23T13:40:18Z</time>
      </trkpt>
      <trkpt lat="39.915697" lon="116.657227">
        <time>2022-05-23T13:40:23Z</time>
      </trkpt>
      <trkpt lat="39.915697" lon="116.657227">
        <time>2022-05-23T13:40:28Z</time>
      </trkpt>
      <trkpt lat="39.915697" lon="116.657227">
        <time>2022-05-23T13:40:33Z</time>
      </trkpt>
      <trkpt lat="39.915697" lon="116.657227">
        <time>2022-05-23T13:40:38Z</time>
      </trkpt>
      <trkpt lat="39.915697" lon="116.657227">
        <time>2022-05-23T13:40:43Z</time>
      </trkpt>
      <trkpt lat="39.915697" lon="116.657227">
        <time>2022-05-23T13:40:48Z</time>
      </trkpt>
      <trkpt lat="39.915697" lon="116.657227">
        <time>2022-05-23T13:40:53Z</time>
      </trkpt>
      <trkpt lat="39.915697" lon="116.657227">
        <time>2022-05-23T13:40:58Z</time>
      </trkpt>
      <trkpt lat="39.915697" lon="116.657227">
        <time>2022-05-23T13:41:03Z</time>
      </trkpt>
      <trkpt lat="39.915697" lon="116.657227">
        <time>2022-05-23T13:41:08Z</time>
      </trkpt>
      <trkpt lat="39.915697" lon="116.657227">
        <time>2022-05-23T13:41:13Z</time>
      </trkpt>
      <trkpt lat="39.915697" lon="116.657227">
        <time>2022-05-23T13:41:18Z</time>
      </trkpt>
      <trkpt lat="39.915697" lon="116.657227">
        <time>2022-05-23T13:41:23Z</time>
      </trkpt>
      <trkpt lat="39.915697" lon="116.657227">
        <time>2022-05-23T13:41:28Z</time>
      </trkpt>
      <trkpt lat="39.915697" lon="116.657227">
        <time>2022-05-23T13:41:33Z</time>
      </trkpt>
      <trkpt lat="39.915697" lon="116.657227">
        <time>2022-05-23T13:41:38Z</time>
      </trkpt>
      <trkpt lat="39.915697" lon="116.657227">
        <time>2022-05-23T13:41:43Z</time>
      </trkpt>
      <trkpt lat="39.915697" lon="116.657227">
        <time>2022-05-23T13:41:48Z</time>
      </trkpt>
      <trkpt lat="39.915697" lon="116.657227">
        <time>2022-05-23T13:41:53Z</time>
      </trkpt>
      <trkpt lat="39.915697" lon="116.657227">
        <time>2022-05-23T13:41:58Z</time>
      </trkpt>
      <trkpt lat="39.915697" lon="116.657227">
        <time>2022-05-23T13:42:03Z</time>
      </trkpt>
      <trkpt lat="39.915697" lon="116.657227">
        <time>2022-05-23T13:42:08Z</time>
      </trkpt>
      <trkpt lat="39.915697" lon="116.657227">
        <time>2022-05-23T13:42:13Z</time>
      </trkpt>
      <trkpt lat="39.915697" lon="116.657227">
        <time>2022-05-23T13:42:18Z</time>
      </trkpt>
      <trkpt lat="39.915697" lon="116.657227">
        <time>2022-05-23T13:42:23Z</time>
      </trkpt>
      <trkpt lat="39.915697" lon="116.657227">
        <time>2022-05-23T13:42:28Z</time>
      </trkpt>
      <trkpt lat="39.915697" lon="116.657227">
        <time>2022-05-23T13:42:33Z</time>
      </trkpt>
      <trkpt lat="39.915697" lon="116.657227">
        <time>2022-05-23T13:42:38Z</time>
      </trkpt>
      <trkpt lat="39.915697" lon="116.657227">
        <time>2022-05-23T13:42:43Z</time>
      </trkpt>
      <trkpt lat="39.915697" lon="116.657227">
        <time>2022-05-23T13:42:48Z</time>
      </trkpt>
      <trkpt lat="39.915697" lon="116.657227">
        <time>2022-05-23T13:42:53Z</time>
      </trkpt>
      <trkpt lat="39.915697" lon="116.657227">
        <time>2022-05-23T13:42:58Z</time>
      </trkpt>
      <trkpt lat="39.915697" lon="116.657227">
        <time>2022-05-23T13:43:03Z</time>
      </trkpt>
      <trkpt lat="39.915697" lon="116.657227">
        <time>2022-05-23T13:43:08Z</time>
      </trkpt>
      <trkpt lat="39.915697" lon="116.657227">
        <time>2022-05-23T13:43:13Z</time>
      </trkpt>
      <trkpt lat="39.915697" lon="116.657227">
        <time>2022-05-23T13:43:18Z</time>
      </trkpt>
      <trkpt lat="39.915697" lon="116.657227">
        <time>2022-05-23T13:43:23Z</time>
      </trkpt>
      <trkpt lat="39.915697" lon="116.657227">
        <time>2022-05-23T13:43:28Z</time>
      </trkpt>
      <trkpt lat="39.915697" lon="116.657227">
        <time>2022-05-23T13:43:33Z</time>
      </trkpt>
      <trkpt lat="39.915697" lon="116.657227">
        <time>2022-05-23T13:43:38Z</time>
      </trkpt>
      <trkpt lat="39.915697" lon="116.657227">
        <time>2022-05-23T13:43:43Z</time>
      </trkpt>
      <trkpt lat="39.915697" lon="116.657227">
        <time>2022-05-23T13:43:48Z</time>
      </trkpt>
      <trkpt lat="39.915697" lon="116.657227">
        <time>2022-05-23T13:43:53Z</time>
      </trkpt>
      <trkpt lat="39.915697" lon="116.657227">
        <time>2022-05-23T13:43:58Z</time>
      </trkpt>
      <trkpt lat="39.915697" lon="116.657227">
        <time>2022-05-23T13:44:03Z</time>
      </trkpt>
      <trkpt lat="39.915697" lon="116.657227">
        <time>2022-05-23T13:44:08Z</time>
      </trkpt>
      <trkpt lat="39.915697" lon="116.657227">
        <time>2022-05-23T13:44:13Z</time>
      </trkpt>
      <trkpt lat="39.915697" lon="116.657227">
        <time>2022-05-23T13:44:18Z</time>
      </trkpt>
      <trkpt lat="39.915697" lon="116.657227">
        <time>2022-05-23T13:44:23Z</time>
      </trkpt>
      <trkpt lat="39.915697" lon="116.657227">
        <time>2022-05-23T13:44:28Z</time>
      </trkpt>
      <trkpt lat="39.915697" lon="116.657227">
        <time>2022-05-23T13:44:33Z</time>
      </trkpt>
      <trkpt lat="39.915697" lon="116.657227">
        <time>2022-05-23T13:44:38Z</time>
      </trkpt>
      <trkpt lat="39.915697" lon="116.657227">
        <time>2022-05-23T13:44:43Z</time>
      </trkpt>
      <trkpt lat="39.915697" lon="116.657227">
        <time>2022-05-23T13:44:48Z</time>
      </trkpt>
      <trkpt lat="39.915697" lon="116.657227">
        <time>2022-05-23T13:44:53Z</time>
      </trkpt>
      <trkpt lat="39.915697" lon="116.657227">
        <time>2022-05-23T13:44:58Z</time>
      </trkpt>
      <trkpt lat="39.915697" lon="116.657227">
        <time>2022-05-23T13:45:03Z</time>
      </trkpt>
      <trkpt lat="39.915697" lon="116.657227">
        <time>2022-05-23T13:45:08Z</time>
      </trkpt>
      <trkpt lat="39.915697" lon="116.657227">
        <time>2022-05-23T13:45:13Z</time>
      </trkpt>
      <trkpt lat="39.915697" lon="116.657227">
        <time>2022-05-23T13:45:18Z</time>
      </trkpt>
      <trkpt lat="39.915697" lon="116.657227">
        <time>2022-05-23T13:45:23Z</time>
      </trkpt>
      <trkpt lat="39.915697" lon="116.657227">
        <time>2022-05-23T13:45:28Z</time>
      </trkpt>
      <trkpt lat="39.915697" lon="116.657227">
        <time>2022-05-23T13:45:33Z</time>
      </trkpt>
      <trkpt lat="39.915697" lon="116.657227">
        <time>2022-05-23T13:45:38Z</time>
      </trkpt>
      <trkpt lat="39.915697" lon="116.657227">
        <time>2022-05-23T13:45:43Z</time>
      </trkpt>
      <trkpt lat="39.915697" lon="116.657227">
        <time>2022-05-23T13:45:48Z</time>
      </trkpt>
      <trkpt lat="39.915697" lon="116.657227">
        <time>2022-05-23T13:45:53Z</time>
      </trkpt>
      <trkpt lat="39.915697" lon="116.657227">
        <time>2022-05-23T13:45:58Z</time>
      </trkpt>
      <trkpt lat="39.915697" lon="116.657227">
        <time>2022-05-23T13:46:03Z</time>
      </trkpt>
      <trkpt lat="39.915697" lon="116.657227">
        <time>2022-05-23T13:46:08Z</time>
      </trkpt>
      <trkpt lat="39.915697" lon="116.657227">
        <time>2022-05-23T13:46:13Z</time>
      </trkpt>
      <trkpt lat="39.915697" lon="116.657227">
        <time>2022-05-23T13:46:18Z</time>
      </trkpt>
      <trkpt lat="39.915697" lon="116.657227">
        <time>2022-05-23T13:46:23Z</time>
      </trkpt>
      <trkpt lat="39.915697" lon="116.657227">
        <time>2022-05-23T13:46:28Z</time>
      </trkpt>
      <trkpt lat="39.915697" lon="116.657227">
        <time>2022-05-23T13:46:33Z</time>
      </trkpt>
      <trkpt lat="39.915697" lon="116.657227">
        <time>2022-05-23T13:46:38Z</time>
      </trkpt>
      <trkpt lat="39.915697" lon="116.657227">
        <time>2022-05-23T13:46:43Z</time>
      </trkpt>
      <trkpt lat="39.915697" lon="116.657227">
        <time>2022-05-23T13:46:48Z</time>
      </trkpt>
      <trkpt lat="39.915697" lon="116.657227">
        <time>2022-05-23T13:46:53Z</time>
      </trkpt>
      <trkpt lat="39.915697" lon="116.657227">
        <time>2022-05-23T13:46:58Z</time>
      </trkpt>
      <trkpt lat="39.915697" lon="116.657227">
        <time>2022-05-23T13:47:03Z</time>
      </trkpt>
      <trkpt lat="39.915697" lon="116.657227">
        <time>2022-05-23T13:47:08Z</time>
      </trkpt>
      <trkpt lat="39.915697" lon="116.657227">
        <time>2022-05-23T13:47:13Z</time>
      </trkpt>
      <trkpt lat="39.915697" lon="116.657227">
        <time>2022-05-23T13:47:18Z</time>
      </trkpt>
      <trkpt lat="39.915697" lon="116.657227">
        <time>2022-05-23T13:47:23Z</time>
      </trkpt>
      <trkpt lat="39.915697" lon="116.657227">
        <time>2022-05-23T13:47:28Z</time>
      </trkpt>
      <trkpt lat="39.915697" lon="116.657227">
        <time>2022-05-23T13:47:33Z</time>
      </trkpt>
      <trkpt lat="39.915697" lon="116.657227">
        <time>2022-05-23T13:47:38Z</time>
      </trkpt>
      <trkpt lat="39.915697" lon="116.657227">
        <time>2022-05-23T13:47:43Z</time>
      </trkpt>
      <trkpt lat="39.915697" lon="116.657227">
        <time>2022-05-23T13:47:48Z</time>
      </trkpt>
      <trkpt lat="39.915697" lon="116.657227">
        <time>2022-05-23T13:47:53Z</time>
      </trkpt>
      <trkpt lat="39.915697" lon="116.657227">
        <time>2022-05-23T13:47:58Z</time>
      </trkpt>
      <trkpt lat="39.915697" lon="116.657227">
        <time>2022-05-23T13:48:03Z</time>
      </trkpt>
      <trkpt lat="39.915697" lon="116.657227">
        <time>2022-05-23T13:48:08Z</time>
      </trkpt>
      <trkpt lat="39.915697" lon="116.657227">
        <time>2022-05-23T13:48:13Z</time>
      </trkpt>
      <trkpt lat="39.915697" lon="116.657227">
        <time>2022-05-23T13:48:18Z</time>
      </trkpt>
      <trkpt lat="39.915697" lon="116.657227">
        <time>2022-05-23T13:48:23Z</time>
      </trkpt>
      <trkpt lat="39.915697" lon="116.657227">
        <time>2022-05-23T13:48:28Z</time>
      </trkpt>
      <trkpt lat="39.915697" lon="116.657227">
        <time>2022-05-23T13:48:33Z</time>
      </trkpt>
      <trkpt lat="39.915697" lon="116.657227">
        <time>2022-05-23T13:48:38Z</time>
      </trkpt>
      <trkpt lat="39.915697" lon="116.657227">
        <time>2022-05-23T13:48:43Z</time>
      </trkpt>
      <trkpt lat="39.915697" lon="116.657227">
        <time>2022-05-23T13:48:48Z</time>
      </trkpt>
      <trkpt lat="39.915697" lon="116.657227">
        <time>2022-05-23T13:48:53Z</time>
      </trkpt>
      <trkpt lat="39.915697" lon="116.657227">
        <time>2022-05-23T13:48:58Z</time>
      </trkpt>
      <trkpt lat="39.915697" lon="116.657227">
        <time>2022-05-23T13:49:03Z</time>
      </trkpt>
      <trkpt lat="39.915697" lon="116.657227">
        <time>2022-05-23T13:49:08Z</time>
      </trkpt>
      <trkpt lat="39.915697" lon="116.657227">
        <time>2022-05-23T13:49:13Z</time>
      </trkpt>
      <trkpt lat="39.915697" lon="116.657227">
        <time>2022-05-23T13:49:18Z</time>
      </trkpt>
      <trkpt lat="39.915697" lon="116.657227">
        <time>2022-05-23T13:49:23Z</time>
      </trkpt>
      <trkpt lat="39.915697" lon="116.657227">
        <time>2022-05-23T13:49:28Z</time>
      </trkpt>
      <trkpt lat="39.915697" lon="116.657227">
        <time>2022-05-23T13:49:33Z</time>
      </trkpt>
      <trkpt lat="39.915697" lon="116.657227">
        <time>2022-05-23T13:49:38Z</time>
      </trkpt>
      <trkpt lat="39.915697" lon="116.657227">
        <time>2022-05-23T13:49:43Z</time>
      </trkpt>
      <trkpt lat="39.915697" lon="116.657227">
        <time>2022-05-23T13:49:48Z</time>
      </trkpt>
      <trkpt lat="39.915697" lon="116.657227">
        <time>2022-05-23T13:49:53Z</time>
      </trkpt>
      <trkpt lat="39.915697" lon="116.657227">
        <time>2022-05-23T13:49:58Z</time>
      </trkpt>
      <trkpt lat="39.915697" lon="116.657227">
        <time>2022-05-23T13:50:03Z</time>
      </trkpt>
      <trkpt lat="39.915697" lon="116.657227">
        <time>2022-05-23T13:50:08Z</time>
      </trkpt>
      <trkpt lat="39.915697" lon="116.657227">
        <time>2022-05-23T13:50:13Z</time>
      </trkpt>
      <trkpt lat="39.915697" lon="116.657227">
        <time>2022-05-23T13:50:18Z</time>
      </trkpt>
      <trkpt lat="39.915697" lon="116.657227">
        <time>2022-05-23T13:50:23Z</time>
      </trkpt>
      <trkpt lat="39.915697" lon="116.657227">
        <time>2022-05-23T13:50:28Z</time>
      </trkpt>
      <trkpt lat="39.915697" lon="116.657227">
        <time>2022-05-23T13:50:33Z</time>
      </trkpt>
      <trkpt lat="39.915697" lon="116.657227">
        <time>2022-05-23T13:50:38Z</time>
      </trkpt>
      <trkpt lat="39.915697" lon="116.657227">
        <time>2022-05-23T13:50:43Z</time>
      </trkpt>
      <trkpt lat="39.915697" lon="116.657227">
        <time>2022-05-23T13:50:48Z</time>
      </trkpt>
      <trkpt lat="39.915697" lon="116.657227">
        <time>2022-05-23T13:50:53Z</time>
      </trkpt>
      <trkpt lat="39.915697" lon="116.657227">
        <time>2022-05-23T13:50:58Z</time>
      </trkpt>
      <trkpt lat="39.915697" lon="116.657227">
        <time>2022-05-23T13:51:03Z</time>
      </trkpt>
      <trkpt lat="39.915697" lon="116.657227">
        <time>2022-05-23T13:51:08Z</time>
      </trkpt>
      <trkpt lat="39.915697" lon="116.657227">
        <time>2022-05-23T13:51:13Z</time>
      </trkpt>
      <trkpt lat="39.915697" lon="116.657227">
        <time>2022-05-23T13:51:18Z</time>
      </trkpt>
      <trkpt lat="39.915697" lon="116.657227">
        <time>2022-05-23T13:51:23Z</time>
      </trkpt>
      <trkpt lat="39.915697" lon="116.657227">
        <time>2022-05-23T13:51:28Z</time>
      </trkpt>
      <trkpt lat="39.915697" lon="116.657227">
        <time>2022-05-23T13:51:33Z</time>
      </trkpt>
      <trkpt lat="39.915697" lon="116.657227">
        <time>2022-05-23T13:51:38Z</time>
      </trkpt>
      <trkpt lat="39.915697" lon="116.657227">
        <time>2022-05-23T13:51:43Z</time>
      </trkpt>
      <trkpt lat="39.915697" lon="116.657227">
        <time>2022-05-23T13:51:48Z</time>
      </trkpt>
      <trkpt lat="39.915697" lon="116.657227">
        <time>2022-05-23T13:51:53Z</time>
      </trkpt>
      <trkpt lat="39.915697" lon="116.657227">
        <time>2022-05-23T13:51:58Z</time>
      </trkpt>
      <trkpt lat="39.915697" lon="116.657227">
        <time>2022-05-23T13:52:03Z</time>
      </trkpt>
      <trkpt lat="39.915697" lon="116.657227">
        <time>2022-05-23T13:52:08Z</time>
      </trkpt>
      <trkpt lat="39.915697" lon="116.657227">
        <time>2022-05-23T13:52:13Z</time>
      </trkpt>
      <trkpt lat="39.915697" lon="116.657227">
        <time>2022-05-23T13:52:18Z</time>
      </trkpt>
      <trkpt lat="39.915697" lon="116.657227">
        <time>2022-05-23T13:52:23Z</time>
      </trkpt>
      <trkpt lat="39.915697" lon="116.657227">
        <time>2022-05-23T13:52:28Z</time>
      </trkpt>
      <trkpt lat="39.915697" lon="116.657227">
        <time>2022-05-23T13:52:33Z</time>
      </trkpt>
      <trkpt lat="39.915697" lon="116.657227">
        <time>2022-05-23T13:52:38Z</time>
      </trkpt>
      <trkpt lat="39.915697" lon="116.657227">
        <time>2022-05-23T13:52:43Z</time>
      </trkpt>
      <trkpt lat="39.915697" lon="116.657227">
        <time>2022-05-23T13:52:48Z</time>
      </trkpt>
      <trkpt lat="39.915697" lon="116.657227">
        <time>2022-05-23T13:52:53Z</time>
      </trkpt>
      <trkpt lat="39.915697" lon="116.657227">
        <time>2022-05-23T13:52:58Z</time>
      </trkpt>
      <trkpt lat="39.915697" lon="116.657227">
        <time>2022-05-23T13:53:03Z</time>
      </trkpt>
      <trkpt lat="39.915697" lon="116.657227">
        <time>2022-05-23T13:53:08Z</time>
      </trkpt>
      <trkpt lat="39.915697" lon="116.657227">
        <time>2022-05-23T13:53:13Z</time>
      </trkpt>
      <trkpt lat="39.915697" lon="116.657227">
        <time>2022-05-23T13:53:18Z</time>
      </trkpt>
      <trkpt lat="39.915697" lon="116.657227">
        <time>2022-05-23T13:53:23Z</time>
      </trkpt>
      <trkpt lat="39.915697" lon="116.657227">
        <time>2022-05-23T13:53:28Z</time>
      </trkpt>
      <trkpt lat="39.915697" lon="116.657227">
        <time>2022-05-23T13:53:33Z</time>
      </trkpt>
      <trkpt lat="39.915697" lon="116.657227">
        <time>2022-05-23T13:53:38Z</time>
      </trkpt>
      <trkpt lat="39.915697" lon="116.657227">
        <time>2022-05-23T13:53:43Z</time>
      </trkpt>
      <trkpt lat="39.915697" lon="116.657227">
        <time>2022-05-23T13:53:48Z</time>
      </trkpt>
      <trkpt lat="39.915697" lon="116.657227">
        <time>2022-05-23T13:53:53Z</time>
      </trkpt>
      <trkpt lat="39.915697" lon="116.657227">
        <time>2022-05-23T13:53:58Z</time>
      </trkpt>
      <trkpt lat="39.915697" lon="116.657227">
        <time>2022-05-23T13:54:03Z</time>
      </trkpt>
      <trkpt lat="39.915697" lon="116.657227">
        <time>2022-05-23T13:54:08Z</time>
      </trkpt>
      <trkpt lat="39.915697" lon="116.657227">
        <time>2022-05-23T13:54:13Z</time>
      </trkpt>
      <trkpt lat="39.915697" lon="116.657227">
        <time>2022-05-23T13:54:18Z</time>
      </trkpt>
      <trkpt lat="39.915697" lon="116.657227">
        <time>2022-05-23T13:54:23Z</time>
      </trkpt>
      <trkpt lat="39.915697" lon="116.657227">
        <time>2022-05-23T13:54:28Z</time>
      </trkpt>
      <trkpt lat="39.915697" lon="116.657227">
        <time>2022-05-23T13:54:33Z</time>
      </trkpt>
      <trkpt lat="39.915697" lon="116.657227">
        <time>2022-05-23T13:54:38Z</time>
      </trkpt>
      <trkpt lat="39.915697" lon="116.657227">
        <time>2022-05-23T13:54:43Z</time>
      </trkpt>
      <trkpt lat="39.915697" lon="116.657227">
        <time>2022-05-23T13:54:48Z</time>
      </trkpt>
      <trkpt lat="39.915697" lon="116.657227">
        <time>2022-05-23T13:54:53Z</time>
      </trkpt>
      <trkpt lat="39.915697" lon="116.657227">
        <time>2022-05-23T13:54:58Z</time>
      </trkpt>
      <trkpt lat="39.915697" lon="116.657227">
        <time>2022-05-23T13:55:03Z</time>
      </trkpt>
      <trkpt lat="39.915697" lon="116.657227">
        <time>2022-05-23T13:55:08Z</time>
      </trkpt>
      <trkpt lat="39.915697" lon="116.657227">
        <time>2022-05-23T13:55:13Z</time>
      </trkpt>
      <trkpt lat="39.915697" lon="116.657227">
        <time>2022-05-23T13:55:18Z</time>
      </trkpt>
      <trkpt lat="39.915697" lon="116.657227">
        <time>2022-05-23T13:55:23Z</time>
      </trkpt>
      <trkpt lat="39.915697" lon="116.657227">
        <time>2022-05-23T13:55:28Z</time>
      </trkpt>
      <trkpt lat="39.915697" lon="116.657227">
        <time>2022-05-23T13:55:33Z</time>
      </trkpt>
      <trkpt lat="39.915697" lon="116.657227">
        <time>2022-05-23T13:55:38Z</time>
      </trkpt>
      <trkpt lat="39.915697" lon="116.657227">
        <time>2022-05-23T13:55:43Z</time>
      </trkpt>
      <trkpt lat="39.915697" lon="116.657227">
        <time>2022-05-23T13:55:48Z</time>
      </trkpt>
      <trkpt lat="39.915697" lon="116.657227">
        <time>2022-05-23T13:55:53Z</time>
      </trkpt>
      <trkpt lat="39.915697" lon="116.657227">
        <time>2022-05-23T13:55:58Z</time>
      </trkpt>
      <trkpt lat="39.915697" lon="116.657227">
        <time>2022-05-23T13:56:03Z</time>
      </trkpt>
      <trkpt lat="39.915697" lon="116.657227">
        <time>2022-05-23T13:56:08Z</time>
      </trkpt>
      <trkpt lat="39.915697" lon="116.657227">
        <time>2022-05-23T13:56:13Z</time>
      </trkpt>
      <trkpt lat="39.915697" lon="116.657227">
        <time>2022-05-23T13:56:18Z</time>
      </trkpt>
      <trkpt lat="39.915697" lon="116.657227">
        <time>2022-05-23T14:07:22Z</time>
      </trkpt>
    </trkseg>
  </trk>
</gpx>