<?xml version="1.0" encoding="UTF-8"?>
<gpx xmlns="http://www.topografix.com/GPX/1/1" xmlns:gpxtpx="http://www.garmin.com/xmlschemas/TrackPointExtension/v1" xmlns:xsi="http://www.w3.org/2001/XMLSchema-instance" xsi:schemaLocation="http://www.topografix.com/GPX/1/1 http://www.topografix.com/GPX/1/1/gpx.xsd" version="1.1" creator="gpx.py -- https://github.com/tkrajina/gpxpy">
  <trk>
    <name>gpx from keep</name>
    <trkseg>
      <trkpt lat="39.905821" lon="116.619457">
        <time>2022-05-25T12:08:15Z</time>
      </trkpt>
      <trkpt lat="39.905821" lon="116.619457">
        <time>2022-05-25T12:08:20Z</time>
      </trkpt>
      <trkpt lat="39.905821" lon="116.619392">
        <time>2022-05-25T12:08:25Z</time>
      </trkpt>
      <trkpt lat="39.905768" lon="116.619205">
        <time>2022-05-25T12:08:30Z</time>
      </trkpt>
      <trkpt lat="39.905695" lon="116.619051">
        <time>2022-05-25T12:08:35Z</time>
      </trkpt>
      <trkpt lat="39.905655" lon="116.618896">
        <time>2022-05-25T12:08:40Z</time>
      </trkpt>
      <trkpt lat="39.905657" lon="116.618739">
        <time>2022-05-25T12:08:45Z</time>
      </trkpt>
      <trkpt lat="39.905618" lon="116.618563">
        <time>2022-05-25T12:08:50Z</time>
      </trkpt>
      <trkpt lat="39.905616" lon="116.618421">
        <time>2022-05-25T12:08:55Z</time>
      </trkpt>
      <trkpt lat="39.905613" lon="116.618268">
        <time>2022-05-25T12:09:00Z</time>
      </trkpt>
      <trkpt lat="39.90561" lon="116.618102">
        <time>2022-05-25T12:09:05Z</time>
      </trkpt>
      <trkpt lat="39.905598" lon="116.617965">
        <time>2022-05-25T12:09:10Z</time>
      </trkpt>
      <trkpt lat="39.905591" lon="116.617833">
        <time>2022-05-25T12:09:15Z</time>
      </trkpt>
      <trkpt lat="39.90557" lon="116.617698">
        <time>2022-05-25T12:09:20Z</time>
      </trkpt>
      <trkpt lat="39.905582" lon="116.617532">
        <time>2022-05-25T12:09:25Z</time>
      </trkpt>
      <trkpt lat="39.905587" lon="116.617355">
        <time>2022-05-25T12:09:30Z</time>
      </trkpt>
      <trkpt lat="39.905613" lon="116.617232">
        <time>2022-05-25T12:09:35Z</time>
      </trkpt>
      <trkpt lat="39.905664" lon="116.617179">
        <time>2022-05-25T12:09:40Z</time>
      </trkpt>
      <trkpt lat="39.905716" lon="116.617116">
        <time>2022-05-25T12:09:45Z</time>
      </trkpt>
      <trkpt lat="39.905763" lon="116.616979">
        <time>2022-05-25T12:09:50Z</time>
      </trkpt>
      <trkpt lat="39.905746" lon="116.616785">
        <time>2022-05-25T12:09:55Z</time>
      </trkpt>
      <trkpt lat="39.905745" lon="116.616605">
        <time>2022-05-25T12:10:00Z</time>
      </trkpt>
      <trkpt lat="39.905712" lon="116.616454">
        <time>2022-05-25T12:10:05Z</time>
      </trkpt>
      <trkpt lat="39.905709" lon="116.616308">
        <time>2022-05-25T12:10:10Z</time>
      </trkpt>
      <trkpt lat="39.905706" lon="116.616173">
        <time>2022-05-25T12:10:15Z</time>
      </trkpt>
      <trkpt lat="39.905715" lon="116.61603">
        <time>2022-05-25T12:10:20Z</time>
      </trkpt>
      <trkpt lat="39.905715" lon="116.61603">
        <time>2022-05-25T12:10:25Z</time>
      </trkpt>
      <trkpt lat="39.905715" lon="116.61603">
        <time>2022-05-25T12:10:30Z</time>
      </trkpt>
      <trkpt lat="39.905715" lon="116.61603">
        <time>2022-05-25T12:10:35Z</time>
      </trkpt>
      <trkpt lat="39.905715" lon="116.61603">
        <time>2022-05-25T12:10:40Z</time>
      </trkpt>
      <trkpt lat="39.905715" lon="116.61603">
        <time>2022-05-25T12:10:45Z</time>
      </trkpt>
      <trkpt lat="39.905715" lon="116.61603">
        <time>2022-05-25T12:10:50Z</time>
      </trkpt>
      <trkpt lat="39.905715" lon="116.61603">
        <time>2022-05-25T12:10:55Z</time>
      </trkpt>
      <trkpt lat="39.905715" lon="116.61603">
        <time>2022-05-25T12:11:00Z</time>
      </trkpt>
      <trkpt lat="39.905715" lon="116.61603">
        <time>2022-05-25T12:11:05Z</time>
      </trkpt>
      <trkpt lat="39.905715" lon="116.61603">
        <time>2022-05-25T12:11:10Z</time>
      </trkpt>
      <trkpt lat="39.905715" lon="116.61603">
        <time>2022-05-25T12:11:15Z</time>
      </trkpt>
      <trkpt lat="39.905715" lon="116.61603">
        <time>2022-05-25T12:11:20Z</time>
      </trkpt>
      <trkpt lat="39.905715" lon="116.61603">
        <time>2022-05-25T12:11:25Z</time>
      </trkpt>
      <trkpt lat="39.905715" lon="116.61603">
        <time>2022-05-25T12:11:30Z</time>
      </trkpt>
      <trkpt lat="39.905715" lon="116.61603">
        <time>2022-05-25T12:11:35Z</time>
      </trkpt>
      <trkpt lat="39.905715" lon="116.61603">
        <time>2022-05-25T12:11:40Z</time>
      </trkpt>
      <trkpt lat="39.905715" lon="116.61603">
        <time>2022-05-25T12:11:45Z</time>
      </trkpt>
      <trkpt lat="39.905715" lon="116.61603">
        <time>2022-05-25T12:11:50Z</time>
      </trkpt>
      <trkpt lat="39.905715" lon="116.61603">
        <time>2022-05-25T12:11:55Z</time>
      </trkpt>
      <trkpt lat="39.905715" lon="116.61603">
        <time>2022-05-25T12:12:00Z</time>
      </trkpt>
      <trkpt lat="39.905715" lon="116.61603">
        <time>2022-05-25T12:12:05Z</time>
      </trkpt>
      <trkpt lat="39.905715" lon="116.61603">
        <time>2022-05-25T12:12:10Z</time>
      </trkpt>
      <trkpt lat="39.905715" lon="116.61603">
        <time>2022-05-25T12:12:15Z</time>
      </trkpt>
      <trkpt lat="39.905715" lon="116.61603">
        <time>2022-05-25T12:12:20Z</time>
      </trkpt>
      <trkpt lat="39.905715" lon="116.61603">
        <time>2022-05-25T12:12:25Z</time>
      </trkpt>
      <trkpt lat="39.905817" lon="116.614231">
        <time>2022-05-25T12:12:30Z</time>
      </trkpt>
      <trkpt lat="39.905817" lon="116.614231">
        <time>2022-05-25T12:12:35Z</time>
      </trkpt>
      <trkpt lat="39.905817" lon="116.614231">
        <time>2022-05-25T12:12:40Z</time>
      </trkpt>
      <trkpt lat="39.905817" lon="116.614231">
        <time>2022-05-25T12:12:45Z</time>
      </trkpt>
      <trkpt lat="39.905817" lon="116.614231">
        <time>2022-05-25T12:12:50Z</time>
      </trkpt>
      <trkpt lat="39.905817" lon="116.614231">
        <time>2022-05-25T12:12:55Z</time>
      </trkpt>
      <trkpt lat="39.905817" lon="116.614231">
        <time>2022-05-25T12:13:00Z</time>
      </trkpt>
      <trkpt lat="39.905872" lon="116.614313">
        <time>2022-05-25T12:13:05Z</time>
      </trkpt>
      <trkpt lat="39.905872" lon="116.614313">
        <time>2022-05-25T12:13:10Z</time>
      </trkpt>
      <trkpt lat="39.905872" lon="116.614313">
        <time>2022-05-25T12:13:15Z</time>
      </trkpt>
      <trkpt lat="39.905872" lon="116.614313">
        <time>2022-05-25T12:13:20Z</time>
      </trkpt>
      <trkpt lat="39.905872" lon="116.614313">
        <time>2022-05-25T12:13:25Z</time>
      </trkpt>
      <trkpt lat="39.905872" lon="116.614313">
        <time>2022-05-25T12:13:30Z</time>
      </trkpt>
      <trkpt lat="39.905872" lon="116.614313">
        <time>2022-05-25T12:13:35Z</time>
      </trkpt>
      <trkpt lat="39.905872" lon="116.614313">
        <time>2022-05-25T12:13:40Z</time>
      </trkpt>
      <trkpt lat="39.905872" lon="116.614313">
        <time>2022-05-25T12:13:45Z</time>
      </trkpt>
      <trkpt lat="39.905872" lon="116.614313">
        <time>2022-05-25T12:13:50Z</time>
      </trkpt>
      <trkpt lat="39.905872" lon="116.614313">
        <time>2022-05-25T12:13:55Z</time>
      </trkpt>
      <trkpt lat="39.905872" lon="116.614313">
        <time>2022-05-25T12:14:00Z</time>
      </trkpt>
      <trkpt lat="39.905872" lon="116.614313">
        <time>2022-05-25T12:14:05Z</time>
      </trkpt>
      <trkpt lat="39.905872" lon="116.614313">
        <time>2022-05-25T12:14:10Z</time>
      </trkpt>
      <trkpt lat="39.905872" lon="116.614313">
        <time>2022-05-25T12:14:15Z</time>
      </trkpt>
      <trkpt lat="39.905872" lon="116.614313">
        <time>2022-05-25T12:14:20Z</time>
      </trkpt>
      <trkpt lat="39.905872" lon="116.614313">
        <time>2022-05-25T12:14:25Z</time>
      </trkpt>
      <trkpt lat="39.905872" lon="116.614313">
        <time>2022-05-25T12:14:30Z</time>
      </trkpt>
      <trkpt lat="39.905872" lon="116.614313">
        <time>2022-05-25T12:14:35Z</time>
      </trkpt>
      <trkpt lat="39.905872" lon="116.614313">
        <time>2022-05-25T12:14:40Z</time>
      </trkpt>
      <trkpt lat="39.905872" lon="116.614313">
        <time>2022-05-25T12:14:45Z</time>
      </trkpt>
      <trkpt lat="39.905872" lon="116.614313">
        <time>2022-05-25T12:14:50Z</time>
      </trkpt>
      <trkpt lat="39.905872" lon="116.614313">
        <time>2022-05-25T12:14:55Z</time>
      </trkpt>
      <trkpt lat="39.905872" lon="116.614313">
        <time>2022-05-25T12:15:00Z</time>
      </trkpt>
      <trkpt lat="39.905872" lon="116.614313">
        <time>2022-05-25T12:15:05Z</time>
      </trkpt>
      <trkpt lat="39.905872" lon="116.614313">
        <time>2022-05-25T12:15:10Z</time>
      </trkpt>
      <trkpt lat="39.905872" lon="116.614313">
        <time>2022-05-25T12:15:15Z</time>
      </trkpt>
      <trkpt lat="39.905872" lon="116.614313">
        <time>2022-05-25T12:15:20Z</time>
      </trkpt>
      <trkpt lat="39.905872" lon="116.614313">
        <time>2022-05-25T12:15:25Z</time>
      </trkpt>
      <trkpt lat="39.905872" lon="116.614313">
        <time>2022-05-25T12:15:30Z</time>
      </trkpt>
      <trkpt lat="39.905872" lon="116.614313">
        <time>2022-05-25T12:15:35Z</time>
      </trkpt>
      <trkpt lat="39.905872" lon="116.614313">
        <time>2022-05-25T12:15:40Z</time>
      </trkpt>
      <trkpt lat="39.905872" lon="116.614313">
        <time>2022-05-25T12:15:45Z</time>
      </trkpt>
      <trkpt lat="39.905872" lon="116.614313">
        <time>2022-05-25T12:15:50Z</time>
      </trkpt>
      <trkpt lat="39.905872" lon="116.614313">
        <time>2022-05-25T12:15:55Z</time>
      </trkpt>
      <trkpt lat="39.905872" lon="116.614313">
        <time>2022-05-25T12:16:00Z</time>
      </trkpt>
      <trkpt lat="39.905872" lon="116.614313">
        <time>2022-05-25T12:16:05Z</time>
      </trkpt>
      <trkpt lat="39.905872" lon="116.614313">
        <time>2022-05-25T12:16:10Z</time>
      </trkpt>
      <trkpt lat="39.905872" lon="116.614313">
        <time>2022-05-25T12:16:15Z</time>
      </trkpt>
      <trkpt lat="39.905872" lon="116.614313">
        <time>2022-05-25T12:16:20Z</time>
      </trkpt>
      <trkpt lat="39.907693" lon="116.627079">
        <time>2022-05-25T12:16:25Z</time>
      </trkpt>
      <trkpt lat="39.907693" lon="116.627079">
        <time>2022-05-25T12:16:30Z</time>
      </trkpt>
      <trkpt lat="39.907693" lon="116.627079">
        <time>2022-05-25T12:16:35Z</time>
      </trkpt>
      <trkpt lat="39.907693" lon="116.627079">
        <time>2022-05-25T12:16:40Z</time>
      </trkpt>
      <trkpt lat="39.907693" lon="116.627079">
        <time>2022-05-25T12:16:45Z</time>
      </trkpt>
      <trkpt lat="39.907693" lon="116.627079">
        <time>2022-05-25T12:16:50Z</time>
      </trkpt>
      <trkpt lat="39.907693" lon="116.627079">
        <time>2022-05-25T12:16:55Z</time>
      </trkpt>
      <trkpt lat="39.907693" lon="116.627079">
        <time>2022-05-25T12:17:00Z</time>
      </trkpt>
      <trkpt lat="39.907693" lon="116.627079">
        <time>2022-05-25T12:17:05Z</time>
      </trkpt>
      <trkpt lat="39.907693" lon="116.627079">
        <time>2022-05-25T12:17:10Z</time>
      </trkpt>
      <trkpt lat="39.907693" lon="116.627079">
        <time>2022-05-25T12:17:15Z</time>
      </trkpt>
      <trkpt lat="39.907693" lon="116.627079">
        <time>2022-05-25T12:17:20Z</time>
      </trkpt>
      <trkpt lat="39.907693" lon="116.627079">
        <time>2022-05-25T12:17:25Z</time>
      </trkpt>
      <trkpt lat="39.907693" lon="116.627079">
        <time>2022-05-25T12:17:30Z</time>
      </trkpt>
      <trkpt lat="39.907693" lon="116.627079">
        <time>2022-05-25T12:17:35Z</time>
      </trkpt>
      <trkpt lat="39.907693" lon="116.627079">
        <time>2022-05-25T12:17:40Z</time>
      </trkpt>
      <trkpt lat="39.907693" lon="116.627079">
        <time>2022-05-25T12:17:45Z</time>
      </trkpt>
      <trkpt lat="39.907693" lon="116.627079">
        <time>2022-05-25T12:17:50Z</time>
      </trkpt>
      <trkpt lat="39.907693" lon="116.627079">
        <time>2022-05-25T12:17:55Z</time>
      </trkpt>
      <trkpt lat="39.907693" lon="116.627079">
        <time>2022-05-25T12:18:00Z</time>
      </trkpt>
      <trkpt lat="39.907693" lon="116.627079">
        <time>2022-05-25T12:18:05Z</time>
      </trkpt>
      <trkpt lat="39.907693" lon="116.627079">
        <time>2022-05-25T12:18:10Z</time>
      </trkpt>
      <trkpt lat="39.907693" lon="116.627079">
        <time>2022-05-25T12:18:15Z</time>
      </trkpt>
      <trkpt lat="39.907693" lon="116.627079">
        <time>2022-05-25T12:18:20Z</time>
      </trkpt>
      <trkpt lat="39.907693" lon="116.627079">
        <time>2022-05-25T12:18:25Z</time>
      </trkpt>
      <trkpt lat="39.907693" lon="116.627079">
        <time>2022-05-25T12:18:30Z</time>
      </trkpt>
      <trkpt lat="39.907693" lon="116.627079">
        <time>2022-05-25T12:18:35Z</time>
      </trkpt>
      <trkpt lat="39.907693" lon="116.627079">
        <time>2022-05-25T12:18:40Z</time>
      </trkpt>
      <trkpt lat="39.907693" lon="116.627079">
        <time>2022-05-25T12:18:45Z</time>
      </trkpt>
      <trkpt lat="39.907693" lon="116.627079">
        <time>2022-05-25T12:18:50Z</time>
      </trkpt>
      <trkpt lat="39.907693" lon="116.627079">
        <time>2022-05-25T12:18:55Z</time>
      </trkpt>
      <trkpt lat="39.907693" lon="116.627079">
        <time>2022-05-25T12:19:00Z</time>
      </trkpt>
      <trkpt lat="39.907693" lon="116.627079">
        <time>2022-05-25T12:19:05Z</time>
      </trkpt>
      <trkpt lat="39.907693" lon="116.627079">
        <time>2022-05-25T12:19:10Z</time>
      </trkpt>
      <trkpt lat="39.907693" lon="116.627079">
        <time>2022-05-25T12:19:15Z</time>
      </trkpt>
      <trkpt lat="39.907693" lon="116.627079">
        <time>2022-05-25T12:19:20Z</time>
      </trkpt>
      <trkpt lat="39.907693" lon="116.627079">
        <time>2022-05-25T12:19:25Z</time>
      </trkpt>
      <trkpt lat="39.907693" lon="116.627079">
        <time>2022-05-25T12:19:30Z</time>
      </trkpt>
      <trkpt lat="39.907693" lon="116.627079">
        <time>2022-05-25T12:19:35Z</time>
      </trkpt>
      <trkpt lat="39.907693" lon="116.627079">
        <time>2022-05-25T12:19:40Z</time>
      </trkpt>
      <trkpt lat="39.907693" lon="116.627079">
        <time>2022-05-25T12:19:45Z</time>
      </trkpt>
      <trkpt lat="39.907693" lon="116.627079">
        <time>2022-05-25T12:19:50Z</time>
      </trkpt>
      <trkpt lat="39.907693" lon="116.627079">
        <time>2022-05-25T12:19:55Z</time>
      </trkpt>
      <trkpt lat="39.907693" lon="116.627079">
        <time>2022-05-25T12:20:00Z</time>
      </trkpt>
      <trkpt lat="39.907693" lon="116.627079">
        <time>2022-05-25T12:20:05Z</time>
      </trkpt>
      <trkpt lat="39.907693" lon="116.627079">
        <time>2022-05-25T12:20:10Z</time>
      </trkpt>
      <trkpt lat="39.907693" lon="116.627079">
        <time>2022-05-25T12:20:15Z</time>
      </trkpt>
      <trkpt lat="39.907693" lon="116.627079">
        <time>2022-05-25T12:20:20Z</time>
      </trkpt>
      <trkpt lat="39.907693" lon="116.627079">
        <time>2022-05-25T12:20:25Z</time>
      </trkpt>
      <trkpt lat="39.907693" lon="116.627079">
        <time>2022-05-25T12:20:30Z</time>
      </trkpt>
      <trkpt lat="39.907693" lon="116.627079">
        <time>2022-05-25T12:20:35Z</time>
      </trkpt>
      <trkpt lat="39.907693" lon="116.627079">
        <time>2022-05-25T12:20:40Z</time>
      </trkpt>
      <trkpt lat="39.907693" lon="116.627079">
        <time>2022-05-25T12:20:45Z</time>
      </trkpt>
      <trkpt lat="39.907693" lon="116.627079">
        <time>2022-05-25T12:20:50Z</time>
      </trkpt>
      <trkpt lat="39.907693" lon="116.627079">
        <time>2022-05-25T12:20:55Z</time>
      </trkpt>
      <trkpt lat="39.907693" lon="116.627079">
        <time>2022-05-25T12:21:00Z</time>
      </trkpt>
      <trkpt lat="39.907693" lon="116.627079">
        <time>2022-05-25T12:21:05Z</time>
      </trkpt>
      <trkpt lat="39.907693" lon="116.627079">
        <time>2022-05-25T12:21:10Z</time>
      </trkpt>
      <trkpt lat="39.90769" lon="116.627219">
        <time>2022-05-25T12:21:15Z</time>
      </trkpt>
      <trkpt lat="39.907689" lon="116.627301">
        <time>2022-05-25T12:21:20Z</time>
      </trkpt>
      <trkpt lat="39.907689" lon="116.627301">
        <time>2022-05-25T12:21:25Z</time>
      </trkpt>
      <trkpt lat="39.907689" lon="116.627301">
        <time>2022-05-25T12:21:30Z</time>
      </trkpt>
      <trkpt lat="39.907689" lon="116.627301">
        <time>2022-05-25T12:21:35Z</time>
      </trkpt>
      <trkpt lat="39.907689" lon="116.627301">
        <time>2022-05-25T12:21:40Z</time>
      </trkpt>
      <trkpt lat="39.907689" lon="116.627301">
        <time>2022-05-25T12:21:45Z</time>
      </trkpt>
      <trkpt lat="39.907689" lon="116.627301">
        <time>2022-05-25T12:21:50Z</time>
      </trkpt>
      <trkpt lat="39.907689" lon="116.627301">
        <time>2022-05-25T12:21:55Z</time>
      </trkpt>
      <trkpt lat="39.907689" lon="116.627301">
        <time>2022-05-25T12:22:00Z</time>
      </trkpt>
      <trkpt lat="39.907689" lon="116.627301">
        <time>2022-05-25T12:22:05Z</time>
      </trkpt>
      <trkpt lat="39.907689" lon="116.627301">
        <time>2022-05-25T12:22:10Z</time>
      </trkpt>
      <trkpt lat="39.907689" lon="116.627301">
        <time>2022-05-25T12:22:15Z</time>
      </trkpt>
      <trkpt lat="39.907689" lon="116.627301">
        <time>2022-05-25T12:22:20Z</time>
      </trkpt>
      <trkpt lat="39.907689" lon="116.627301">
        <time>2022-05-25T12:22:25Z</time>
      </trkpt>
      <trkpt lat="39.907689" lon="116.627301">
        <time>2022-05-25T12:22:30Z</time>
      </trkpt>
      <trkpt lat="39.907689" lon="116.627301">
        <time>2022-05-25T12:22:35Z</time>
      </trkpt>
      <trkpt lat="39.907689" lon="116.627301">
        <time>2022-05-25T12:22:40Z</time>
      </trkpt>
      <trkpt lat="39.907689" lon="116.627301">
        <time>2022-05-25T12:22:45Z</time>
      </trkpt>
      <trkpt lat="39.907689" lon="116.627301">
        <time>2022-05-25T12:22:50Z</time>
      </trkpt>
      <trkpt lat="39.907689" lon="116.627301">
        <time>2022-05-25T12:22:55Z</time>
      </trkpt>
      <trkpt lat="39.907689" lon="116.627301">
        <time>2022-05-25T12:23:00Z</time>
      </trkpt>
      <trkpt lat="39.907689" lon="116.627301">
        <time>2022-05-25T12:23:05Z</time>
      </trkpt>
      <trkpt lat="39.907689" lon="116.627301">
        <time>2022-05-25T12:23:10Z</time>
      </trkpt>
      <trkpt lat="39.907689" lon="116.627301">
        <time>2022-05-25T12:23:15Z</time>
      </trkpt>
      <trkpt lat="39.907689" lon="116.627301">
        <time>2022-05-25T12:23:20Z</time>
      </trkpt>
      <trkpt lat="39.907689" lon="116.627301">
        <time>2022-05-25T12:23:25Z</time>
      </trkpt>
      <trkpt lat="39.907689" lon="116.627301">
        <time>2022-05-25T12:23:30Z</time>
      </trkpt>
      <trkpt lat="39.907689" lon="116.627301">
        <time>2022-05-25T12:23:35Z</time>
      </trkpt>
      <trkpt lat="39.907689" lon="116.627301">
        <time>2022-05-25T12:23:40Z</time>
      </trkpt>
      <trkpt lat="39.907689" lon="116.627301">
        <time>2022-05-25T12:23:45Z</time>
      </trkpt>
      <trkpt lat="39.907689" lon="116.627301">
        <time>2022-05-25T12:23:50Z</time>
      </trkpt>
      <trkpt lat="39.907689" lon="116.627301">
        <time>2022-05-25T12:23:55Z</time>
      </trkpt>
      <trkpt lat="39.907689" lon="116.627301">
        <time>2022-05-25T12:24:00Z</time>
      </trkpt>
      <trkpt lat="39.907689" lon="116.627301">
        <time>2022-05-25T12:24:05Z</time>
      </trkpt>
      <trkpt lat="39.907689" lon="116.627301">
        <time>2022-05-25T12:24:10Z</time>
      </trkpt>
      <trkpt lat="39.907689" lon="116.627301">
        <time>2022-05-25T12:24:15Z</time>
      </trkpt>
      <trkpt lat="39.907689" lon="116.627301">
        <time>2022-05-25T12:24:20Z</time>
      </trkpt>
      <trkpt lat="39.907689" lon="116.627301">
        <time>2022-05-25T12:24:25Z</time>
      </trkpt>
      <trkpt lat="39.907689" lon="116.627301">
        <time>2022-05-25T12:24:30Z</time>
      </trkpt>
      <trkpt lat="39.907689" lon="116.627301">
        <time>2022-05-25T12:24:35Z</time>
      </trkpt>
      <trkpt lat="39.907689" lon="116.627301">
        <time>2022-05-25T12:24:40Z</time>
      </trkpt>
      <trkpt lat="39.907689" lon="116.627301">
        <time>2022-05-25T12:24:45Z</time>
      </trkpt>
      <trkpt lat="39.907689" lon="116.627301">
        <time>2022-05-25T12:24:50Z</time>
      </trkpt>
      <trkpt lat="39.907689" lon="116.627301">
        <time>2022-05-25T12:24:55Z</time>
      </trkpt>
      <trkpt lat="39.907689" lon="116.627301">
        <time>2022-05-25T12:25:00Z</time>
      </trkpt>
      <trkpt lat="39.907689" lon="116.627301">
        <time>2022-05-25T12:25:05Z</time>
      </trkpt>
      <trkpt lat="39.907689" lon="116.627301">
        <time>2022-05-25T12:25:10Z</time>
      </trkpt>
      <trkpt lat="39.907689" lon="116.627301">
        <time>2022-05-25T12:25:15Z</time>
      </trkpt>
      <trkpt lat="39.907689" lon="116.627301">
        <time>2022-05-25T12:25:20Z</time>
      </trkpt>
      <trkpt lat="39.907689" lon="116.627301">
        <time>2022-05-25T12:25:25Z</time>
      </trkpt>
      <trkpt lat="39.907689" lon="116.627301">
        <time>2022-05-25T12:25:30Z</time>
      </trkpt>
      <trkpt lat="39.907689" lon="116.627301">
        <time>2022-05-25T12:25:35Z</time>
      </trkpt>
      <trkpt lat="39.907689" lon="116.627301">
        <time>2022-05-25T12:25:40Z</time>
      </trkpt>
      <trkpt lat="39.907689" lon="116.627301">
        <time>2022-05-25T12:25:45Z</time>
      </trkpt>
      <trkpt lat="39.907689" lon="116.627301">
        <time>2022-05-25T12:25:50Z</time>
      </trkpt>
      <trkpt lat="39.907689" lon="116.627301">
        <time>2022-05-25T12:25:55Z</time>
      </trkpt>
      <trkpt lat="39.907689" lon="116.627301">
        <time>2022-05-25T12:26:00Z</time>
      </trkpt>
      <trkpt lat="39.907689" lon="116.627301">
        <time>2022-05-25T12:26:05Z</time>
      </trkpt>
      <trkpt lat="39.907689" lon="116.627301">
        <time>2022-05-25T12:26:10Z</time>
      </trkpt>
      <trkpt lat="39.907689" lon="116.627301">
        <time>2022-05-25T12:26:15Z</time>
      </trkpt>
      <trkpt lat="39.907689" lon="116.627301">
        <time>2022-05-25T12:26:20Z</time>
      </trkpt>
      <trkpt lat="39.907689" lon="116.627301">
        <time>2022-05-25T12:26:25Z</time>
      </trkpt>
      <trkpt lat="39.907689" lon="116.627301">
        <time>2022-05-25T12:26:30Z</time>
      </trkpt>
      <trkpt lat="39.907689" lon="116.627301">
        <time>2022-05-25T12:26:35Z</time>
      </trkpt>
      <trkpt lat="39.907689" lon="116.627301">
        <time>2022-05-25T12:26:40Z</time>
      </trkpt>
      <trkpt lat="39.907689" lon="116.627301">
        <time>2022-05-25T12:26:45Z</time>
      </trkpt>
      <trkpt lat="39.907689" lon="116.627301">
        <time>2022-05-25T12:26:50Z</time>
      </trkpt>
      <trkpt lat="39.907689" lon="116.627301">
        <time>2022-05-25T12:26:55Z</time>
      </trkpt>
      <trkpt lat="39.907689" lon="116.627301">
        <time>2022-05-25T12:27:00Z</time>
      </trkpt>
      <trkpt lat="39.907689" lon="116.627301">
        <time>2022-05-25T12:27:05Z</time>
      </trkpt>
      <trkpt lat="39.907689" lon="116.627301">
        <time>2022-05-25T12:27:10Z</time>
      </trkpt>
      <trkpt lat="39.907689" lon="116.627301">
        <time>2022-05-25T12:27:15Z</time>
      </trkpt>
      <trkpt lat="39.907689" lon="116.627301">
        <time>2022-05-25T12:27:20Z</time>
      </trkpt>
      <trkpt lat="39.907689" lon="116.627301">
        <time>2022-05-25T12:27:25Z</time>
      </trkpt>
      <trkpt lat="39.907689" lon="116.627301">
        <time>2022-05-25T12:27:30Z</time>
      </trkpt>
      <trkpt lat="39.907689" lon="116.627301">
        <time>2022-05-25T12:27:35Z</time>
      </trkpt>
      <trkpt lat="39.907689" lon="116.627301">
        <time>2022-05-25T12:27:40Z</time>
      </trkpt>
      <trkpt lat="39.907689" lon="116.627301">
        <time>2022-05-25T12:27:45Z</time>
      </trkpt>
      <trkpt lat="39.907689" lon="116.627301">
        <time>2022-05-25T12:27:50Z</time>
      </trkpt>
      <trkpt lat="39.907689" lon="116.627301">
        <time>2022-05-25T12:27:55Z</time>
      </trkpt>
      <trkpt lat="39.907689" lon="116.627301">
        <time>2022-05-25T12:28:00Z</time>
      </trkpt>
      <trkpt lat="39.907689" lon="116.627301">
        <time>2022-05-25T12:28:05Z</time>
      </trkpt>
      <trkpt lat="39.907689" lon="116.627301">
        <time>2022-05-25T12:28:10Z</time>
      </trkpt>
      <trkpt lat="39.907689" lon="116.627301">
        <time>2022-05-25T12:28:15Z</time>
      </trkpt>
      <trkpt lat="39.907689" lon="116.627301">
        <time>2022-05-25T12:28:20Z</time>
      </trkpt>
      <trkpt lat="39.907689" lon="116.627301">
        <time>2022-05-25T12:28:25Z</time>
      </trkpt>
      <trkpt lat="39.907689" lon="116.627301">
        <time>2022-05-25T12:28:30Z</time>
      </trkpt>
      <trkpt lat="39.907689" lon="116.627301">
        <time>2022-05-25T12:28:35Z</time>
      </trkpt>
      <trkpt lat="39.907689" lon="116.627301">
        <time>2022-05-25T12:28:40Z</time>
      </trkpt>
      <trkpt lat="39.907689" lon="116.627301">
        <time>2022-05-25T12:28:45Z</time>
      </trkpt>
      <trkpt lat="39.907689" lon="116.627301">
        <time>2022-05-25T12:28:50Z</time>
      </trkpt>
      <trkpt lat="39.907689" lon="116.627301">
        <time>2022-05-25T12:28:55Z</time>
      </trkpt>
      <trkpt lat="39.907689" lon="116.627301">
        <time>2022-05-25T12:29:00Z</time>
      </trkpt>
      <trkpt lat="39.907689" lon="116.627301">
        <time>2022-05-25T12:29:05Z</time>
      </trkpt>
      <trkpt lat="39.907689" lon="116.627301">
        <time>2022-05-25T12:29:10Z</time>
      </trkpt>
      <trkpt lat="39.907689" lon="116.627301">
        <time>2022-05-25T12:29:15Z</time>
      </trkpt>
      <trkpt lat="39.907689" lon="116.627301">
        <time>2022-05-25T12:29:20Z</time>
      </trkpt>
      <trkpt lat="39.907689" lon="116.627301">
        <time>2022-05-25T12:29:25Z</time>
      </trkpt>
      <trkpt lat="39.907689" lon="116.627301">
        <time>2022-05-25T12:29:30Z</time>
      </trkpt>
      <trkpt lat="39.907689" lon="116.627301">
        <time>2022-05-25T12:29:35Z</time>
      </trkpt>
      <trkpt lat="39.907689" lon="116.627301">
        <time>2022-05-25T12:29:40Z</time>
      </trkpt>
      <trkpt lat="39.907689" lon="116.627301">
        <time>2022-05-25T12:29:45Z</time>
      </trkpt>
      <trkpt lat="39.907689" lon="116.627301">
        <time>2022-05-25T12:29:50Z</time>
      </trkpt>
      <trkpt lat="39.907689" lon="116.627301">
        <time>2022-05-25T12:29:55Z</time>
      </trkpt>
      <trkpt lat="39.907689" lon="116.627301">
        <time>2022-05-25T12:30:00Z</time>
      </trkpt>
      <trkpt lat="39.907689" lon="116.627301">
        <time>2022-05-25T12:30:05Z</time>
      </trkpt>
      <trkpt lat="39.907689" lon="116.627301">
        <time>2022-05-25T12:30:10Z</time>
      </trkpt>
      <trkpt lat="39.907689" lon="116.627301">
        <time>2022-05-25T12:30:15Z</time>
      </trkpt>
      <trkpt lat="39.907689" lon="116.627301">
        <time>2022-05-25T12:30:20Z</time>
      </trkpt>
      <trkpt lat="39.907689" lon="116.627301">
        <time>2022-05-25T12:30:25Z</time>
      </trkpt>
      <trkpt lat="39.907689" lon="116.627301">
        <time>2022-05-25T12:30:30Z</time>
      </trkpt>
      <trkpt lat="39.907689" lon="116.627301">
        <time>2022-05-25T12:30:35Z</time>
      </trkpt>
      <trkpt lat="39.907689" lon="116.627301">
        <time>2022-05-25T12:30:40Z</time>
      </trkpt>
      <trkpt lat="39.907689" lon="116.627301">
        <time>2022-05-25T12:30:45Z</time>
      </trkpt>
      <trkpt lat="39.907689" lon="116.627301">
        <time>2022-05-25T12:30:50Z</time>
      </trkpt>
      <trkpt lat="39.907689" lon="116.627301">
        <time>2022-05-25T12:30:55Z</time>
      </trkpt>
      <trkpt lat="39.907689" lon="116.627301">
        <time>2022-05-25T12:31:00Z</time>
      </trkpt>
      <trkpt lat="39.907689" lon="116.627301">
        <time>2022-05-25T12:31:05Z</time>
      </trkpt>
      <trkpt lat="39.907689" lon="116.627301">
        <time>2022-05-25T12:31:10Z</time>
      </trkpt>
      <trkpt lat="39.907689" lon="116.627301">
        <time>2022-05-25T12:31:15Z</time>
      </trkpt>
      <trkpt lat="39.907689" lon="116.627301">
        <time>2022-05-25T12:31:20Z</time>
      </trkpt>
      <trkpt lat="39.907689" lon="116.627301">
        <time>2022-05-25T12:31:25Z</time>
      </trkpt>
      <trkpt lat="39.907689" lon="116.627301">
        <time>2022-05-25T12:31:30Z</time>
      </trkpt>
      <trkpt lat="39.907689" lon="116.627301">
        <time>2022-05-25T12:31:35Z</time>
      </trkpt>
      <trkpt lat="39.907689" lon="116.627301">
        <time>2022-05-25T12:31:40Z</time>
      </trkpt>
      <trkpt lat="39.907689" lon="116.627301">
        <time>2022-05-25T12:31:45Z</time>
      </trkpt>
      <trkpt lat="39.907689" lon="116.627301">
        <time>2022-05-25T12:31:50Z</time>
      </trkpt>
      <trkpt lat="39.907689" lon="116.627301">
        <time>2022-05-25T12:31:55Z</time>
      </trkpt>
      <trkpt lat="39.907689" lon="116.627301">
        <time>2022-05-25T12:32:00Z</time>
      </trkpt>
      <trkpt lat="39.907689" lon="116.627301">
        <time>2022-05-25T12:32:05Z</time>
      </trkpt>
      <trkpt lat="39.907689" lon="116.627301">
        <time>2022-05-25T12:32:10Z</time>
      </trkpt>
      <trkpt lat="39.907689" lon="116.627301">
        <time>2022-05-25T12:32:15Z</time>
      </trkpt>
      <trkpt lat="39.907689" lon="116.627301">
        <time>2022-05-25T12:32:20Z</time>
      </trkpt>
      <trkpt lat="39.907689" lon="116.627301">
        <time>2022-05-25T12:32:25Z</time>
      </trkpt>
      <trkpt lat="39.907689" lon="116.627301">
        <time>2022-05-25T12:32:30Z</time>
      </trkpt>
      <trkpt lat="39.907689" lon="116.627301">
        <time>2022-05-25T12:32:35Z</time>
      </trkpt>
      <trkpt lat="39.907689" lon="116.627301">
        <time>2022-05-25T12:32:40Z</time>
      </trkpt>
      <trkpt lat="39.907689" lon="116.627301">
        <time>2022-05-25T12:32:45Z</time>
      </trkpt>
      <trkpt lat="39.907689" lon="116.627301">
        <time>2022-05-25T12:32:50Z</time>
      </trkpt>
      <trkpt lat="39.907689" lon="116.627301">
        <time>2022-05-25T12:32:55Z</time>
      </trkpt>
      <trkpt lat="39.907689" lon="116.627301">
        <time>2022-05-25T12:33:00Z</time>
      </trkpt>
      <trkpt lat="39.907689" lon="116.627301">
        <time>2022-05-25T12:33:05Z</time>
      </trkpt>
      <trkpt lat="39.907689" lon="116.627301">
        <time>2022-05-25T12:33:10Z</time>
      </trkpt>
      <trkpt lat="39.907689" lon="116.627301">
        <time>2022-05-25T12:33:15Z</time>
      </trkpt>
      <trkpt lat="39.907689" lon="116.627301">
        <time>2022-05-25T12:33:20Z</time>
      </trkpt>
      <trkpt lat="39.907689" lon="116.627301">
        <time>2022-05-25T12:33:25Z</time>
      </trkpt>
      <trkpt lat="39.907689" lon="116.627301">
        <time>2022-05-25T12:33:30Z</time>
      </trkpt>
      <trkpt lat="39.907689" lon="116.627301">
        <time>2022-05-25T12:33:35Z</time>
      </trkpt>
      <trkpt lat="39.907689" lon="116.627301">
        <time>2022-05-25T12:33:40Z</time>
      </trkpt>
      <trkpt lat="39.907689" lon="116.627301">
        <time>2022-05-25T12:33:45Z</time>
      </trkpt>
      <trkpt lat="39.907689" lon="116.627301">
        <time>2022-05-25T12:33:50Z</time>
      </trkpt>
      <trkpt lat="39.907689" lon="116.627301">
        <time>2022-05-25T12:33:55Z</time>
      </trkpt>
      <trkpt lat="39.907689" lon="116.627301">
        <time>2022-05-25T12:34:00Z</time>
      </trkpt>
      <trkpt lat="39.907689" lon="116.627301">
        <time>2022-05-25T12:34:05Z</time>
      </trkpt>
      <trkpt lat="39.907689" lon="116.627301">
        <time>2022-05-25T12:34:10Z</time>
      </trkpt>
      <trkpt lat="39.907689" lon="116.627301">
        <time>2022-05-25T12:34:15Z</time>
      </trkpt>
      <trkpt lat="39.907689" lon="116.627301">
        <time>2022-05-25T12:34:20Z</time>
      </trkpt>
      <trkpt lat="39.907689" lon="116.627301">
        <time>2022-05-25T12:34:25Z</time>
      </trkpt>
      <trkpt lat="39.907689" lon="116.627301">
        <time>2022-05-25T12:34:30Z</time>
      </trkpt>
      <trkpt lat="39.907689" lon="116.627301">
        <time>2022-05-25T12:34:35Z</time>
      </trkpt>
      <trkpt lat="39.907689" lon="116.627301">
        <time>2022-05-25T12:34:40Z</time>
      </trkpt>
      <trkpt lat="39.907689" lon="116.627301">
        <time>2022-05-25T12:34:45Z</time>
      </trkpt>
      <trkpt lat="39.907689" lon="116.627301">
        <time>2022-05-25T12:34:50Z</time>
      </trkpt>
      <trkpt lat="39.907689" lon="116.627301">
        <time>2022-05-25T12:34:55Z</time>
      </trkpt>
      <trkpt lat="39.907689" lon="116.627301">
        <time>2022-05-25T12:35:00Z</time>
      </trkpt>
      <trkpt lat="39.907689" lon="116.627301">
        <time>2022-05-25T12:35:05Z</time>
      </trkpt>
      <trkpt lat="39.907689" lon="116.627301">
        <time>2022-05-25T12:35:10Z</time>
      </trkpt>
      <trkpt lat="39.907689" lon="116.627301">
        <time>2022-05-25T12:35:15Z</time>
      </trkpt>
      <trkpt lat="39.907689" lon="116.627301">
        <time>2022-05-25T12:35:20Z</time>
      </trkpt>
      <trkpt lat="39.907689" lon="116.627301">
        <time>2022-05-25T12:35:25Z</time>
      </trkpt>
      <trkpt lat="39.907689" lon="116.627301">
        <time>2022-05-25T12:35:30Z</time>
      </trkpt>
      <trkpt lat="39.907689" lon="116.627301">
        <time>2022-05-25T12:35:35Z</time>
      </trkpt>
      <trkpt lat="39.907689" lon="116.627301">
        <time>2022-05-25T12:35:40Z</time>
      </trkpt>
      <trkpt lat="39.907689" lon="116.627301">
        <time>2022-05-25T12:35:45Z</time>
      </trkpt>
      <trkpt lat="39.907689" lon="116.627301">
        <time>2022-05-25T12:35:50Z</time>
      </trkpt>
      <trkpt lat="39.907689" lon="116.627301">
        <time>2022-05-25T12:35:55Z</time>
      </trkpt>
      <trkpt lat="39.907689" lon="116.627301">
        <time>2022-05-25T12:36:00Z</time>
      </trkpt>
      <trkpt lat="39.907689" lon="116.627301">
        <time>2022-05-25T12:36:05Z</time>
      </trkpt>
      <trkpt lat="39.907689" lon="116.627301">
        <time>2022-05-25T12:36:10Z</time>
      </trkpt>
      <trkpt lat="39.907689" lon="116.627301">
        <time>2022-05-25T12:36:15Z</time>
      </trkpt>
      <trkpt lat="39.907689" lon="116.627301">
        <time>2022-05-25T12:36:20Z</time>
      </trkpt>
      <trkpt lat="39.907689" lon="116.627301">
        <time>2022-05-25T12:36:25Z</time>
      </trkpt>
      <trkpt lat="39.907689" lon="116.627301">
        <time>2022-05-25T12:36:30Z</time>
      </trkpt>
      <trkpt lat="39.907689" lon="116.627301">
        <time>2022-05-25T12:36:35Z</time>
      </trkpt>
      <trkpt lat="39.907689" lon="116.627301">
        <time>2022-05-25T12:36:40Z</time>
      </trkpt>
      <trkpt lat="39.907689" lon="116.627301">
        <time>2022-05-25T12:36:45Z</time>
      </trkpt>
      <trkpt lat="39.907689" lon="116.627301">
        <time>2022-05-25T12:36:50Z</time>
      </trkpt>
      <trkpt lat="39.907689" lon="116.627301">
        <time>2022-05-25T12:36:55Z</time>
      </trkpt>
      <trkpt lat="39.907689" lon="116.627301">
        <time>2022-05-25T12:37:00Z</time>
      </trkpt>
      <trkpt lat="39.907689" lon="116.627301">
        <time>2022-05-25T12:37:05Z</time>
      </trkpt>
      <trkpt lat="39.907689" lon="116.627301">
        <time>2022-05-25T12:37:10Z</time>
      </trkpt>
      <trkpt lat="39.907689" lon="116.627301">
        <time>2022-05-25T12:37:15Z</time>
      </trkpt>
      <trkpt lat="39.907689" lon="116.627301">
        <time>2022-05-25T12:37:20Z</time>
      </trkpt>
      <trkpt lat="39.907689" lon="116.627301">
        <time>2022-05-25T12:37:25Z</time>
      </trkpt>
      <trkpt lat="39.907689" lon="116.627301">
        <time>2022-05-25T12:37:30Z</time>
      </trkpt>
      <trkpt lat="39.907689" lon="116.627301">
        <time>2022-05-25T12:37:35Z</time>
      </trkpt>
      <trkpt lat="39.907689" lon="116.627301">
        <time>2022-05-25T12:37:40Z</time>
      </trkpt>
      <trkpt lat="39.907689" lon="116.627301">
        <time>2022-05-25T12:37:45Z</time>
      </trkpt>
      <trkpt lat="39.907689" lon="116.627301">
        <time>2022-05-25T12:37:50Z</time>
      </trkpt>
      <trkpt lat="39.907689" lon="116.627301">
        <time>2022-05-25T12:37:55Z</time>
      </trkpt>
      <trkpt lat="39.907689" lon="116.627301">
        <time>2022-05-25T12:38:00Z</time>
      </trkpt>
      <trkpt lat="39.907689" lon="116.627301">
        <time>2022-05-25T12:38:05Z</time>
      </trkpt>
      <trkpt lat="39.907689" lon="116.627301">
        <time>2022-05-25T12:38:10Z</time>
      </trkpt>
      <trkpt lat="39.907689" lon="116.627301">
        <time>2022-05-25T12:38:15Z</time>
      </trkpt>
      <trkpt lat="39.907689" lon="116.627301">
        <time>2022-05-25T12:38:20Z</time>
      </trkpt>
      <trkpt lat="39.907689" lon="116.627301">
        <time>2022-05-25T12:38:25Z</time>
      </trkpt>
      <trkpt lat="39.907689" lon="116.627301">
        <time>2022-05-25T12:38:30Z</time>
      </trkpt>
      <trkpt lat="39.907689" lon="116.627301">
        <time>2022-05-25T12:38:35Z</time>
      </trkpt>
      <trkpt lat="39.907689" lon="116.627301">
        <time>2022-05-25T12:38:40Z</time>
      </trkpt>
      <trkpt lat="39.907689" lon="116.627301">
        <time>2022-05-25T12:38:45Z</time>
      </trkpt>
      <trkpt lat="39.907689" lon="116.627301">
        <time>2022-05-25T12:38:50Z</time>
      </trkpt>
      <trkpt lat="39.907689" lon="116.627301">
        <time>2022-05-25T12:38:55Z</time>
      </trkpt>
      <trkpt lat="39.907689" lon="116.627301">
        <time>2022-05-25T12:39:00Z</time>
      </trkpt>
      <trkpt lat="39.907689" lon="116.627301">
        <time>2022-05-25T12:39:05Z</time>
      </trkpt>
      <trkpt lat="39.907689" lon="116.627301">
        <time>2022-05-25T12:39:10Z</time>
      </trkpt>
      <trkpt lat="39.907689" lon="116.627301">
        <time>2022-05-25T12:39:15Z</time>
      </trkpt>
      <trkpt lat="39.907689" lon="116.627301">
        <time>2022-05-25T12:39:20Z</time>
      </trkpt>
      <trkpt lat="39.907689" lon="116.627301">
        <time>2022-05-25T12:39:25Z</time>
      </trkpt>
      <trkpt lat="39.907689" lon="116.627301">
        <time>2022-05-25T12:39:30Z</time>
      </trkpt>
      <trkpt lat="39.907689" lon="116.627301">
        <time>2022-05-25T12:39:35Z</time>
      </trkpt>
      <trkpt lat="39.907689" lon="116.627301">
        <time>2022-05-25T12:39:40Z</time>
      </trkpt>
      <trkpt lat="39.907689" lon="116.627301">
        <time>2022-05-25T12:39:45Z</time>
      </trkpt>
      <trkpt lat="39.907689" lon="116.627301">
        <time>2022-05-25T12:39:50Z</time>
      </trkpt>
      <trkpt lat="39.907689" lon="116.627301">
        <time>2022-05-25T12:39:55Z</time>
      </trkpt>
      <trkpt lat="39.907689" lon="116.627301">
        <time>2022-05-25T12:40:00Z</time>
      </trkpt>
      <trkpt lat="39.907689" lon="116.627301">
        <time>2022-05-25T12:40:05Z</time>
      </trkpt>
      <trkpt lat="39.907689" lon="116.627301">
        <time>2022-05-25T12:40:10Z</time>
      </trkpt>
      <trkpt lat="39.907689" lon="116.627301">
        <time>2022-05-25T12:40:15Z</time>
      </trkpt>
      <trkpt lat="39.907689" lon="116.627301">
        <time>2022-05-25T12:40:20Z</time>
      </trkpt>
      <trkpt lat="39.907689" lon="116.627301">
        <time>2022-05-25T12:40:25Z</time>
      </trkpt>
      <trkpt lat="39.907689" lon="116.627301">
        <time>2022-05-25T12:40:30Z</time>
      </trkpt>
      <trkpt lat="39.907689" lon="116.627301">
        <time>2022-05-25T12:40:35Z</time>
      </trkpt>
      <trkpt lat="39.907689" lon="116.627301">
        <time>2022-05-25T12:40:40Z</time>
      </trkpt>
      <trkpt lat="39.907689" lon="116.627301">
        <time>2022-05-25T12:40:45Z</time>
      </trkpt>
      <trkpt lat="39.907689" lon="116.627301">
        <time>2022-05-25T12:40:50Z</time>
      </trkpt>
      <trkpt lat="39.907689" lon="116.627301">
        <time>2022-05-25T12:40:55Z</time>
      </trkpt>
      <trkpt lat="39.907689" lon="116.627301">
        <time>2022-05-25T12:41:00Z</time>
      </trkpt>
      <trkpt lat="39.907689" lon="116.627301">
        <time>2022-05-25T12:41:05Z</time>
      </trkpt>
      <trkpt lat="39.907689" lon="116.627301">
        <time>2022-05-25T12:41:10Z</time>
      </trkpt>
      <trkpt lat="39.907689" lon="116.627301">
        <time>2022-05-25T12:41:15Z</time>
      </trkpt>
      <trkpt lat="39.907689" lon="116.627301">
        <time>2022-05-25T12:41:20Z</time>
      </trkpt>
      <trkpt lat="39.907689" lon="116.627301">
        <time>2022-05-25T12:41:25Z</time>
      </trkpt>
      <trkpt lat="39.907689" lon="116.627301">
        <time>2022-05-25T12:41:30Z</time>
      </trkpt>
      <trkpt lat="39.907689" lon="116.627301">
        <time>2022-05-25T12:41:35Z</time>
      </trkpt>
      <trkpt lat="39.907689" lon="116.627301">
        <time>2022-05-25T12:41:40Z</time>
      </trkpt>
      <trkpt lat="39.907689" lon="116.627301">
        <time>2022-05-25T12:41:45Z</time>
      </trkpt>
      <trkpt lat="39.907689" lon="116.627301">
        <time>2022-05-25T12:41:50Z</time>
      </trkpt>
      <trkpt lat="39.907689" lon="116.627301">
        <time>2022-05-25T12:41:55Z</time>
      </trkpt>
      <trkpt lat="39.907689" lon="116.627301">
        <time>2022-05-25T12:42:00Z</time>
      </trkpt>
      <trkpt lat="39.907689" lon="116.627301">
        <time>2022-05-25T12:42:05Z</time>
      </trkpt>
      <trkpt lat="39.907689" lon="116.627301">
        <time>2022-05-25T12:42:10Z</time>
      </trkpt>
      <trkpt lat="39.907689" lon="116.627301">
        <time>2022-05-25T12:42:15Z</time>
      </trkpt>
      <trkpt lat="39.907689" lon="116.627301">
        <time>2022-05-25T12:42:20Z</time>
      </trkpt>
      <trkpt lat="39.907689" lon="116.627301">
        <time>2022-05-25T12:42:25Z</time>
      </trkpt>
      <trkpt lat="39.907689" lon="116.627301">
        <time>2022-05-25T12:42:30Z</time>
      </trkpt>
      <trkpt lat="39.907689" lon="116.627301">
        <time>2022-05-25T12:42:35Z</time>
      </trkpt>
      <trkpt lat="39.907689" lon="116.627301">
        <time>2022-05-25T12:42:40Z</time>
      </trkpt>
      <trkpt lat="39.907689" lon="116.627301">
        <time>2022-05-25T12:42:45Z</time>
      </trkpt>
      <trkpt lat="39.907689" lon="116.627301">
        <time>2022-05-25T12:42:50Z</time>
      </trkpt>
      <trkpt lat="39.907689" lon="116.627301">
        <time>2022-05-25T12:42:55Z</time>
      </trkpt>
      <trkpt lat="39.907689" lon="116.627301">
        <time>2022-05-25T12:43:00Z</time>
      </trkpt>
      <trkpt lat="39.907689" lon="116.627301">
        <time>2022-05-25T12:43:05Z</time>
      </trkpt>
      <trkpt lat="39.907689" lon="116.627301">
        <time>2022-05-25T12:43:10Z</time>
      </trkpt>
      <trkpt lat="39.907689" lon="116.627301">
        <time>2022-05-25T12:43:15Z</time>
      </trkpt>
      <trkpt lat="39.907689" lon="116.627301">
        <time>2022-05-25T12:43:20Z</time>
      </trkpt>
      <trkpt lat="39.907689" lon="116.627301">
        <time>2022-05-25T12:43:25Z</time>
      </trkpt>
      <trkpt lat="39.907689" lon="116.627301">
        <time>2022-05-25T12:43:30Z</time>
      </trkpt>
      <trkpt lat="39.907689" lon="116.627301">
        <time>2022-05-25T12:43:35Z</time>
      </trkpt>
      <trkpt lat="39.907689" lon="116.627301">
        <time>2022-05-25T12:43:40Z</time>
      </trkpt>
      <trkpt lat="39.907689" lon="116.627301">
        <time>2022-05-25T12:43:45Z</time>
      </trkpt>
      <trkpt lat="39.907689" lon="116.627301">
        <time>2022-05-25T12:43:50Z</time>
      </trkpt>
      <trkpt lat="39.907689" lon="116.627301">
        <time>2022-05-25T12:43:55Z</time>
      </trkpt>
      <trkpt lat="39.907689" lon="116.627301">
        <time>2022-05-25T12:44:00Z</time>
      </trkpt>
      <trkpt lat="39.907689" lon="116.627301">
        <time>2022-05-25T12:44:05Z</time>
      </trkpt>
      <trkpt lat="39.907689" lon="116.627301">
        <time>2022-05-25T12:44:10Z</time>
      </trkpt>
      <trkpt lat="39.907689" lon="116.627301">
        <time>2022-05-25T12:44:15Z</time>
      </trkpt>
      <trkpt lat="39.907689" lon="116.627301">
        <time>2022-05-25T12:44:20Z</time>
      </trkpt>
      <trkpt lat="39.907689" lon="116.627301">
        <time>2022-05-25T12:44:25Z</time>
      </trkpt>
      <trkpt lat="39.907689" lon="116.627301">
        <time>2022-05-25T12:44:30Z</time>
      </trkpt>
      <trkpt lat="39.907689" lon="116.627301">
        <time>2022-05-25T12:44:35Z</time>
      </trkpt>
      <trkpt lat="39.907689" lon="116.627301">
        <time>2022-05-25T12:44:40Z</time>
      </trkpt>
      <trkpt lat="39.907689" lon="116.627301">
        <time>2022-05-25T12:44:45Z</time>
      </trkpt>
      <trkpt lat="39.907689" lon="116.627301">
        <time>2022-05-25T12:44:50Z</time>
      </trkpt>
      <trkpt lat="39.907689" lon="116.627301">
        <time>2022-05-25T12:44:55Z</time>
      </trkpt>
      <trkpt lat="39.907689" lon="116.627301">
        <time>2022-05-25T12:45:00Z</time>
      </trkpt>
      <trkpt lat="39.907689" lon="116.627301">
        <time>2022-05-25T12:45:05Z</time>
      </trkpt>
      <trkpt lat="39.907689" lon="116.627301">
        <time>2022-05-25T12:45:10Z</time>
      </trkpt>
      <trkpt lat="39.907689" lon="116.627301">
        <time>2022-05-25T12:45:15Z</time>
      </trkpt>
      <trkpt lat="39.907689" lon="116.627301">
        <time>2022-05-25T12:45:20Z</time>
      </trkpt>
      <trkpt lat="39.907689" lon="116.627301">
        <time>2022-05-25T12:45:25Z</time>
      </trkpt>
      <trkpt lat="39.907689" lon="116.627301">
        <time>2022-05-25T12:45:30Z</time>
      </trkpt>
      <trkpt lat="39.907689" lon="116.627301">
        <time>2022-05-25T12:45:35Z</time>
      </trkpt>
      <trkpt lat="39.907689" lon="116.627301">
        <time>2022-05-25T12:45:40Z</time>
      </trkpt>
      <trkpt lat="39.907689" lon="116.627301">
        <time>2022-05-25T12:45:45Z</time>
      </trkpt>
      <trkpt lat="39.907689" lon="116.627301">
        <time>2022-05-25T12:45:50Z</time>
      </trkpt>
      <trkpt lat="39.907689" lon="116.627301">
        <time>2022-05-25T12:45:55Z</time>
      </trkpt>
      <trkpt lat="39.907689" lon="116.627301">
        <time>2022-05-25T12:46:00Z</time>
      </trkpt>
      <trkpt lat="39.907689" lon="116.627301">
        <time>2022-05-25T12:46:05Z</time>
      </trkpt>
      <trkpt lat="39.907689" lon="116.627301">
        <time>2022-05-25T12:46:10Z</time>
      </trkpt>
      <trkpt lat="39.907689" lon="116.627301">
        <time>2022-05-25T12:46:15Z</time>
      </trkpt>
      <trkpt lat="39.907689" lon="116.627301">
        <time>2022-05-25T12:46:20Z</time>
      </trkpt>
      <trkpt lat="39.907689" lon="116.627301">
        <time>2022-05-25T12:46:25Z</time>
      </trkpt>
      <trkpt lat="39.907689" lon="116.627301">
        <time>2022-05-25T12:46:30Z</time>
      </trkpt>
      <trkpt lat="39.907689" lon="116.627301">
        <time>2022-05-25T12:46:35Z</time>
      </trkpt>
      <trkpt lat="39.907689" lon="116.627301">
        <time>2022-05-25T12:46:40Z</time>
      </trkpt>
      <trkpt lat="39.907689" lon="116.627301">
        <time>2022-05-25T12:46:45Z</time>
      </trkpt>
      <trkpt lat="39.907689" lon="116.627301">
        <time>2022-05-25T12:46:50Z</time>
      </trkpt>
      <trkpt lat="39.907689" lon="116.627301">
        <time>2022-05-25T12:46:55Z</time>
      </trkpt>
      <trkpt lat="39.907689" lon="116.627301">
        <time>2022-05-25T12:47:00Z</time>
      </trkpt>
      <trkpt lat="39.907689" lon="116.627301">
        <time>2022-05-25T12:47:05Z</time>
      </trkpt>
      <trkpt lat="39.907689" lon="116.627301">
        <time>2022-05-25T12:47:10Z</time>
      </trkpt>
      <trkpt lat="39.907689" lon="116.627301">
        <time>2022-05-25T12:47:15Z</time>
      </trkpt>
      <trkpt lat="39.907689" lon="116.627301">
        <time>2022-05-25T12:47:20Z</time>
      </trkpt>
      <trkpt lat="39.907689" lon="116.627301">
        <time>2022-05-25T12:47:25Z</time>
      </trkpt>
      <trkpt lat="39.907689" lon="116.627301">
        <time>2022-05-25T12:47:30Z</time>
      </trkpt>
      <trkpt lat="39.907689" lon="116.627301">
        <time>2022-05-25T12:47:35Z</time>
      </trkpt>
      <trkpt lat="39.907689" lon="116.627301">
        <time>2022-05-25T12:47:40Z</time>
      </trkpt>
      <trkpt lat="39.907689" lon="116.627301">
        <time>2022-05-25T12:47:45Z</time>
      </trkpt>
      <trkpt lat="39.907689" lon="116.627301">
        <time>2022-05-25T12:47:50Z</time>
      </trkpt>
      <trkpt lat="39.907689" lon="116.627301">
        <time>2022-05-25T12:47:55Z</time>
      </trkpt>
      <trkpt lat="39.907689" lon="116.627301">
        <time>2022-05-25T12:48:00Z</time>
      </trkpt>
      <trkpt lat="39.907689" lon="116.627301">
        <time>2022-05-25T12:48:05Z</time>
      </trkpt>
      <trkpt lat="39.907689" lon="116.627301">
        <time>2022-05-25T12:48:10Z</time>
      </trkpt>
      <trkpt lat="39.907689" lon="116.627301">
        <time>2022-05-25T12:48:15Z</time>
      </trkpt>
      <trkpt lat="39.907689" lon="116.627301">
        <time>2022-05-25T12:48:20Z</time>
      </trkpt>
      <trkpt lat="39.907689" lon="116.627301">
        <time>2022-05-25T12:48:25Z</time>
      </trkpt>
      <trkpt lat="39.907689" lon="116.627301">
        <time>2022-05-25T12:48:30Z</time>
      </trkpt>
      <trkpt lat="39.907689" lon="116.627301">
        <time>2022-05-25T12:48:35Z</time>
      </trkpt>
      <trkpt lat="39.907689" lon="116.627301">
        <time>2022-05-25T12:48:40Z</time>
      </trkpt>
      <trkpt lat="39.907689" lon="116.627301">
        <time>2022-05-25T12:48:45Z</time>
      </trkpt>
      <trkpt lat="39.907689" lon="116.627301">
        <time>2022-05-25T12:48:50Z</time>
      </trkpt>
      <trkpt lat="39.907689" lon="116.627301">
        <time>2022-05-25T12:48:55Z</time>
      </trkpt>
      <trkpt lat="39.907689" lon="116.627301">
        <time>2022-05-25T12:49:00Z</time>
      </trkpt>
      <trkpt lat="39.907689" lon="116.627301">
        <time>2022-05-25T12:49:05Z</time>
      </trkpt>
      <trkpt lat="39.907689" lon="116.627301">
        <time>2022-05-25T12:49:10Z</time>
      </trkpt>
      <trkpt lat="39.907689" lon="116.627301">
        <time>2022-05-25T12:49:15Z</time>
      </trkpt>
      <trkpt lat="39.907689" lon="116.627301">
        <time>2022-05-25T12:49:20Z</time>
      </trkpt>
      <trkpt lat="39.907689" lon="116.627301">
        <time>2022-05-25T12:49:25Z</time>
      </trkpt>
      <trkpt lat="39.907689" lon="116.627301">
        <time>2022-05-25T12:49:30Z</time>
      </trkpt>
      <trkpt lat="39.907689" lon="116.627301">
        <time>2022-05-25T12:49:35Z</time>
      </trkpt>
      <trkpt lat="39.907689" lon="116.627301">
        <time>2022-05-25T12:49:40Z</time>
      </trkpt>
      <trkpt lat="39.907689" lon="116.627301">
        <time>2022-05-25T12:49:45Z</time>
      </trkpt>
      <trkpt lat="39.907689" lon="116.627301">
        <time>2022-05-25T12:49:50Z</time>
      </trkpt>
      <trkpt lat="39.907689" lon="116.627301">
        <time>2022-05-25T12:49:55Z</time>
      </trkpt>
      <trkpt lat="39.907689" lon="116.627301">
        <time>2022-05-25T12:50:00Z</time>
      </trkpt>
      <trkpt lat="39.907689" lon="116.627301">
        <time>2022-05-25T12:50:05Z</time>
      </trkpt>
      <trkpt lat="39.907689" lon="116.627301">
        <time>2022-05-25T12:50:10Z</time>
      </trkpt>
      <trkpt lat="39.907689" lon="116.627301">
        <time>2022-05-25T12:50:15Z</time>
      </trkpt>
      <trkpt lat="39.907689" lon="116.627301">
        <time>2022-05-25T12:50:20Z</time>
      </trkpt>
      <trkpt lat="39.907689" lon="116.627301">
        <time>2022-05-25T12:50:25Z</time>
      </trkpt>
      <trkpt lat="39.907689" lon="116.627301">
        <time>2022-05-25T12:50:30Z</time>
      </trkpt>
      <trkpt lat="39.907689" lon="116.627301">
        <time>2022-05-25T12:50:35Z</time>
      </trkpt>
      <trkpt lat="39.907689" lon="116.627301">
        <time>2022-05-25T12:50:40Z</time>
      </trkpt>
      <trkpt lat="39.907689" lon="116.627301">
        <time>2022-05-25T12:50:45Z</time>
      </trkpt>
      <trkpt lat="39.907689" lon="116.627301">
        <time>2022-05-25T12:50:50Z</time>
      </trkpt>
      <trkpt lat="39.907689" lon="116.627301">
        <time>2022-05-25T12:50:55Z</time>
      </trkpt>
      <trkpt lat="39.907689" lon="116.627301">
        <time>2022-05-25T12:51:00Z</time>
      </trkpt>
      <trkpt lat="39.907689" lon="116.627301">
        <time>2022-05-25T12:51:05Z</time>
      </trkpt>
      <trkpt lat="39.907689" lon="116.627301">
        <time>2022-05-25T12:51:10Z</time>
      </trkpt>
      <trkpt lat="39.907689" lon="116.627301">
        <time>2022-05-25T12:51:15Z</time>
      </trkpt>
      <trkpt lat="39.907689" lon="116.627301">
        <time>2022-05-25T12:51:20Z</time>
      </trkpt>
      <trkpt lat="39.907689" lon="116.627301">
        <time>2022-05-25T12:51:25Z</time>
      </trkpt>
      <trkpt lat="39.907689" lon="116.627301">
        <time>2022-05-25T12:51:30Z</time>
      </trkpt>
      <trkpt lat="39.907689" lon="116.627301">
        <time>2022-05-25T12:51:35Z</time>
      </trkpt>
      <trkpt lat="39.907689" lon="116.627301">
        <time>2022-05-25T12:51:40Z</time>
      </trkpt>
      <trkpt lat="39.907689" lon="116.627301">
        <time>2022-05-25T12:51:45Z</time>
      </trkpt>
      <trkpt lat="39.907689" lon="116.627301">
        <time>2022-05-25T12:51:50Z</time>
      </trkpt>
      <trkpt lat="39.907689" lon="116.627301">
        <time>2022-05-25T12:51:55Z</time>
      </trkpt>
      <trkpt lat="39.907689" lon="116.627301">
        <time>2022-05-25T12:52:00Z</time>
      </trkpt>
      <trkpt lat="39.907689" lon="116.627301">
        <time>2022-05-25T12:52:05Z</time>
      </trkpt>
      <trkpt lat="39.907689" lon="116.627301">
        <time>2022-05-25T12:52:10Z</time>
      </trkpt>
      <trkpt lat="39.907689" lon="116.627301">
        <time>2022-05-25T12:52:15Z</time>
      </trkpt>
      <trkpt lat="39.907689" lon="116.627301">
        <time>2022-05-25T12:52:20Z</time>
      </trkpt>
      <trkpt lat="39.907689" lon="116.627301">
        <time>2022-05-25T12:52:25Z</time>
      </trkpt>
      <trkpt lat="39.907689" lon="116.627301">
        <time>2022-05-25T12:52:30Z</time>
      </trkpt>
      <trkpt lat="39.907689" lon="116.627301">
        <time>2022-05-25T12:52:35Z</time>
      </trkpt>
      <trkpt lat="39.907689" lon="116.627301">
        <time>2022-05-25T12:52:40Z</time>
      </trkpt>
      <trkpt lat="39.907689" lon="116.627301">
        <time>2022-05-25T12:52:45Z</time>
      </trkpt>
      <trkpt lat="39.907689" lon="116.627301">
        <time>2022-05-25T12:52:50Z</time>
      </trkpt>
      <trkpt lat="39.907689" lon="116.627301">
        <time>2022-05-25T12:52:55Z</time>
      </trkpt>
      <trkpt lat="39.907689" lon="116.627301">
        <time>2022-05-25T12:53:00Z</time>
      </trkpt>
      <trkpt lat="39.907689" lon="116.627301">
        <time>2022-05-25T12:53:05Z</time>
      </trkpt>
      <trkpt lat="39.907689" lon="116.627301">
        <time>2022-05-25T12:53:10Z</time>
      </trkpt>
      <trkpt lat="39.907689" lon="116.627301">
        <time>2022-05-25T12:53:15Z</time>
      </trkpt>
      <trkpt lat="39.907689" lon="116.627301">
        <time>2022-05-25T12:53:20Z</time>
      </trkpt>
      <trkpt lat="39.907689" lon="116.627301">
        <time>2022-05-25T12:53:25Z</time>
      </trkpt>
      <trkpt lat="39.907689" lon="116.627301">
        <time>2022-05-25T12:53:30Z</time>
      </trkpt>
      <trkpt lat="39.907689" lon="116.627301">
        <time>2022-05-25T12:53:35Z</time>
      </trkpt>
      <trkpt lat="39.907689" lon="116.627301">
        <time>2022-05-25T12:53:40Z</time>
      </trkpt>
      <trkpt lat="39.907689" lon="116.627301">
        <time>2022-05-25T12:53:45Z</time>
      </trkpt>
      <trkpt lat="39.907689" lon="116.627301">
        <time>2022-05-25T12:53:50Z</time>
      </trkpt>
      <trkpt lat="39.907689" lon="116.627301">
        <time>2022-05-25T12:53:55Z</time>
      </trkpt>
      <trkpt lat="39.907689" lon="116.627301">
        <time>2022-05-25T12:54:00Z</time>
      </trkpt>
      <trkpt lat="39.907689" lon="116.627301">
        <time>2022-05-25T12:54:05Z</time>
      </trkpt>
      <trkpt lat="39.907689" lon="116.627301">
        <time>2022-05-25T12:54:10Z</time>
      </trkpt>
      <trkpt lat="39.907689" lon="116.627301">
        <time>2022-05-25T12:54:15Z</time>
      </trkpt>
      <trkpt lat="39.907689" lon="116.627301">
        <time>2022-05-25T12:54:20Z</time>
      </trkpt>
      <trkpt lat="39.907689" lon="116.627301">
        <time>2022-05-25T12:54:25Z</time>
      </trkpt>
      <trkpt lat="39.907689" lon="116.627301">
        <time>2022-05-25T12:54:30Z</time>
      </trkpt>
      <trkpt lat="39.907689" lon="116.627301">
        <time>2022-05-25T12:54:35Z</time>
      </trkpt>
      <trkpt lat="39.907689" lon="116.627301">
        <time>2022-05-25T12:54:40Z</time>
      </trkpt>
      <trkpt lat="39.907689" lon="116.627301">
        <time>2022-05-25T12:54:45Z</time>
      </trkpt>
      <trkpt lat="39.907689" lon="116.627301">
        <time>2022-05-25T12:54:50Z</time>
      </trkpt>
      <trkpt lat="39.907689" lon="116.627301">
        <time>2022-05-25T12:54:55Z</time>
      </trkpt>
      <trkpt lat="39.907689" lon="116.627301">
        <time>2022-05-25T12:55:00Z</time>
      </trkpt>
      <trkpt lat="39.907689" lon="116.627301">
        <time>2022-05-25T12:55:05Z</time>
      </trkpt>
      <trkpt lat="39.907689" lon="116.627301">
        <time>2022-05-25T12:55:10Z</time>
      </trkpt>
      <trkpt lat="39.907689" lon="116.627301">
        <time>2022-05-25T12:55:15Z</time>
      </trkpt>
      <trkpt lat="39.907689" lon="116.627301">
        <time>2022-05-25T12:55:20Z</time>
      </trkpt>
      <trkpt lat="39.907689" lon="116.627301">
        <time>2022-05-25T12:55:25Z</time>
      </trkpt>
      <trkpt lat="39.907689" lon="116.627301">
        <time>2022-05-25T12:55:30Z</time>
      </trkpt>
      <trkpt lat="39.907689" lon="116.627301">
        <time>2022-05-25T12:55:35Z</time>
      </trkpt>
      <trkpt lat="39.907689" lon="116.627301">
        <time>2022-05-25T12:55:40Z</time>
      </trkpt>
      <trkpt lat="39.907689" lon="116.627301">
        <time>2022-05-25T12:55:45Z</time>
      </trkpt>
      <trkpt lat="39.907689" lon="116.627301">
        <time>2022-05-25T12:55:50Z</time>
      </trkpt>
      <trkpt lat="39.907689" lon="116.627301">
        <time>2022-05-25T12:55:55Z</time>
      </trkpt>
      <trkpt lat="39.907689" lon="116.627301">
        <time>2022-05-25T12:56:00Z</time>
      </trkpt>
      <trkpt lat="39.907689" lon="116.627301">
        <time>2022-05-25T12:56:05Z</time>
      </trkpt>
      <trkpt lat="39.907689" lon="116.627301">
        <time>2022-05-25T12:56:10Z</time>
      </trkpt>
      <trkpt lat="39.907689" lon="116.627301">
        <time>2022-05-25T12:56:15Z</time>
      </trkpt>
      <trkpt lat="39.907689" lon="116.627301">
        <time>2022-05-25T12:56:20Z</time>
      </trkpt>
      <trkpt lat="39.907689" lon="116.627301">
        <time>2022-05-25T12:56:25Z</time>
      </trkpt>
      <trkpt lat="39.907689" lon="116.627301">
        <time>2022-05-25T12:56:30Z</time>
      </trkpt>
      <trkpt lat="39.907689" lon="116.627301">
        <time>2022-05-25T12:56:35Z</time>
      </trkpt>
      <trkpt lat="39.907689" lon="116.627301">
        <time>2022-05-25T12:56:40Z</time>
      </trkpt>
      <trkpt lat="39.907689" lon="116.627301">
        <time>2022-05-25T12:56:45Z</time>
      </trkpt>
      <trkpt lat="39.907689" lon="116.627301">
        <time>2022-05-25T12:56:50Z</time>
      </trkpt>
      <trkpt lat="39.907689" lon="116.627301">
        <time>2022-05-25T12:56:55Z</time>
      </trkpt>
      <trkpt lat="39.907689" lon="116.627301">
        <time>2022-05-25T12:57:00Z</time>
      </trkpt>
      <trkpt lat="39.907689" lon="116.627301">
        <time>2022-05-25T12:57:05Z</time>
      </trkpt>
      <trkpt lat="39.907689" lon="116.627301">
        <time>2022-05-25T12:57:10Z</time>
      </trkpt>
      <trkpt lat="39.907689" lon="116.627301">
        <time>2022-05-25T12:57:15Z</time>
      </trkpt>
      <trkpt lat="39.907689" lon="116.627301">
        <time>2022-05-25T12:57:20Z</time>
      </trkpt>
      <trkpt lat="39.907689" lon="116.627301">
        <time>2022-05-25T12:57:25Z</time>
      </trkpt>
      <trkpt lat="39.907689" lon="116.627301">
        <time>2022-05-25T12:57:30Z</time>
      </trkpt>
      <trkpt lat="39.907689" lon="116.627301">
        <time>2022-05-25T12:57:35Z</time>
      </trkpt>
      <trkpt lat="39.907689" lon="116.627301">
        <time>2022-05-25T12:57:40Z</time>
      </trkpt>
      <trkpt lat="39.907689" lon="116.627301">
        <time>2022-05-25T12:57:45Z</time>
      </trkpt>
      <trkpt lat="39.907689" lon="116.627301">
        <time>2022-05-25T12:57:50Z</time>
      </trkpt>
      <trkpt lat="39.907689" lon="116.627301">
        <time>2022-05-25T12:57:55Z</time>
      </trkpt>
      <trkpt lat="39.907689" lon="116.627301">
        <time>2022-05-25T12:58:00Z</time>
      </trkpt>
      <trkpt lat="39.907689" lon="116.627301">
        <time>2022-05-25T12:58:05Z</time>
      </trkpt>
      <trkpt lat="39.907689" lon="116.627301">
        <time>2022-05-25T12:58:10Z</time>
      </trkpt>
      <trkpt lat="39.907689" lon="116.627301">
        <time>2022-05-25T12:58:15Z</time>
      </trkpt>
      <trkpt lat="39.907689" lon="116.627301">
        <time>2022-05-25T12:58:20Z</time>
      </trkpt>
      <trkpt lat="39.907689" lon="116.627301">
        <time>2022-05-25T12:58:25Z</time>
      </trkpt>
      <trkpt lat="39.907689" lon="116.627301">
        <time>2022-05-25T12:58:30Z</time>
      </trkpt>
      <trkpt lat="39.907689" lon="116.627301">
        <time>2022-05-25T12:58:35Z</time>
      </trkpt>
      <trkpt lat="39.907689" lon="116.627301">
        <time>2022-05-25T12:58:40Z</time>
      </trkpt>
      <trkpt lat="39.907689" lon="116.627301">
        <time>2022-05-25T12:58:45Z</time>
      </trkpt>
      <trkpt lat="39.907689" lon="116.627301">
        <time>2022-05-25T12:58:50Z</time>
      </trkpt>
      <trkpt lat="39.907689" lon="116.627301">
        <time>2022-05-25T12:58:55Z</time>
      </trkpt>
      <trkpt lat="39.907689" lon="116.627301">
        <time>2022-05-25T12:59:00Z</time>
      </trkpt>
      <trkpt lat="39.907689" lon="116.627301">
        <time>2022-05-25T12:59:05Z</time>
      </trkpt>
      <trkpt lat="39.907689" lon="116.627301">
        <time>2022-05-25T12:59:10Z</time>
      </trkpt>
      <trkpt lat="39.907689" lon="116.627301">
        <time>2022-05-25T12:59:15Z</time>
      </trkpt>
      <trkpt lat="39.907689" lon="116.627301">
        <time>2022-05-25T12:59:20Z</time>
      </trkpt>
      <trkpt lat="39.907689" lon="116.627301">
        <time>2022-05-25T12:59:25Z</time>
      </trkpt>
      <trkpt lat="39.907689" lon="116.627301">
        <time>2022-05-25T12:59:30Z</time>
      </trkpt>
      <trkpt lat="39.907689" lon="116.627301">
        <time>2022-05-25T12:59:35Z</time>
      </trkpt>
      <trkpt lat="39.907689" lon="116.627301">
        <time>2022-05-25T12:59:40Z</time>
      </trkpt>
      <trkpt lat="39.907689" lon="116.627301">
        <time>2022-05-25T12:59:45Z</time>
      </trkpt>
      <trkpt lat="39.907689" lon="116.627301">
        <time>2022-05-25T12:59:50Z</time>
      </trkpt>
      <trkpt lat="39.907689" lon="116.627301">
        <time>2022-05-25T12:59:55Z</time>
      </trkpt>
      <trkpt lat="39.907689" lon="116.627301">
        <time>2022-05-25T13:00:00Z</time>
      </trkpt>
      <trkpt lat="39.907689" lon="116.627301">
        <time>2022-05-25T13:00:05Z</time>
      </trkpt>
      <trkpt lat="39.907689" lon="116.627301">
        <time>2022-05-25T13:00:10Z</time>
      </trkpt>
      <trkpt lat="39.907689" lon="116.627301">
        <time>2022-05-25T13:00:15Z</time>
      </trkpt>
      <trkpt lat="39.907689" lon="116.627301">
        <time>2022-05-25T13:00:20Z</time>
      </trkpt>
      <trkpt lat="39.907689" lon="116.627301">
        <time>2022-05-25T13:00:25Z</time>
      </trkpt>
      <trkpt lat="39.907689" lon="116.627301">
        <time>2022-05-25T13:00:30Z</time>
      </trkpt>
      <trkpt lat="39.907689" lon="116.627301">
        <time>2022-05-25T13:00:35Z</time>
      </trkpt>
      <trkpt lat="39.907689" lon="116.627301">
        <time>2022-05-25T13:00:40Z</time>
      </trkpt>
      <trkpt lat="39.907689" lon="116.627301">
        <time>2022-05-25T13:00:45Z</time>
      </trkpt>
      <trkpt lat="39.907689" lon="116.627301">
        <time>2022-05-25T13:00:50Z</time>
      </trkpt>
      <trkpt lat="39.907689" lon="116.627301">
        <time>2022-05-25T13:00:55Z</time>
      </trkpt>
      <trkpt lat="39.907689" lon="116.627301">
        <time>2022-05-25T13:01:00Z</time>
      </trkpt>
      <trkpt lat="39.907689" lon="116.627301">
        <time>2022-05-25T13:01:05Z</time>
      </trkpt>
      <trkpt lat="39.907689" lon="116.627301">
        <time>2022-05-25T13:01:10Z</time>
      </trkpt>
      <trkpt lat="39.907689" lon="116.627301">
        <time>2022-05-25T13:01:15Z</time>
      </trkpt>
      <trkpt lat="39.907689" lon="116.627301">
        <time>2022-05-25T13:01:20Z</time>
      </trkpt>
      <trkpt lat="39.907689" lon="116.627301">
        <time>2022-05-25T13:01:25Z</time>
      </trkpt>
      <trkpt lat="39.907689" lon="116.627301">
        <time>2022-05-25T13:01:30Z</time>
      </trkpt>
      <trkpt lat="39.907689" lon="116.627301">
        <time>2022-05-25T13:01:35Z</time>
      </trkpt>
      <trkpt lat="39.907689" lon="116.627301">
        <time>2022-05-25T13:01:40Z</time>
      </trkpt>
      <trkpt lat="39.907689" lon="116.627301">
        <time>2022-05-25T13:01:45Z</time>
      </trkpt>
      <trkpt lat="39.907689" lon="116.627301">
        <time>2022-05-25T13:01:50Z</time>
      </trkpt>
      <trkpt lat="39.907689" lon="116.627301">
        <time>2022-05-25T13:01:55Z</time>
      </trkpt>
      <trkpt lat="39.907689" lon="116.627301">
        <time>2022-05-25T13:02:00Z</time>
      </trkpt>
      <trkpt lat="39.907689" lon="116.627301">
        <time>2022-05-25T13:02:05Z</time>
      </trkpt>
      <trkpt lat="39.907689" lon="116.627301">
        <time>2022-05-25T13:02:10Z</time>
      </trkpt>
      <trkpt lat="39.907689" lon="116.627301">
        <time>2022-05-25T13:02:15Z</time>
      </trkpt>
      <trkpt lat="39.907689" lon="116.627301">
        <time>2022-05-25T13:02:20Z</time>
      </trkpt>
      <trkpt lat="39.907689" lon="116.627301">
        <time>2022-05-25T13:02:25Z</time>
      </trkpt>
      <trkpt lat="39.907689" lon="116.627301">
        <time>2022-05-25T13:02:30Z</time>
      </trkpt>
      <trkpt lat="39.907689" lon="116.627301">
        <time>2022-05-25T13:02:35Z</time>
      </trkpt>
      <trkpt lat="39.907689" lon="116.627301">
        <time>2022-05-25T13:02:40Z</time>
      </trkpt>
      <trkpt lat="39.907689" lon="116.627301">
        <time>2022-05-25T13:02:45Z</time>
      </trkpt>
      <trkpt lat="39.907689" lon="116.627301">
        <time>2022-05-25T13:02:50Z</time>
      </trkpt>
      <trkpt lat="39.907689" lon="116.627301">
        <time>2022-05-25T13:02:55Z</time>
      </trkpt>
      <trkpt lat="39.907689" lon="116.627301">
        <time>2022-05-25T13:03:00Z</time>
      </trkpt>
      <trkpt lat="39.907689" lon="116.627301">
        <time>2022-05-25T13:03:05Z</time>
      </trkpt>
      <trkpt lat="39.907689" lon="116.627301">
        <time>2022-05-25T13:03:10Z</time>
      </trkpt>
      <trkpt lat="39.907689" lon="116.627301">
        <time>2022-05-25T13:03:15Z</time>
      </trkpt>
      <trkpt lat="39.907689" lon="116.627301">
        <time>2022-05-25T13:03:20Z</time>
      </trkpt>
      <trkpt lat="39.907689" lon="116.627301">
        <time>2022-05-25T13:03:25Z</time>
      </trkpt>
      <trkpt lat="39.907689" lon="116.627301">
        <time>2022-05-25T13:03:30Z</time>
      </trkpt>
      <trkpt lat="39.907689" lon="116.627301">
        <time>2022-05-25T13:03:35Z</time>
      </trkpt>
      <trkpt lat="39.907689" lon="116.627301">
        <time>2022-05-25T13:03:40Z</time>
      </trkpt>
      <trkpt lat="39.907689" lon="116.627301">
        <time>2022-05-25T13:03:45Z</time>
      </trkpt>
      <trkpt lat="39.907689" lon="116.627301">
        <time>2022-05-25T13:03:50Z</time>
      </trkpt>
      <trkpt lat="39.907689" lon="116.627301">
        <time>2022-05-25T13:03:55Z</time>
      </trkpt>
      <trkpt lat="39.907689" lon="116.627301">
        <time>2022-05-25T13:04:00Z</time>
      </trkpt>
      <trkpt lat="39.907689" lon="116.627301">
        <time>2022-05-25T13:04:05Z</time>
      </trkpt>
      <trkpt lat="39.907689" lon="116.627301">
        <time>2022-05-25T13:04:10Z</time>
      </trkpt>
      <trkpt lat="39.907689" lon="116.627301">
        <time>2022-05-25T13:04:15Z</time>
      </trkpt>
      <trkpt lat="39.907689" lon="116.627301">
        <time>2022-05-25T13:04:20Z</time>
      </trkpt>
      <trkpt lat="39.907689" lon="116.627301">
        <time>2022-05-25T13:04:25Z</time>
      </trkpt>
      <trkpt lat="39.907689" lon="116.627301">
        <time>2022-05-25T13:04:30Z</time>
      </trkpt>
      <trkpt lat="39.907689" lon="116.627301">
        <time>2022-05-25T13:04:35Z</time>
      </trkpt>
      <trkpt lat="39.907689" lon="116.627301">
        <time>2022-05-25T13:04:40Z</time>
      </trkpt>
      <trkpt lat="39.907689" lon="116.627301">
        <time>2022-05-25T13:04:45Z</time>
      </trkpt>
      <trkpt lat="39.907689" lon="116.627301">
        <time>2022-05-25T13:04:50Z</time>
      </trkpt>
      <trkpt lat="39.907689" lon="116.627301">
        <time>2022-05-25T13:04:55Z</time>
      </trkpt>
      <trkpt lat="39.907689" lon="116.627301">
        <time>2022-05-25T13:05:00Z</time>
      </trkpt>
      <trkpt lat="39.907689" lon="116.627301">
        <time>2022-05-25T13:05:05Z</time>
      </trkpt>
      <trkpt lat="39.907689" lon="116.627301">
        <time>2022-05-25T13:05:10Z</time>
      </trkpt>
      <trkpt lat="39.907689" lon="116.627301">
        <time>2022-05-25T13:05:15Z</time>
      </trkpt>
      <trkpt lat="39.907689" lon="116.627301">
        <time>2022-05-25T13:05:20Z</time>
      </trkpt>
      <trkpt lat="39.907689" lon="116.627301">
        <time>2022-05-25T13:05:25Z</time>
      </trkpt>
      <trkpt lat="39.907689" lon="116.627301">
        <time>2022-05-25T13:05:30Z</time>
      </trkpt>
      <trkpt lat="39.907689" lon="116.627301">
        <time>2022-05-25T13:05:35Z</time>
      </trkpt>
      <trkpt lat="39.907689" lon="116.627301">
        <time>2022-05-25T13:05:40Z</time>
      </trkpt>
      <trkpt lat="39.907689" lon="116.627301">
        <time>2022-05-25T13:05:45Z</time>
      </trkpt>
      <trkpt lat="39.907689" lon="116.627301">
        <time>2022-05-25T13:05:50Z</time>
      </trkpt>
      <trkpt lat="39.907689" lon="116.627301">
        <time>2022-05-25T13:05:55Z</time>
      </trkpt>
      <trkpt lat="39.907689" lon="116.627301">
        <time>2022-05-25T13:06:00Z</time>
      </trkpt>
      <trkpt lat="39.907689" lon="116.627301">
        <time>2022-05-25T13:06:05Z</time>
      </trkpt>
      <trkpt lat="39.907689" lon="116.627301">
        <time>2022-05-25T13:06:10Z</time>
      </trkpt>
      <trkpt lat="39.907689" lon="116.627301">
        <time>2022-05-25T13:06:15Z</time>
      </trkpt>
      <trkpt lat="39.907689" lon="116.627301">
        <time>2022-05-25T13:06:20Z</time>
      </trkpt>
      <trkpt lat="39.907689" lon="116.627301">
        <time>2022-05-25T13:06:25Z</time>
      </trkpt>
      <trkpt lat="39.907689" lon="116.627301">
        <time>2022-05-25T13:06:30Z</time>
      </trkpt>
      <trkpt lat="39.907689" lon="116.627301">
        <time>2022-05-25T13:06:35Z</time>
      </trkpt>
      <trkpt lat="39.907689" lon="116.627301">
        <time>2022-05-25T13:06:40Z</time>
      </trkpt>
      <trkpt lat="39.907689" lon="116.627301">
        <time>2022-05-25T13:06:45Z</time>
      </trkpt>
      <trkpt lat="39.907689" lon="116.627301">
        <time>2022-05-25T13:06:50Z</time>
      </trkpt>
      <trkpt lat="39.907689" lon="116.627301">
        <time>2022-05-25T13:06:55Z</time>
      </trkpt>
      <trkpt lat="39.907689" lon="116.627301">
        <time>2022-05-25T13:07:00Z</time>
      </trkpt>
      <trkpt lat="39.907689" lon="116.627301">
        <time>2022-05-25T13:07:05Z</time>
      </trkpt>
      <trkpt lat="39.907689" lon="116.627301">
        <time>2022-05-25T13:07:10Z</time>
      </trkpt>
      <trkpt lat="39.907689" lon="116.627301">
        <time>2022-05-25T13:07:15Z</time>
      </trkpt>
      <trkpt lat="39.907689" lon="116.627301">
        <time>2022-05-25T13:07:20Z</time>
      </trkpt>
      <trkpt lat="39.907689" lon="116.627301">
        <time>2022-05-25T13:07:25Z</time>
      </trkpt>
      <trkpt lat="39.907689" lon="116.627301">
        <time>2022-05-25T13:07:30Z</time>
      </trkpt>
      <trkpt lat="39.907689" lon="116.627301">
        <time>2022-05-25T13:07:35Z</time>
      </trkpt>
      <trkpt lat="39.907689" lon="116.627301">
        <time>2022-05-25T13:07:40Z</time>
      </trkpt>
      <trkpt lat="39.907689" lon="116.627301">
        <time>2022-05-25T13:07:45Z</time>
      </trkpt>
      <trkpt lat="39.907689" lon="116.627301">
        <time>2022-05-25T13:07:50Z</time>
      </trkpt>
      <trkpt lat="39.907689" lon="116.627301">
        <time>2022-05-25T13:07:55Z</time>
      </trkpt>
      <trkpt lat="39.907689" lon="116.627301">
        <time>2022-05-25T13:08:00Z</time>
      </trkpt>
      <trkpt lat="39.907689" lon="116.627301">
        <time>2022-05-25T13:08:05Z</time>
      </trkpt>
      <trkpt lat="39.907689" lon="116.627301">
        <time>2022-05-25T13:08:10Z</time>
      </trkpt>
      <trkpt lat="39.907689" lon="116.627301">
        <time>2022-05-25T13:08:15Z</time>
      </trkpt>
      <trkpt lat="39.907689" lon="116.627301">
        <time>2022-05-25T13:08:20Z</time>
      </trkpt>
      <trkpt lat="39.907689" lon="116.627301">
        <time>2022-05-25T13:08:25Z</time>
      </trkpt>
      <trkpt lat="39.907689" lon="116.627301">
        <time>2022-05-25T13:08:30Z</time>
      </trkpt>
      <trkpt lat="39.907689" lon="116.627301">
        <time>2022-05-25T13:08:35Z</time>
      </trkpt>
      <trkpt lat="39.907689" lon="116.627301">
        <time>2022-05-25T13:08:40Z</time>
      </trkpt>
      <trkpt lat="39.907689" lon="116.627301">
        <time>2022-05-25T13:08:45Z</time>
      </trkpt>
      <trkpt lat="39.907689" lon="116.627301">
        <time>2022-05-25T13:08:50Z</time>
      </trkpt>
      <trkpt lat="39.907689" lon="116.627301">
        <time>2022-05-25T13:08:55Z</time>
      </trkpt>
      <trkpt lat="39.907689" lon="116.627301">
        <time>2022-05-25T13:09:00Z</time>
      </trkpt>
      <trkpt lat="39.907689" lon="116.627301">
        <time>2022-05-25T13:09:05Z</time>
      </trkpt>
      <trkpt lat="39.907689" lon="116.627301">
        <time>2022-05-25T13:09:10Z</time>
      </trkpt>
      <trkpt lat="39.907689" lon="116.627301">
        <time>2022-05-25T13:09:15Z</time>
      </trkpt>
      <trkpt lat="39.907689" lon="116.627301">
        <time>2022-05-25T13:09:20Z</time>
      </trkpt>
      <trkpt lat="39.907689" lon="116.627301">
        <time>2022-05-25T13:09:25Z</time>
      </trkpt>
      <trkpt lat="39.907689" lon="116.627301">
        <time>2022-05-25T13:09:30Z</time>
      </trkpt>
      <trkpt lat="39.907689" lon="116.627301">
        <time>2022-05-25T13:09:35Z</time>
      </trkpt>
      <trkpt lat="39.907689" lon="116.627301">
        <time>2022-05-25T13:09:40Z</time>
      </trkpt>
      <trkpt lat="39.907689" lon="116.627301">
        <time>2022-05-25T13:09:45Z</time>
      </trkpt>
      <trkpt lat="39.907689" lon="116.627301">
        <time>2022-05-25T13:09:50Z</time>
      </trkpt>
      <trkpt lat="39.907689" lon="116.627301">
        <time>2022-05-25T13:09:55Z</time>
      </trkpt>
      <trkpt lat="39.907689" lon="116.627301">
        <time>2022-05-25T13:10:00Z</time>
      </trkpt>
      <trkpt lat="39.907689" lon="116.627301">
        <time>2022-05-25T13:10:05Z</time>
      </trkpt>
      <trkpt lat="39.907689" lon="116.627301">
        <time>2022-05-25T13:10:10Z</time>
      </trkpt>
      <trkpt lat="39.907689" lon="116.627301">
        <time>2022-05-25T13:10:15Z</time>
      </trkpt>
      <trkpt lat="39.907689" lon="116.627301">
        <time>2022-05-25T13:10:20Z</time>
      </trkpt>
      <trkpt lat="39.907689" lon="116.627301">
        <time>2022-05-25T13:10:25Z</time>
      </trkpt>
      <trkpt lat="39.907689" lon="116.627301">
        <time>2022-05-25T13:10:30Z</time>
      </trkpt>
      <trkpt lat="39.907689" lon="116.627301">
        <time>2022-05-25T13:10:35Z</time>
      </trkpt>
      <trkpt lat="39.907689" lon="116.627301">
        <time>2022-05-25T13:10:40Z</time>
      </trkpt>
      <trkpt lat="39.907689" lon="116.627301">
        <time>2022-05-25T13:10:45Z</time>
      </trkpt>
      <trkpt lat="39.907689" lon="116.627301">
        <time>2022-05-25T13:10:50Z</time>
      </trkpt>
      <trkpt lat="39.907689" lon="116.627301">
        <time>2022-05-25T13:10:55Z</time>
      </trkpt>
      <trkpt lat="39.907689" lon="116.627301">
        <time>2022-05-25T13:11:00Z</time>
      </trkpt>
      <trkpt lat="39.907689" lon="116.627301">
        <time>2022-05-25T13:11:05Z</time>
      </trkpt>
      <trkpt lat="39.907689" lon="116.627301">
        <time>2022-05-25T13:11:10Z</time>
      </trkpt>
      <trkpt lat="39.907689" lon="116.627301">
        <time>2022-05-25T13:11:15Z</time>
      </trkpt>
      <trkpt lat="39.907689" lon="116.627301">
        <time>2022-05-25T13:11:20Z</time>
      </trkpt>
      <trkpt lat="39.907689" lon="116.627301">
        <time>2022-05-25T13:11:25Z</time>
      </trkpt>
      <trkpt lat="39.907689" lon="116.627301">
        <time>2022-05-25T13:11:30Z</time>
      </trkpt>
      <trkpt lat="39.907689" lon="116.627301">
        <time>2022-05-25T13:11:35Z</time>
      </trkpt>
      <trkpt lat="39.907689" lon="116.627301">
        <time>2022-05-25T13:11:40Z</time>
      </trkpt>
      <trkpt lat="39.907689" lon="116.627301">
        <time>2022-05-25T13:11:45Z</time>
      </trkpt>
      <trkpt lat="39.907689" lon="116.627301">
        <time>2022-05-25T13:11:50Z</time>
      </trkpt>
      <trkpt lat="39.907689" lon="116.627301">
        <time>2022-05-25T13:11:55Z</time>
      </trkpt>
      <trkpt lat="39.907689" lon="116.627301">
        <time>2022-05-25T13:12:00Z</time>
      </trkpt>
      <trkpt lat="39.907689" lon="116.627301">
        <time>2022-05-25T13:12:05Z</time>
      </trkpt>
      <trkpt lat="39.907689" lon="116.627301">
        <time>2022-05-25T13:12:10Z</time>
      </trkpt>
      <trkpt lat="39.907689" lon="116.627301">
        <time>2022-05-25T13:12:15Z</time>
      </trkpt>
      <trkpt lat="39.907689" lon="116.627301">
        <time>2022-05-25T13:12:20Z</time>
      </trkpt>
      <trkpt lat="39.907689" lon="116.627301">
        <time>2022-05-25T13:12:25Z</time>
      </trkpt>
      <trkpt lat="39.907689" lon="116.627301">
        <time>2022-05-25T13:12:30Z</time>
      </trkpt>
      <trkpt lat="39.907689" lon="116.627301">
        <time>2022-05-25T13:12:35Z</time>
      </trkpt>
      <trkpt lat="39.907689" lon="116.627301">
        <time>2022-05-25T13:12:40Z</time>
      </trkpt>
      <trkpt lat="39.907689" lon="116.627301">
        <time>2022-05-25T13:12:45Z</time>
      </trkpt>
      <trkpt lat="39.907689" lon="116.627301">
        <time>2022-05-25T13:12:50Z</time>
      </trkpt>
      <trkpt lat="39.907689" lon="116.627301">
        <time>2022-05-25T13:12:55Z</time>
      </trkpt>
      <trkpt lat="39.907689" lon="116.627301">
        <time>2022-05-25T13:13:00Z</time>
      </trkpt>
      <trkpt lat="39.907689" lon="116.627301">
        <time>2022-05-25T13:13:05Z</time>
      </trkpt>
      <trkpt lat="39.907689" lon="116.627301">
        <time>2022-05-25T13:13:10Z</time>
      </trkpt>
      <trkpt lat="39.907689" lon="116.627301">
        <time>2022-05-25T13:13:15Z</time>
      </trkpt>
      <trkpt lat="39.907689" lon="116.627301">
        <time>2022-05-25T13:13:20Z</time>
      </trkpt>
      <trkpt lat="39.907689" lon="116.627301">
        <time>2022-05-25T13:13:25Z</time>
      </trkpt>
      <trkpt lat="39.907689" lon="116.627301">
        <time>2022-05-25T13:13:30Z</time>
      </trkpt>
      <trkpt lat="39.907689" lon="116.627301">
        <time>2022-05-25T13:13:35Z</time>
      </trkpt>
      <trkpt lat="39.907689" lon="116.627301">
        <time>2022-05-25T13:13:40Z</time>
      </trkpt>
      <trkpt lat="39.907689" lon="116.627301">
        <time>2022-05-25T13:13:45Z</time>
      </trkpt>
      <trkpt lat="39.907689" lon="116.627301">
        <time>2022-05-25T13:13:50Z</time>
      </trkpt>
      <trkpt lat="39.907689" lon="116.627301">
        <time>2022-05-25T13:13:55Z</time>
      </trkpt>
      <trkpt lat="39.907689" lon="116.627301">
        <time>2022-05-25T13:14:00Z</time>
      </trkpt>
      <trkpt lat="39.907689" lon="116.627301">
        <time>2022-05-25T13:14:05Z</time>
      </trkpt>
      <trkpt lat="39.907689" lon="116.627301">
        <time>2022-05-25T13:14:10Z</time>
      </trkpt>
      <trkpt lat="39.907689" lon="116.627301">
        <time>2022-05-25T13:14:15Z</time>
      </trkpt>
      <trkpt lat="39.907689" lon="116.627301">
        <time>2022-05-25T13:14:20Z</time>
      </trkpt>
      <trkpt lat="39.907689" lon="116.627301">
        <time>2022-05-25T13:14:25Z</time>
      </trkpt>
      <trkpt lat="39.907689" lon="116.627301">
        <time>2022-05-25T13:14:30Z</time>
      </trkpt>
      <trkpt lat="39.907689" lon="116.627301">
        <time>2022-05-25T13:14:35Z</time>
      </trkpt>
      <trkpt lat="39.907689" lon="116.627301">
        <time>2022-05-25T13:14:40Z</time>
      </trkpt>
      <trkpt lat="39.907689" lon="116.627301">
        <time>2022-05-25T13:14:45Z</time>
      </trkpt>
      <trkpt lat="39.907689" lon="116.627301">
        <time>2022-05-25T13:14:50Z</time>
      </trkpt>
      <trkpt lat="39.907689" lon="116.627301">
        <time>2022-05-25T13:14:55Z</time>
      </trkpt>
      <trkpt lat="39.907689" lon="116.627301">
        <time>2022-05-25T13:15:00Z</time>
      </trkpt>
      <trkpt lat="39.907689" lon="116.627301">
        <time>2022-05-25T13:15:05Z</time>
      </trkpt>
      <trkpt lat="39.907689" lon="116.627301">
        <time>2022-05-25T13:15:10Z</time>
      </trkpt>
      <trkpt lat="39.907689" lon="116.627301">
        <time>2022-05-25T13:15:15Z</time>
      </trkpt>
      <trkpt lat="39.907689" lon="116.627301">
        <time>2022-05-25T13:15:20Z</time>
      </trkpt>
      <trkpt lat="39.907689" lon="116.627301">
        <time>2022-05-25T13:15:25Z</time>
      </trkpt>
      <trkpt lat="39.907689" lon="116.627301">
        <time>2022-05-25T13:15:30Z</time>
      </trkpt>
      <trkpt lat="39.907689" lon="116.627301">
        <time>2022-05-25T13:15:35Z</time>
      </trkpt>
      <trkpt lat="39.907689" lon="116.627301">
        <time>2022-05-25T13:15:40Z</time>
      </trkpt>
      <trkpt lat="39.907689" lon="116.627301">
        <time>2022-05-25T13:15:45Z</time>
      </trkpt>
      <trkpt lat="39.907689" lon="116.627301">
        <time>2022-05-25T13:15:50Z</time>
      </trkpt>
      <trkpt lat="39.907689" lon="116.627301">
        <time>2022-05-25T13:15:55Z</time>
      </trkpt>
      <trkpt lat="39.907689" lon="116.627301">
        <time>2022-05-25T13:16:00Z</time>
      </trkpt>
      <trkpt lat="39.907689" lon="116.627301">
        <time>2022-05-25T13:16:05Z</time>
      </trkpt>
      <trkpt lat="39.907689" lon="116.627301">
        <time>2022-05-25T13:16:10Z</time>
      </trkpt>
      <trkpt lat="39.907689" lon="116.627301">
        <time>2022-05-25T13:16:15Z</time>
      </trkpt>
      <trkpt lat="39.907689" lon="116.627301">
        <time>2022-05-25T13:16:20Z</time>
      </trkpt>
      <trkpt lat="39.907689" lon="116.627301">
        <time>2022-05-25T13:16:25Z</time>
      </trkpt>
      <trkpt lat="39.907689" lon="116.627301">
        <time>2022-05-25T13:16:30Z</time>
      </trkpt>
      <trkpt lat="39.907689" lon="116.627301">
        <time>2022-05-25T13:16:35Z</time>
      </trkpt>
      <trkpt lat="39.907689" lon="116.627301">
        <time>2022-05-25T13:16:40Z</time>
      </trkpt>
      <trkpt lat="39.907689" lon="116.627301">
        <time>2022-05-25T13:16:45Z</time>
      </trkpt>
      <trkpt lat="39.907689" lon="116.627301">
        <time>2022-05-25T13:16:50Z</time>
      </trkpt>
      <trkpt lat="39.907689" lon="116.627301">
        <time>2022-05-25T13:16:55Z</time>
      </trkpt>
      <trkpt lat="39.907689" lon="116.627301">
        <time>2022-05-25T13:17:00Z</time>
      </trkpt>
      <trkpt lat="39.907689" lon="116.627301">
        <time>2022-05-25T13:17:05Z</time>
      </trkpt>
      <trkpt lat="39.907689" lon="116.627301">
        <time>2022-05-25T13:17:10Z</time>
      </trkpt>
      <trkpt lat="39.907689" lon="116.627301">
        <time>2022-05-25T13:17:15Z</time>
      </trkpt>
      <trkpt lat="39.907689" lon="116.627301">
        <time>2022-05-25T13:17:20Z</time>
      </trkpt>
      <trkpt lat="39.907689" lon="116.627301">
        <time>2022-05-25T13:17:25Z</time>
      </trkpt>
      <trkpt lat="39.907689" lon="116.627301">
        <time>2022-05-25T13:17:30Z</time>
      </trkpt>
      <trkpt lat="39.907689" lon="116.627301">
        <time>2022-05-25T13:17:35Z</time>
      </trkpt>
      <trkpt lat="39.907689" lon="116.627301">
        <time>2022-05-25T13:17:40Z</time>
      </trkpt>
      <trkpt lat="39.907689" lon="116.627301">
        <time>2022-05-25T13:17:45Z</time>
      </trkpt>
      <trkpt lat="39.907689" lon="116.627301">
        <time>2022-05-25T13:17:50Z</time>
      </trkpt>
      <trkpt lat="39.907689" lon="116.627301">
        <time>2022-05-25T13:17:55Z</time>
      </trkpt>
      <trkpt lat="39.907689" lon="116.627301">
        <time>2022-05-25T13:18:00Z</time>
      </trkpt>
      <trkpt lat="39.907689" lon="116.627301">
        <time>2022-05-25T13:18:05Z</time>
      </trkpt>
      <trkpt lat="39.907689" lon="116.627301">
        <time>2022-05-25T13:18:10Z</time>
      </trkpt>
      <trkpt lat="39.907689" lon="116.627301">
        <time>2022-05-25T13:18:15Z</time>
      </trkpt>
      <trkpt lat="39.907689" lon="116.627301">
        <time>2022-05-25T13:18:20Z</time>
      </trkpt>
      <trkpt lat="39.907689" lon="116.627301">
        <time>2022-05-25T13:18:25Z</time>
      </trkpt>
      <trkpt lat="39.907689" lon="116.627301">
        <time>2022-05-25T13:18:30Z</time>
      </trkpt>
      <trkpt lat="39.907689" lon="116.627301">
        <time>2022-05-25T13:18:35Z</time>
      </trkpt>
      <trkpt lat="39.907689" lon="116.627301">
        <time>2022-05-25T13:18:40Z</time>
      </trkpt>
      <trkpt lat="39.907689" lon="116.627301">
        <time>2022-05-25T13:18:45Z</time>
      </trkpt>
      <trkpt lat="39.907689" lon="116.627301">
        <time>2022-05-25T13:18:50Z</time>
      </trkpt>
      <trkpt lat="39.907689" lon="116.627301">
        <time>2022-05-25T13:18:55Z</time>
      </trkpt>
      <trkpt lat="39.907689" lon="116.627301">
        <time>2022-05-25T13:19:00Z</time>
      </trkpt>
      <trkpt lat="39.907689" lon="116.627301">
        <time>2022-05-25T13:19:05Z</time>
      </trkpt>
      <trkpt lat="39.907689" lon="116.627301">
        <time>2022-05-25T13:19:10Z</time>
      </trkpt>
      <trkpt lat="39.907689" lon="116.627301">
        <time>2022-05-25T13:19:15Z</time>
      </trkpt>
      <trkpt lat="39.907689" lon="116.627301">
        <time>2022-05-25T13:19:20Z</time>
      </trkpt>
      <trkpt lat="39.907689" lon="116.627301">
        <time>2022-05-25T13:19:25Z</time>
      </trkpt>
      <trkpt lat="39.907689" lon="116.627301">
        <time>2022-05-25T13:19:30Z</time>
      </trkpt>
      <trkpt lat="39.907689" lon="116.627301">
        <time>2022-05-25T13:19:35Z</time>
      </trkpt>
      <trkpt lat="39.907689" lon="116.627301">
        <time>2022-05-25T13:19:40Z</time>
      </trkpt>
      <trkpt lat="39.907689" lon="116.627301">
        <time>2022-05-25T13:19:45Z</time>
      </trkpt>
      <trkpt lat="39.907689" lon="116.627301">
        <time>2022-05-25T13:19:50Z</time>
      </trkpt>
      <trkpt lat="39.907689" lon="116.627301">
        <time>2022-05-25T13:19:55Z</time>
      </trkpt>
      <trkpt lat="39.907689" lon="116.627301">
        <time>2022-05-25T13:20:00Z</time>
      </trkpt>
      <trkpt lat="39.907689" lon="116.627301">
        <time>2022-05-25T13:20:05Z</time>
      </trkpt>
      <trkpt lat="39.907689" lon="116.627301">
        <time>2022-05-25T13:20:10Z</time>
      </trkpt>
      <trkpt lat="39.907689" lon="116.627301">
        <time>2022-05-25T13:20:15Z</time>
      </trkpt>
      <trkpt lat="39.907689" lon="116.627301">
        <time>2022-05-25T13:20:20Z</time>
      </trkpt>
      <trkpt lat="39.907689" lon="116.627301">
        <time>2022-05-25T13:20:25Z</time>
      </trkpt>
      <trkpt lat="39.907689" lon="116.627301">
        <time>2022-05-25T13:20:30Z</time>
      </trkpt>
      <trkpt lat="39.907689" lon="116.627301">
        <time>2022-05-25T13:20:35Z</time>
      </trkpt>
      <trkpt lat="39.907689" lon="116.627301">
        <time>2022-05-25T13:20:40Z</time>
      </trkpt>
      <trkpt lat="39.907689" lon="116.627301">
        <time>2022-05-25T13:20:45Z</time>
      </trkpt>
      <trkpt lat="39.907689" lon="116.627301">
        <time>2022-05-25T13:20:50Z</time>
      </trkpt>
      <trkpt lat="39.907689" lon="116.627301">
        <time>2022-05-25T13:20:55Z</time>
      </trkpt>
      <trkpt lat="39.907689" lon="116.627301">
        <time>2022-05-25T13:21:00Z</time>
      </trkpt>
      <trkpt lat="39.907689" lon="116.627301">
        <time>2022-05-25T13:21:05Z</time>
      </trkpt>
      <trkpt lat="39.907689" lon="116.627301">
        <time>2022-05-25T13:21:10Z</time>
      </trkpt>
      <trkpt lat="39.907689" lon="116.627301">
        <time>2022-05-25T13:21:15Z</time>
      </trkpt>
      <trkpt lat="39.907689" lon="116.627301">
        <time>2022-05-25T13:21:20Z</time>
      </trkpt>
      <trkpt lat="39.907689" lon="116.627301">
        <time>2022-05-25T13:21:25Z</time>
      </trkpt>
      <trkpt lat="39.907689" lon="116.627301">
        <time>2022-05-25T13:21:30Z</time>
      </trkpt>
      <trkpt lat="39.907689" lon="116.627301">
        <time>2022-05-25T13:21:35Z</time>
      </trkpt>
      <trkpt lat="39.907689" lon="116.627301">
        <time>2022-05-25T13:21:40Z</time>
      </trkpt>
      <trkpt lat="39.907689" lon="116.627301">
        <time>2022-05-25T13:21:45Z</time>
      </trkpt>
      <trkpt lat="39.907689" lon="116.627301">
        <time>2022-05-25T13:21:50Z</time>
      </trkpt>
      <trkpt lat="39.907689" lon="116.627301">
        <time>2022-05-25T13:21:55Z</time>
      </trkpt>
      <trkpt lat="39.907689" lon="116.627301">
        <time>2022-05-25T13:22:00Z</time>
      </trkpt>
      <trkpt lat="39.907689" lon="116.627301">
        <time>2022-05-25T13:22:05Z</time>
      </trkpt>
      <trkpt lat="39.907689" lon="116.627301">
        <time>2022-05-25T13:22:10Z</time>
      </trkpt>
      <trkpt lat="39.907689" lon="116.627301">
        <time>2022-05-25T13:22:15Z</time>
      </trkpt>
      <trkpt lat="39.907689" lon="116.627301">
        <time>2022-05-25T13:22:20Z</time>
      </trkpt>
      <trkpt lat="39.907689" lon="116.627301">
        <time>2022-05-25T13:22:25Z</time>
      </trkpt>
      <trkpt lat="39.907689" lon="116.627301">
        <time>2022-05-25T13:22:30Z</time>
      </trkpt>
      <trkpt lat="39.907689" lon="116.627301">
        <time>2022-05-25T13:22:35Z</time>
      </trkpt>
      <trkpt lat="39.907689" lon="116.627301">
        <time>2022-05-25T13:22:40Z</time>
      </trkpt>
      <trkpt lat="39.907689" lon="116.627301">
        <time>2022-05-25T13:22:45Z</time>
      </trkpt>
      <trkpt lat="39.907689" lon="116.627301">
        <time>2022-05-25T13:22:50Z</time>
      </trkpt>
      <trkpt lat="39.907689" lon="116.627301">
        <time>2022-05-25T13:22:55Z</time>
      </trkpt>
      <trkpt lat="39.907689" lon="116.627301">
        <time>2022-05-25T13:23:00Z</time>
      </trkpt>
      <trkpt lat="39.907689" lon="116.627301">
        <time>2022-05-25T13:23:05Z</time>
      </trkpt>
      <trkpt lat="39.907689" lon="116.627301">
        <time>2022-05-25T13:23:10Z</time>
      </trkpt>
      <trkpt lat="39.907689" lon="116.627301">
        <time>2022-05-25T13:23:15Z</time>
      </trkpt>
      <trkpt lat="39.907689" lon="116.627301">
        <time>2022-05-25T13:23:20Z</time>
      </trkpt>
      <trkpt lat="39.907689" lon="116.627301">
        <time>2022-05-25T13:23:25Z</time>
      </trkpt>
      <trkpt lat="39.907689" lon="116.627301">
        <time>2022-05-25T13:23:30Z</time>
      </trkpt>
      <trkpt lat="39.907689" lon="116.627301">
        <time>2022-05-25T13:23:35Z</time>
      </trkpt>
      <trkpt lat="39.907689" lon="116.627301">
        <time>2022-05-25T13:23:40Z</time>
      </trkpt>
      <trkpt lat="39.907689" lon="116.627301">
        <time>2022-05-25T13:23:45Z</time>
      </trkpt>
      <trkpt lat="39.907689" lon="116.627301">
        <time>2022-05-25T13:23:50Z</time>
      </trkpt>
      <trkpt lat="39.907689" lon="116.627301">
        <time>2022-05-25T13:23:55Z</time>
      </trkpt>
      <trkpt lat="39.907689" lon="116.627301">
        <time>2022-05-25T13:24:00Z</time>
      </trkpt>
      <trkpt lat="39.907689" lon="116.627301">
        <time>2022-05-25T13:24:05Z</time>
      </trkpt>
      <trkpt lat="39.907689" lon="116.627301">
        <time>2022-05-25T13:24:10Z</time>
      </trkpt>
      <trkpt lat="39.907689" lon="116.627301">
        <time>2022-05-25T13:24:15Z</time>
      </trkpt>
      <trkpt lat="39.907689" lon="116.627301">
        <time>2022-05-25T13:24:20Z</time>
      </trkpt>
      <trkpt lat="39.907689" lon="116.627301">
        <time>2022-05-25T13:24:25Z</time>
      </trkpt>
      <trkpt lat="39.907689" lon="116.627301">
        <time>2022-05-25T13:24:30Z</time>
      </trkpt>
      <trkpt lat="39.907689" lon="116.627301">
        <time>2022-05-25T13:24:35Z</time>
      </trkpt>
      <trkpt lat="39.907689" lon="116.627301">
        <time>2022-05-25T13:24:40Z</time>
      </trkpt>
      <trkpt lat="39.907689" lon="116.627301">
        <time>2022-05-25T13:24:45Z</time>
      </trkpt>
      <trkpt lat="39.907689" lon="116.627301">
        <time>2022-05-25T13:24:50Z</time>
      </trkpt>
      <trkpt lat="39.907689" lon="116.627301">
        <time>2022-05-25T13:24:55Z</time>
      </trkpt>
      <trkpt lat="39.907689" lon="116.627301">
        <time>2022-05-25T13:25:00Z</time>
      </trkpt>
      <trkpt lat="39.907689" lon="116.627301">
        <time>2022-05-25T13:25:05Z</time>
      </trkpt>
      <trkpt lat="39.907689" lon="116.627301">
        <time>2022-05-25T13:25:10Z</time>
      </trkpt>
      <trkpt lat="39.907689" lon="116.627301">
        <time>2022-05-25T13:25:15Z</time>
      </trkpt>
      <trkpt lat="39.907689" lon="116.627301">
        <time>2022-05-25T13:25:20Z</time>
      </trkpt>
      <trkpt lat="39.907689" lon="116.627301">
        <time>2022-05-25T13:25:25Z</time>
      </trkpt>
      <trkpt lat="39.907689" lon="116.627301">
        <time>2022-05-25T13:25:30Z</time>
      </trkpt>
      <trkpt lat="39.907689" lon="116.627301">
        <time>2022-05-25T13:25:35Z</time>
      </trkpt>
      <trkpt lat="39.907689" lon="116.627301">
        <time>2022-05-25T13:25:40Z</time>
      </trkpt>
      <trkpt lat="39.907689" lon="116.627301">
        <time>2022-05-25T13:25:45Z</time>
      </trkpt>
      <trkpt lat="39.907689" lon="116.627301">
        <time>2022-05-25T13:25:50Z</time>
      </trkpt>
      <trkpt lat="39.907689" lon="116.627301">
        <time>2022-05-25T13:25:55Z</time>
      </trkpt>
      <trkpt lat="39.907689" lon="116.627301">
        <time>2022-05-25T13:26:00Z</time>
      </trkpt>
      <trkpt lat="39.907689" lon="116.627301">
        <time>2022-05-25T13:26:05Z</time>
      </trkpt>
      <trkpt lat="39.907689" lon="116.627301">
        <time>2022-05-25T13:26:10Z</time>
      </trkpt>
      <trkpt lat="39.907689" lon="116.627301">
        <time>2022-05-25T13:26:15Z</time>
      </trkpt>
      <trkpt lat="39.907689" lon="116.627301">
        <time>2022-05-25T13:26:20Z</time>
      </trkpt>
      <trkpt lat="39.907689" lon="116.627301">
        <time>2022-05-25T13:26:25Z</time>
      </trkpt>
      <trkpt lat="39.907689" lon="116.627301">
        <time>2022-05-25T13:26:30Z</time>
      </trkpt>
      <trkpt lat="39.907689" lon="116.627301">
        <time>2022-05-25T13:26:35Z</time>
      </trkpt>
      <trkpt lat="39.907689" lon="116.627301">
        <time>2022-05-25T13:26:40Z</time>
      </trkpt>
      <trkpt lat="39.907689" lon="116.627301">
        <time>2022-05-25T13:26:45Z</time>
      </trkpt>
      <trkpt lat="39.907689" lon="116.627301">
        <time>2022-05-25T13:26:50Z</time>
      </trkpt>
      <trkpt lat="39.907689" lon="116.627301">
        <time>2022-05-25T13:26:55Z</time>
      </trkpt>
      <trkpt lat="39.907689" lon="116.627301">
        <time>2022-05-25T13:27:00Z</time>
      </trkpt>
      <trkpt lat="39.907689" lon="116.627301">
        <time>2022-05-25T13:27:05Z</time>
      </trkpt>
      <trkpt lat="39.907689" lon="116.627301">
        <time>2022-05-25T13:27:10Z</time>
      </trkpt>
      <trkpt lat="39.907689" lon="116.627301">
        <time>2022-05-25T13:27:15Z</time>
      </trkpt>
      <trkpt lat="39.907689" lon="116.627301">
        <time>2022-05-25T13:27:20Z</time>
      </trkpt>
      <trkpt lat="39.907689" lon="116.627301">
        <time>2022-05-25T13:27:25Z</time>
      </trkpt>
      <trkpt lat="39.907689" lon="116.627301">
        <time>2022-05-25T13:27:30Z</time>
      </trkpt>
      <trkpt lat="39.907689" lon="116.627301">
        <time>2022-05-25T13:27:35Z</time>
      </trkpt>
      <trkpt lat="39.907689" lon="116.627301">
        <time>2022-05-25T13:27:40Z</time>
      </trkpt>
      <trkpt lat="39.907689" lon="116.627301">
        <time>2022-05-25T13:27:45Z</time>
      </trkpt>
      <trkpt lat="39.907689" lon="116.627301">
        <time>2022-05-25T13:27:50Z</time>
      </trkpt>
      <trkpt lat="39.907689" lon="116.627301">
        <time>2022-05-25T13:27:55Z</time>
      </trkpt>
      <trkpt lat="39.907689" lon="116.627301">
        <time>2022-05-25T13:28:00Z</time>
      </trkpt>
      <trkpt lat="39.907689" lon="116.627301">
        <time>2022-05-25T13:28:05Z</time>
      </trkpt>
      <trkpt lat="39.907689" lon="116.627301">
        <time>2022-05-25T13:28:10Z</time>
      </trkpt>
      <trkpt lat="39.907689" lon="116.627301">
        <time>2022-05-25T13:28:15Z</time>
      </trkpt>
      <trkpt lat="39.907689" lon="116.627301">
        <time>2022-05-25T13:28:20Z</time>
      </trkpt>
      <trkpt lat="39.907689" lon="116.627301">
        <time>2022-05-25T13:28:25Z</time>
      </trkpt>
      <trkpt lat="39.907689" lon="116.627301">
        <time>2022-05-25T13:28:30Z</time>
      </trkpt>
      <trkpt lat="39.907689" lon="116.627301">
        <time>2022-05-25T13:28:35Z</time>
      </trkpt>
      <trkpt lat="39.907689" lon="116.627301">
        <time>2022-05-25T13:28:40Z</time>
      </trkpt>
      <trkpt lat="39.907689" lon="116.627301">
        <time>2022-05-25T13:28:45Z</time>
      </trkpt>
      <trkpt lat="39.907689" lon="116.627301">
        <time>2022-05-25T13:28:50Z</time>
      </trkpt>
      <trkpt lat="39.907689" lon="116.627301">
        <time>2022-05-25T13:28:55Z</time>
      </trkpt>
      <trkpt lat="39.907689" lon="116.627301">
        <time>2022-05-25T13:29:00Z</time>
      </trkpt>
      <trkpt lat="39.907689" lon="116.627301">
        <time>2022-05-25T13:29:05Z</time>
      </trkpt>
      <trkpt lat="39.907689" lon="116.627301">
        <time>2022-05-25T13:29:10Z</time>
      </trkpt>
      <trkpt lat="39.907689" lon="116.627301">
        <time>2022-05-25T13:29:15Z</time>
      </trkpt>
      <trkpt lat="39.907689" lon="116.627301">
        <time>2022-05-25T13:29:20Z</time>
      </trkpt>
      <trkpt lat="39.907689" lon="116.627301">
        <time>2022-05-25T13:29:25Z</time>
      </trkpt>
      <trkpt lat="39.907689" lon="116.627301">
        <time>2022-05-25T13:29:30Z</time>
      </trkpt>
      <trkpt lat="39.907689" lon="116.627301">
        <time>2022-05-25T13:29:35Z</time>
      </trkpt>
      <trkpt lat="39.907689" lon="116.627301">
        <time>2022-05-25T13:29:40Z</time>
      </trkpt>
      <trkpt lat="39.907689" lon="116.627301">
        <time>2022-05-25T13:29:45Z</time>
      </trkpt>
      <trkpt lat="39.907689" lon="116.627301">
        <time>2022-05-25T13:29:50Z</time>
      </trkpt>
      <trkpt lat="39.907689" lon="116.627301">
        <time>2022-05-25T13:29:55Z</time>
      </trkpt>
      <trkpt lat="39.907689" lon="116.627301">
        <time>2022-05-25T13:30:00Z</time>
      </trkpt>
      <trkpt lat="39.907689" lon="116.627301">
        <time>2022-05-25T13:30:05Z</time>
      </trkpt>
      <trkpt lat="39.907689" lon="116.627301">
        <time>2022-05-25T13:30:10Z</time>
      </trkpt>
      <trkpt lat="39.907689" lon="116.627301">
        <time>2022-05-25T13:30:15Z</time>
      </trkpt>
      <trkpt lat="39.907689" lon="116.627301">
        <time>2022-05-25T13:30:20Z</time>
      </trkpt>
      <trkpt lat="39.907689" lon="116.627301">
        <time>2022-05-25T13:30:25Z</time>
      </trkpt>
      <trkpt lat="39.907689" lon="116.627301">
        <time>2022-05-25T13:30:30Z</time>
      </trkpt>
      <trkpt lat="39.907689" lon="116.627301">
        <time>2022-05-25T13:30:35Z</time>
      </trkpt>
      <trkpt lat="39.907689" lon="116.627301">
        <time>2022-05-25T13:30:40Z</time>
      </trkpt>
      <trkpt lat="39.907689" lon="116.627301">
        <time>2022-05-25T13:30:45Z</time>
      </trkpt>
      <trkpt lat="39.907689" lon="116.627301">
        <time>2022-05-25T13:30:50Z</time>
      </trkpt>
      <trkpt lat="39.907689" lon="116.627301">
        <time>2022-05-25T13:30:55Z</time>
      </trkpt>
      <trkpt lat="39.907689" lon="116.627301">
        <time>2022-05-25T13:31:00Z</time>
      </trkpt>
      <trkpt lat="39.907689" lon="116.627301">
        <time>2022-05-25T13:31:05Z</time>
      </trkpt>
      <trkpt lat="39.907689" lon="116.627301">
        <time>2022-05-25T13:31:10Z</time>
      </trkpt>
      <trkpt lat="39.907689" lon="116.627301">
        <time>2022-05-25T13:31:15Z</time>
      </trkpt>
      <trkpt lat="39.907689" lon="116.627301">
        <time>2022-05-25T13:31:20Z</time>
      </trkpt>
      <trkpt lat="39.907689" lon="116.627301">
        <time>2022-05-25T13:31:25Z</time>
      </trkpt>
      <trkpt lat="39.907689" lon="116.627301">
        <time>2022-05-25T13:31:30Z</time>
      </trkpt>
      <trkpt lat="39.907689" lon="116.627301">
        <time>2022-05-25T13:31:35Z</time>
      </trkpt>
      <trkpt lat="39.907689" lon="116.627301">
        <time>2022-05-25T13:31:40Z</time>
      </trkpt>
      <trkpt lat="39.907689" lon="116.627301">
        <time>2022-05-25T13:31:45Z</time>
      </trkpt>
      <trkpt lat="39.907689" lon="116.627301">
        <time>2022-05-25T13:31:50Z</time>
      </trkpt>
      <trkpt lat="39.907689" lon="116.627301">
        <time>2022-05-25T13:38:14Z</time>
      </trkpt>
    </trkseg>
  </trk>
</gpx>