<?xml version="1.0" encoding="UTF-8"?>
<gpx xmlns="http://www.topografix.com/GPX/1/1" xmlns:gpxtpx="http://www.garmin.com/xmlschemas/TrackPointExtension/v1" xmlns:xsi="http://www.w3.org/2001/XMLSchema-instance" xsi:schemaLocation="http://www.topografix.com/GPX/1/1 http://www.topografix.com/GPX/1/1/gpx.xsd" version="1.1" creator="gpx.py -- https://github.com/tkrajina/gpxpy">
  <trk>
    <name>gpx from keep</name>
    <trkseg>
      <trkpt lat="39.90572" lon="116.620368">
        <time>2022-05-30T12:48:45Z</time>
      </trkpt>
      <trkpt lat="39.90572" lon="116.620368">
        <time>2022-05-30T12:48:50Z</time>
      </trkpt>
      <trkpt lat="39.905748" lon="116.620293">
        <time>2022-05-30T12:48:55Z</time>
      </trkpt>
      <trkpt lat="39.905756" lon="116.620246">
        <time>2022-05-30T12:49:00Z</time>
      </trkpt>
      <trkpt lat="39.905731" lon="116.620107">
        <time>2022-05-30T12:49:05Z</time>
      </trkpt>
      <trkpt lat="39.905724" lon="116.619857">
        <time>2022-05-30T12:49:10Z</time>
      </trkpt>
      <trkpt lat="39.905755" lon="116.61969">
        <time>2022-05-30T12:49:15Z</time>
      </trkpt>
      <trkpt lat="39.905775" lon="116.6196">
        <time>2022-05-30T12:49:20Z</time>
      </trkpt>
      <trkpt lat="39.905805" lon="116.619497">
        <time>2022-05-30T12:49:25Z</time>
      </trkpt>
      <trkpt lat="39.905805" lon="116.619478">
        <time>2022-05-30T12:49:30Z</time>
      </trkpt>
      <trkpt lat="39.90578" lon="116.619338">
        <time>2022-05-30T12:49:35Z</time>
      </trkpt>
      <trkpt lat="39.905738" lon="116.619204">
        <time>2022-05-30T12:49:40Z</time>
      </trkpt>
      <trkpt lat="39.905688" lon="116.619032">
        <time>2022-05-30T12:49:45Z</time>
      </trkpt>
      <trkpt lat="39.905666" lon="116.618901">
        <time>2022-05-30T12:49:50Z</time>
      </trkpt>
      <trkpt lat="39.905635" lon="116.618723">
        <time>2022-05-30T12:49:55Z</time>
      </trkpt>
      <trkpt lat="39.905604" lon="116.618583">
        <time>2022-05-30T12:50:00Z</time>
      </trkpt>
      <trkpt lat="39.905599" lon="116.618451">
        <time>2022-05-30T12:50:05Z</time>
      </trkpt>
      <trkpt lat="39.905603" lon="116.618299">
        <time>2022-05-30T12:50:10Z</time>
      </trkpt>
      <trkpt lat="39.905592" lon="116.618125">
        <time>2022-05-30T12:50:15Z</time>
      </trkpt>
      <trkpt lat="39.905625" lon="116.618041">
        <time>2022-05-30T12:50:20Z</time>
      </trkpt>
      <trkpt lat="39.905652" lon="116.617935">
        <time>2022-05-30T12:50:25Z</time>
      </trkpt>
      <trkpt lat="39.905666" lon="116.617826">
        <time>2022-05-30T12:50:30Z</time>
      </trkpt>
      <trkpt lat="39.905672" lon="116.617762">
        <time>2022-05-30T12:50:35Z</time>
      </trkpt>
      <trkpt lat="39.905689" lon="116.617708">
        <time>2022-05-30T12:50:40Z</time>
      </trkpt>
      <trkpt lat="39.905717" lon="116.617643">
        <time>2022-05-30T12:50:45Z</time>
      </trkpt>
      <trkpt lat="39.905753" lon="116.617547">
        <time>2022-05-30T12:50:50Z</time>
      </trkpt>
      <trkpt lat="39.905764" lon="116.617475">
        <time>2022-05-30T12:50:55Z</time>
      </trkpt>
      <trkpt lat="39.90576" lon="116.617404">
        <time>2022-05-30T12:51:00Z</time>
      </trkpt>
      <trkpt lat="39.905767" lon="116.6173">
        <time>2022-05-30T12:51:05Z</time>
      </trkpt>
      <trkpt lat="39.905782" lon="116.617184">
        <time>2022-05-30T12:51:10Z</time>
      </trkpt>
      <trkpt lat="39.90578" lon="116.61705">
        <time>2022-05-30T12:51:15Z</time>
      </trkpt>
      <trkpt lat="39.905754" lon="116.616807">
        <time>2022-05-30T12:51:20Z</time>
      </trkpt>
      <trkpt lat="39.905734" lon="116.616579">
        <time>2022-05-30T12:51:25Z</time>
      </trkpt>
      <trkpt lat="39.905729" lon="116.616391">
        <time>2022-05-30T12:51:30Z</time>
      </trkpt>
      <trkpt lat="39.905715" lon="116.616241">
        <time>2022-05-30T12:51:35Z</time>
      </trkpt>
      <trkpt lat="39.905733" lon="116.616115">
        <time>2022-05-30T12:51:40Z</time>
      </trkpt>
      <trkpt lat="39.905698" lon="116.615999">
        <time>2022-05-30T12:51:45Z</time>
      </trkpt>
      <trkpt lat="39.905717" lon="116.615884">
        <time>2022-05-30T12:51:50Z</time>
      </trkpt>
      <trkpt lat="39.905731" lon="116.615752">
        <time>2022-05-30T12:51:55Z</time>
      </trkpt>
      <trkpt lat="39.905737" lon="116.615616">
        <time>2022-05-30T12:52:00Z</time>
      </trkpt>
      <trkpt lat="39.905738" lon="116.615494">
        <time>2022-05-30T12:52:05Z</time>
      </trkpt>
      <trkpt lat="39.905714" lon="116.615385">
        <time>2022-05-30T12:52:10Z</time>
      </trkpt>
      <trkpt lat="39.905701" lon="116.615253">
        <time>2022-05-30T12:52:15Z</time>
      </trkpt>
      <trkpt lat="39.905716" lon="116.615127">
        <time>2022-05-30T12:52:20Z</time>
      </trkpt>
      <trkpt lat="39.905729" lon="116.615008">
        <time>2022-05-30T12:52:25Z</time>
      </trkpt>
      <trkpt lat="39.905723" lon="116.614888">
        <time>2022-05-30T12:52:30Z</time>
      </trkpt>
      <trkpt lat="39.905714" lon="116.614763">
        <time>2022-05-30T12:52:35Z</time>
      </trkpt>
      <trkpt lat="39.905724" lon="116.614652">
        <time>2022-05-30T12:52:40Z</time>
      </trkpt>
      <trkpt lat="39.905831" lon="116.61464">
        <time>2022-05-30T12:52:45Z</time>
      </trkpt>
      <trkpt lat="39.905924" lon="116.614714">
        <time>2022-05-30T12:52:50Z</time>
      </trkpt>
      <trkpt lat="39.905946" lon="116.614822">
        <time>2022-05-30T12:52:55Z</time>
      </trkpt>
      <trkpt lat="39.905962" lon="116.614867">
        <time>2022-05-30T12:53:00Z</time>
      </trkpt>
      <trkpt lat="39.90594" lon="116.614876">
        <time>2022-05-30T12:53:05Z</time>
      </trkpt>
      <trkpt lat="39.90595" lon="116.614862">
        <time>2022-05-30T12:53:10Z</time>
      </trkpt>
      <trkpt lat="39.905982" lon="116.61486">
        <time>2022-05-30T12:53:15Z</time>
      </trkpt>
      <trkpt lat="39.90597" lon="116.614833">
        <time>2022-05-30T12:53:20Z</time>
      </trkpt>
      <trkpt lat="39.905954" lon="116.614844">
        <time>2022-05-30T12:53:25Z</time>
      </trkpt>
      <trkpt lat="39.905942" lon="116.614895">
        <time>2022-05-30T12:53:30Z</time>
      </trkpt>
      <trkpt lat="39.905941" lon="116.614917">
        <time>2022-05-30T12:53:35Z</time>
      </trkpt>
      <trkpt lat="39.905941" lon="116.614917">
        <time>2022-05-30T12:53:40Z</time>
      </trkpt>
      <trkpt lat="39.905936" lon="116.614919">
        <time>2022-05-30T12:53:45Z</time>
      </trkpt>
      <trkpt lat="39.905955" lon="116.614919">
        <time>2022-05-30T12:53:50Z</time>
      </trkpt>
      <trkpt lat="39.905969" lon="116.614921">
        <time>2022-05-30T12:53:55Z</time>
      </trkpt>
      <trkpt lat="39.905968" lon="116.614916">
        <time>2022-05-30T12:54:00Z</time>
      </trkpt>
      <trkpt lat="39.905956" lon="116.614928">
        <time>2022-05-30T12:54:05Z</time>
      </trkpt>
      <trkpt lat="39.905928" lon="116.614986">
        <time>2022-05-30T12:54:10Z</time>
      </trkpt>
      <trkpt lat="39.905921" lon="116.614989">
        <time>2022-05-30T12:54:15Z</time>
      </trkpt>
      <trkpt lat="39.905905" lon="116.615012">
        <time>2022-05-30T12:54:20Z</time>
      </trkpt>
      <trkpt lat="39.905901" lon="116.615012">
        <time>2022-05-30T12:54:25Z</time>
      </trkpt>
      <trkpt lat="39.9059" lon="116.614999">
        <time>2022-05-30T12:54:30Z</time>
      </trkpt>
      <trkpt lat="39.905932" lon="116.614983">
        <time>2022-05-30T12:54:35Z</time>
      </trkpt>
      <trkpt lat="39.905906" lon="116.61497">
        <time>2022-05-30T12:54:40Z</time>
      </trkpt>
      <trkpt lat="39.90587" lon="116.614976">
        <time>2022-05-30T12:54:45Z</time>
      </trkpt>
      <trkpt lat="39.905863" lon="116.614983">
        <time>2022-05-30T12:54:50Z</time>
      </trkpt>
      <trkpt lat="39.905876" lon="116.614974">
        <time>2022-05-30T12:54:55Z</time>
      </trkpt>
      <trkpt lat="39.905893" lon="116.61497">
        <time>2022-05-30T12:55:00Z</time>
      </trkpt>
      <trkpt lat="39.905904" lon="116.614976">
        <time>2022-05-30T12:55:05Z</time>
      </trkpt>
      <trkpt lat="39.905907" lon="116.614977">
        <time>2022-05-30T12:55:10Z</time>
      </trkpt>
      <trkpt lat="39.905899" lon="116.614995">
        <time>2022-05-30T12:55:15Z</time>
      </trkpt>
      <trkpt lat="39.905863" lon="116.615142">
        <time>2022-05-30T12:55:20Z</time>
      </trkpt>
      <trkpt lat="39.90593" lon="116.615287">
        <time>2022-05-30T12:55:25Z</time>
      </trkpt>
      <trkpt lat="39.906014" lon="116.615429">
        <time>2022-05-30T12:55:30Z</time>
      </trkpt>
      <trkpt lat="39.906099" lon="116.61557">
        <time>2022-05-30T12:55:35Z</time>
      </trkpt>
      <trkpt lat="39.90618" lon="116.615725">
        <time>2022-05-30T12:55:40Z</time>
      </trkpt>
      <trkpt lat="39.906248" lon="116.615864">
        <time>2022-05-30T12:55:45Z</time>
      </trkpt>
      <trkpt lat="39.906325" lon="116.615969">
        <time>2022-05-30T12:55:50Z</time>
      </trkpt>
      <trkpt lat="39.906392" lon="116.616085">
        <time>2022-05-30T12:55:55Z</time>
      </trkpt>
      <trkpt lat="39.906439" lon="116.616216">
        <time>2022-05-30T12:56:00Z</time>
      </trkpt>
      <trkpt lat="39.906505" lon="116.616357">
        <time>2022-05-30T12:56:05Z</time>
      </trkpt>
      <trkpt lat="39.906553" lon="116.616517">
        <time>2022-05-30T12:56:10Z</time>
      </trkpt>
      <trkpt lat="39.906558" lon="116.616665">
        <time>2022-05-30T12:56:15Z</time>
      </trkpt>
      <trkpt lat="39.906546" lon="116.616812">
        <time>2022-05-30T12:56:20Z</time>
      </trkpt>
      <trkpt lat="39.906538" lon="116.616965">
        <time>2022-05-30T12:56:25Z</time>
      </trkpt>
      <trkpt lat="39.906541" lon="116.617113">
        <time>2022-05-30T12:56:30Z</time>
      </trkpt>
      <trkpt lat="39.906582" lon="116.617232">
        <time>2022-05-30T12:56:35Z</time>
      </trkpt>
      <trkpt lat="39.906611" lon="116.617359">
        <time>2022-05-30T12:56:40Z</time>
      </trkpt>
      <trkpt lat="39.906633" lon="116.617496">
        <time>2022-05-30T12:56:45Z</time>
      </trkpt>
      <trkpt lat="39.906657" lon="116.617634">
        <time>2022-05-30T12:56:50Z</time>
      </trkpt>
      <trkpt lat="39.906673" lon="116.617786">
        <time>2022-05-30T12:56:55Z</time>
      </trkpt>
      <trkpt lat="39.906681" lon="116.617909">
        <time>2022-05-30T12:57:00Z</time>
      </trkpt>
      <trkpt lat="39.906688" lon="116.618063">
        <time>2022-05-30T12:57:05Z</time>
      </trkpt>
      <trkpt lat="39.90671" lon="116.618172">
        <time>2022-05-30T12:57:10Z</time>
      </trkpt>
      <trkpt lat="39.906733" lon="116.61831">
        <time>2022-05-30T12:57:15Z</time>
      </trkpt>
      <trkpt lat="39.906767" lon="116.61845">
        <time>2022-05-30T12:57:20Z</time>
      </trkpt>
      <trkpt lat="39.906778" lon="116.618597">
        <time>2022-05-30T12:57:25Z</time>
      </trkpt>
      <trkpt lat="39.906801" lon="116.618729">
        <time>2022-05-30T12:57:30Z</time>
      </trkpt>
      <trkpt lat="39.906816" lon="116.618863">
        <time>2022-05-30T12:57:35Z</time>
      </trkpt>
      <trkpt lat="39.906854" lon="116.619006">
        <time>2022-05-30T12:57:40Z</time>
      </trkpt>
      <trkpt lat="39.906886" lon="116.619146">
        <time>2022-05-30T12:57:45Z</time>
      </trkpt>
      <trkpt lat="39.90689" lon="116.619306">
        <time>2022-05-30T12:57:50Z</time>
      </trkpt>
      <trkpt lat="39.906892" lon="116.619414">
        <time>2022-05-30T12:57:55Z</time>
      </trkpt>
      <trkpt lat="39.90687" lon="116.619624">
        <time>2022-05-30T12:58:00Z</time>
      </trkpt>
      <trkpt lat="39.906897" lon="116.619706">
        <time>2022-05-30T12:58:05Z</time>
      </trkpt>
      <trkpt lat="39.906934" lon="116.61984">
        <time>2022-05-30T12:58:10Z</time>
      </trkpt>
      <trkpt lat="39.906921" lon="116.619998">
        <time>2022-05-30T12:58:15Z</time>
      </trkpt>
      <trkpt lat="39.906976" lon="116.620156">
        <time>2022-05-30T12:58:20Z</time>
      </trkpt>
      <trkpt lat="39.906986" lon="116.620284">
        <time>2022-05-30T12:58:25Z</time>
      </trkpt>
      <trkpt lat="39.906982" lon="116.620427">
        <time>2022-05-30T12:58:30Z</time>
      </trkpt>
      <trkpt lat="39.907007" lon="116.620587">
        <time>2022-05-30T12:58:35Z</time>
      </trkpt>
      <trkpt lat="39.907026" lon="116.620719">
        <time>2022-05-30T12:58:40Z</time>
      </trkpt>
      <trkpt lat="39.907052" lon="116.620858">
        <time>2022-05-30T12:58:45Z</time>
      </trkpt>
      <trkpt lat="39.907095" lon="116.621007">
        <time>2022-05-30T12:58:50Z</time>
      </trkpt>
      <trkpt lat="39.907132" lon="116.621181">
        <time>2022-05-30T12:58:55Z</time>
      </trkpt>
      <trkpt lat="39.907157" lon="116.621336">
        <time>2022-05-30T12:59:00Z</time>
      </trkpt>
      <trkpt lat="39.90715" lon="116.621503">
        <time>2022-05-30T12:59:05Z</time>
      </trkpt>
      <trkpt lat="39.907144" lon="116.621648">
        <time>2022-05-30T12:59:10Z</time>
      </trkpt>
      <trkpt lat="39.907167" lon="116.621791">
        <time>2022-05-30T12:59:15Z</time>
      </trkpt>
      <trkpt lat="39.907225" lon="116.621914">
        <time>2022-05-30T12:59:20Z</time>
      </trkpt>
      <trkpt lat="39.907264" lon="116.622055">
        <time>2022-05-30T12:59:25Z</time>
      </trkpt>
      <trkpt lat="39.907259" lon="116.622199">
        <time>2022-05-30T12:59:30Z</time>
      </trkpt>
      <trkpt lat="39.907265" lon="116.622327">
        <time>2022-05-30T12:59:35Z</time>
      </trkpt>
      <trkpt lat="39.90729" lon="116.622486">
        <time>2022-05-30T12:59:40Z</time>
      </trkpt>
      <trkpt lat="39.907275" lon="116.622636">
        <time>2022-05-30T12:59:45Z</time>
      </trkpt>
      <trkpt lat="39.90726" lon="116.622783">
        <time>2022-05-30T12:59:50Z</time>
      </trkpt>
      <trkpt lat="39.907288" lon="116.622906">
        <time>2022-05-30T12:59:55Z</time>
      </trkpt>
      <trkpt lat="39.907331" lon="116.62304">
        <time>2022-05-30T13:00:00Z</time>
      </trkpt>
      <trkpt lat="39.907344" lon="116.623201">
        <time>2022-05-30T13:00:05Z</time>
      </trkpt>
      <trkpt lat="39.907346" lon="116.623369">
        <time>2022-05-30T13:00:10Z</time>
      </trkpt>
      <trkpt lat="39.907369" lon="116.623524">
        <time>2022-05-30T13:00:15Z</time>
      </trkpt>
      <trkpt lat="39.907381" lon="116.623654">
        <time>2022-05-30T13:00:20Z</time>
      </trkpt>
      <trkpt lat="39.907416" lon="116.62375">
        <time>2022-05-30T13:00:25Z</time>
      </trkpt>
      <trkpt lat="39.907432" lon="116.623886">
        <time>2022-05-30T13:00:30Z</time>
      </trkpt>
      <trkpt lat="39.907439" lon="116.624005">
        <time>2022-05-30T13:00:35Z</time>
      </trkpt>
      <trkpt lat="39.907438" lon="116.624132">
        <time>2022-05-30T13:00:40Z</time>
      </trkpt>
      <trkpt lat="39.907452" lon="116.624266">
        <time>2022-05-30T13:00:45Z</time>
      </trkpt>
      <trkpt lat="39.907466" lon="116.624386">
        <time>2022-05-30T13:00:50Z</time>
      </trkpt>
      <trkpt lat="39.907494" lon="116.624519">
        <time>2022-05-30T13:00:55Z</time>
      </trkpt>
      <trkpt lat="39.907514" lon="116.624663">
        <time>2022-05-30T13:01:00Z</time>
      </trkpt>
      <trkpt lat="39.907516" lon="116.624813">
        <time>2022-05-30T13:01:05Z</time>
      </trkpt>
      <trkpt lat="39.907525" lon="116.624955">
        <time>2022-05-30T13:01:10Z</time>
      </trkpt>
      <trkpt lat="39.907542" lon="116.62508">
        <time>2022-05-30T13:01:15Z</time>
      </trkpt>
      <trkpt lat="39.907538" lon="116.625202">
        <time>2022-05-30T13:01:20Z</time>
      </trkpt>
      <trkpt lat="39.907551" lon="116.625346">
        <time>2022-05-30T13:01:25Z</time>
      </trkpt>
      <trkpt lat="39.907556" lon="116.625486">
        <time>2022-05-30T13:01:30Z</time>
      </trkpt>
      <trkpt lat="39.907563" lon="116.625621">
        <time>2022-05-30T13:01:35Z</time>
      </trkpt>
      <trkpt lat="39.907573" lon="116.62577">
        <time>2022-05-30T13:01:40Z</time>
      </trkpt>
      <trkpt lat="39.907585" lon="116.625919">
        <time>2022-05-30T13:01:45Z</time>
      </trkpt>
      <trkpt lat="39.907606" lon="116.626053">
        <time>2022-05-30T13:01:50Z</time>
      </trkpt>
      <trkpt lat="39.90761" lon="116.626197">
        <time>2022-05-30T13:01:55Z</time>
      </trkpt>
      <trkpt lat="39.907628" lon="116.626324">
        <time>2022-05-30T13:02:00Z</time>
      </trkpt>
      <trkpt lat="39.907651" lon="116.626483">
        <time>2022-05-30T13:02:05Z</time>
      </trkpt>
      <trkpt lat="39.907669" lon="116.626636">
        <time>2022-05-30T13:02:10Z</time>
      </trkpt>
      <trkpt lat="39.90768" lon="116.626777">
        <time>2022-05-30T13:02:15Z</time>
      </trkpt>
      <trkpt lat="39.907698" lon="116.626913">
        <time>2022-05-30T13:02:20Z</time>
      </trkpt>
      <trkpt lat="39.907717" lon="116.627049">
        <time>2022-05-30T13:02:25Z</time>
      </trkpt>
      <trkpt lat="39.907732" lon="116.627181">
        <time>2022-05-30T13:02:30Z</time>
      </trkpt>
      <trkpt lat="39.90775" lon="116.627282">
        <time>2022-05-30T13:02:35Z</time>
      </trkpt>
      <trkpt lat="39.907791" lon="116.627457">
        <time>2022-05-30T13:02:40Z</time>
      </trkpt>
      <trkpt lat="39.907814" lon="116.627531">
        <time>2022-05-30T13:02:45Z</time>
      </trkpt>
      <trkpt lat="39.907845" lon="116.627668">
        <time>2022-05-30T13:02:50Z</time>
      </trkpt>
      <trkpt lat="39.907867" lon="116.627802">
        <time>2022-05-30T13:02:55Z</time>
      </trkpt>
      <trkpt lat="39.907869" lon="116.627984">
        <time>2022-05-30T13:03:00Z</time>
      </trkpt>
      <trkpt lat="39.907883" lon="116.628121">
        <time>2022-05-30T13:03:05Z</time>
      </trkpt>
      <trkpt lat="39.907902" lon="116.628254">
        <time>2022-05-30T13:03:10Z</time>
      </trkpt>
      <trkpt lat="39.907901" lon="116.628399">
        <time>2022-05-30T13:03:15Z</time>
      </trkpt>
      <trkpt lat="39.907923" lon="116.628515">
        <time>2022-05-30T13:03:20Z</time>
      </trkpt>
      <trkpt lat="39.907941" lon="116.628657">
        <time>2022-05-30T13:03:25Z</time>
      </trkpt>
      <trkpt lat="39.907954" lon="116.628804">
        <time>2022-05-30T13:03:30Z</time>
      </trkpt>
      <trkpt lat="39.907975" lon="116.628944">
        <time>2022-05-30T13:03:35Z</time>
      </trkpt>
      <trkpt lat="39.907981" lon="116.629098">
        <time>2022-05-30T13:03:40Z</time>
      </trkpt>
      <trkpt lat="39.907992" lon="116.629221">
        <time>2022-05-30T13:03:45Z</time>
      </trkpt>
      <trkpt lat="39.90801" lon="116.629362">
        <time>2022-05-30T13:03:50Z</time>
      </trkpt>
      <trkpt lat="39.908042" lon="116.629465">
        <time>2022-05-30T13:03:55Z</time>
      </trkpt>
      <trkpt lat="39.908064" lon="116.629575">
        <time>2022-05-30T13:04:00Z</time>
      </trkpt>
      <trkpt lat="39.908072" lon="116.629664">
        <time>2022-05-30T13:04:05Z</time>
      </trkpt>
      <trkpt lat="39.908077" lon="116.629783">
        <time>2022-05-30T13:04:10Z</time>
      </trkpt>
      <trkpt lat="39.908096" lon="116.629908">
        <time>2022-05-30T13:04:15Z</time>
      </trkpt>
      <trkpt lat="39.908104" lon="116.630063">
        <time>2022-05-30T13:04:20Z</time>
      </trkpt>
      <trkpt lat="39.908108" lon="116.630212">
        <time>2022-05-30T13:04:25Z</time>
      </trkpt>
      <trkpt lat="39.908132" lon="116.630355">
        <time>2022-05-30T13:04:30Z</time>
      </trkpt>
      <trkpt lat="39.908144" lon="116.630497">
        <time>2022-05-30T13:04:35Z</time>
      </trkpt>
      <trkpt lat="39.90815" lon="116.630652">
        <time>2022-05-30T13:04:40Z</time>
      </trkpt>
      <trkpt lat="39.908173" lon="116.630794">
        <time>2022-05-30T13:04:45Z</time>
      </trkpt>
      <trkpt lat="39.908186" lon="116.630931">
        <time>2022-05-30T13:04:50Z</time>
      </trkpt>
      <trkpt lat="39.908202" lon="116.631066">
        <time>2022-05-30T13:04:55Z</time>
      </trkpt>
      <trkpt lat="39.90822" lon="116.631208">
        <time>2022-05-30T13:05:00Z</time>
      </trkpt>
      <trkpt lat="39.908243" lon="116.631336">
        <time>2022-05-30T13:05:05Z</time>
      </trkpt>
      <trkpt lat="39.908265" lon="116.631478">
        <time>2022-05-30T13:05:10Z</time>
      </trkpt>
      <trkpt lat="39.908299" lon="116.63162">
        <time>2022-05-30T13:05:15Z</time>
      </trkpt>
      <trkpt lat="39.90831" lon="116.63176">
        <time>2022-05-30T13:05:20Z</time>
      </trkpt>
      <trkpt lat="39.908321" lon="116.631904">
        <time>2022-05-30T13:05:25Z</time>
      </trkpt>
      <trkpt lat="39.908333" lon="116.632064">
        <time>2022-05-30T13:05:30Z</time>
      </trkpt>
      <trkpt lat="39.908355" lon="116.632241">
        <time>2022-05-30T13:05:35Z</time>
      </trkpt>
      <trkpt lat="39.908387" lon="116.632378">
        <time>2022-05-30T13:05:40Z</time>
      </trkpt>
      <trkpt lat="39.908401" lon="116.632545">
        <time>2022-05-30T13:05:45Z</time>
      </trkpt>
      <trkpt lat="39.90841" lon="116.63271">
        <time>2022-05-30T13:05:50Z</time>
      </trkpt>
      <trkpt lat="39.908416" lon="116.63287">
        <time>2022-05-30T13:05:55Z</time>
      </trkpt>
      <trkpt lat="39.908414" lon="116.632997">
        <time>2022-05-30T13:06:00Z</time>
      </trkpt>
      <trkpt lat="39.908404" lon="116.633128">
        <time>2022-05-30T13:06:05Z</time>
      </trkpt>
      <trkpt lat="39.90842" lon="116.633209">
        <time>2022-05-30T13:06:10Z</time>
      </trkpt>
      <trkpt lat="39.908442" lon="116.633331">
        <time>2022-05-30T13:06:15Z</time>
      </trkpt>
      <trkpt lat="39.908442" lon="116.633456">
        <time>2022-05-30T13:06:20Z</time>
      </trkpt>
      <trkpt lat="39.908434" lon="116.633597">
        <time>2022-05-30T13:06:25Z</time>
      </trkpt>
      <trkpt lat="39.908443" lon="116.633735">
        <time>2022-05-30T13:06:30Z</time>
      </trkpt>
      <trkpt lat="39.908439" lon="116.633847">
        <time>2022-05-30T13:06:35Z</time>
      </trkpt>
      <trkpt lat="39.908433" lon="116.633968">
        <time>2022-05-30T13:06:40Z</time>
      </trkpt>
      <trkpt lat="39.908431" lon="116.634099">
        <time>2022-05-30T13:06:45Z</time>
      </trkpt>
      <trkpt lat="39.90843" lon="116.63423">
        <time>2022-05-30T13:06:50Z</time>
      </trkpt>
      <trkpt lat="39.908427" lon="116.634355">
        <time>2022-05-30T13:06:55Z</time>
      </trkpt>
      <trkpt lat="39.90843" lon="116.634496">
        <time>2022-05-30T13:07:00Z</time>
      </trkpt>
      <trkpt lat="39.908432" lon="116.634623">
        <time>2022-05-30T13:07:05Z</time>
      </trkpt>
      <trkpt lat="39.908444" lon="116.63478">
        <time>2022-05-30T13:07:10Z</time>
      </trkpt>
      <trkpt lat="39.908446" lon="116.634941">
        <time>2022-05-30T13:07:15Z</time>
      </trkpt>
      <trkpt lat="39.908451" lon="116.635096">
        <time>2022-05-30T13:07:20Z</time>
      </trkpt>
      <trkpt lat="39.90845" lon="116.635205">
        <time>2022-05-30T13:07:25Z</time>
      </trkpt>
      <trkpt lat="39.908437" lon="116.635316">
        <time>2022-05-30T13:07:30Z</time>
      </trkpt>
      <trkpt lat="39.908444" lon="116.635438">
        <time>2022-05-30T13:07:35Z</time>
      </trkpt>
      <trkpt lat="39.908461" lon="116.635596">
        <time>2022-05-30T13:07:40Z</time>
      </trkpt>
      <trkpt lat="39.908459" lon="116.635753">
        <time>2022-05-30T13:07:45Z</time>
      </trkpt>
      <trkpt lat="39.908444" lon="116.635895">
        <time>2022-05-30T13:07:50Z</time>
      </trkpt>
      <trkpt lat="39.908424" lon="116.63606">
        <time>2022-05-30T13:07:55Z</time>
      </trkpt>
      <trkpt lat="39.908415" lon="116.636232">
        <time>2022-05-30T13:08:00Z</time>
      </trkpt>
      <trkpt lat="39.908383" lon="116.636405">
        <time>2022-05-30T13:08:05Z</time>
      </trkpt>
      <trkpt lat="39.908358" lon="116.636553">
        <time>2022-05-30T13:08:10Z</time>
      </trkpt>
      <trkpt lat="39.908344" lon="116.636683">
        <time>2022-05-30T13:08:15Z</time>
      </trkpt>
      <trkpt lat="39.90831" lon="116.636836">
        <time>2022-05-30T13:08:20Z</time>
      </trkpt>
      <trkpt lat="39.908263" lon="116.636976">
        <time>2022-05-30T13:08:25Z</time>
      </trkpt>
      <trkpt lat="39.908241" lon="116.637123">
        <time>2022-05-30T13:08:30Z</time>
      </trkpt>
      <trkpt lat="39.908201" lon="116.637242">
        <time>2022-05-30T13:08:35Z</time>
      </trkpt>
      <trkpt lat="39.908185" lon="116.637255">
        <time>2022-05-30T13:08:40Z</time>
      </trkpt>
      <trkpt lat="39.908206" lon="116.637403">
        <time>2022-05-30T13:08:45Z</time>
      </trkpt>
      <trkpt lat="39.908259" lon="116.637548">
        <time>2022-05-30T13:08:50Z</time>
      </trkpt>
      <trkpt lat="39.908326" lon="116.637759">
        <time>2022-05-30T13:08:55Z</time>
      </trkpt>
      <trkpt lat="39.908341" lon="116.637822">
        <time>2022-05-30T13:09:00Z</time>
      </trkpt>
      <trkpt lat="39.908392" lon="116.63795">
        <time>2022-05-30T13:09:05Z</time>
      </trkpt>
      <trkpt lat="39.908439" lon="116.638089">
        <time>2022-05-30T13:09:10Z</time>
      </trkpt>
      <trkpt lat="39.908493" lon="116.638256">
        <time>2022-05-30T13:09:15Z</time>
      </trkpt>
      <trkpt lat="39.908487" lon="116.638433">
        <time>2022-05-30T13:09:20Z</time>
      </trkpt>
      <trkpt lat="39.908493" lon="116.638627">
        <time>2022-05-30T13:09:25Z</time>
      </trkpt>
      <trkpt lat="39.908498" lon="116.638793">
        <time>2022-05-30T13:09:30Z</time>
      </trkpt>
      <trkpt lat="39.908515" lon="116.638958">
        <time>2022-05-30T13:09:35Z</time>
      </trkpt>
      <trkpt lat="39.908484" lon="116.639111">
        <time>2022-05-30T13:09:40Z</time>
      </trkpt>
      <trkpt lat="39.908468" lon="116.639269">
        <time>2022-05-30T13:09:45Z</time>
      </trkpt>
      <trkpt lat="39.908478" lon="116.639453">
        <time>2022-05-30T13:09:50Z</time>
      </trkpt>
      <trkpt lat="39.908479" lon="116.639603">
        <time>2022-05-30T13:09:55Z</time>
      </trkpt>
      <trkpt lat="39.908493" lon="116.639762">
        <time>2022-05-30T13:10:00Z</time>
      </trkpt>
      <trkpt lat="39.908489" lon="116.639864">
        <time>2022-05-30T13:10:05Z</time>
      </trkpt>
      <trkpt lat="39.908513" lon="116.639995">
        <time>2022-05-30T13:10:10Z</time>
      </trkpt>
      <trkpt lat="39.908522" lon="116.64015">
        <time>2022-05-30T13:10:15Z</time>
      </trkpt>
      <trkpt lat="39.908524" lon="116.640284">
        <time>2022-05-30T13:10:20Z</time>
      </trkpt>
      <trkpt lat="39.908552" lon="116.640432">
        <time>2022-05-30T13:10:25Z</time>
      </trkpt>
      <trkpt lat="39.908554" lon="116.640583">
        <time>2022-05-30T13:10:30Z</time>
      </trkpt>
      <trkpt lat="39.908568" lon="116.640709">
        <time>2022-05-30T13:10:35Z</time>
      </trkpt>
      <trkpt lat="39.908566" lon="116.640833">
        <time>2022-05-30T13:10:40Z</time>
      </trkpt>
      <trkpt lat="39.908586" lon="116.640976">
        <time>2022-05-30T13:10:45Z</time>
      </trkpt>
      <trkpt lat="39.908564" lon="116.641232">
        <time>2022-05-30T13:10:50Z</time>
      </trkpt>
      <trkpt lat="39.908544" lon="116.641289">
        <time>2022-05-30T13:10:55Z</time>
      </trkpt>
      <trkpt lat="39.90855" lon="116.641428">
        <time>2022-05-30T13:11:00Z</time>
      </trkpt>
      <trkpt lat="39.908547" lon="116.641608">
        <time>2022-05-30T13:11:05Z</time>
      </trkpt>
      <trkpt lat="39.908557" lon="116.641757">
        <time>2022-05-30T13:11:10Z</time>
      </trkpt>
      <trkpt lat="39.908562" lon="116.64191">
        <time>2022-05-30T13:11:15Z</time>
      </trkpt>
      <trkpt lat="39.908568" lon="116.642047">
        <time>2022-05-30T13:11:20Z</time>
      </trkpt>
      <trkpt lat="39.908566" lon="116.642172">
        <time>2022-05-30T13:11:25Z</time>
      </trkpt>
      <trkpt lat="39.908561" lon="116.642307">
        <time>2022-05-30T13:11:30Z</time>
      </trkpt>
      <trkpt lat="39.908567" lon="116.642441">
        <time>2022-05-30T13:11:35Z</time>
      </trkpt>
      <trkpt lat="39.908579" lon="116.642609">
        <time>2022-05-30T13:11:40Z</time>
      </trkpt>
      <trkpt lat="39.90859" lon="116.642779">
        <time>2022-05-30T13:11:45Z</time>
      </trkpt>
      <trkpt lat="39.908597" lon="116.642831">
        <time>2022-05-30T13:11:50Z</time>
      </trkpt>
      <trkpt lat="39.908638" lon="116.642971">
        <time>2022-05-30T13:11:55Z</time>
      </trkpt>
      <trkpt lat="39.908636" lon="116.643091">
        <time>2022-05-30T13:12:00Z</time>
      </trkpt>
      <trkpt lat="39.908629" lon="116.643217">
        <time>2022-05-30T13:12:05Z</time>
      </trkpt>
      <trkpt lat="39.908614" lon="116.64335">
        <time>2022-05-30T13:12:10Z</time>
      </trkpt>
      <trkpt lat="39.908659" lon="116.64347">
        <time>2022-05-30T13:12:15Z</time>
      </trkpt>
      <trkpt lat="39.908691" lon="116.643605">
        <time>2022-05-30T13:12:20Z</time>
      </trkpt>
      <trkpt lat="39.908675" lon="116.643797">
        <time>2022-05-30T13:12:25Z</time>
      </trkpt>
      <trkpt lat="39.908678" lon="116.643958">
        <time>2022-05-30T13:12:30Z</time>
      </trkpt>
      <trkpt lat="39.908674" lon="116.644112">
        <time>2022-05-30T13:12:35Z</time>
      </trkpt>
      <trkpt lat="39.908643" lon="116.644266">
        <time>2022-05-30T13:12:40Z</time>
      </trkpt>
      <trkpt lat="39.908623" lon="116.644382">
        <time>2022-05-30T13:12:45Z</time>
      </trkpt>
      <trkpt lat="39.908635" lon="116.64451">
        <time>2022-05-30T13:12:50Z</time>
      </trkpt>
      <trkpt lat="39.908653" lon="116.644635">
        <time>2022-05-30T13:12:55Z</time>
      </trkpt>
      <trkpt lat="39.908665" lon="116.644763">
        <time>2022-05-30T13:13:00Z</time>
      </trkpt>
      <trkpt lat="39.908662" lon="116.644889">
        <time>2022-05-30T13:13:05Z</time>
      </trkpt>
      <trkpt lat="39.90868" lon="116.645009">
        <time>2022-05-30T13:13:10Z</time>
      </trkpt>
      <trkpt lat="39.908705" lon="116.645146">
        <time>2022-05-30T13:13:15Z</time>
      </trkpt>
      <trkpt lat="39.908744" lon="116.645267">
        <time>2022-05-30T13:13:20Z</time>
      </trkpt>
      <trkpt lat="39.908788" lon="116.645397">
        <time>2022-05-30T13:13:25Z</time>
      </trkpt>
      <trkpt lat="39.908831" lon="116.645532">
        <time>2022-05-30T13:13:30Z</time>
      </trkpt>
      <trkpt lat="39.908832" lon="116.645677">
        <time>2022-05-30T13:13:35Z</time>
      </trkpt>
      <trkpt lat="39.90884" lon="116.645818">
        <time>2022-05-30T13:13:40Z</time>
      </trkpt>
      <trkpt lat="39.908896" lon="116.645957">
        <time>2022-05-30T13:13:45Z</time>
      </trkpt>
      <trkpt lat="39.908925" lon="116.646087">
        <time>2022-05-30T13:13:50Z</time>
      </trkpt>
      <trkpt lat="39.90897" lon="116.646225">
        <time>2022-05-30T13:13:55Z</time>
      </trkpt>
      <trkpt lat="39.909012" lon="116.646368">
        <time>2022-05-30T13:14:00Z</time>
      </trkpt>
      <trkpt lat="39.909056" lon="116.646504">
        <time>2022-05-30T13:14:05Z</time>
      </trkpt>
      <trkpt lat="39.909075" lon="116.646637">
        <time>2022-05-30T13:14:10Z</time>
      </trkpt>
      <trkpt lat="39.909119" lon="116.646766">
        <time>2022-05-30T13:14:15Z</time>
      </trkpt>
      <trkpt lat="39.909185" lon="116.646898">
        <time>2022-05-30T13:14:20Z</time>
      </trkpt>
      <trkpt lat="39.909234" lon="116.647048">
        <time>2022-05-30T13:14:25Z</time>
      </trkpt>
      <trkpt lat="39.909238" lon="116.647207">
        <time>2022-05-30T13:14:30Z</time>
      </trkpt>
      <trkpt lat="39.909273" lon="116.647349">
        <time>2022-05-30T13:14:35Z</time>
      </trkpt>
      <trkpt lat="39.909306" lon="116.647496">
        <time>2022-05-30T13:14:40Z</time>
      </trkpt>
      <trkpt lat="39.909352" lon="116.647644">
        <time>2022-05-30T13:14:45Z</time>
      </trkpt>
      <trkpt lat="39.909387" lon="116.647802">
        <time>2022-05-30T13:14:50Z</time>
      </trkpt>
      <trkpt lat="39.90944" lon="116.647951">
        <time>2022-05-30T13:14:55Z</time>
      </trkpt>
      <trkpt lat="39.909484" lon="116.648129">
        <time>2022-05-30T13:15:00Z</time>
      </trkpt>
      <trkpt lat="39.909542" lon="116.648272">
        <time>2022-05-30T13:15:05Z</time>
      </trkpt>
      <trkpt lat="39.909574" lon="116.648425">
        <time>2022-05-30T13:15:10Z</time>
      </trkpt>
      <trkpt lat="39.909611" lon="116.648579">
        <time>2022-05-30T13:15:15Z</time>
      </trkpt>
      <trkpt lat="39.909647" lon="116.648732">
        <time>2022-05-30T13:15:20Z</time>
      </trkpt>
      <trkpt lat="39.909706" lon="116.648883">
        <time>2022-05-30T13:15:25Z</time>
      </trkpt>
      <trkpt lat="39.909771" lon="116.649093">
        <time>2022-05-30T13:15:30Z</time>
      </trkpt>
      <trkpt lat="39.909804" lon="116.649185">
        <time>2022-05-30T13:15:35Z</time>
      </trkpt>
      <trkpt lat="39.909847" lon="116.649343">
        <time>2022-05-30T13:15:40Z</time>
      </trkpt>
      <trkpt lat="39.909884" lon="116.649508">
        <time>2022-05-30T13:15:45Z</time>
      </trkpt>
      <trkpt lat="39.909923" lon="116.649677">
        <time>2022-05-30T13:15:50Z</time>
      </trkpt>
      <trkpt lat="39.909972" lon="116.649827">
        <time>2022-05-30T13:15:55Z</time>
      </trkpt>
      <trkpt lat="39.909993" lon="116.649985">
        <time>2022-05-30T13:16:00Z</time>
      </trkpt>
      <trkpt lat="39.910015" lon="116.650067">
        <time>2022-05-30T13:16:05Z</time>
      </trkpt>
      <trkpt lat="39.910023" lon="116.650145">
        <time>2022-05-30T13:16:10Z</time>
      </trkpt>
      <trkpt lat="39.910035" lon="116.650243">
        <time>2022-05-30T13:16:15Z</time>
      </trkpt>
      <trkpt lat="39.910039" lon="116.650386">
        <time>2022-05-30T13:16:20Z</time>
      </trkpt>
      <trkpt lat="39.910041" lon="116.650523">
        <time>2022-05-30T13:16:25Z</time>
      </trkpt>
      <trkpt lat="39.910022" lon="116.650655">
        <time>2022-05-30T13:16:30Z</time>
      </trkpt>
      <trkpt lat="39.910023" lon="116.650781">
        <time>2022-05-30T13:16:35Z</time>
      </trkpt>
      <trkpt lat="39.910025" lon="116.650898">
        <time>2022-05-30T13:16:40Z</time>
      </trkpt>
      <trkpt lat="39.910019" lon="116.650962">
        <time>2022-05-30T13:16:45Z</time>
      </trkpt>
      <trkpt lat="39.909985" lon="116.650992">
        <time>2022-05-30T13:16:50Z</time>
      </trkpt>
      <trkpt lat="39.910006" lon="116.651014">
        <time>2022-05-30T13:16:55Z</time>
      </trkpt>
      <trkpt lat="39.910104" lon="116.651025">
        <time>2022-05-30T13:17:00Z</time>
      </trkpt>
      <trkpt lat="39.910224" lon="116.650986">
        <time>2022-05-30T13:17:05Z</time>
      </trkpt>
      <trkpt lat="39.910359" lon="116.650961">
        <time>2022-05-30T13:17:10Z</time>
      </trkpt>
      <trkpt lat="39.910494" lon="116.650926">
        <time>2022-05-30T13:17:15Z</time>
      </trkpt>
      <trkpt lat="39.910614" lon="116.650905">
        <time>2022-05-30T13:17:20Z</time>
      </trkpt>
      <trkpt lat="39.910752" lon="116.650892">
        <time>2022-05-30T13:17:25Z</time>
      </trkpt>
      <trkpt lat="39.91088" lon="116.650871">
        <time>2022-05-30T13:17:30Z</time>
      </trkpt>
      <trkpt lat="39.910988" lon="116.650849">
        <time>2022-05-30T13:17:35Z</time>
      </trkpt>
      <trkpt lat="39.911109" lon="116.650815">
        <time>2022-05-30T13:17:40Z</time>
      </trkpt>
      <trkpt lat="39.911213" lon="116.650785">
        <time>2022-05-30T13:17:45Z</time>
      </trkpt>
      <trkpt lat="39.911296" lon="116.650778">
        <time>2022-05-30T13:17:50Z</time>
      </trkpt>
      <trkpt lat="39.911358" lon="116.650771">
        <time>2022-05-30T13:17:55Z</time>
      </trkpt>
      <trkpt lat="39.911384" lon="116.650882">
        <time>2022-05-30T13:18:00Z</time>
      </trkpt>
      <trkpt lat="39.911404" lon="116.651139">
        <time>2022-05-30T13:18:05Z</time>
      </trkpt>
      <trkpt lat="39.911384" lon="116.651384">
        <time>2022-05-30T13:18:10Z</time>
      </trkpt>
      <trkpt lat="39.911315" lon="116.651517">
        <time>2022-05-30T13:18:15Z</time>
      </trkpt>
      <trkpt lat="39.911251" lon="116.651584">
        <time>2022-05-30T13:18:20Z</time>
      </trkpt>
      <trkpt lat="39.911193" lon="116.651622">
        <time>2022-05-30T13:18:25Z</time>
      </trkpt>
      <trkpt lat="39.911171" lon="116.651702">
        <time>2022-05-30T13:18:30Z</time>
      </trkpt>
      <trkpt lat="39.911158" lon="116.651758">
        <time>2022-05-30T13:18:35Z</time>
      </trkpt>
      <trkpt lat="39.91117" lon="116.651821">
        <time>2022-05-30T13:18:40Z</time>
      </trkpt>
      <trkpt lat="39.911129" lon="116.651859">
        <time>2022-05-30T13:18:45Z</time>
      </trkpt>
      <trkpt lat="39.911112" lon="116.65198">
        <time>2022-05-30T13:18:50Z</time>
      </trkpt>
      <trkpt lat="39.911024" lon="116.652019">
        <time>2022-05-30T13:18:55Z</time>
      </trkpt>
      <trkpt lat="39.911074" lon="116.65212">
        <time>2022-05-30T13:19:00Z</time>
      </trkpt>
      <trkpt lat="39.911143" lon="116.652247">
        <time>2022-05-30T13:19:05Z</time>
      </trkpt>
      <trkpt lat="39.911222" lon="116.652349">
        <time>2022-05-30T13:19:10Z</time>
      </trkpt>
      <trkpt lat="39.911304" lon="116.652426">
        <time>2022-05-30T13:19:15Z</time>
      </trkpt>
      <trkpt lat="39.911396" lon="116.652504">
        <time>2022-05-30T13:19:20Z</time>
      </trkpt>
      <trkpt lat="39.911495" lon="116.652575">
        <time>2022-05-30T13:19:25Z</time>
      </trkpt>
      <trkpt lat="39.911596" lon="116.652635">
        <time>2022-05-30T13:19:30Z</time>
      </trkpt>
      <trkpt lat="39.911693" lon="116.652707">
        <time>2022-05-30T13:19:35Z</time>
      </trkpt>
      <trkpt lat="39.911784" lon="116.65277">
        <time>2022-05-30T13:19:40Z</time>
      </trkpt>
      <trkpt lat="39.911887" lon="116.652839">
        <time>2022-05-30T13:19:45Z</time>
      </trkpt>
      <trkpt lat="39.911994" lon="116.652934">
        <time>2022-05-30T13:19:50Z</time>
      </trkpt>
      <trkpt lat="39.912089" lon="116.653031">
        <time>2022-05-30T13:19:55Z</time>
      </trkpt>
      <trkpt lat="39.912195" lon="116.653123">
        <time>2022-05-30T13:20:00Z</time>
      </trkpt>
      <trkpt lat="39.912298" lon="116.653227">
        <time>2022-05-30T13:20:05Z</time>
      </trkpt>
      <trkpt lat="39.91241" lon="116.653315">
        <time>2022-05-30T13:20:10Z</time>
      </trkpt>
      <trkpt lat="39.912532" lon="116.653394">
        <time>2022-05-30T13:20:15Z</time>
      </trkpt>
      <trkpt lat="39.912641" lon="116.653465">
        <time>2022-05-30T13:20:20Z</time>
      </trkpt>
      <trkpt lat="39.912743" lon="116.653542">
        <time>2022-05-30T13:20:25Z</time>
      </trkpt>
      <trkpt lat="39.912824" lon="116.653625">
        <time>2022-05-30T13:20:30Z</time>
      </trkpt>
      <trkpt lat="39.912876" lon="116.653677">
        <time>2022-05-30T13:20:35Z</time>
      </trkpt>
      <trkpt lat="39.912964" lon="116.653783">
        <time>2022-05-30T13:20:40Z</time>
      </trkpt>
      <trkpt lat="39.913052" lon="116.653861">
        <time>2022-05-30T13:20:45Z</time>
      </trkpt>
      <trkpt lat="39.913143" lon="116.653938">
        <time>2022-05-30T13:20:50Z</time>
      </trkpt>
      <trkpt lat="39.913219" lon="116.653989">
        <time>2022-05-30T13:20:55Z</time>
      </trkpt>
      <trkpt lat="39.913313" lon="116.654041">
        <time>2022-05-30T13:21:00Z</time>
      </trkpt>
      <trkpt lat="39.913409" lon="116.654103">
        <time>2022-05-30T13:21:05Z</time>
      </trkpt>
      <trkpt lat="39.913513" lon="116.654204">
        <time>2022-05-30T13:21:10Z</time>
      </trkpt>
      <trkpt lat="39.913605" lon="116.654297">
        <time>2022-05-30T13:21:15Z</time>
      </trkpt>
      <trkpt lat="39.913719" lon="116.654401">
        <time>2022-05-30T13:21:20Z</time>
      </trkpt>
      <trkpt lat="39.913825" lon="116.654491">
        <time>2022-05-30T13:21:25Z</time>
      </trkpt>
      <trkpt lat="39.913922" lon="116.654599">
        <time>2022-05-30T13:21:30Z</time>
      </trkpt>
      <trkpt lat="39.91402" lon="116.654708">
        <time>2022-05-30T13:21:35Z</time>
      </trkpt>
      <trkpt lat="39.914135" lon="116.654787">
        <time>2022-05-30T13:21:40Z</time>
      </trkpt>
      <trkpt lat="39.914232" lon="116.654903">
        <time>2022-05-30T13:21:45Z</time>
      </trkpt>
      <trkpt lat="39.914315" lon="116.655028">
        <time>2022-05-30T13:21:50Z</time>
      </trkpt>
      <trkpt lat="39.914404" lon="116.655154">
        <time>2022-05-30T13:21:55Z</time>
      </trkpt>
      <trkpt lat="39.914516" lon="116.655282">
        <time>2022-05-30T13:22:00Z</time>
      </trkpt>
      <trkpt lat="39.914616" lon="116.655376">
        <time>2022-05-30T13:22:05Z</time>
      </trkpt>
      <trkpt lat="39.914691" lon="116.655466">
        <time>2022-05-30T13:22:10Z</time>
      </trkpt>
      <trkpt lat="39.914737" lon="116.655535">
        <time>2022-05-30T13:22:15Z</time>
      </trkpt>
      <trkpt lat="39.914788" lon="116.655633">
        <time>2022-05-30T13:22:20Z</time>
      </trkpt>
      <trkpt lat="39.914861" lon="116.655775">
        <time>2022-05-30T13:22:25Z</time>
      </trkpt>
      <trkpt lat="39.914927" lon="116.65589">
        <time>2022-05-30T13:22:30Z</time>
      </trkpt>
      <trkpt lat="39.914987" lon="116.656034">
        <time>2022-05-30T13:22:35Z</time>
      </trkpt>
      <trkpt lat="39.915052" lon="116.656158">
        <time>2022-05-30T13:22:40Z</time>
      </trkpt>
      <trkpt lat="39.915099" lon="116.656214">
        <time>2022-05-30T13:22:45Z</time>
      </trkpt>
      <trkpt lat="39.915169" lon="116.656278">
        <time>2022-05-30T13:22:50Z</time>
      </trkpt>
      <trkpt lat="39.915224" lon="116.656354">
        <time>2022-05-30T13:22:55Z</time>
      </trkpt>
      <trkpt lat="39.915306" lon="116.656517">
        <time>2022-05-30T13:23:00Z</time>
      </trkpt>
      <trkpt lat="39.915357" lon="116.656677">
        <time>2022-05-30T13:23:05Z</time>
      </trkpt>
      <trkpt lat="39.915431" lon="116.656865">
        <time>2022-05-30T13:23:10Z</time>
      </trkpt>
      <trkpt lat="39.915485" lon="116.656966">
        <time>2022-05-30T13:23:15Z</time>
      </trkpt>
      <trkpt lat="39.915552" lon="116.657072">
        <time>2022-05-30T13:23:20Z</time>
      </trkpt>
      <trkpt lat="39.91561" lon="116.657134">
        <time>2022-05-30T13:23:25Z</time>
      </trkpt>
      <trkpt lat="39.915662" lon="116.657227">
        <time>2022-05-30T13:23:30Z</time>
      </trkpt>
      <trkpt lat="39.915733" lon="116.65733">
        <time>2022-05-30T13:23:35Z</time>
      </trkpt>
      <trkpt lat="39.915809" lon="116.657427">
        <time>2022-05-30T13:23:40Z</time>
      </trkpt>
      <trkpt lat="39.915879" lon="116.657514">
        <time>2022-05-30T13:23:45Z</time>
      </trkpt>
      <trkpt lat="39.91595" lon="116.65761">
        <time>2022-05-30T13:23:50Z</time>
      </trkpt>
      <trkpt lat="39.916023" lon="116.657708">
        <time>2022-05-30T13:23:55Z</time>
      </trkpt>
      <trkpt lat="39.916119" lon="116.657828">
        <time>2022-05-30T13:24:00Z</time>
      </trkpt>
      <trkpt lat="39.916198" lon="116.657954">
        <time>2022-05-30T13:24:05Z</time>
      </trkpt>
      <trkpt lat="39.916269" lon="116.658072">
        <time>2022-05-30T13:24:10Z</time>
      </trkpt>
      <trkpt lat="39.916349" lon="116.658182">
        <time>2022-05-30T13:24:15Z</time>
      </trkpt>
      <trkpt lat="39.916416" lon="116.658301">
        <time>2022-05-30T13:24:20Z</time>
      </trkpt>
      <trkpt lat="39.916483" lon="116.658425">
        <time>2022-05-30T13:24:25Z</time>
      </trkpt>
      <trkpt lat="39.916549" lon="116.658482">
        <time>2022-05-30T13:24:30Z</time>
      </trkpt>
      <trkpt lat="39.916627" lon="116.658608">
        <time>2022-05-30T13:24:35Z</time>
      </trkpt>
      <trkpt lat="39.9167" lon="116.65872">
        <time>2022-05-30T13:24:40Z</time>
      </trkpt>
      <trkpt lat="39.916763" lon="116.658849">
        <time>2022-05-30T13:24:45Z</time>
      </trkpt>
      <trkpt lat="39.916829" lon="116.658971">
        <time>2022-05-30T13:24:50Z</time>
      </trkpt>
      <trkpt lat="39.916881" lon="116.65906">
        <time>2022-05-30T13:24:55Z</time>
      </trkpt>
      <trkpt lat="39.916922" lon="116.659116">
        <time>2022-05-30T13:25:00Z</time>
      </trkpt>
      <trkpt lat="39.916985" lon="116.659216">
        <time>2022-05-30T13:25:05Z</time>
      </trkpt>
      <trkpt lat="39.917064" lon="116.659312">
        <time>2022-05-30T13:25:10Z</time>
      </trkpt>
      <trkpt lat="39.917079" lon="116.659306">
        <time>2022-05-30T13:25:15Z</time>
      </trkpt>
      <trkpt lat="39.91698" lon="116.659177">
        <time>2022-05-30T13:25:20Z</time>
      </trkpt>
      <trkpt lat="39.916915" lon="116.659087">
        <time>2022-05-30T13:25:25Z</time>
      </trkpt>
      <trkpt lat="39.916861" lon="116.659009">
        <time>2022-05-30T13:25:30Z</time>
      </trkpt>
      <trkpt lat="39.916794" lon="116.658899">
        <time>2022-05-30T13:25:35Z</time>
      </trkpt>
      <trkpt lat="39.916702" lon="116.658761">
        <time>2022-05-30T13:25:40Z</time>
      </trkpt>
      <trkpt lat="39.916636" lon="116.658656">
        <time>2022-05-30T13:25:45Z</time>
      </trkpt>
      <trkpt lat="39.916566" lon="116.658532">
        <time>2022-05-30T13:25:50Z</time>
      </trkpt>
      <trkpt lat="39.916498" lon="116.658409">
        <time>2022-05-30T13:25:55Z</time>
      </trkpt>
      <trkpt lat="39.916417" lon="116.658292">
        <time>2022-05-30T13:26:00Z</time>
      </trkpt>
      <trkpt lat="39.916357" lon="116.658199">
        <time>2022-05-30T13:26:05Z</time>
      </trkpt>
      <trkpt lat="39.916309" lon="116.658141">
        <time>2022-05-30T13:26:10Z</time>
      </trkpt>
      <trkpt lat="39.916234" lon="116.658022">
        <time>2022-05-30T13:26:15Z</time>
      </trkpt>
      <trkpt lat="39.916164" lon="116.657898">
        <time>2022-05-30T13:26:20Z</time>
      </trkpt>
      <trkpt lat="39.916079" lon="116.65777">
        <time>2022-05-30T13:26:25Z</time>
      </trkpt>
      <trkpt lat="39.916016" lon="116.657663">
        <time>2022-05-30T13:26:30Z</time>
      </trkpt>
      <trkpt lat="39.915939" lon="116.657552">
        <time>2022-05-30T13:26:35Z</time>
      </trkpt>
      <trkpt lat="39.915862" lon="116.657458">
        <time>2022-05-30T13:26:40Z</time>
      </trkpt>
      <trkpt lat="39.915786" lon="116.657353">
        <time>2022-05-30T13:26:45Z</time>
      </trkpt>
      <trkpt lat="39.915718" lon="116.657256">
        <time>2022-05-30T13:26:50Z</time>
      </trkpt>
      <trkpt lat="39.915641" lon="116.657138">
        <time>2022-05-30T13:26:55Z</time>
      </trkpt>
      <trkpt lat="39.915588" lon="116.657042">
        <time>2022-05-30T13:27:00Z</time>
      </trkpt>
      <trkpt lat="39.915546" lon="116.65696">
        <time>2022-05-30T13:27:05Z</time>
      </trkpt>
      <trkpt lat="39.915493" lon="116.656905">
        <time>2022-05-30T13:27:10Z</time>
      </trkpt>
      <trkpt lat="39.915424" lon="116.656824">
        <time>2022-05-30T13:27:15Z</time>
      </trkpt>
      <trkpt lat="39.915442" lon="116.656744">
        <time>2022-05-30T13:27:20Z</time>
      </trkpt>
      <trkpt lat="39.915459" lon="116.656697">
        <time>2022-05-30T13:27:25Z</time>
      </trkpt>
      <trkpt lat="39.915449" lon="116.656587">
        <time>2022-05-30T13:27:30Z</time>
      </trkpt>
      <trkpt lat="39.915277" lon="116.656332">
        <time>2022-05-30T13:27:35Z</time>
      </trkpt>
      <trkpt lat="39.915246" lon="116.656292">
        <time>2022-05-30T13:27:40Z</time>
      </trkpt>
      <trkpt lat="39.915096" lon="116.65607">
        <time>2022-05-30T13:27:45Z</time>
      </trkpt>
      <trkpt lat="39.91504" lon="116.655929">
        <time>2022-05-30T13:27:50Z</time>
      </trkpt>
      <trkpt lat="39.914993" lon="116.655844">
        <time>2022-05-30T13:27:55Z</time>
      </trkpt>
      <trkpt lat="39.914916" lon="116.655762">
        <time>2022-05-30T13:28:00Z</time>
      </trkpt>
      <trkpt lat="39.914833" lon="116.655628">
        <time>2022-05-30T13:28:05Z</time>
      </trkpt>
      <trkpt lat="39.914755" lon="116.655506">
        <time>2022-05-30T13:28:10Z</time>
      </trkpt>
      <trkpt lat="39.914686" lon="116.655379">
        <time>2022-05-30T13:28:15Z</time>
      </trkpt>
      <trkpt lat="39.91462" lon="116.655251">
        <time>2022-05-30T13:28:20Z</time>
      </trkpt>
      <trkpt lat="39.914517" lon="116.655129">
        <time>2022-05-30T13:28:25Z</time>
      </trkpt>
      <trkpt lat="39.914437" lon="116.655025">
        <time>2022-05-30T13:28:30Z</time>
      </trkpt>
      <trkpt lat="39.914367" lon="116.654943">
        <time>2022-05-30T13:28:35Z</time>
      </trkpt>
      <trkpt lat="39.914279" lon="116.654863">
        <time>2022-05-30T13:28:40Z</time>
      </trkpt>
      <trkpt lat="39.914207" lon="116.654795">
        <time>2022-05-30T13:28:45Z</time>
      </trkpt>
      <trkpt lat="39.914099" lon="116.654718">
        <time>2022-05-30T13:28:50Z</time>
      </trkpt>
      <trkpt lat="39.914005" lon="116.654648">
        <time>2022-05-30T13:28:55Z</time>
      </trkpt>
      <trkpt lat="39.913914" lon="116.654581">
        <time>2022-05-30T13:29:00Z</time>
      </trkpt>
      <trkpt lat="39.91383" lon="116.654486">
        <time>2022-05-30T13:29:05Z</time>
      </trkpt>
      <trkpt lat="39.913736" lon="116.654418">
        <time>2022-05-30T13:29:10Z</time>
      </trkpt>
      <trkpt lat="39.913655" lon="116.654348">
        <time>2022-05-30T13:29:15Z</time>
      </trkpt>
      <trkpt lat="39.91356" lon="116.654254">
        <time>2022-05-30T13:29:20Z</time>
      </trkpt>
      <trkpt lat="39.913497" lon="116.654157">
        <time>2022-05-30T13:29:25Z</time>
      </trkpt>
      <trkpt lat="39.913366" lon="116.654084">
        <time>2022-05-30T13:29:30Z</time>
      </trkpt>
      <trkpt lat="39.913263" lon="116.653984">
        <time>2022-05-30T13:29:35Z</time>
      </trkpt>
      <trkpt lat="39.913131" lon="116.653923">
        <time>2022-05-30T13:29:40Z</time>
      </trkpt>
      <trkpt lat="39.913029" lon="116.653837">
        <time>2022-05-30T13:29:45Z</time>
      </trkpt>
      <trkpt lat="39.912933" lon="116.653742">
        <time>2022-05-30T13:29:50Z</time>
      </trkpt>
      <trkpt lat="39.912836" lon="116.653629">
        <time>2022-05-30T13:29:55Z</time>
      </trkpt>
      <trkpt lat="39.912764" lon="116.653526">
        <time>2022-05-30T13:30:00Z</time>
      </trkpt>
      <trkpt lat="39.912648" lon="116.653455">
        <time>2022-05-30T13:30:05Z</time>
      </trkpt>
      <trkpt lat="39.912533" lon="116.653394">
        <time>2022-05-30T13:30:10Z</time>
      </trkpt>
      <trkpt lat="39.91244" lon="116.653349">
        <time>2022-05-30T13:30:15Z</time>
      </trkpt>
      <trkpt lat="39.912388" lon="116.653323">
        <time>2022-05-30T13:30:20Z</time>
      </trkpt>
      <trkpt lat="39.912346" lon="116.653291">
        <time>2022-05-30T13:30:25Z</time>
      </trkpt>
      <trkpt lat="39.912297" lon="116.65325">
        <time>2022-05-30T13:30:30Z</time>
      </trkpt>
      <trkpt lat="39.912224" lon="116.653194">
        <time>2022-05-30T13:30:35Z</time>
      </trkpt>
      <trkpt lat="39.912129" lon="116.653105">
        <time>2022-05-30T13:30:40Z</time>
      </trkpt>
      <trkpt lat="39.912028" lon="116.653011">
        <time>2022-05-30T13:30:45Z</time>
      </trkpt>
      <trkpt lat="39.911915" lon="116.652928">
        <time>2022-05-30T13:30:50Z</time>
      </trkpt>
      <trkpt lat="39.911816" lon="116.652829">
        <time>2022-05-30T13:30:55Z</time>
      </trkpt>
      <trkpt lat="39.911702" lon="116.652766">
        <time>2022-05-30T13:31:00Z</time>
      </trkpt>
      <trkpt lat="39.911588" lon="116.652661">
        <time>2022-05-30T13:31:05Z</time>
      </trkpt>
      <trkpt lat="39.91149" lon="116.652542">
        <time>2022-05-30T13:31:10Z</time>
      </trkpt>
      <trkpt lat="39.911379" lon="116.652443">
        <time>2022-05-30T13:31:15Z</time>
      </trkpt>
      <trkpt lat="39.911286" lon="116.652344">
        <time>2022-05-30T13:31:20Z</time>
      </trkpt>
      <trkpt lat="39.911182" lon="116.652251">
        <time>2022-05-30T13:31:25Z</time>
      </trkpt>
      <trkpt lat="39.911109" lon="116.652107">
        <time>2022-05-30T13:31:30Z</time>
      </trkpt>
      <trkpt lat="39.911066" lon="116.651975">
        <time>2022-05-30T13:31:35Z</time>
      </trkpt>
      <trkpt lat="39.911046" lon="116.651813">
        <time>2022-05-30T13:31:40Z</time>
      </trkpt>
      <trkpt lat="39.911002" lon="116.651649">
        <time>2022-05-30T13:31:45Z</time>
      </trkpt>
      <trkpt lat="39.910957" lon="116.65153">
        <time>2022-05-30T13:31:50Z</time>
      </trkpt>
      <trkpt lat="39.910928" lon="116.651549">
        <time>2022-05-30T13:31:55Z</time>
      </trkpt>
      <trkpt lat="39.910952" lon="116.651699">
        <time>2022-05-30T13:32:00Z</time>
      </trkpt>
      <trkpt lat="39.910988" lon="116.651848">
        <time>2022-05-30T13:32:05Z</time>
      </trkpt>
      <trkpt lat="39.911028" lon="116.652028">
        <time>2022-05-30T13:32:10Z</time>
      </trkpt>
      <trkpt lat="39.911094" lon="116.652157">
        <time>2022-05-30T13:32:15Z</time>
      </trkpt>
      <trkpt lat="39.911194" lon="116.652275">
        <time>2022-05-30T13:32:20Z</time>
      </trkpt>
      <trkpt lat="39.911298" lon="116.652385">
        <time>2022-05-30T13:32:25Z</time>
      </trkpt>
      <trkpt lat="39.9114" lon="116.652506">
        <time>2022-05-30T13:32:30Z</time>
      </trkpt>
      <trkpt lat="39.911529" lon="116.652605">
        <time>2022-05-30T13:32:35Z</time>
      </trkpt>
      <trkpt lat="39.911638" lon="116.652688">
        <time>2022-05-30T13:32:40Z</time>
      </trkpt>
      <trkpt lat="39.91177" lon="116.652762">
        <time>2022-05-30T13:32:45Z</time>
      </trkpt>
      <trkpt lat="39.911916" lon="116.652836">
        <time>2022-05-30T13:32:50Z</time>
      </trkpt>
      <trkpt lat="39.912032" lon="116.652943">
        <time>2022-05-30T13:32:55Z</time>
      </trkpt>
      <trkpt lat="39.912124" lon="116.653048">
        <time>2022-05-30T13:33:00Z</time>
      </trkpt>
      <trkpt lat="39.912236" lon="116.653162">
        <time>2022-05-30T13:33:05Z</time>
      </trkpt>
      <trkpt lat="39.912337" lon="116.653248">
        <time>2022-05-30T13:33:10Z</time>
      </trkpt>
      <trkpt lat="39.912449" lon="116.653307">
        <time>2022-05-30T13:33:15Z</time>
      </trkpt>
      <trkpt lat="39.912575" lon="116.65338">
        <time>2022-05-30T13:33:20Z</time>
      </trkpt>
      <trkpt lat="39.912674" lon="116.653449">
        <time>2022-05-30T13:33:25Z</time>
      </trkpt>
      <trkpt lat="39.912736" lon="116.653518">
        <time>2022-05-30T13:33:30Z</time>
      </trkpt>
      <trkpt lat="39.912776" lon="116.65357">
        <time>2022-05-30T13:33:35Z</time>
      </trkpt>
      <trkpt lat="39.912831" lon="116.653633">
        <time>2022-05-30T13:33:40Z</time>
      </trkpt>
      <trkpt lat="39.912904" lon="116.653714">
        <time>2022-05-30T13:33:45Z</time>
      </trkpt>
      <trkpt lat="39.912978" lon="116.653793">
        <time>2022-05-30T13:33:50Z</time>
      </trkpt>
      <trkpt lat="39.913056" lon="116.653891">
        <time>2022-05-30T13:33:55Z</time>
      </trkpt>
      <trkpt lat="39.913156" lon="116.653965">
        <time>2022-05-30T13:34:00Z</time>
      </trkpt>
      <trkpt lat="39.913269" lon="116.654064">
        <time>2022-05-30T13:34:05Z</time>
      </trkpt>
      <trkpt lat="39.913392" lon="116.654143">
        <time>2022-05-30T13:34:10Z</time>
      </trkpt>
      <trkpt lat="39.913513" lon="116.654257">
        <time>2022-05-30T13:34:15Z</time>
      </trkpt>
      <trkpt lat="39.913635" lon="116.654377">
        <time>2022-05-30T13:34:20Z</time>
      </trkpt>
      <trkpt lat="39.913771" lon="116.65446">
        <time>2022-05-30T13:34:25Z</time>
      </trkpt>
      <trkpt lat="39.91389" lon="116.654519">
        <time>2022-05-30T13:34:30Z</time>
      </trkpt>
      <trkpt lat="39.913991" lon="116.654615">
        <time>2022-05-30T13:34:35Z</time>
      </trkpt>
      <trkpt lat="39.914111" lon="116.654712">
        <time>2022-05-30T13:34:40Z</time>
      </trkpt>
      <trkpt lat="39.914205" lon="116.654831">
        <time>2022-05-30T13:34:45Z</time>
      </trkpt>
      <trkpt lat="39.914313" lon="116.654969">
        <time>2022-05-30T13:34:50Z</time>
      </trkpt>
      <trkpt lat="39.914426" lon="116.655122">
        <time>2022-05-30T13:34:55Z</time>
      </trkpt>
      <trkpt lat="39.914529" lon="116.655269">
        <time>2022-05-30T13:35:00Z</time>
      </trkpt>
      <trkpt lat="39.91462" lon="116.655411">
        <time>2022-05-30T13:35:05Z</time>
      </trkpt>
      <trkpt lat="39.914712" lon="116.655538">
        <time>2022-05-30T13:35:10Z</time>
      </trkpt>
      <trkpt lat="39.9148" lon="116.65566">
        <time>2022-05-30T13:35:15Z</time>
      </trkpt>
      <trkpt lat="39.914877" lon="116.655777">
        <time>2022-05-30T13:35:20Z</time>
      </trkpt>
      <trkpt lat="39.914954" lon="116.65594">
        <time>2022-05-30T13:35:25Z</time>
      </trkpt>
      <trkpt lat="39.915036" lon="116.656093">
        <time>2022-05-30T13:35:30Z</time>
      </trkpt>
      <trkpt lat="39.915114" lon="116.65617">
        <time>2022-05-30T13:35:35Z</time>
      </trkpt>
      <trkpt lat="39.915151" lon="116.656244">
        <time>2022-05-30T13:35:40Z</time>
      </trkpt>
      <trkpt lat="39.915221" lon="116.656295">
        <time>2022-05-30T13:35:45Z</time>
      </trkpt>
      <trkpt lat="39.915257" lon="116.656327">
        <time>2022-05-30T13:35:50Z</time>
      </trkpt>
      <trkpt lat="39.91533" lon="116.656482">
        <time>2022-05-30T13:35:55Z</time>
      </trkpt>
      <trkpt lat="39.915419" lon="116.656744">
        <time>2022-05-30T13:36:00Z</time>
      </trkpt>
      <trkpt lat="39.915485" lon="116.656927">
        <time>2022-05-30T13:36:05Z</time>
      </trkpt>
      <trkpt lat="39.915568" lon="116.657066">
        <time>2022-05-30T13:36:10Z</time>
      </trkpt>
      <trkpt lat="39.915648" lon="116.6572">
        <time>2022-05-30T13:36:15Z</time>
      </trkpt>
      <trkpt lat="39.915701" lon="116.657281">
        <time>2022-05-30T13:36:20Z</time>
      </trkpt>
      <trkpt lat="39.91575" lon="116.657333">
        <time>2022-05-30T13:36:25Z</time>
      </trkpt>
      <trkpt lat="39.915793" lon="116.657396">
        <time>2022-05-30T13:36:30Z</time>
      </trkpt>
      <trkpt lat="39.915852" lon="116.657497">
        <time>2022-05-30T13:36:35Z</time>
      </trkpt>
      <trkpt lat="39.915914" lon="116.657573">
        <time>2022-05-30T13:36:40Z</time>
      </trkpt>
      <trkpt lat="39.915982" lon="116.657671">
        <time>2022-05-30T13:36:45Z</time>
      </trkpt>
      <trkpt lat="39.91606" lon="116.657773">
        <time>2022-05-30T13:36:50Z</time>
      </trkpt>
      <trkpt lat="39.916138" lon="116.657891">
        <time>2022-05-30T13:36:55Z</time>
      </trkpt>
      <trkpt lat="39.91622" lon="116.657983">
        <time>2022-05-30T13:37:00Z</time>
      </trkpt>
      <trkpt lat="39.91631" lon="116.658088">
        <time>2022-05-30T13:37:05Z</time>
      </trkpt>
      <trkpt lat="39.916393" lon="116.658204">
        <time>2022-05-30T13:37:10Z</time>
      </trkpt>
      <trkpt lat="39.916476" lon="116.658347">
        <time>2022-05-30T13:37:15Z</time>
      </trkpt>
      <trkpt lat="39.916546" lon="116.658468">
        <time>2022-05-30T13:37:20Z</time>
      </trkpt>
      <trkpt lat="39.916626" lon="116.658603">
        <time>2022-05-30T13:37:25Z</time>
      </trkpt>
      <trkpt lat="39.91671" lon="116.658758">
        <time>2022-05-30T13:37:30Z</time>
      </trkpt>
      <trkpt lat="39.916796" lon="116.658879">
        <time>2022-05-30T13:37:35Z</time>
      </trkpt>
      <trkpt lat="39.916883" lon="116.659026">
        <time>2022-05-30T13:37:40Z</time>
      </trkpt>
      <trkpt lat="39.916976" lon="116.659148">
        <time>2022-05-30T13:37:45Z</time>
      </trkpt>
      <trkpt lat="39.917058" lon="116.659291">
        <time>2022-05-30T13:37:50Z</time>
      </trkpt>
      <trkpt lat="39.91706" lon="116.659288">
        <time>2022-05-30T13:37:55Z</time>
      </trkpt>
      <trkpt lat="39.916984" lon="116.659147">
        <time>2022-05-30T13:38:00Z</time>
      </trkpt>
      <trkpt lat="39.916881" lon="116.659008">
        <time>2022-05-30T13:38:05Z</time>
      </trkpt>
      <trkpt lat="39.916794" lon="116.658878">
        <time>2022-05-30T13:38:10Z</time>
      </trkpt>
      <trkpt lat="39.916707" lon="116.658748">
        <time>2022-05-30T13:38:15Z</time>
      </trkpt>
      <trkpt lat="39.916629" lon="116.658623">
        <time>2022-05-30T13:38:20Z</time>
      </trkpt>
      <trkpt lat="39.916558" lon="116.658499">
        <time>2022-05-30T13:38:25Z</time>
      </trkpt>
      <trkpt lat="39.916476" lon="116.658384">
        <time>2022-05-30T13:38:30Z</time>
      </trkpt>
      <trkpt lat="39.916369" lon="116.658238">
        <time>2022-05-30T13:38:35Z</time>
      </trkpt>
      <trkpt lat="39.916284" lon="116.658087">
        <time>2022-05-30T13:38:40Z</time>
      </trkpt>
      <trkpt lat="39.916205" lon="116.657953">
        <time>2022-05-30T13:38:45Z</time>
      </trkpt>
      <trkpt lat="39.916126" lon="116.657839">
        <time>2022-05-30T13:38:50Z</time>
      </trkpt>
      <trkpt lat="39.916044" lon="116.657724">
        <time>2022-05-30T13:38:55Z</time>
      </trkpt>
      <trkpt lat="39.915964" lon="116.657612">
        <time>2022-05-30T13:39:00Z</time>
      </trkpt>
      <trkpt lat="39.915883" lon="116.657494">
        <time>2022-05-30T13:39:05Z</time>
      </trkpt>
      <trkpt lat="39.915828" lon="116.657397">
        <time>2022-05-30T13:39:10Z</time>
      </trkpt>
      <trkpt lat="39.915777" lon="116.657335">
        <time>2022-05-30T13:39:15Z</time>
      </trkpt>
      <trkpt lat="39.915723" lon="116.657277">
        <time>2022-05-30T13:39:20Z</time>
      </trkpt>
      <trkpt lat="39.915668" lon="116.657199">
        <time>2022-05-30T13:39:25Z</time>
      </trkpt>
      <trkpt lat="39.915605" lon="116.657114">
        <time>2022-05-30T13:39:30Z</time>
      </trkpt>
      <trkpt lat="39.915532" lon="116.656984">
        <time>2022-05-30T13:39:35Z</time>
      </trkpt>
      <trkpt lat="39.915456" lon="116.656865">
        <time>2022-05-30T13:39:40Z</time>
      </trkpt>
      <trkpt lat="39.915418" lon="116.656806">
        <time>2022-05-30T13:39:45Z</time>
      </trkpt>
      <trkpt lat="39.915423" lon="116.656766">
        <time>2022-05-30T13:39:50Z</time>
      </trkpt>
      <trkpt lat="39.915469" lon="116.656781">
        <time>2022-05-30T13:39:55Z</time>
      </trkpt>
      <trkpt lat="39.915523" lon="116.656784">
        <time>2022-05-30T13:40:00Z</time>
      </trkpt>
      <trkpt lat="39.915488" lon="116.656634">
        <time>2022-05-30T13:40:05Z</time>
      </trkpt>
      <trkpt lat="39.915204" lon="116.656233">
        <time>2022-05-30T13:40:10Z</time>
      </trkpt>
      <trkpt lat="39.915186" lon="116.656146">
        <time>2022-05-30T13:40:15Z</time>
      </trkpt>
      <trkpt lat="39.915111" lon="116.655985">
        <time>2022-05-30T13:40:20Z</time>
      </trkpt>
      <trkpt lat="39.91503" lon="116.655885">
        <time>2022-05-30T13:40:25Z</time>
      </trkpt>
      <trkpt lat="39.914914" lon="116.65572">
        <time>2022-05-30T13:40:30Z</time>
      </trkpt>
      <trkpt lat="39.914825" lon="116.655558">
        <time>2022-05-30T13:40:35Z</time>
      </trkpt>
      <trkpt lat="39.914734" lon="116.655409">
        <time>2022-05-30T13:40:40Z</time>
      </trkpt>
      <trkpt lat="39.914604" lon="116.655276">
        <time>2022-05-30T13:40:45Z</time>
      </trkpt>
      <trkpt lat="39.914497" lon="116.655146">
        <time>2022-05-30T13:40:50Z</time>
      </trkpt>
      <trkpt lat="39.914446" lon="116.655045">
        <time>2022-05-30T13:40:55Z</time>
      </trkpt>
      <trkpt lat="39.914373" lon="116.654961">
        <time>2022-05-30T13:41:00Z</time>
      </trkpt>
      <trkpt lat="39.914282" lon="116.65488">
        <time>2022-05-30T13:41:05Z</time>
      </trkpt>
      <trkpt lat="39.91422" lon="116.654784">
        <time>2022-05-30T13:41:10Z</time>
      </trkpt>
      <trkpt lat="39.91413" lon="116.65469">
        <time>2022-05-30T13:41:15Z</time>
      </trkpt>
      <trkpt lat="39.913995" lon="116.654583">
        <time>2022-05-30T13:41:20Z</time>
      </trkpt>
      <trkpt lat="39.913878" lon="116.654494">
        <time>2022-05-30T13:41:25Z</time>
      </trkpt>
      <trkpt lat="39.91378" lon="116.654411">
        <time>2022-05-30T13:41:30Z</time>
      </trkpt>
      <trkpt lat="39.913677" lon="116.654295">
        <time>2022-05-30T13:41:35Z</time>
      </trkpt>
      <trkpt lat="39.913557" lon="116.654183">
        <time>2022-05-30T13:41:40Z</time>
      </trkpt>
      <trkpt lat="39.913436" lon="116.654085">
        <time>2022-05-30T13:41:45Z</time>
      </trkpt>
      <trkpt lat="39.913301" lon="116.654001">
        <time>2022-05-30T13:41:50Z</time>
      </trkpt>
      <trkpt lat="39.913182" lon="116.653922">
        <time>2022-05-30T13:41:55Z</time>
      </trkpt>
      <trkpt lat="39.913069" lon="116.65385">
        <time>2022-05-30T13:42:00Z</time>
      </trkpt>
      <trkpt lat="39.912928" lon="116.653777">
        <time>2022-05-30T13:42:05Z</time>
      </trkpt>
      <trkpt lat="39.912859" lon="116.653686">
        <time>2022-05-30T13:42:10Z</time>
      </trkpt>
      <trkpt lat="39.912815" lon="116.653602">
        <time>2022-05-30T13:42:15Z</time>
      </trkpt>
      <trkpt lat="39.912753" lon="116.653538">
        <time>2022-05-30T13:42:20Z</time>
      </trkpt>
      <trkpt lat="39.912706" lon="116.653466">
        <time>2022-05-30T13:42:25Z</time>
      </trkpt>
      <trkpt lat="39.912618" lon="116.653403">
        <time>2022-05-30T13:42:30Z</time>
      </trkpt>
      <trkpt lat="39.912535" lon="116.65337">
        <time>2022-05-30T13:42:35Z</time>
      </trkpt>
      <trkpt lat="39.912453" lon="116.653312">
        <time>2022-05-30T13:42:40Z</time>
      </trkpt>
      <trkpt lat="39.912373" lon="116.65328">
        <time>2022-05-30T13:42:45Z</time>
      </trkpt>
      <trkpt lat="39.912312" lon="116.653198">
        <time>2022-05-30T13:42:50Z</time>
      </trkpt>
      <trkpt lat="39.912272" lon="116.653133">
        <time>2022-05-30T13:42:55Z</time>
      </trkpt>
      <trkpt lat="39.912193" lon="116.653078">
        <time>2022-05-30T13:43:00Z</time>
      </trkpt>
      <trkpt lat="39.912103" lon="116.652993">
        <time>2022-05-30T13:43:05Z</time>
      </trkpt>
      <trkpt lat="39.91201" lon="116.652888">
        <time>2022-05-30T13:43:10Z</time>
      </trkpt>
      <trkpt lat="39.911916" lon="116.652814">
        <time>2022-05-30T13:43:15Z</time>
      </trkpt>
      <trkpt lat="39.911808" lon="116.652739">
        <time>2022-05-30T13:43:20Z</time>
      </trkpt>
      <trkpt lat="39.911683" lon="116.652693">
        <time>2022-05-30T13:43:25Z</time>
      </trkpt>
      <trkpt lat="39.91155" lon="116.652597">
        <time>2022-05-30T13:43:30Z</time>
      </trkpt>
      <trkpt lat="39.911434" lon="116.652497">
        <time>2022-05-30T13:43:35Z</time>
      </trkpt>
      <trkpt lat="39.911332" lon="116.652398">
        <time>2022-05-30T13:43:40Z</time>
      </trkpt>
      <trkpt lat="39.91124" lon="116.652292">
        <time>2022-05-30T13:43:45Z</time>
      </trkpt>
      <trkpt lat="39.911139" lon="116.652133">
        <time>2022-05-30T13:43:50Z</time>
      </trkpt>
      <trkpt lat="39.911079" lon="116.651981">
        <time>2022-05-30T13:43:55Z</time>
      </trkpt>
      <trkpt lat="39.91104" lon="116.651774">
        <time>2022-05-30T13:44:00Z</time>
      </trkpt>
      <trkpt lat="39.910971" lon="116.651567">
        <time>2022-05-30T13:44:05Z</time>
      </trkpt>
      <trkpt lat="39.910898" lon="116.651429">
        <time>2022-05-30T13:44:10Z</time>
      </trkpt>
      <trkpt lat="39.910878" lon="116.651508">
        <time>2022-05-30T13:44:15Z</time>
      </trkpt>
      <trkpt lat="39.910924" lon="116.651624">
        <time>2022-05-30T13:44:20Z</time>
      </trkpt>
      <trkpt lat="39.910992" lon="116.651828">
        <time>2022-05-30T13:44:25Z</time>
      </trkpt>
      <trkpt lat="39.911044" lon="116.651996">
        <time>2022-05-30T13:44:30Z</time>
      </trkpt>
      <trkpt lat="39.911067" lon="116.65211">
        <time>2022-05-30T13:44:35Z</time>
      </trkpt>
      <trkpt lat="39.911123" lon="116.652239">
        <time>2022-05-30T13:44:40Z</time>
      </trkpt>
      <trkpt lat="39.911211" lon="116.652367">
        <time>2022-05-30T13:44:45Z</time>
      </trkpt>
      <trkpt lat="39.911309" lon="116.65248">
        <time>2022-05-30T13:44:50Z</time>
      </trkpt>
      <trkpt lat="39.911397" lon="116.652566">
        <time>2022-05-30T13:44:55Z</time>
      </trkpt>
      <trkpt lat="39.911484" lon="116.652638">
        <time>2022-05-30T13:45:00Z</time>
      </trkpt>
      <trkpt lat="39.911564" lon="116.652687">
        <time>2022-05-30T13:45:05Z</time>
      </trkpt>
      <trkpt lat="39.911664" lon="116.65275">
        <time>2022-05-30T13:45:10Z</time>
      </trkpt>
      <trkpt lat="39.911759" lon="116.652802">
        <time>2022-05-30T13:45:15Z</time>
      </trkpt>
      <trkpt lat="39.911865" lon="116.652855">
        <time>2022-05-30T13:45:20Z</time>
      </trkpt>
      <trkpt lat="39.911958" lon="116.65292">
        <time>2022-05-30T13:45:25Z</time>
      </trkpt>
      <trkpt lat="39.912074" lon="116.65301">
        <time>2022-05-30T13:45:30Z</time>
      </trkpt>
      <trkpt lat="39.912169" lon="116.653111">
        <time>2022-05-30T13:45:35Z</time>
      </trkpt>
      <trkpt lat="39.912262" lon="116.653203">
        <time>2022-05-30T13:45:40Z</time>
      </trkpt>
      <trkpt lat="39.912364" lon="116.653292">
        <time>2022-05-30T13:45:45Z</time>
      </trkpt>
      <trkpt lat="39.912471" lon="116.65336">
        <time>2022-05-30T13:45:50Z</time>
      </trkpt>
      <trkpt lat="39.912585" lon="116.65341">
        <time>2022-05-30T13:45:55Z</time>
      </trkpt>
      <trkpt lat="39.912687" lon="116.653467">
        <time>2022-05-30T13:46:00Z</time>
      </trkpt>
      <trkpt lat="39.9128" lon="116.653573">
        <time>2022-05-30T13:46:05Z</time>
      </trkpt>
      <trkpt lat="39.912914" lon="116.653642">
        <time>2022-05-30T13:46:10Z</time>
      </trkpt>
      <trkpt lat="39.913004" lon="116.653743">
        <time>2022-05-30T13:46:15Z</time>
      </trkpt>
      <trkpt lat="39.913085" lon="116.653845">
        <time>2022-05-30T13:46:20Z</time>
      </trkpt>
      <trkpt lat="39.913145" lon="116.653932">
        <time>2022-05-30T13:46:25Z</time>
      </trkpt>
      <trkpt lat="39.9132" lon="116.653974">
        <time>2022-05-30T13:46:30Z</time>
      </trkpt>
      <trkpt lat="39.913272" lon="116.654022">
        <time>2022-05-30T13:46:35Z</time>
      </trkpt>
      <trkpt lat="39.913362" lon="116.654102">
        <time>2022-05-30T13:46:40Z</time>
      </trkpt>
      <trkpt lat="39.913453" lon="116.654163">
        <time>2022-05-30T13:46:45Z</time>
      </trkpt>
      <trkpt lat="39.913561" lon="116.654251">
        <time>2022-05-30T13:46:50Z</time>
      </trkpt>
      <trkpt lat="39.913648" lon="116.65436">
        <time>2022-05-30T13:46:55Z</time>
      </trkpt>
      <trkpt lat="39.913731" lon="116.654459">
        <time>2022-05-30T13:47:00Z</time>
      </trkpt>
      <trkpt lat="39.913823" lon="116.654526">
        <time>2022-05-30T13:47:05Z</time>
      </trkpt>
      <trkpt lat="39.913946" lon="116.654599">
        <time>2022-05-30T13:47:10Z</time>
      </trkpt>
      <trkpt lat="39.914044" lon="116.654709">
        <time>2022-05-30T13:47:15Z</time>
      </trkpt>
      <trkpt lat="39.914133" lon="116.654806">
        <time>2022-05-30T13:47:20Z</time>
      </trkpt>
      <trkpt lat="39.914225" lon="116.654914">
        <time>2022-05-30T13:47:25Z</time>
      </trkpt>
      <trkpt lat="39.914338" lon="116.655011">
        <time>2022-05-30T13:47:30Z</time>
      </trkpt>
      <trkpt lat="39.914432" lon="116.65513">
        <time>2022-05-30T13:47:35Z</time>
      </trkpt>
      <trkpt lat="39.914536" lon="116.655275">
        <time>2022-05-30T13:47:40Z</time>
      </trkpt>
      <trkpt lat="39.914636" lon="116.655402">
        <time>2022-05-30T13:47:45Z</time>
      </trkpt>
      <trkpt lat="39.914736" lon="116.655502">
        <time>2022-05-30T13:47:50Z</time>
      </trkpt>
      <trkpt lat="39.914819" lon="116.655622">
        <time>2022-05-30T13:47:55Z</time>
      </trkpt>
      <trkpt lat="39.914906" lon="116.655796">
        <time>2022-05-30T13:48:00Z</time>
      </trkpt>
      <trkpt lat="39.914988" lon="116.655923">
        <time>2022-05-30T13:48:05Z</time>
      </trkpt>
      <trkpt lat="39.915059" lon="116.656078">
        <time>2022-05-30T13:48:10Z</time>
      </trkpt>
      <trkpt lat="39.915112" lon="116.656164">
        <time>2022-05-30T13:48:15Z</time>
      </trkpt>
      <trkpt lat="39.91514" lon="116.656226">
        <time>2022-05-30T13:48:20Z</time>
      </trkpt>
      <trkpt lat="39.915182" lon="116.656211">
        <time>2022-05-30T13:48:25Z</time>
      </trkpt>
      <trkpt lat="39.915246" lon="116.656211">
        <time>2022-05-30T13:48:30Z</time>
      </trkpt>
      <trkpt lat="39.91526" lon="116.656172">
        <time>2022-05-30T13:48:35Z</time>
      </trkpt>
      <trkpt lat="39.915332" lon="116.656281">
        <time>2022-05-30T13:48:40Z</time>
      </trkpt>
      <trkpt lat="39.915385" lon="116.656394">
        <time>2022-05-30T13:48:45Z</time>
      </trkpt>
      <trkpt lat="39.915451" lon="116.65662">
        <time>2022-05-30T13:48:50Z</time>
      </trkpt>
      <trkpt lat="39.915513" lon="116.656802">
        <time>2022-05-30T13:48:55Z</time>
      </trkpt>
      <trkpt lat="39.915562" lon="116.656939">
        <time>2022-05-30T13:49:00Z</time>
      </trkpt>
      <trkpt lat="39.915605" lon="116.657025">
        <time>2022-05-30T13:49:05Z</time>
      </trkpt>
      <trkpt lat="39.915667" lon="116.657114">
        <time>2022-05-30T13:49:10Z</time>
      </trkpt>
      <trkpt lat="39.915701" lon="116.6572">
        <time>2022-05-30T13:49:15Z</time>
      </trkpt>
      <trkpt lat="39.915733" lon="116.657274">
        <time>2022-05-30T13:49:20Z</time>
      </trkpt>
      <trkpt lat="39.915803" lon="116.657347">
        <time>2022-05-30T13:49:25Z</time>
      </trkpt>
      <trkpt lat="39.915875" lon="116.657435">
        <time>2022-05-30T13:49:30Z</time>
      </trkpt>
      <trkpt lat="39.915951" lon="116.657522">
        <time>2022-05-30T13:49:35Z</time>
      </trkpt>
      <trkpt lat="39.916021" lon="116.657628">
        <time>2022-05-30T13:49:40Z</time>
      </trkpt>
      <trkpt lat="39.91609" lon="116.657743">
        <time>2022-05-30T13:49:45Z</time>
      </trkpt>
      <trkpt lat="39.916167" lon="116.657881">
        <time>2022-05-30T13:49:50Z</time>
      </trkpt>
      <trkpt lat="39.916245" lon="116.658029">
        <time>2022-05-30T13:49:55Z</time>
      </trkpt>
      <trkpt lat="39.916325" lon="116.658156">
        <time>2022-05-30T13:50:00Z</time>
      </trkpt>
      <trkpt lat="39.91641" lon="116.658283">
        <time>2022-05-30T13:50:05Z</time>
      </trkpt>
      <trkpt lat="39.916496" lon="116.658421">
        <time>2022-05-30T13:50:10Z</time>
      </trkpt>
      <trkpt lat="39.916576" lon="116.658552">
        <time>2022-05-30T13:50:15Z</time>
      </trkpt>
      <trkpt lat="39.916659" lon="116.658705">
        <time>2022-05-30T13:50:20Z</time>
      </trkpt>
      <trkpt lat="39.916744" lon="116.658836">
        <time>2022-05-30T13:50:25Z</time>
      </trkpt>
      <trkpt lat="39.916827" lon="116.658968">
        <time>2022-05-30T13:50:30Z</time>
      </trkpt>
      <trkpt lat="39.916895" lon="116.659106">
        <time>2022-05-30T13:50:35Z</time>
      </trkpt>
      <trkpt lat="39.916967" lon="116.659232">
        <time>2022-05-30T13:50:40Z</time>
      </trkpt>
      <trkpt lat="39.917039" lon="116.65934">
        <time>2022-05-30T13:50:45Z</time>
      </trkpt>
      <trkpt lat="39.917077" lon="116.659347">
        <time>2022-05-30T13:50:50Z</time>
      </trkpt>
      <trkpt lat="39.91702" lon="116.659244">
        <time>2022-05-30T13:50:55Z</time>
      </trkpt>
      <trkpt lat="39.916939" lon="116.65911">
        <time>2022-05-30T13:51:00Z</time>
      </trkpt>
      <trkpt lat="39.916866" lon="116.658991">
        <time>2022-05-30T13:51:05Z</time>
      </trkpt>
      <trkpt lat="39.916792" lon="116.65888">
        <time>2022-05-30T13:51:10Z</time>
      </trkpt>
      <trkpt lat="39.916737" lon="116.658783">
        <time>2022-05-30T13:51:15Z</time>
      </trkpt>
      <trkpt lat="39.916648" lon="116.658637">
        <time>2022-05-30T13:51:20Z</time>
      </trkpt>
      <trkpt lat="39.916581" lon="116.658523">
        <time>2022-05-30T13:51:25Z</time>
      </trkpt>
      <trkpt lat="39.916484" lon="116.65836">
        <time>2022-05-30T13:51:30Z</time>
      </trkpt>
      <trkpt lat="39.916399" lon="116.658222">
        <time>2022-05-30T13:51:35Z</time>
      </trkpt>
      <trkpt lat="39.916337" lon="116.658091">
        <time>2022-05-30T13:51:40Z</time>
      </trkpt>
      <trkpt lat="39.916306" lon="116.658037">
        <time>2022-05-30T13:51:45Z</time>
      </trkpt>
      <trkpt lat="39.916234" lon="116.657945">
        <time>2022-05-30T13:51:50Z</time>
      </trkpt>
      <trkpt lat="39.916155" lon="116.657822">
        <time>2022-05-30T13:51:55Z</time>
      </trkpt>
      <trkpt lat="39.916065" lon="116.657712">
        <time>2022-05-30T13:52:00Z</time>
      </trkpt>
      <trkpt lat="39.91597" lon="116.657591">
        <time>2022-05-30T13:52:05Z</time>
      </trkpt>
      <trkpt lat="39.915885" lon="116.657471">
        <time>2022-05-30T13:52:10Z</time>
      </trkpt>
      <trkpt lat="39.915806" lon="116.657361">
        <time>2022-05-30T13:52:15Z</time>
      </trkpt>
      <trkpt lat="39.915704" lon="116.657227">
        <time>2022-05-30T13:52:20Z</time>
      </trkpt>
      <trkpt lat="39.915634" lon="116.657135">
        <time>2022-05-30T13:52:25Z</time>
      </trkpt>
      <trkpt lat="39.915553" lon="116.657019">
        <time>2022-05-30T13:52:30Z</time>
      </trkpt>
      <trkpt lat="39.915466" lon="116.656873">
        <time>2022-05-30T13:52:35Z</time>
      </trkpt>
      <trkpt lat="39.915427" lon="116.65681">
        <time>2022-05-30T13:52:40Z</time>
      </trkpt>
      <trkpt lat="39.915462" lon="116.6568">
        <time>2022-05-30T13:52:45Z</time>
      </trkpt>
      <trkpt lat="39.915504" lon="116.656833">
        <time>2022-05-30T13:52:50Z</time>
      </trkpt>
      <trkpt lat="39.915492" lon="116.656761">
        <time>2022-05-30T13:52:55Z</time>
      </trkpt>
      <trkpt lat="39.915211" lon="116.656374">
        <time>2022-05-30T13:53:00Z</time>
      </trkpt>
      <trkpt lat="39.915177" lon="116.656318">
        <time>2022-05-30T13:53:05Z</time>
      </trkpt>
      <trkpt lat="39.915064" lon="116.656089">
        <time>2022-05-30T13:53:10Z</time>
      </trkpt>
      <trkpt lat="39.914995" lon="116.65594">
        <time>2022-05-30T13:53:15Z</time>
      </trkpt>
      <trkpt lat="39.914938" lon="116.655717">
        <time>2022-05-30T13:53:20Z</time>
      </trkpt>
      <trkpt lat="39.91482" lon="116.655541">
        <time>2022-05-30T13:53:25Z</time>
      </trkpt>
      <trkpt lat="39.914661" lon="116.655388">
        <time>2022-05-30T13:53:30Z</time>
      </trkpt>
      <trkpt lat="39.914553" lon="116.655236">
        <time>2022-05-30T13:53:35Z</time>
      </trkpt>
      <trkpt lat="39.914451" lon="116.65508">
        <time>2022-05-30T13:53:40Z</time>
      </trkpt>
      <trkpt lat="39.914318" lon="116.654907">
        <time>2022-05-30T13:53:45Z</time>
      </trkpt>
      <trkpt lat="39.914198" lon="116.654782">
        <time>2022-05-30T13:53:50Z</time>
      </trkpt>
      <trkpt lat="39.914066" lon="116.654645">
        <time>2022-05-30T13:53:55Z</time>
      </trkpt>
      <trkpt lat="39.913919" lon="116.654527">
        <time>2022-05-30T13:54:00Z</time>
      </trkpt>
      <trkpt lat="39.913785" lon="116.654408">
        <time>2022-05-30T13:54:05Z</time>
      </trkpt>
      <trkpt lat="39.913648" lon="116.65429">
        <time>2022-05-30T13:54:10Z</time>
      </trkpt>
      <trkpt lat="39.913547" lon="116.654208">
        <time>2022-05-30T13:54:15Z</time>
      </trkpt>
      <trkpt lat="39.913478" lon="116.654139">
        <time>2022-05-30T13:54:20Z</time>
      </trkpt>
      <trkpt lat="39.913428" lon="116.654085">
        <time>2022-05-30T13:54:25Z</time>
      </trkpt>
      <trkpt lat="39.913361" lon="116.654034">
        <time>2022-05-30T13:54:30Z</time>
      </trkpt>
      <trkpt lat="39.913258" lon="116.653966">
        <time>2022-05-30T13:54:35Z</time>
      </trkpt>
      <trkpt lat="39.913162" lon="116.653923">
        <time>2022-05-30T13:54:40Z</time>
      </trkpt>
      <trkpt lat="39.913052" lon="116.653844">
        <time>2022-05-30T13:54:45Z</time>
      </trkpt>
      <trkpt lat="39.912951" lon="116.653741">
        <time>2022-05-30T13:54:50Z</time>
      </trkpt>
      <trkpt lat="39.912881" lon="116.653639">
        <time>2022-05-30T13:54:55Z</time>
      </trkpt>
      <trkpt lat="39.912768" lon="116.653514">
        <time>2022-05-30T13:55:00Z</time>
      </trkpt>
      <trkpt lat="39.912658" lon="116.653431">
        <time>2022-05-30T13:55:05Z</time>
      </trkpt>
      <trkpt lat="39.912538" lon="116.653353">
        <time>2022-05-30T13:55:10Z</time>
      </trkpt>
      <trkpt lat="39.912408" lon="116.653287">
        <time>2022-05-30T13:55:15Z</time>
      </trkpt>
      <trkpt lat="39.912307" lon="116.65323">
        <time>2022-05-30T13:55:20Z</time>
      </trkpt>
      <trkpt lat="39.912222" lon="116.653176">
        <time>2022-05-30T13:55:25Z</time>
      </trkpt>
      <trkpt lat="39.912136" lon="116.653101">
        <time>2022-05-30T13:55:30Z</time>
      </trkpt>
      <trkpt lat="39.912016" lon="116.652982">
        <time>2022-05-30T13:55:35Z</time>
      </trkpt>
      <trkpt lat="39.911894" lon="116.652852">
        <time>2022-05-30T13:55:40Z</time>
      </trkpt>
      <trkpt lat="39.911778" lon="116.652753">
        <time>2022-05-30T13:55:45Z</time>
      </trkpt>
      <trkpt lat="39.911649" lon="116.652662">
        <time>2022-05-30T13:55:50Z</time>
      </trkpt>
      <trkpt lat="39.911557" lon="116.652583">
        <time>2022-05-30T13:55:55Z</time>
      </trkpt>
      <trkpt lat="39.911457" lon="116.652506">
        <time>2022-05-30T13:56:00Z</time>
      </trkpt>
      <trkpt lat="39.911386" lon="116.652446">
        <time>2022-05-30T13:56:05Z</time>
      </trkpt>
      <trkpt lat="39.911329" lon="116.652392">
        <time>2022-05-30T13:56:10Z</time>
      </trkpt>
      <trkpt lat="39.911264" lon="116.652342">
        <time>2022-05-30T13:56:15Z</time>
      </trkpt>
      <trkpt lat="39.911215" lon="116.652273">
        <time>2022-05-30T13:56:20Z</time>
      </trkpt>
      <trkpt lat="39.911172" lon="116.652181">
        <time>2022-05-30T13:56:25Z</time>
      </trkpt>
      <trkpt lat="39.911136" lon="116.65211">
        <time>2022-05-30T13:56:30Z</time>
      </trkpt>
      <trkpt lat="39.911066" lon="116.652036">
        <time>2022-05-30T13:56:35Z</time>
      </trkpt>
      <trkpt lat="39.911019" lon="116.651907">
        <time>2022-05-30T13:56:40Z</time>
      </trkpt>
      <trkpt lat="39.910998" lon="116.651763">
        <time>2022-05-30T13:56:45Z</time>
      </trkpt>
      <trkpt lat="39.91095" lon="116.651631">
        <time>2022-05-30T13:56:50Z</time>
      </trkpt>
      <trkpt lat="39.910916" lon="116.651505">
        <time>2022-05-30T13:56:55Z</time>
      </trkpt>
      <trkpt lat="39.910913" lon="116.651464">
        <time>2022-05-30T13:57:00Z</time>
      </trkpt>
      <trkpt lat="39.910939" lon="116.651604">
        <time>2022-05-30T13:57:05Z</time>
      </trkpt>
      <trkpt lat="39.910959" lon="116.651767">
        <time>2022-05-30T13:57:10Z</time>
      </trkpt>
      <trkpt lat="39.910993" lon="116.651887">
        <time>2022-05-30T13:57:15Z</time>
      </trkpt>
      <trkpt lat="39.911034" lon="116.651979">
        <time>2022-05-30T13:57:20Z</time>
      </trkpt>
      <trkpt lat="39.911054" lon="116.652068">
        <time>2022-05-30T13:57:25Z</time>
      </trkpt>
      <trkpt lat="39.91109" lon="116.65214">
        <time>2022-05-30T13:57:30Z</time>
      </trkpt>
      <trkpt lat="39.911157" lon="116.652233">
        <time>2022-05-30T13:57:35Z</time>
      </trkpt>
      <trkpt lat="39.911257" lon="116.652338">
        <time>2022-05-30T13:57:40Z</time>
      </trkpt>
      <trkpt lat="39.911367" lon="116.652463">
        <time>2022-05-30T13:57:45Z</time>
      </trkpt>
      <trkpt lat="39.911486" lon="116.652556">
        <time>2022-05-30T13:57:50Z</time>
      </trkpt>
      <trkpt lat="39.911609" lon="116.652641">
        <time>2022-05-30T13:57:55Z</time>
      </trkpt>
      <trkpt lat="39.911757" lon="116.652715">
        <time>2022-05-30T13:58:00Z</time>
      </trkpt>
      <trkpt lat="39.911877" lon="116.65277">
        <time>2022-05-30T13:58:05Z</time>
      </trkpt>
      <trkpt lat="39.912007" lon="116.652886">
        <time>2022-05-30T13:58:10Z</time>
      </trkpt>
      <trkpt lat="39.912119" lon="116.65303">
        <time>2022-05-30T13:58:15Z</time>
      </trkpt>
      <trkpt lat="39.912223" lon="116.653123">
        <time>2022-05-30T13:58:20Z</time>
      </trkpt>
      <trkpt lat="39.912353" lon="116.653223">
        <time>2022-05-30T13:58:25Z</time>
      </trkpt>
      <trkpt lat="39.912466" lon="116.653344">
        <time>2022-05-30T13:58:30Z</time>
      </trkpt>
      <trkpt lat="39.912553" lon="116.653397">
        <time>2022-05-30T13:58:35Z</time>
      </trkpt>
      <trkpt lat="39.912625" lon="116.653436">
        <time>2022-05-30T13:58:40Z</time>
      </trkpt>
      <trkpt lat="39.912714" lon="116.653498">
        <time>2022-05-30T13:58:45Z</time>
      </trkpt>
      <trkpt lat="39.912813" lon="116.653556">
        <time>2022-05-30T13:58:50Z</time>
      </trkpt>
      <trkpt lat="39.912899" lon="116.653639">
        <time>2022-05-30T13:58:55Z</time>
      </trkpt>
      <trkpt lat="39.91299" lon="116.653729">
        <time>2022-05-30T13:59:00Z</time>
      </trkpt>
      <trkpt lat="39.913116" lon="116.653857">
        <time>2022-05-30T13:59:05Z</time>
      </trkpt>
      <trkpt lat="39.913221" lon="116.653907">
        <time>2022-05-30T13:59:10Z</time>
      </trkpt>
      <trkpt lat="39.913324" lon="116.653968">
        <time>2022-05-30T13:59:15Z</time>
      </trkpt>
      <trkpt lat="39.913443" lon="116.654062">
        <time>2022-05-30T13:59:20Z</time>
      </trkpt>
      <trkpt lat="39.91356" lon="116.654176">
        <time>2022-05-30T13:59:25Z</time>
      </trkpt>
      <trkpt lat="39.913643" lon="116.654274">
        <time>2022-05-30T13:59:30Z</time>
      </trkpt>
      <trkpt lat="39.913709" lon="116.654349">
        <time>2022-05-30T13:59:35Z</time>
      </trkpt>
      <trkpt lat="39.913782" lon="116.654424">
        <time>2022-05-30T13:59:40Z</time>
      </trkpt>
      <trkpt lat="39.913878" lon="116.65448">
        <time>2022-05-30T13:59:45Z</time>
      </trkpt>
      <trkpt lat="39.913975" lon="116.654544">
        <time>2022-05-30T13:59:50Z</time>
      </trkpt>
      <trkpt lat="39.91405" lon="116.654647">
        <time>2022-05-30T13:59:55Z</time>
      </trkpt>
      <trkpt lat="39.914136" lon="116.654733">
        <time>2022-05-30T14:00:00Z</time>
      </trkpt>
      <trkpt lat="39.914241" lon="116.654807">
        <time>2022-05-30T14:00:05Z</time>
      </trkpt>
      <trkpt lat="39.914347" lon="116.654932">
        <time>2022-05-30T14:00:10Z</time>
      </trkpt>
      <trkpt lat="39.914443" lon="116.655053">
        <time>2022-05-30T14:00:15Z</time>
      </trkpt>
      <trkpt lat="39.914528" lon="116.655171">
        <time>2022-05-30T14:00:20Z</time>
      </trkpt>
      <trkpt lat="39.914619" lon="116.655286">
        <time>2022-05-30T14:00:25Z</time>
      </trkpt>
      <trkpt lat="39.914692" lon="116.655415">
        <time>2022-05-30T14:00:30Z</time>
      </trkpt>
      <trkpt lat="39.914755" lon="116.655542">
        <time>2022-05-30T14:00:35Z</time>
      </trkpt>
      <trkpt lat="39.914828" lon="116.65568">
        <time>2022-05-30T14:00:40Z</time>
      </trkpt>
      <trkpt lat="39.91491" lon="116.655852">
        <time>2022-05-30T14:00:45Z</time>
      </trkpt>
      <trkpt lat="39.915007" lon="116.655999">
        <time>2022-05-30T14:00:50Z</time>
      </trkpt>
      <trkpt lat="39.915081" lon="116.656139">
        <time>2022-05-30T14:00:55Z</time>
      </trkpt>
      <trkpt lat="39.915123" lon="116.656201">
        <time>2022-05-30T14:01:00Z</time>
      </trkpt>
      <trkpt lat="39.915172" lon="116.656234">
        <time>2022-05-30T14:01:05Z</time>
      </trkpt>
      <trkpt lat="39.915203" lon="116.656289">
        <time>2022-05-30T14:01:10Z</time>
      </trkpt>
      <trkpt lat="39.915245" lon="116.656415">
        <time>2022-05-30T14:01:15Z</time>
      </trkpt>
      <trkpt lat="39.915253" lon="116.65644">
        <time>2022-05-30T14:01:20Z</time>
      </trkpt>
      <trkpt lat="39.915297" lon="116.656604">
        <time>2022-05-30T14:01:25Z</time>
      </trkpt>
      <trkpt lat="39.915376" lon="116.656722">
        <time>2022-05-30T14:01:30Z</time>
      </trkpt>
      <trkpt lat="39.915435" lon="116.656813">
        <time>2022-05-30T14:01:35Z</time>
      </trkpt>
      <trkpt lat="39.915482" lon="116.65693">
        <time>2022-05-30T14:01:40Z</time>
      </trkpt>
      <trkpt lat="39.91554" lon="116.657029">
        <time>2022-05-30T14:01:45Z</time>
      </trkpt>
      <trkpt lat="39.915594" lon="116.6571">
        <time>2022-05-30T14:01:50Z</time>
      </trkpt>
      <trkpt lat="39.915678" lon="116.657229">
        <time>2022-05-30T14:01:55Z</time>
      </trkpt>
      <trkpt lat="39.915762" lon="116.657334">
        <time>2022-05-30T14:02:00Z</time>
      </trkpt>
      <trkpt lat="39.915844" lon="116.657454">
        <time>2022-05-30T14:02:05Z</time>
      </trkpt>
      <trkpt lat="39.915929" lon="116.657565">
        <time>2022-05-30T14:02:10Z</time>
      </trkpt>
      <trkpt lat="39.91601" lon="116.657667">
        <time>2022-05-30T14:02:15Z</time>
      </trkpt>
      <trkpt lat="39.9161" lon="116.65778">
        <time>2022-05-30T14:02:20Z</time>
      </trkpt>
      <trkpt lat="39.916182" lon="116.657906">
        <time>2022-05-30T14:02:25Z</time>
      </trkpt>
      <trkpt lat="39.91627" lon="116.658005">
        <time>2022-05-30T14:02:30Z</time>
      </trkpt>
      <trkpt lat="39.916361" lon="116.65813">
        <time>2022-05-30T14:02:35Z</time>
      </trkpt>
      <trkpt lat="39.916442" lon="116.658241">
        <time>2022-05-30T14:02:40Z</time>
      </trkpt>
      <trkpt lat="39.916524" lon="116.658367">
        <time>2022-05-30T14:02:45Z</time>
      </trkpt>
      <trkpt lat="39.916605" lon="116.658519">
        <time>2022-05-30T14:02:50Z</time>
      </trkpt>
      <trkpt lat="39.916673" lon="116.658661">
        <time>2022-05-30T14:02:55Z</time>
      </trkpt>
      <trkpt lat="39.916768" lon="116.658811">
        <time>2022-05-30T14:03:00Z</time>
      </trkpt>
      <trkpt lat="39.916854" lon="116.658952">
        <time>2022-05-30T14:03:05Z</time>
      </trkpt>
      <trkpt lat="39.916942" lon="116.659104">
        <time>2022-05-30T14:03:10Z</time>
      </trkpt>
      <trkpt lat="39.91704" lon="116.65923">
        <time>2022-05-30T14:03:15Z</time>
      </trkpt>
      <trkpt lat="39.917118" lon="116.659331">
        <time>2022-05-30T14:03:20Z</time>
      </trkpt>
      <trkpt lat="39.917093" lon="116.659323">
        <time>2022-05-30T14:03:25Z</time>
      </trkpt>
      <trkpt lat="39.917025" lon="116.659211">
        <time>2022-05-30T14:03:30Z</time>
      </trkpt>
      <trkpt lat="39.916931" lon="116.659088">
        <time>2022-05-30T14:03:35Z</time>
      </trkpt>
      <trkpt lat="39.916823" lon="116.65894">
        <time>2022-05-30T14:03:40Z</time>
      </trkpt>
      <trkpt lat="39.916726" lon="116.658798">
        <time>2022-05-30T14:03:45Z</time>
      </trkpt>
      <trkpt lat="39.916655" lon="116.658672">
        <time>2022-05-30T14:03:50Z</time>
      </trkpt>
      <trkpt lat="39.916638" lon="116.658602">
        <time>2022-05-30T14:03:55Z</time>
      </trkpt>
      <trkpt lat="39.916609" lon="116.658555">
        <time>2022-05-30T14:04:00Z</time>
      </trkpt>
      <trkpt lat="39.916562" lon="116.658505">
        <time>2022-05-30T14:04:05Z</time>
      </trkpt>
      <trkpt lat="39.91649" lon="116.658401">
        <time>2022-05-30T14:04:10Z</time>
      </trkpt>
      <trkpt lat="39.916426" lon="116.658288">
        <time>2022-05-30T14:04:15Z</time>
      </trkpt>
      <trkpt lat="39.916361" lon="116.658168">
        <time>2022-05-30T14:04:20Z</time>
      </trkpt>
      <trkpt lat="39.91628" lon="116.658064">
        <time>2022-05-30T14:04:25Z</time>
      </trkpt>
      <trkpt lat="39.916197" lon="116.65795">
        <time>2022-05-30T14:04:30Z</time>
      </trkpt>
      <trkpt lat="39.916109" lon="116.657833">
        <time>2022-05-30T14:04:35Z</time>
      </trkpt>
      <trkpt lat="39.91602" lon="116.657719">
        <time>2022-05-30T14:04:40Z</time>
      </trkpt>
      <trkpt lat="39.915922" lon="116.657586">
        <time>2022-05-30T14:04:45Z</time>
      </trkpt>
      <trkpt lat="39.915843" lon="116.657481">
        <time>2022-05-30T14:04:50Z</time>
      </trkpt>
      <trkpt lat="39.915804" lon="116.657409">
        <time>2022-05-30T14:04:55Z</time>
      </trkpt>
      <trkpt lat="39.915763" lon="116.657343">
        <time>2022-05-30T14:05:00Z</time>
      </trkpt>
      <trkpt lat="39.915703" lon="116.657262">
        <time>2022-05-30T14:05:05Z</time>
      </trkpt>
      <trkpt lat="39.915647" lon="116.657168">
        <time>2022-05-30T14:05:10Z</time>
      </trkpt>
      <trkpt lat="39.915601" lon="116.657045">
        <time>2022-05-30T14:05:15Z</time>
      </trkpt>
      <trkpt lat="39.915505" lon="116.65693">
        <time>2022-05-30T14:05:20Z</time>
      </trkpt>
      <trkpt lat="39.915422" lon="116.656797">
        <time>2022-05-30T14:05:25Z</time>
      </trkpt>
      <trkpt lat="39.915364" lon="116.656702">
        <time>2022-05-30T14:05:30Z</time>
      </trkpt>
      <trkpt lat="39.915398" lon="116.656652">
        <time>2022-05-30T14:05:35Z</time>
      </trkpt>
      <trkpt lat="39.915414" lon="116.656663">
        <time>2022-05-30T14:05:40Z</time>
      </trkpt>
      <trkpt lat="39.915325" lon="116.656562">
        <time>2022-05-30T14:05:45Z</time>
      </trkpt>
      <trkpt lat="39.91508" lon="116.656183">
        <time>2022-05-30T14:05:50Z</time>
      </trkpt>
      <trkpt lat="39.91497" lon="116.656025">
        <time>2022-05-30T14:05:55Z</time>
      </trkpt>
      <trkpt lat="39.914913" lon="116.655851">
        <time>2022-05-30T14:06:00Z</time>
      </trkpt>
      <trkpt lat="39.914889" lon="116.655687">
        <time>2022-05-30T14:06:05Z</time>
      </trkpt>
      <trkpt lat="39.914784" lon="116.655533">
        <time>2022-05-30T14:06:10Z</time>
      </trkpt>
      <trkpt lat="39.91469" lon="116.655411">
        <time>2022-05-30T14:06:15Z</time>
      </trkpt>
      <trkpt lat="39.914587" lon="116.655277">
        <time>2022-05-30T14:06:20Z</time>
      </trkpt>
      <trkpt lat="39.914496" lon="116.655172">
        <time>2022-05-30T14:06:25Z</time>
      </trkpt>
      <trkpt lat="39.91443" lon="116.65507">
        <time>2022-05-30T14:06:30Z</time>
      </trkpt>
      <trkpt lat="39.914393" lon="116.654999">
        <time>2022-05-30T14:06:35Z</time>
      </trkpt>
      <trkpt lat="39.914339" lon="116.654918">
        <time>2022-05-30T14:06:40Z</time>
      </trkpt>
      <trkpt lat="39.914279" lon="116.654834">
        <time>2022-05-30T14:06:45Z</time>
      </trkpt>
      <trkpt lat="39.914206" lon="116.65478">
        <time>2022-05-30T14:06:50Z</time>
      </trkpt>
      <trkpt lat="39.914135" lon="116.654692">
        <time>2022-05-30T14:06:55Z</time>
      </trkpt>
      <trkpt lat="39.914025" lon="116.654596">
        <time>2022-05-30T14:07:00Z</time>
      </trkpt>
      <trkpt lat="39.9139" lon="116.654509">
        <time>2022-05-30T14:07:05Z</time>
      </trkpt>
      <trkpt lat="39.913781" lon="116.65441">
        <time>2022-05-30T14:07:10Z</time>
      </trkpt>
      <trkpt lat="39.913667" lon="116.654316">
        <time>2022-05-30T14:07:15Z</time>
      </trkpt>
      <trkpt lat="39.91355" lon="116.654211">
        <time>2022-05-30T14:07:20Z</time>
      </trkpt>
      <trkpt lat="39.913438" lon="116.654123">
        <time>2022-05-30T14:07:25Z</time>
      </trkpt>
      <trkpt lat="39.913325" lon="116.654045">
        <time>2022-05-30T14:07:30Z</time>
      </trkpt>
      <trkpt lat="39.913237" lon="116.653952">
        <time>2022-05-30T14:07:35Z</time>
      </trkpt>
      <trkpt lat="39.913122" lon="116.653881">
        <time>2022-05-30T14:07:40Z</time>
      </trkpt>
      <trkpt lat="39.913007" lon="116.653813">
        <time>2022-05-30T14:07:45Z</time>
      </trkpt>
      <trkpt lat="39.9129" lon="116.653729">
        <time>2022-05-30T14:07:50Z</time>
      </trkpt>
      <trkpt lat="39.912785" lon="116.653622">
        <time>2022-05-30T14:07:55Z</time>
      </trkpt>
      <trkpt lat="39.912692" lon="116.653498">
        <time>2022-05-30T14:08:00Z</time>
      </trkpt>
      <trkpt lat="39.912587" lon="116.653413">
        <time>2022-05-30T14:08:05Z</time>
      </trkpt>
      <trkpt lat="39.912461" lon="116.653331">
        <time>2022-05-30T14:08:10Z</time>
      </trkpt>
      <trkpt lat="39.912321" lon="116.653257">
        <time>2022-05-30T14:08:15Z</time>
      </trkpt>
      <trkpt lat="39.912255" lon="116.6532">
        <time>2022-05-30T14:08:20Z</time>
      </trkpt>
      <trkpt lat="39.912197" lon="116.653136">
        <time>2022-05-30T14:08:25Z</time>
      </trkpt>
      <trkpt lat="39.912168" lon="116.653098">
        <time>2022-05-30T14:08:30Z</time>
      </trkpt>
      <trkpt lat="39.912118" lon="116.653045">
        <time>2022-05-30T14:08:35Z</time>
      </trkpt>
      <trkpt lat="39.912039" lon="116.652954">
        <time>2022-05-30T14:08:40Z</time>
      </trkpt>
      <trkpt lat="39.911938" lon="116.652852">
        <time>2022-05-30T14:08:45Z</time>
      </trkpt>
      <trkpt lat="39.911831" lon="116.652779">
        <time>2022-05-30T14:08:50Z</time>
      </trkpt>
      <trkpt lat="39.9117" lon="116.652717">
        <time>2022-05-30T14:08:55Z</time>
      </trkpt>
      <trkpt lat="39.911592" lon="116.652638">
        <time>2022-05-30T14:09:00Z</time>
      </trkpt>
      <trkpt lat="39.911499" lon="116.652574">
        <time>2022-05-30T14:09:05Z</time>
      </trkpt>
      <trkpt lat="39.911445" lon="116.652517">
        <time>2022-05-30T14:09:10Z</time>
      </trkpt>
      <trkpt lat="39.911395" lon="116.652461">
        <time>2022-05-30T14:09:15Z</time>
      </trkpt>
      <trkpt lat="39.911339" lon="116.652402">
        <time>2022-05-30T14:09:20Z</time>
      </trkpt>
      <trkpt lat="39.911279" lon="116.652346">
        <time>2022-05-30T14:09:25Z</time>
      </trkpt>
      <trkpt lat="39.911217" lon="116.652269">
        <time>2022-05-30T14:09:30Z</time>
      </trkpt>
      <trkpt lat="39.911143" lon="116.652164">
        <time>2022-05-30T14:09:35Z</time>
      </trkpt>
      <trkpt lat="39.911066" lon="116.652047">
        <time>2022-05-30T14:09:40Z</time>
      </trkpt>
      <trkpt lat="39.911035" lon="116.651914">
        <time>2022-05-30T14:09:45Z</time>
      </trkpt>
      <trkpt lat="39.911147" lon="116.651904">
        <time>2022-05-30T14:09:50Z</time>
      </trkpt>
      <trkpt lat="39.911225" lon="116.651874">
        <time>2022-05-30T14:09:55Z</time>
      </trkpt>
      <trkpt lat="39.911304" lon="116.651772">
        <time>2022-05-30T14:10:00Z</time>
      </trkpt>
      <trkpt lat="39.911222" lon="116.651688">
        <time>2022-05-30T14:10:05Z</time>
      </trkpt>
      <trkpt lat="39.911187" lon="116.651599">
        <time>2022-05-30T14:10:10Z</time>
      </trkpt>
      <trkpt lat="39.9112" lon="116.651564">
        <time>2022-05-30T14:10:15Z</time>
      </trkpt>
      <trkpt lat="39.911228" lon="116.651514">
        <time>2022-05-30T14:10:20Z</time>
      </trkpt>
      <trkpt lat="39.911305" lon="116.651455">
        <time>2022-05-30T14:10:25Z</time>
      </trkpt>
      <trkpt lat="39.911409" lon="116.651445">
        <time>2022-05-30T14:10:30Z</time>
      </trkpt>
      <trkpt lat="39.911375" lon="116.651434">
        <time>2022-05-30T14:10:35Z</time>
      </trkpt>
      <trkpt lat="39.911372" lon="116.65136">
        <time>2022-05-30T14:10:40Z</time>
      </trkpt>
      <trkpt lat="39.911372" lon="116.65136">
        <time>2022-05-30T14:10:45Z</time>
      </trkpt>
      <trkpt lat="39.911383" lon="116.651236">
        <time>2022-05-30T14:10:50Z</time>
      </trkpt>
      <trkpt lat="39.91129" lon="116.650963">
        <time>2022-05-30T14:10:55Z</time>
      </trkpt>
      <trkpt lat="39.911239" lon="116.650875">
        <time>2022-05-30T14:11:00Z</time>
      </trkpt>
      <trkpt lat="39.911135" lon="116.650832">
        <time>2022-05-30T14:11:05Z</time>
      </trkpt>
      <trkpt lat="39.91102" lon="116.650867">
        <time>2022-05-30T14:11:10Z</time>
      </trkpt>
      <trkpt lat="39.910917" lon="116.650838">
        <time>2022-05-30T14:11:15Z</time>
      </trkpt>
      <trkpt lat="39.910809" lon="116.650848">
        <time>2022-05-30T14:11:20Z</time>
      </trkpt>
      <trkpt lat="39.91071" lon="116.650876">
        <time>2022-05-30T14:11:25Z</time>
      </trkpt>
      <trkpt lat="39.910595" lon="116.650915">
        <time>2022-05-30T14:11:30Z</time>
      </trkpt>
      <trkpt lat="39.910496" lon="116.65093">
        <time>2022-05-30T14:11:35Z</time>
      </trkpt>
      <trkpt lat="39.91038" lon="116.650948">
        <time>2022-05-30T14:11:40Z</time>
      </trkpt>
      <trkpt lat="39.91027" lon="116.650971">
        <time>2022-05-30T14:11:45Z</time>
      </trkpt>
      <trkpt lat="39.910166" lon="116.650982">
        <time>2022-05-30T14:11:50Z</time>
      </trkpt>
      <trkpt lat="39.91005" lon="116.650996">
        <time>2022-05-30T14:11:55Z</time>
      </trkpt>
      <trkpt lat="39.909942" lon="116.651034">
        <time>2022-05-30T14:12:00Z</time>
      </trkpt>
      <trkpt lat="39.909943" lon="116.651021">
        <time>2022-05-30T14:12:05Z</time>
      </trkpt>
      <trkpt lat="39.909973" lon="116.65101">
        <time>2022-05-30T14:12:10Z</time>
      </trkpt>
      <trkpt lat="39.910004" lon="116.650965">
        <time>2022-05-30T14:12:15Z</time>
      </trkpt>
      <trkpt lat="39.910044" lon="116.650888">
        <time>2022-05-30T14:12:20Z</time>
      </trkpt>
      <trkpt lat="39.910031" lon="116.650729">
        <time>2022-05-30T14:12:25Z</time>
      </trkpt>
      <trkpt lat="39.910034" lon="116.650512">
        <time>2022-05-30T14:12:30Z</time>
      </trkpt>
      <trkpt lat="39.910054" lon="116.650327">
        <time>2022-05-30T14:12:35Z</time>
      </trkpt>
      <trkpt lat="39.91006" lon="116.650164">
        <time>2022-05-30T14:12:40Z</time>
      </trkpt>
      <trkpt lat="39.910102" lon="116.65001">
        <time>2022-05-30T14:12:45Z</time>
      </trkpt>
      <trkpt lat="39.910099" lon="116.649883">
        <time>2022-05-30T14:12:50Z</time>
      </trkpt>
      <trkpt lat="39.910073" lon="116.649778">
        <time>2022-05-30T14:12:55Z</time>
      </trkpt>
      <trkpt lat="39.910046" lon="116.649755">
        <time>2022-05-30T14:13:00Z</time>
      </trkpt>
      <trkpt lat="39.910003" lon="116.649678">
        <time>2022-05-30T14:13:05Z</time>
      </trkpt>
      <trkpt lat="39.909948" lon="116.649541">
        <time>2022-05-30T14:13:10Z</time>
      </trkpt>
      <trkpt lat="39.909906" lon="116.649407">
        <time>2022-05-30T14:13:15Z</time>
      </trkpt>
      <trkpt lat="39.909852" lon="116.649271">
        <time>2022-05-30T14:13:20Z</time>
      </trkpt>
      <trkpt lat="39.90982" lon="116.649128">
        <time>2022-05-30T14:13:25Z</time>
      </trkpt>
      <trkpt lat="39.909787" lon="116.648992">
        <time>2022-05-30T14:13:30Z</time>
      </trkpt>
      <trkpt lat="39.909787" lon="116.648992">
        <time>2022-05-30T14:13:35Z</time>
      </trkpt>
      <trkpt lat="39.909771" lon="116.648882">
        <time>2022-05-30T14:13:40Z</time>
      </trkpt>
      <trkpt lat="39.909713" lon="116.648701">
        <time>2022-05-30T14:13:45Z</time>
      </trkpt>
      <trkpt lat="39.909664" lon="116.648577">
        <time>2022-05-30T14:13:50Z</time>
      </trkpt>
      <trkpt lat="39.90963" lon="116.648442">
        <time>2022-05-30T14:13:55Z</time>
      </trkpt>
      <trkpt lat="39.909592" lon="116.648321">
        <time>2022-05-30T14:14:00Z</time>
      </trkpt>
      <trkpt lat="39.909545" lon="116.648189">
        <time>2022-05-30T14:14:05Z</time>
      </trkpt>
      <trkpt lat="39.909495" lon="116.648058">
        <time>2022-05-30T14:14:10Z</time>
      </trkpt>
      <trkpt lat="39.909455" lon="116.647922">
        <time>2022-05-30T14:14:15Z</time>
      </trkpt>
      <trkpt lat="39.909437" lon="116.647789">
        <time>2022-05-30T14:14:20Z</time>
      </trkpt>
      <trkpt lat="39.909389" lon="116.647652">
        <time>2022-05-30T14:14:25Z</time>
      </trkpt>
      <trkpt lat="39.909345" lon="116.647494">
        <time>2022-05-30T14:14:30Z</time>
      </trkpt>
      <trkpt lat="39.909325" lon="116.647401">
        <time>2022-05-30T14:14:35Z</time>
      </trkpt>
      <trkpt lat="39.909296" lon="116.647303">
        <time>2022-05-30T14:14:40Z</time>
      </trkpt>
      <trkpt lat="39.909292" lon="116.647183">
        <time>2022-05-30T14:14:45Z</time>
      </trkpt>
      <trkpt lat="39.909267" lon="116.647089">
        <time>2022-05-30T14:14:50Z</time>
      </trkpt>
      <trkpt lat="39.909234" lon="116.646982">
        <time>2022-05-30T14:14:55Z</time>
      </trkpt>
      <trkpt lat="39.909184" lon="116.646885">
        <time>2022-05-30T14:15:00Z</time>
      </trkpt>
      <trkpt lat="39.909152" lon="116.646731">
        <time>2022-05-30T14:15:05Z</time>
      </trkpt>
      <trkpt lat="39.909127" lon="116.646574">
        <time>2022-05-30T14:15:10Z</time>
      </trkpt>
      <trkpt lat="39.909093" lon="116.646423">
        <time>2022-05-30T14:15:15Z</time>
      </trkpt>
      <trkpt lat="39.909042" lon="116.646304">
        <time>2022-05-30T14:15:20Z</time>
      </trkpt>
      <trkpt lat="39.908998" lon="116.646181">
        <time>2022-05-30T14:15:25Z</time>
      </trkpt>
      <trkpt lat="39.90895" lon="116.646046">
        <time>2022-05-30T14:15:30Z</time>
      </trkpt>
      <trkpt lat="39.908939" lon="116.645933">
        <time>2022-05-30T14:15:35Z</time>
      </trkpt>
      <trkpt lat="39.908922" lon="116.645842">
        <time>2022-05-30T14:15:40Z</time>
      </trkpt>
      <trkpt lat="39.908898" lon="116.645782">
        <time>2022-05-30T14:15:45Z</time>
      </trkpt>
      <trkpt lat="39.908871" lon="116.645704">
        <time>2022-05-30T14:15:50Z</time>
      </trkpt>
      <trkpt lat="39.908839" lon="116.645614">
        <time>2022-05-30T14:15:55Z</time>
      </trkpt>
      <trkpt lat="39.908813" lon="116.645491">
        <time>2022-05-30T14:16:00Z</time>
      </trkpt>
      <trkpt lat="39.908785" lon="116.645359">
        <time>2022-05-30T14:16:05Z</time>
      </trkpt>
      <trkpt lat="39.908755" lon="116.645226">
        <time>2022-05-30T14:16:10Z</time>
      </trkpt>
      <trkpt lat="39.908742" lon="116.645114">
        <time>2022-05-30T14:16:15Z</time>
      </trkpt>
      <trkpt lat="39.908705" lon="116.645016">
        <time>2022-05-30T14:16:20Z</time>
      </trkpt>
      <trkpt lat="39.908699" lon="116.644921">
        <time>2022-05-30T14:16:25Z</time>
      </trkpt>
      <trkpt lat="39.908689" lon="116.644804">
        <time>2022-05-30T14:16:30Z</time>
      </trkpt>
      <trkpt lat="39.908692" lon="116.644681">
        <time>2022-05-30T14:16:35Z</time>
      </trkpt>
      <trkpt lat="39.908698" lon="116.644533">
        <time>2022-05-30T14:16:40Z</time>
      </trkpt>
      <trkpt lat="39.908709" lon="116.644408">
        <time>2022-05-30T14:16:45Z</time>
      </trkpt>
      <trkpt lat="39.908704" lon="116.644262">
        <time>2022-05-30T14:16:50Z</time>
      </trkpt>
      <trkpt lat="39.908703" lon="116.644106">
        <time>2022-05-30T14:16:55Z</time>
      </trkpt>
      <trkpt lat="39.908676" lon="116.643979">
        <time>2022-05-30T14:17:00Z</time>
      </trkpt>
      <trkpt lat="39.908686" lon="116.643815">
        <time>2022-05-30T14:17:05Z</time>
      </trkpt>
      <trkpt lat="39.908719" lon="116.643642">
        <time>2022-05-30T14:17:10Z</time>
      </trkpt>
      <trkpt lat="39.908726" lon="116.643474">
        <time>2022-05-30T14:17:15Z</time>
      </trkpt>
      <trkpt lat="39.908714" lon="116.643299">
        <time>2022-05-30T14:17:20Z</time>
      </trkpt>
      <trkpt lat="39.908691" lon="116.643159">
        <time>2022-05-30T14:17:25Z</time>
      </trkpt>
      <trkpt lat="39.908704" lon="116.643012">
        <time>2022-05-30T14:17:30Z</time>
      </trkpt>
      <trkpt lat="39.908694" lon="116.642906">
        <time>2022-05-30T14:17:35Z</time>
      </trkpt>
      <trkpt lat="39.908684" lon="116.642818">
        <time>2022-05-30T14:17:40Z</time>
      </trkpt>
      <trkpt lat="39.908692" lon="116.642684">
        <time>2022-05-30T14:17:45Z</time>
      </trkpt>
      <trkpt lat="39.908691" lon="116.642511">
        <time>2022-05-30T14:17:50Z</time>
      </trkpt>
      <trkpt lat="39.908692" lon="116.64233">
        <time>2022-05-30T14:17:55Z</time>
      </trkpt>
      <trkpt lat="39.908686" lon="116.642173">
        <time>2022-05-30T14:18:00Z</time>
      </trkpt>
      <trkpt lat="39.908685" lon="116.641999">
        <time>2022-05-30T14:18:05Z</time>
      </trkpt>
      <trkpt lat="39.90868" lon="116.641834">
        <time>2022-05-30T14:18:10Z</time>
      </trkpt>
      <trkpt lat="39.908677" lon="116.641683">
        <time>2022-05-30T14:18:15Z</time>
      </trkpt>
      <trkpt lat="39.908673" lon="116.641524">
        <time>2022-05-30T14:18:20Z</time>
      </trkpt>
      <trkpt lat="39.908682" lon="116.641373">
        <time>2022-05-30T14:18:25Z</time>
      </trkpt>
      <trkpt lat="39.908677" lon="116.641246">
        <time>2022-05-30T14:18:30Z</time>
      </trkpt>
      <trkpt lat="39.908661" lon="116.641119">
        <time>2022-05-30T14:18:35Z</time>
      </trkpt>
      <trkpt lat="39.908642" lon="116.640984">
        <time>2022-05-30T14:18:40Z</time>
      </trkpt>
      <trkpt lat="39.908646" lon="116.640884">
        <time>2022-05-30T14:18:45Z</time>
      </trkpt>
      <trkpt lat="39.908606" lon="116.64077">
        <time>2022-05-30T14:18:50Z</time>
      </trkpt>
      <trkpt lat="39.908599" lon="116.640589">
        <time>2022-05-30T14:18:55Z</time>
      </trkpt>
      <trkpt lat="39.908626" lon="116.64045">
        <time>2022-05-30T14:19:00Z</time>
      </trkpt>
      <trkpt lat="39.908636" lon="116.640382">
        <time>2022-05-30T14:19:05Z</time>
      </trkpt>
      <trkpt lat="39.908641" lon="116.640264">
        <time>2022-05-30T14:19:10Z</time>
      </trkpt>
      <trkpt lat="39.908636" lon="116.640152">
        <time>2022-05-30T14:19:15Z</time>
      </trkpt>
      <trkpt lat="39.908616" lon="116.640049">
        <time>2022-05-30T14:19:20Z</time>
      </trkpt>
      <trkpt lat="39.908609" lon="116.639945">
        <time>2022-05-30T14:19:25Z</time>
      </trkpt>
      <trkpt lat="39.908624" lon="116.639803">
        <time>2022-05-30T14:19:30Z</time>
      </trkpt>
      <trkpt lat="39.908654" lon="116.639662">
        <time>2022-05-30T14:19:35Z</time>
      </trkpt>
      <trkpt lat="39.908663" lon="116.639529">
        <time>2022-05-30T14:19:40Z</time>
      </trkpt>
      <trkpt lat="39.908637" lon="116.639392">
        <time>2022-05-30T14:19:45Z</time>
      </trkpt>
      <trkpt lat="39.908629" lon="116.639244">
        <time>2022-05-30T14:19:50Z</time>
      </trkpt>
      <trkpt lat="39.908623" lon="116.639075">
        <time>2022-05-30T14:19:55Z</time>
      </trkpt>
      <trkpt lat="39.908613" lon="116.638905">
        <time>2022-05-30T14:20:00Z</time>
      </trkpt>
      <trkpt lat="39.908602" lon="116.638749">
        <time>2022-05-30T14:20:05Z</time>
      </trkpt>
      <trkpt lat="39.908592" lon="116.638623">
        <time>2022-05-30T14:20:10Z</time>
      </trkpt>
      <trkpt lat="39.908575" lon="116.638511">
        <time>2022-05-30T14:20:15Z</time>
      </trkpt>
      <trkpt lat="39.908578" lon="116.638381">
        <time>2022-05-30T14:20:20Z</time>
      </trkpt>
      <trkpt lat="39.908595" lon="116.638231">
        <time>2022-05-30T14:20:25Z</time>
      </trkpt>
      <trkpt lat="39.908615" lon="116.638094">
        <time>2022-05-30T14:20:30Z</time>
      </trkpt>
      <trkpt lat="39.908601" lon="116.637972">
        <time>2022-05-30T14:20:35Z</time>
      </trkpt>
      <trkpt lat="39.908551" lon="116.637905">
        <time>2022-05-30T14:20:40Z</time>
      </trkpt>
      <trkpt lat="39.908485" lon="116.637816">
        <time>2022-05-30T14:20:45Z</time>
      </trkpt>
      <trkpt lat="39.908438" lon="116.637682">
        <time>2022-05-30T14:20:50Z</time>
      </trkpt>
      <trkpt lat="39.908356" lon="116.63757">
        <time>2022-05-30T14:20:55Z</time>
      </trkpt>
      <trkpt lat="39.908356" lon="116.63757">
        <time>2022-05-30T14:21:00Z</time>
      </trkpt>
      <trkpt lat="39.908265" lon="116.637532">
        <time>2022-05-30T14:21:05Z</time>
      </trkpt>
      <trkpt lat="39.908259" lon="116.637357">
        <time>2022-05-30T14:21:10Z</time>
      </trkpt>
      <trkpt lat="39.908254" lon="116.637222">
        <time>2022-05-30T14:21:15Z</time>
      </trkpt>
      <trkpt lat="39.90829" lon="116.637078">
        <time>2022-05-30T14:21:20Z</time>
      </trkpt>
      <trkpt lat="39.908363" lon="116.636926">
        <time>2022-05-30T14:21:25Z</time>
      </trkpt>
      <trkpt lat="39.908388" lon="116.636749">
        <time>2022-05-30T14:21:30Z</time>
      </trkpt>
      <trkpt lat="39.908419" lon="116.636615">
        <time>2022-05-30T14:21:35Z</time>
      </trkpt>
      <trkpt lat="39.908445" lon="116.63646">
        <time>2022-05-30T14:21:40Z</time>
      </trkpt>
      <trkpt lat="39.90846" lon="116.63632">
        <time>2022-05-30T14:21:45Z</time>
      </trkpt>
      <trkpt lat="39.908497" lon="116.636139">
        <time>2022-05-30T14:21:50Z</time>
      </trkpt>
      <trkpt lat="39.908546" lon="116.635965">
        <time>2022-05-30T14:21:55Z</time>
      </trkpt>
      <trkpt lat="39.908578" lon="116.635813">
        <time>2022-05-30T14:22:00Z</time>
      </trkpt>
      <trkpt lat="39.908582" lon="116.635638">
        <time>2022-05-30T14:22:05Z</time>
      </trkpt>
      <trkpt lat="39.908546" lon="116.63549">
        <time>2022-05-30T14:22:10Z</time>
      </trkpt>
      <trkpt lat="39.908513" lon="116.635349">
        <time>2022-05-30T14:22:15Z</time>
      </trkpt>
      <trkpt lat="39.908506" lon="116.635184">
        <time>2022-05-30T14:22:20Z</time>
      </trkpt>
      <trkpt lat="39.9085" lon="116.635014">
        <time>2022-05-30T14:22:25Z</time>
      </trkpt>
      <trkpt lat="39.908515" lon="116.634822">
        <time>2022-05-30T14:22:30Z</time>
      </trkpt>
      <trkpt lat="39.908492" lon="116.634666">
        <time>2022-05-30T14:22:35Z</time>
      </trkpt>
      <trkpt lat="39.908524" lon="116.634449">
        <time>2022-05-30T14:22:40Z</time>
      </trkpt>
      <trkpt lat="39.908534" lon="116.634407">
        <time>2022-05-30T14:22:45Z</time>
      </trkpt>
      <trkpt lat="39.90853" lon="116.634308">
        <time>2022-05-30T14:22:50Z</time>
      </trkpt>
      <trkpt lat="39.908537" lon="116.634208">
        <time>2022-05-30T14:22:55Z</time>
      </trkpt>
      <trkpt lat="39.908519" lon="116.634137">
        <time>2022-05-30T14:23:00Z</time>
      </trkpt>
      <trkpt lat="39.908505" lon="116.634017">
        <time>2022-05-30T14:23:05Z</time>
      </trkpt>
      <trkpt lat="39.908518" lon="116.633814">
        <time>2022-05-30T14:23:10Z</time>
      </trkpt>
      <trkpt lat="39.908529" lon="116.633715">
        <time>2022-05-30T14:23:15Z</time>
      </trkpt>
      <trkpt lat="39.908536" lon="116.633564">
        <time>2022-05-30T14:23:20Z</time>
      </trkpt>
      <trkpt lat="39.908551" lon="116.633407">
        <time>2022-05-30T14:23:25Z</time>
      </trkpt>
      <trkpt lat="39.90852" lon="116.633289">
        <time>2022-05-30T14:23:30Z</time>
      </trkpt>
      <trkpt lat="39.908497" lon="116.633187">
        <time>2022-05-30T14:23:35Z</time>
      </trkpt>
      <trkpt lat="39.908501" lon="116.633039">
        <time>2022-05-30T14:23:40Z</time>
      </trkpt>
      <trkpt lat="39.9085" lon="116.632929">
        <time>2022-05-30T14:23:45Z</time>
      </trkpt>
      <trkpt lat="39.908474" lon="116.632837">
        <time>2022-05-30T14:23:50Z</time>
      </trkpt>
      <trkpt lat="39.90844" lon="116.632756">
        <time>2022-05-30T14:23:55Z</time>
      </trkpt>
      <trkpt lat="39.908418" lon="116.632651">
        <time>2022-05-30T14:24:00Z</time>
      </trkpt>
      <trkpt lat="39.908416" lon="116.632522">
        <time>2022-05-30T14:24:05Z</time>
      </trkpt>
      <trkpt lat="39.908405" lon="116.632381">
        <time>2022-05-30T14:24:10Z</time>
      </trkpt>
      <trkpt lat="39.908383" lon="116.632244">
        <time>2022-05-30T14:24:15Z</time>
      </trkpt>
      <trkpt lat="39.908361" lon="116.6321">
        <time>2022-05-30T14:24:20Z</time>
      </trkpt>
      <trkpt lat="39.908344" lon="116.631955">
        <time>2022-05-30T14:24:25Z</time>
      </trkpt>
      <trkpt lat="39.908316" lon="116.63184">
        <time>2022-05-30T14:24:30Z</time>
      </trkpt>
      <trkpt lat="39.908297" lon="116.631706">
        <time>2022-05-30T14:24:35Z</time>
      </trkpt>
      <trkpt lat="39.908281" lon="116.631605">
        <time>2022-05-30T14:24:40Z</time>
      </trkpt>
      <trkpt lat="39.908277" lon="116.631498">
        <time>2022-05-30T14:24:45Z</time>
      </trkpt>
      <trkpt lat="39.908245" lon="116.631409">
        <time>2022-05-30T14:24:50Z</time>
      </trkpt>
      <trkpt lat="39.908211" lon="116.631322">
        <time>2022-05-30T14:24:55Z</time>
      </trkpt>
      <trkpt lat="39.908194" lon="116.631215">
        <time>2022-05-30T14:25:00Z</time>
      </trkpt>
      <trkpt lat="39.908182" lon="116.631064">
        <time>2022-05-30T14:25:05Z</time>
      </trkpt>
      <trkpt lat="39.908164" lon="116.63091">
        <time>2022-05-30T14:25:10Z</time>
      </trkpt>
      <trkpt lat="39.908152" lon="116.630749">
        <time>2022-05-30T14:25:15Z</time>
      </trkpt>
      <trkpt lat="39.908155" lon="116.630604">
        <time>2022-05-30T14:25:20Z</time>
      </trkpt>
      <trkpt lat="39.908151" lon="116.630454">
        <time>2022-05-30T14:25:25Z</time>
      </trkpt>
      <trkpt lat="39.908114" lon="116.630335">
        <time>2022-05-30T14:25:30Z</time>
      </trkpt>
      <trkpt lat="39.908108" lon="116.630192">
        <time>2022-05-30T14:25:35Z</time>
      </trkpt>
      <trkpt lat="39.908088" lon="116.630068">
        <time>2022-05-30T14:25:40Z</time>
      </trkpt>
      <trkpt lat="39.908052" lon="116.629972">
        <time>2022-05-30T14:25:45Z</time>
      </trkpt>
      <trkpt lat="39.908029" lon="116.629905">
        <time>2022-05-30T14:25:50Z</time>
      </trkpt>
      <trkpt lat="39.907971" lon="116.629867">
        <time>2022-05-30T14:25:55Z</time>
      </trkpt>
      <trkpt lat="39.907988" lon="116.629727">
        <time>2022-05-30T14:26:00Z</time>
      </trkpt>
      <trkpt lat="39.907985" lon="116.629585">
        <time>2022-05-30T14:26:05Z</time>
      </trkpt>
      <trkpt lat="39.907998" lon="116.629431">
        <time>2022-05-30T14:26:10Z</time>
      </trkpt>
      <trkpt lat="39.907993" lon="116.6293">
        <time>2022-05-30T14:26:15Z</time>
      </trkpt>
      <trkpt lat="39.907963" lon="116.62918">
        <time>2022-05-30T14:26:20Z</time>
      </trkpt>
      <trkpt lat="39.907944" lon="116.62903">
        <time>2022-05-30T14:26:25Z</time>
      </trkpt>
      <trkpt lat="39.907915" lon="116.628865">
        <time>2022-05-30T14:26:30Z</time>
      </trkpt>
      <trkpt lat="39.907923" lon="116.628729">
        <time>2022-05-30T14:26:35Z</time>
      </trkpt>
      <trkpt lat="39.907926" lon="116.628584">
        <time>2022-05-30T14:26:40Z</time>
      </trkpt>
      <trkpt lat="39.907898" lon="116.628451">
        <time>2022-05-30T14:26:45Z</time>
      </trkpt>
      <trkpt lat="39.907871" lon="116.628308">
        <time>2022-05-30T14:26:50Z</time>
      </trkpt>
      <trkpt lat="39.907862" lon="116.628245">
        <time>2022-05-30T14:26:55Z</time>
      </trkpt>
      <trkpt lat="39.907865" lon="116.628205">
        <time>2022-05-30T14:27:00Z</time>
      </trkpt>
      <trkpt lat="39.907865" lon="116.627998">
        <time>2022-05-30T14:27:05Z</time>
      </trkpt>
      <trkpt lat="39.907827" lon="116.627824">
        <time>2022-05-30T14:27:10Z</time>
      </trkpt>
      <trkpt lat="39.9078" lon="116.627661">
        <time>2022-05-30T14:27:15Z</time>
      </trkpt>
      <trkpt lat="39.907769" lon="116.627539">
        <time>2022-05-30T14:27:20Z</time>
      </trkpt>
      <trkpt lat="39.907755" lon="116.627391">
        <time>2022-05-30T14:27:25Z</time>
      </trkpt>
      <trkpt lat="39.907748" lon="116.627236">
        <time>2022-05-30T14:27:30Z</time>
      </trkpt>
      <trkpt lat="39.907731" lon="116.627066">
        <time>2022-05-30T14:27:35Z</time>
      </trkpt>
      <trkpt lat="39.90771" lon="116.626926">
        <time>2022-05-30T14:27:40Z</time>
      </trkpt>
      <trkpt lat="39.907675" lon="116.626801">
        <time>2022-05-30T14:27:45Z</time>
      </trkpt>
      <trkpt lat="39.907667" lon="116.626706">
        <time>2022-05-30T14:27:50Z</time>
      </trkpt>
      <trkpt lat="39.907646" lon="116.626573">
        <time>2022-05-30T14:27:55Z</time>
      </trkpt>
      <trkpt lat="39.907654" lon="116.626399">
        <time>2022-05-30T14:28:00Z</time>
      </trkpt>
      <trkpt lat="39.907667" lon="116.626222">
        <time>2022-05-30T14:28:05Z</time>
      </trkpt>
      <trkpt lat="39.907631" lon="116.626059">
        <time>2022-05-30T14:28:10Z</time>
      </trkpt>
      <trkpt lat="39.907596" lon="116.625892">
        <time>2022-05-30T14:28:15Z</time>
      </trkpt>
      <trkpt lat="39.907581" lon="116.625745">
        <time>2022-05-30T14:28:20Z</time>
      </trkpt>
      <trkpt lat="39.907566" lon="116.625605">
        <time>2022-05-30T14:28:25Z</time>
      </trkpt>
      <trkpt lat="39.907558" lon="116.625492">
        <time>2022-05-30T14:28:30Z</time>
      </trkpt>
      <trkpt lat="39.907541" lon="116.625391">
        <time>2022-05-30T14:28:35Z</time>
      </trkpt>
      <trkpt lat="39.907527" lon="116.625296">
        <time>2022-05-30T14:28:40Z</time>
      </trkpt>
      <trkpt lat="39.907525" lon="116.625175">
        <time>2022-05-30T14:28:45Z</time>
      </trkpt>
      <trkpt lat="39.907538" lon="116.625023">
        <time>2022-05-30T14:28:50Z</time>
      </trkpt>
      <trkpt lat="39.907518" lon="116.624885">
        <time>2022-05-30T14:28:55Z</time>
      </trkpt>
      <trkpt lat="39.907523" lon="116.624748">
        <time>2022-05-30T14:29:00Z</time>
      </trkpt>
      <trkpt lat="39.907499" lon="116.624628">
        <time>2022-05-30T14:29:05Z</time>
      </trkpt>
      <trkpt lat="39.907504" lon="116.624501">
        <time>2022-05-30T14:29:10Z</time>
      </trkpt>
      <trkpt lat="39.907482" lon="116.62434">
        <time>2022-05-30T14:29:15Z</time>
      </trkpt>
      <trkpt lat="39.907435" lon="116.624231">
        <time>2022-05-30T14:29:20Z</time>
      </trkpt>
      <trkpt lat="39.90743" lon="116.624103">
        <time>2022-05-30T14:29:25Z</time>
      </trkpt>
      <trkpt lat="39.907437" lon="116.623937">
        <time>2022-05-30T14:29:30Z</time>
      </trkpt>
      <trkpt lat="39.907458" lon="116.623804">
        <time>2022-05-30T14:29:35Z</time>
      </trkpt>
      <trkpt lat="39.90749" lon="116.62367">
        <time>2022-05-30T14:29:40Z</time>
      </trkpt>
      <trkpt lat="39.9075" lon="116.623566">
        <time>2022-05-30T14:29:45Z</time>
      </trkpt>
      <trkpt lat="39.907401" lon="116.623546">
        <time>2022-05-30T14:29:50Z</time>
      </trkpt>
      <trkpt lat="39.907337" lon="116.62348">
        <time>2022-05-30T14:29:55Z</time>
      </trkpt>
      <trkpt lat="39.907305" lon="116.623375">
        <time>2022-05-30T14:30:00Z</time>
      </trkpt>
      <trkpt lat="39.907301" lon="116.623239">
        <time>2022-05-30T14:30:05Z</time>
      </trkpt>
      <trkpt lat="39.907283" lon="116.623086">
        <time>2022-05-30T14:30:10Z</time>
      </trkpt>
      <trkpt lat="39.90727" lon="116.622925">
        <time>2022-05-30T14:30:15Z</time>
      </trkpt>
      <trkpt lat="39.907267" lon="116.622773">
        <time>2022-05-30T14:30:20Z</time>
      </trkpt>
      <trkpt lat="39.907237" lon="116.622636">
        <time>2022-05-30T14:30:25Z</time>
      </trkpt>
      <trkpt lat="39.907162" lon="116.622519">
        <time>2022-05-30T14:30:30Z</time>
      </trkpt>
      <trkpt lat="39.907123" lon="116.622387">
        <time>2022-05-30T14:30:35Z</time>
      </trkpt>
      <trkpt lat="39.907152" lon="116.622227">
        <time>2022-05-30T14:30:40Z</time>
      </trkpt>
      <trkpt lat="39.907153" lon="116.622049">
        <time>2022-05-30T14:30:45Z</time>
      </trkpt>
      <trkpt lat="39.907159" lon="116.621886">
        <time>2022-05-30T14:30:50Z</time>
      </trkpt>
      <trkpt lat="39.907134" lon="116.621743">
        <time>2022-05-30T14:30:55Z</time>
      </trkpt>
      <trkpt lat="39.907116" lon="116.621605">
        <time>2022-05-30T14:31:00Z</time>
      </trkpt>
      <trkpt lat="39.907139" lon="116.621445">
        <time>2022-05-30T14:31:05Z</time>
      </trkpt>
      <trkpt lat="39.907154" lon="116.621304">
        <time>2022-05-30T14:31:10Z</time>
      </trkpt>
      <trkpt lat="39.907135" lon="116.621223">
        <time>2022-05-30T14:31:15Z</time>
      </trkpt>
      <trkpt lat="39.907134" lon="116.621135">
        <time>2022-05-30T14:31:20Z</time>
      </trkpt>
      <trkpt lat="39.907104" lon="116.621107">
        <time>2022-05-30T14:31:25Z</time>
      </trkpt>
      <trkpt lat="39.907012" lon="116.621051">
        <time>2022-05-30T14:31:30Z</time>
      </trkpt>
      <trkpt lat="39.906969" lon="116.620949">
        <time>2022-05-30T14:31:35Z</time>
      </trkpt>
      <trkpt lat="39.906956" lon="116.620791">
        <time>2022-05-30T14:31:40Z</time>
      </trkpt>
      <trkpt lat="39.906987" lon="116.620645">
        <time>2022-05-30T14:31:45Z</time>
      </trkpt>
      <trkpt lat="39.906984" lon="116.620558">
        <time>2022-05-30T14:31:50Z</time>
      </trkpt>
      <trkpt lat="39.906893" lon="116.620612">
        <time>2022-05-30T14:31:55Z</time>
      </trkpt>
      <trkpt lat="39.906832" lon="116.620534">
        <time>2022-05-30T14:32:00Z</time>
      </trkpt>
      <trkpt lat="39.906815" lon="116.620414">
        <time>2022-05-30T14:32:05Z</time>
      </trkpt>
      <trkpt lat="39.906809" lon="116.620216">
        <time>2022-05-30T14:32:10Z</time>
      </trkpt>
      <trkpt lat="39.906832" lon="116.620018">
        <time>2022-05-30T14:32:15Z</time>
      </trkpt>
      <trkpt lat="39.906843" lon="116.619837">
        <time>2022-05-30T14:32:20Z</time>
      </trkpt>
      <trkpt lat="39.906878" lon="116.619678">
        <time>2022-05-30T14:32:25Z</time>
      </trkpt>
      <trkpt lat="39.906922" lon="116.619543">
        <time>2022-05-30T14:32:30Z</time>
      </trkpt>
      <trkpt lat="39.906913" lon="116.61944">
        <time>2022-05-30T14:32:35Z</time>
      </trkpt>
      <trkpt lat="39.906892" lon="116.619325">
        <time>2022-05-30T14:32:40Z</time>
      </trkpt>
      <trkpt lat="39.90684" lon="116.619258">
        <time>2022-05-30T14:32:45Z</time>
      </trkpt>
      <trkpt lat="39.906797" lon="116.619171">
        <time>2022-05-30T14:32:50Z</time>
      </trkpt>
      <trkpt lat="39.906779" lon="116.619053">
        <time>2022-05-30T14:32:55Z</time>
      </trkpt>
      <trkpt lat="39.906745" lon="116.618902">
        <time>2022-05-30T14:33:00Z</time>
      </trkpt>
      <trkpt lat="39.906714" lon="116.618753">
        <time>2022-05-30T14:33:05Z</time>
      </trkpt>
      <trkpt lat="39.906712" lon="116.618584">
        <time>2022-05-30T14:33:10Z</time>
      </trkpt>
      <trkpt lat="39.906719" lon="116.618422">
        <time>2022-05-30T14:33:15Z</time>
      </trkpt>
      <trkpt lat="39.906699" lon="116.618284">
        <time>2022-05-30T14:33:20Z</time>
      </trkpt>
      <trkpt lat="39.906672" lon="116.618141">
        <time>2022-05-30T14:33:25Z</time>
      </trkpt>
      <trkpt lat="39.906635" lon="116.617997">
        <time>2022-05-30T14:33:30Z</time>
      </trkpt>
      <trkpt lat="39.906615" lon="116.617836">
        <time>2022-05-30T14:33:35Z</time>
      </trkpt>
      <trkpt lat="39.906599" lon="116.61769">
        <time>2022-05-30T14:33:40Z</time>
      </trkpt>
      <trkpt lat="39.906572" lon="116.61756">
        <time>2022-05-30T14:33:45Z</time>
      </trkpt>
      <trkpt lat="39.906559" lon="116.617431">
        <time>2022-05-30T14:33:50Z</time>
      </trkpt>
      <trkpt lat="39.906546" lon="116.617289">
        <time>2022-05-30T14:33:55Z</time>
      </trkpt>
      <trkpt lat="39.906493" lon="116.61715">
        <time>2022-05-30T14:34:00Z</time>
      </trkpt>
      <trkpt lat="39.906469" lon="116.617004">
        <time>2022-05-30T14:34:05Z</time>
      </trkpt>
      <trkpt lat="39.906494" lon="116.61686">
        <time>2022-05-30T14:34:10Z</time>
      </trkpt>
      <trkpt lat="39.906501" lon="116.616732">
        <time>2022-05-30T14:34:15Z</time>
      </trkpt>
      <trkpt lat="39.906496" lon="116.616652">
        <time>2022-05-30T14:34:20Z</time>
      </trkpt>
      <trkpt lat="39.906467" lon="116.616576">
        <time>2022-05-30T14:34:25Z</time>
      </trkpt>
      <trkpt lat="39.906449" lon="116.616513">
        <time>2022-05-30T14:34:30Z</time>
      </trkpt>
      <trkpt lat="39.906415" lon="116.616445">
        <time>2022-05-30T14:34:35Z</time>
      </trkpt>
      <trkpt lat="39.906377" lon="116.616333">
        <time>2022-05-30T14:34:40Z</time>
      </trkpt>
      <trkpt lat="39.906345" lon="116.616215">
        <time>2022-05-30T14:34:45Z</time>
      </trkpt>
      <trkpt lat="39.906285" lon="116.616102">
        <time>2022-05-30T14:34:50Z</time>
      </trkpt>
      <trkpt lat="39.906238" lon="116.615981">
        <time>2022-05-30T14:34:55Z</time>
      </trkpt>
      <trkpt lat="39.9062" lon="116.61583">
        <time>2022-05-30T14:35:00Z</time>
      </trkpt>
      <trkpt lat="39.906156" lon="116.615699">
        <time>2022-05-30T14:35:05Z</time>
      </trkpt>
      <trkpt lat="39.906086" lon="116.615554">
        <time>2022-05-30T14:35:10Z</time>
      </trkpt>
      <trkpt lat="39.906012" lon="116.615439">
        <time>2022-05-30T14:35:15Z</time>
      </trkpt>
      <trkpt lat="39.905984" lon="116.61539">
        <time>2022-05-30T14:35:20Z</time>
      </trkpt>
      <trkpt lat="39.905924" lon="116.615328">
        <time>2022-05-30T14:35:25Z</time>
      </trkpt>
      <trkpt lat="39.905871" lon="116.615271">
        <time>2022-05-30T14:35:30Z</time>
      </trkpt>
      <trkpt lat="39.905842" lon="116.615143">
        <time>2022-05-30T14:35:35Z</time>
      </trkpt>
      <trkpt lat="39.905818" lon="116.614999">
        <time>2022-05-30T14:35:40Z</time>
      </trkpt>
      <trkpt lat="39.905864" lon="116.61487">
        <time>2022-05-30T14:35:45Z</time>
      </trkpt>
      <trkpt lat="39.905843" lon="116.614721">
        <time>2022-05-30T14:35:50Z</time>
      </trkpt>
      <trkpt lat="39.905761" lon="116.614679">
        <time>2022-05-30T14:35:55Z</time>
      </trkpt>
      <trkpt lat="39.905686" lon="116.614749">
        <time>2022-05-30T14:36:00Z</time>
      </trkpt>
      <trkpt lat="39.905666" lon="116.614856">
        <time>2022-05-30T14:36:05Z</time>
      </trkpt>
      <trkpt lat="39.905684" lon="116.615029">
        <time>2022-05-30T14:36:10Z</time>
      </trkpt>
      <trkpt lat="39.905695" lon="116.615176">
        <time>2022-05-30T14:36:15Z</time>
      </trkpt>
      <trkpt lat="39.905691" lon="116.615367">
        <time>2022-05-30T14:36:20Z</time>
      </trkpt>
      <trkpt lat="39.905713" lon="116.615516">
        <time>2022-05-30T14:36:25Z</time>
      </trkpt>
      <trkpt lat="39.905721" lon="116.61566">
        <time>2022-05-30T14:36:30Z</time>
      </trkpt>
      <trkpt lat="39.905711" lon="116.615773">
        <time>2022-05-30T14:36:35Z</time>
      </trkpt>
      <trkpt lat="39.90571" lon="116.615857">
        <time>2022-05-30T14:36:40Z</time>
      </trkpt>
      <trkpt lat="39.905709" lon="116.615954">
        <time>2022-05-30T14:36:45Z</time>
      </trkpt>
      <trkpt lat="39.90571" lon="116.616075">
        <time>2022-05-30T14:36:50Z</time>
      </trkpt>
      <trkpt lat="39.905705" lon="116.616228">
        <time>2022-05-30T14:36:55Z</time>
      </trkpt>
      <trkpt lat="39.905698" lon="116.616384">
        <time>2022-05-30T14:37:00Z</time>
      </trkpt>
      <trkpt lat="39.905688" lon="116.616526">
        <time>2022-05-30T14:37:05Z</time>
      </trkpt>
      <trkpt lat="39.905676" lon="116.616673">
        <time>2022-05-30T14:37:10Z</time>
      </trkpt>
      <trkpt lat="39.905666" lon="116.616834">
        <time>2022-05-30T14:37:15Z</time>
      </trkpt>
      <trkpt lat="39.905633" lon="116.616976">
        <time>2022-05-30T14:37:20Z</time>
      </trkpt>
      <trkpt lat="39.905628" lon="116.617062">
        <time>2022-05-30T14:37:25Z</time>
      </trkpt>
      <trkpt lat="39.905622" lon="116.617123">
        <time>2022-05-30T14:37:30Z</time>
      </trkpt>
      <trkpt lat="39.905562" lon="116.617263">
        <time>2022-05-30T14:37:35Z</time>
      </trkpt>
      <trkpt lat="39.90548" lon="116.617362">
        <time>2022-05-30T14:37:40Z</time>
      </trkpt>
      <trkpt lat="39.90551" lon="116.617522">
        <time>2022-05-30T14:37:45Z</time>
      </trkpt>
      <trkpt lat="39.905523" lon="116.617668">
        <time>2022-05-30T14:37:50Z</time>
      </trkpt>
      <trkpt lat="39.905535" lon="116.617864">
        <time>2022-05-30T14:37:55Z</time>
      </trkpt>
      <trkpt lat="39.905544" lon="116.618049">
        <time>2022-05-30T14:38:00Z</time>
      </trkpt>
      <trkpt lat="39.905574" lon="116.618156">
        <time>2022-05-30T14:38:05Z</time>
      </trkpt>
      <trkpt lat="39.905609" lon="116.61823">
        <time>2022-05-30T14:38:10Z</time>
      </trkpt>
      <trkpt lat="39.905607" lon="116.618313">
        <time>2022-05-30T14:38:15Z</time>
      </trkpt>
      <trkpt lat="39.905617" lon="116.618429">
        <time>2022-05-30T14:38:20Z</time>
      </trkpt>
      <trkpt lat="39.905626" lon="116.618552">
        <time>2022-05-30T14:38:25Z</time>
      </trkpt>
      <trkpt lat="39.90564" lon="116.618656">
        <time>2022-05-30T14:38:30Z</time>
      </trkpt>
      <trkpt lat="39.905649" lon="116.618765">
        <time>2022-05-30T14:38:35Z</time>
      </trkpt>
      <trkpt lat="39.905668" lon="116.618851">
        <time>2022-05-30T14:38:40Z</time>
      </trkpt>
      <trkpt lat="39.905688" lon="116.619009">
        <time>2022-05-30T14:38:45Z</time>
      </trkpt>
      <trkpt lat="39.905703" lon="116.619158">
        <time>2022-05-30T14:38:50Z</time>
      </trkpt>
      <trkpt lat="39.905738" lon="116.619285">
        <time>2022-05-30T14:38:55Z</time>
      </trkpt>
      <trkpt lat="39.905761" lon="116.619397">
        <time>2022-05-30T14:39:00Z</time>
      </trkpt>
      <trkpt lat="39.905782" lon="116.619512">
        <time>2022-05-30T14:39:05Z</time>
      </trkpt>
      <trkpt lat="39.905779" lon="116.619676">
        <time>2022-05-30T14:39:10Z</time>
      </trkpt>
      <trkpt lat="39.905769" lon="116.619844">
        <time>2022-05-30T14:39:15Z</time>
      </trkpt>
      <trkpt lat="39.905799" lon="116.619969">
        <time>2022-05-30T14:39:20Z</time>
      </trkpt>
      <trkpt lat="39.905803" lon="116.620147">
        <time>2022-05-30T14:39:25Z</time>
      </trkpt>
      <trkpt lat="39.905804" lon="116.620321">
        <time>2022-05-30T14:39:30Z</time>
      </trkpt>
      <trkpt lat="39.905806" lon="116.620441">
        <time>2022-05-30T14:39:35Z</time>
      </trkpt>
      <trkpt lat="39.905827" lon="116.620581">
        <time>2022-05-30T14:39:40Z</time>
      </trkpt>
      <trkpt lat="39.905831" lon="116.620618">
        <time>2022-05-30T14:39:45Z</time>
      </trkpt>
      <trkpt lat="39.90584" lon="116.620719">
        <time>2022-05-30T14:39:50Z</time>
      </trkpt>
      <trkpt lat="39.905873" lon="116.620871">
        <time>2022-05-30T14:39:55Z</time>
      </trkpt>
      <trkpt lat="39.905911" lon="116.62087">
        <time>2022-05-30T14:40:00Z</time>
      </trkpt>
      <trkpt lat="39.905948" lon="116.62079">
        <time>2022-05-30T14:40:05Z</time>
      </trkpt>
      <trkpt lat="39.906028" lon="116.620743">
        <time>2022-05-30T14:40:10Z</time>
      </trkpt>
      <trkpt lat="39.90609" lon="116.620807">
        <time>2022-05-30T14:42:15Z</time>
      </trkpt>
    </trkseg>
  </trk>
</gpx>