<?xml version="1.0" encoding="UTF-8"?>
<gpx xmlns="http://www.topografix.com/GPX/1/1" xmlns:gpxtpx="http://www.garmin.com/xmlschemas/TrackPointExtension/v1" xmlns:xsi="http://www.w3.org/2001/XMLSchema-instance" xsi:schemaLocation="http://www.topografix.com/GPX/1/1 http://www.topografix.com/GPX/1/1/gpx.xsd" version="1.1" creator="gpx.py -- https://github.com/tkrajina/gpxpy">
  <trk>
    <name>gpx from keep</name>
    <trkseg>
      <trkpt lat="39.905983" lon="116.620621">
        <time>2022-06-14T12:25:47Z</time>
      </trkpt>
      <trkpt lat="39.905983" lon="116.620621">
        <time>2022-06-14T12:25:52Z</time>
      </trkpt>
      <trkpt lat="39.905989" lon="116.620748">
        <time>2022-06-14T12:25:57Z</time>
      </trkpt>
      <trkpt lat="39.905783" lon="116.620628">
        <time>2022-06-14T12:26:02Z</time>
      </trkpt>
      <trkpt lat="39.905761" lon="116.620575">
        <time>2022-06-14T12:26:07Z</time>
      </trkpt>
      <trkpt lat="39.905732" lon="116.620472">
        <time>2022-06-14T12:26:12Z</time>
      </trkpt>
      <trkpt lat="39.905701" lon="116.620038">
        <time>2022-06-14T12:26:17Z</time>
      </trkpt>
      <trkpt lat="39.905707" lon="116.619968">
        <time>2022-06-14T12:26:22Z</time>
      </trkpt>
      <trkpt lat="39.905752" lon="116.619814">
        <time>2022-06-14T12:26:27Z</time>
      </trkpt>
      <trkpt lat="39.905778" lon="116.619717">
        <time>2022-06-14T12:26:32Z</time>
      </trkpt>
      <trkpt lat="39.905721" lon="116.619536">
        <time>2022-06-14T12:26:37Z</time>
      </trkpt>
      <trkpt lat="39.905672" lon="116.61949">
        <time>2022-06-14T12:26:42Z</time>
      </trkpt>
      <trkpt lat="39.905644" lon="116.619391">
        <time>2022-06-14T12:26:47Z</time>
      </trkpt>
      <trkpt lat="39.905631" lon="116.619294">
        <time>2022-06-14T12:26:52Z</time>
      </trkpt>
      <trkpt lat="39.90564" lon="116.6192">
        <time>2022-06-14T12:26:57Z</time>
      </trkpt>
      <trkpt lat="39.905618" lon="116.619078">
        <time>2022-06-14T12:27:02Z</time>
      </trkpt>
      <trkpt lat="39.905575" lon="116.618898">
        <time>2022-06-14T12:27:07Z</time>
      </trkpt>
      <trkpt lat="39.905574" lon="116.618773">
        <time>2022-06-14T12:27:12Z</time>
      </trkpt>
      <trkpt lat="39.905566" lon="116.618605">
        <time>2022-06-14T12:27:17Z</time>
      </trkpt>
      <trkpt lat="39.905558" lon="116.618451">
        <time>2022-06-14T12:27:22Z</time>
      </trkpt>
      <trkpt lat="39.905536" lon="116.618303">
        <time>2022-06-14T12:27:27Z</time>
      </trkpt>
      <trkpt lat="39.905509" lon="116.618145">
        <time>2022-06-14T12:27:32Z</time>
      </trkpt>
      <trkpt lat="39.905515" lon="116.617979">
        <time>2022-06-14T12:27:37Z</time>
      </trkpt>
      <trkpt lat="39.905521" lon="116.617825">
        <time>2022-06-14T12:27:42Z</time>
      </trkpt>
      <trkpt lat="39.905516" lon="116.617678">
        <time>2022-06-14T12:27:47Z</time>
      </trkpt>
      <trkpt lat="39.905541" lon="116.617522">
        <time>2022-06-14T12:27:52Z</time>
      </trkpt>
      <trkpt lat="39.905556" lon="116.617369">
        <time>2022-06-14T12:27:57Z</time>
      </trkpt>
      <trkpt lat="39.90555" lon="116.617283">
        <time>2022-06-14T12:28:02Z</time>
      </trkpt>
      <trkpt lat="39.905499" lon="116.617064">
        <time>2022-06-14T12:28:07Z</time>
      </trkpt>
      <trkpt lat="39.905459" lon="116.616907">
        <time>2022-06-14T12:28:12Z</time>
      </trkpt>
      <trkpt lat="39.905466" lon="116.61673">
        <time>2022-06-14T12:28:17Z</time>
      </trkpt>
      <trkpt lat="39.90556" lon="116.616573">
        <time>2022-06-14T12:28:22Z</time>
      </trkpt>
      <trkpt lat="39.905595" lon="116.616414">
        <time>2022-06-14T12:28:27Z</time>
      </trkpt>
      <trkpt lat="39.90558" lon="116.616282">
        <time>2022-06-14T12:28:32Z</time>
      </trkpt>
      <trkpt lat="39.905577" lon="116.616171">
        <time>2022-06-14T12:28:37Z</time>
      </trkpt>
      <trkpt lat="39.905601" lon="116.616041">
        <time>2022-06-14T12:28:42Z</time>
      </trkpt>
      <trkpt lat="39.905619" lon="116.615909">
        <time>2022-06-14T12:28:47Z</time>
      </trkpt>
      <trkpt lat="39.905618" lon="116.615774">
        <time>2022-06-14T12:28:52Z</time>
      </trkpt>
      <trkpt lat="39.905609" lon="116.615643">
        <time>2022-06-14T12:28:57Z</time>
      </trkpt>
      <trkpt lat="39.905606" lon="116.615504">
        <time>2022-06-14T12:29:02Z</time>
      </trkpt>
      <trkpt lat="39.905611" lon="116.615344">
        <time>2022-06-14T12:29:07Z</time>
      </trkpt>
      <trkpt lat="39.905645" lon="116.615193">
        <time>2022-06-14T12:29:12Z</time>
      </trkpt>
      <trkpt lat="39.905662" lon="116.615034">
        <time>2022-06-14T12:29:17Z</time>
      </trkpt>
      <trkpt lat="39.905664" lon="116.614876">
        <time>2022-06-14T12:29:22Z</time>
      </trkpt>
      <trkpt lat="39.905649" lon="116.614713">
        <time>2022-06-14T12:29:27Z</time>
      </trkpt>
      <trkpt lat="39.905732" lon="116.614617">
        <time>2022-06-14T12:29:32Z</time>
      </trkpt>
      <trkpt lat="39.905851" lon="116.614695">
        <time>2022-06-14T12:29:37Z</time>
      </trkpt>
      <trkpt lat="39.905881" lon="116.614864">
        <time>2022-06-14T12:29:42Z</time>
      </trkpt>
      <trkpt lat="39.905846" lon="116.615012">
        <time>2022-06-14T12:29:47Z</time>
      </trkpt>
      <trkpt lat="39.905818" lon="116.61511">
        <time>2022-06-14T12:29:52Z</time>
      </trkpt>
      <trkpt lat="39.905814" lon="116.615108">
        <time>2022-06-14T12:29:57Z</time>
      </trkpt>
      <trkpt lat="39.905816" lon="116.615108">
        <time>2022-06-14T12:30:02Z</time>
      </trkpt>
      <trkpt lat="39.905826" lon="116.615099">
        <time>2022-06-14T12:30:07Z</time>
      </trkpt>
      <trkpt lat="39.905812" lon="116.615119">
        <time>2022-06-14T12:30:12Z</time>
      </trkpt>
      <trkpt lat="39.905789" lon="116.615152">
        <time>2022-06-14T12:30:17Z</time>
      </trkpt>
      <trkpt lat="39.90579" lon="116.615147">
        <time>2022-06-14T12:30:22Z</time>
      </trkpt>
      <trkpt lat="39.905816" lon="116.615119">
        <time>2022-06-14T12:30:27Z</time>
      </trkpt>
      <trkpt lat="39.905838" lon="116.615138">
        <time>2022-06-14T12:30:32Z</time>
      </trkpt>
      <trkpt lat="39.905845" lon="116.615171">
        <time>2022-06-14T12:30:37Z</time>
      </trkpt>
      <trkpt lat="39.905861" lon="116.615203">
        <time>2022-06-14T12:30:42Z</time>
      </trkpt>
      <trkpt lat="39.905862" lon="116.615198">
        <time>2022-06-14T12:30:47Z</time>
      </trkpt>
      <trkpt lat="39.905876" lon="116.615211">
        <time>2022-06-14T12:30:52Z</time>
      </trkpt>
      <trkpt lat="39.905876" lon="116.615211">
        <time>2022-06-14T12:30:57Z</time>
      </trkpt>
      <trkpt lat="39.905879" lon="116.615223">
        <time>2022-06-14T12:31:02Z</time>
      </trkpt>
      <trkpt lat="39.905962" lon="116.615366">
        <time>2022-06-14T12:31:07Z</time>
      </trkpt>
      <trkpt lat="39.906041" lon="116.615493">
        <time>2022-06-14T12:31:12Z</time>
      </trkpt>
      <trkpt lat="39.906112" lon="116.615635">
        <time>2022-06-14T12:31:17Z</time>
      </trkpt>
      <trkpt lat="39.906134" lon="116.615787">
        <time>2022-06-14T12:31:22Z</time>
      </trkpt>
      <trkpt lat="39.906145" lon="116.615932">
        <time>2022-06-14T12:31:27Z</time>
      </trkpt>
      <trkpt lat="39.906222" lon="116.616052">
        <time>2022-06-14T12:31:32Z</time>
      </trkpt>
      <trkpt lat="39.906294" lon="116.616183">
        <time>2022-06-14T12:31:37Z</time>
      </trkpt>
      <trkpt lat="39.906347" lon="116.616326">
        <time>2022-06-14T12:31:42Z</time>
      </trkpt>
      <trkpt lat="39.906414" lon="116.616475">
        <time>2022-06-14T12:31:47Z</time>
      </trkpt>
      <trkpt lat="39.906421" lon="116.616644">
        <time>2022-06-14T12:31:52Z</time>
      </trkpt>
      <trkpt lat="39.906435" lon="116.616792">
        <time>2022-06-14T12:31:57Z</time>
      </trkpt>
      <trkpt lat="39.906462" lon="116.616942">
        <time>2022-06-14T12:32:02Z</time>
      </trkpt>
      <trkpt lat="39.906496" lon="116.617087">
        <time>2022-06-14T12:32:07Z</time>
      </trkpt>
      <trkpt lat="39.906539" lon="116.617236">
        <time>2022-06-14T12:32:12Z</time>
      </trkpt>
      <trkpt lat="39.906553" lon="116.61742">
        <time>2022-06-14T12:32:17Z</time>
      </trkpt>
      <trkpt lat="39.906573" lon="116.617558">
        <time>2022-06-14T12:32:22Z</time>
      </trkpt>
      <trkpt lat="39.906577" lon="116.617705">
        <time>2022-06-14T12:32:27Z</time>
      </trkpt>
      <trkpt lat="39.9066" lon="116.617848">
        <time>2022-06-14T12:32:32Z</time>
      </trkpt>
      <trkpt lat="39.90661" lon="116.618007">
        <time>2022-06-14T12:32:37Z</time>
      </trkpt>
      <trkpt lat="39.906642" lon="116.618141">
        <time>2022-06-14T12:32:42Z</time>
      </trkpt>
      <trkpt lat="39.906639" lon="116.618275">
        <time>2022-06-14T12:32:47Z</time>
      </trkpt>
      <trkpt lat="39.906663" lon="116.618417">
        <time>2022-06-14T12:32:52Z</time>
      </trkpt>
      <trkpt lat="39.906699" lon="116.618546">
        <time>2022-06-14T12:32:57Z</time>
      </trkpt>
      <trkpt lat="39.906718" lon="116.618692">
        <time>2022-06-14T12:33:02Z</time>
      </trkpt>
      <trkpt lat="39.906723" lon="116.618826">
        <time>2022-06-14T12:33:07Z</time>
      </trkpt>
      <trkpt lat="39.906737" lon="116.618964">
        <time>2022-06-14T12:33:12Z</time>
      </trkpt>
      <trkpt lat="39.90674" lon="116.619121">
        <time>2022-06-14T12:33:17Z</time>
      </trkpt>
      <trkpt lat="39.906726" lon="116.61929">
        <time>2022-06-14T12:33:22Z</time>
      </trkpt>
      <trkpt lat="39.906747" lon="116.619421">
        <time>2022-06-14T12:33:27Z</time>
      </trkpt>
      <trkpt lat="39.90676" lon="116.61958">
        <time>2022-06-14T12:33:32Z</time>
      </trkpt>
      <trkpt lat="39.906813" lon="116.619896">
        <time>2022-06-14T12:33:37Z</time>
      </trkpt>
      <trkpt lat="39.906827" lon="116.619929">
        <time>2022-06-14T12:33:42Z</time>
      </trkpt>
      <trkpt lat="39.906831" lon="116.620071">
        <time>2022-06-14T12:33:47Z</time>
      </trkpt>
      <trkpt lat="39.906843" lon="116.620228">
        <time>2022-06-14T12:33:52Z</time>
      </trkpt>
      <trkpt lat="39.906835" lon="116.620385">
        <time>2022-06-14T12:33:57Z</time>
      </trkpt>
      <trkpt lat="39.90684" lon="116.620507">
        <time>2022-06-14T12:34:02Z</time>
      </trkpt>
      <trkpt lat="39.906837" lon="116.620625">
        <time>2022-06-14T12:34:07Z</time>
      </trkpt>
      <trkpt lat="39.90686" lon="116.620751">
        <time>2022-06-14T12:34:12Z</time>
      </trkpt>
      <trkpt lat="39.906897" lon="116.620871">
        <time>2022-06-14T12:34:17Z</time>
      </trkpt>
      <trkpt lat="39.906902" lon="116.621012">
        <time>2022-06-14T12:34:22Z</time>
      </trkpt>
      <trkpt lat="39.906904" lon="116.621148">
        <time>2022-06-14T12:34:27Z</time>
      </trkpt>
      <trkpt lat="39.906922" lon="116.621295">
        <time>2022-06-14T12:34:32Z</time>
      </trkpt>
      <trkpt lat="39.907013" lon="116.621426">
        <time>2022-06-14T12:34:37Z</time>
      </trkpt>
      <trkpt lat="39.907037" lon="116.621565">
        <time>2022-06-14T12:34:42Z</time>
      </trkpt>
      <trkpt lat="39.907052" lon="116.621715">
        <time>2022-06-14T12:34:47Z</time>
      </trkpt>
      <trkpt lat="39.907066" lon="116.621856">
        <time>2022-06-14T12:34:52Z</time>
      </trkpt>
      <trkpt lat="39.907086" lon="116.621932">
        <time>2022-06-14T12:34:57Z</time>
      </trkpt>
      <trkpt lat="39.907082" lon="116.621995">
        <time>2022-06-14T12:35:02Z</time>
      </trkpt>
      <trkpt lat="39.907075" lon="116.622102">
        <time>2022-06-14T12:35:07Z</time>
      </trkpt>
      <trkpt lat="39.907101" lon="116.622225">
        <time>2022-06-14T12:35:12Z</time>
      </trkpt>
      <trkpt lat="39.907126" lon="116.622345">
        <time>2022-06-14T12:35:17Z</time>
      </trkpt>
      <trkpt lat="39.907137" lon="116.622498">
        <time>2022-06-14T12:35:22Z</time>
      </trkpt>
      <trkpt lat="39.907143" lon="116.622661">
        <time>2022-06-14T12:35:27Z</time>
      </trkpt>
      <trkpt lat="39.907162" lon="116.622807">
        <time>2022-06-14T12:35:32Z</time>
      </trkpt>
      <trkpt lat="39.907176" lon="116.622947">
        <time>2022-06-14T12:35:37Z</time>
      </trkpt>
      <trkpt lat="39.907221" lon="116.623097">
        <time>2022-06-14T12:35:42Z</time>
      </trkpt>
      <trkpt lat="39.907254" lon="116.623241">
        <time>2022-06-14T12:35:47Z</time>
      </trkpt>
      <trkpt lat="39.907285" lon="116.623405">
        <time>2022-06-14T12:35:52Z</time>
      </trkpt>
      <trkpt lat="39.90732" lon="116.62356">
        <time>2022-06-14T12:35:57Z</time>
      </trkpt>
      <trkpt lat="39.907337" lon="116.623708">
        <time>2022-06-14T12:36:02Z</time>
      </trkpt>
      <trkpt lat="39.907396" lon="116.623811">
        <time>2022-06-14T12:36:07Z</time>
      </trkpt>
      <trkpt lat="39.907396" lon="116.623962">
        <time>2022-06-14T12:36:12Z</time>
      </trkpt>
      <trkpt lat="39.907392" lon="116.624103">
        <time>2022-06-14T12:36:17Z</time>
      </trkpt>
      <trkpt lat="39.907376" lon="116.624249">
        <time>2022-06-14T12:36:22Z</time>
      </trkpt>
      <trkpt lat="39.907359" lon="116.624402">
        <time>2022-06-14T12:36:27Z</time>
      </trkpt>
      <trkpt lat="39.907397" lon="116.624559">
        <time>2022-06-14T12:36:32Z</time>
      </trkpt>
      <trkpt lat="39.90743" lon="116.624717">
        <time>2022-06-14T12:36:37Z</time>
      </trkpt>
      <trkpt lat="39.907459" lon="116.624898">
        <time>2022-06-14T12:36:42Z</time>
      </trkpt>
      <trkpt lat="39.90746" lon="116.6251">
        <time>2022-06-14T12:36:47Z</time>
      </trkpt>
      <trkpt lat="39.907481" lon="116.625237">
        <time>2022-06-14T12:36:52Z</time>
      </trkpt>
      <trkpt lat="39.907473" lon="116.625374">
        <time>2022-06-14T12:36:57Z</time>
      </trkpt>
      <trkpt lat="39.907473" lon="116.625439">
        <time>2022-06-14T12:37:02Z</time>
      </trkpt>
      <trkpt lat="39.907494" lon="116.625545">
        <time>2022-06-14T12:37:07Z</time>
      </trkpt>
      <trkpt lat="39.90753" lon="116.625734">
        <time>2022-06-14T12:37:12Z</time>
      </trkpt>
      <trkpt lat="39.907552" lon="116.62593">
        <time>2022-06-14T12:37:17Z</time>
      </trkpt>
      <trkpt lat="39.90757" lon="116.626113">
        <time>2022-06-14T12:37:22Z</time>
      </trkpt>
      <trkpt lat="39.907594" lon="116.62628">
        <time>2022-06-14T12:37:27Z</time>
      </trkpt>
      <trkpt lat="39.907598" lon="116.626394">
        <time>2022-06-14T12:37:32Z</time>
      </trkpt>
      <trkpt lat="39.907609" lon="116.626504">
        <time>2022-06-14T12:37:37Z</time>
      </trkpt>
      <trkpt lat="39.907623" lon="116.626669">
        <time>2022-06-14T12:37:42Z</time>
      </trkpt>
      <trkpt lat="39.907647" lon="116.626798">
        <time>2022-06-14T12:37:47Z</time>
      </trkpt>
      <trkpt lat="39.907683" lon="116.626928">
        <time>2022-06-14T12:37:52Z</time>
      </trkpt>
      <trkpt lat="39.907715" lon="116.627048">
        <time>2022-06-14T12:37:57Z</time>
      </trkpt>
      <trkpt lat="39.907722" lon="116.627175">
        <time>2022-06-14T12:38:02Z</time>
      </trkpt>
      <trkpt lat="39.907731" lon="116.627303">
        <time>2022-06-14T12:38:07Z</time>
      </trkpt>
      <trkpt lat="39.907728" lon="116.627561">
        <time>2022-06-14T12:38:12Z</time>
      </trkpt>
      <trkpt lat="39.907734" lon="116.627595">
        <time>2022-06-14T12:38:17Z</time>
      </trkpt>
      <trkpt lat="39.907771" lon="116.627729">
        <time>2022-06-14T12:38:22Z</time>
      </trkpt>
      <trkpt lat="39.907777" lon="116.627879">
        <time>2022-06-14T12:38:27Z</time>
      </trkpt>
      <trkpt lat="39.907796" lon="116.628024">
        <time>2022-06-14T12:38:32Z</time>
      </trkpt>
      <trkpt lat="39.907814" lon="116.628157">
        <time>2022-06-14T12:38:37Z</time>
      </trkpt>
      <trkpt lat="39.907822" lon="116.628298">
        <time>2022-06-14T12:38:42Z</time>
      </trkpt>
      <trkpt lat="39.907845" lon="116.628448">
        <time>2022-06-14T12:38:47Z</time>
      </trkpt>
      <trkpt lat="39.907857" lon="116.628602">
        <time>2022-06-14T12:38:52Z</time>
      </trkpt>
      <trkpt lat="39.907853" lon="116.628747">
        <time>2022-06-14T12:38:57Z</time>
      </trkpt>
      <trkpt lat="39.907903" lon="116.628908">
        <time>2022-06-14T12:39:02Z</time>
      </trkpt>
      <trkpt lat="39.907944" lon="116.629047">
        <time>2022-06-14T12:39:07Z</time>
      </trkpt>
      <trkpt lat="39.907975" lon="116.629182">
        <time>2022-06-14T12:39:12Z</time>
      </trkpt>
      <trkpt lat="39.907996" lon="116.62934">
        <time>2022-06-14T12:39:17Z</time>
      </trkpt>
      <trkpt lat="39.908001" lon="116.629489">
        <time>2022-06-14T12:39:22Z</time>
      </trkpt>
      <trkpt lat="39.907977" lon="116.629659">
        <time>2022-06-14T12:39:27Z</time>
      </trkpt>
      <trkpt lat="39.907998" lon="116.629806">
        <time>2022-06-14T12:39:32Z</time>
      </trkpt>
      <trkpt lat="39.908043" lon="116.629971">
        <time>2022-06-14T12:39:37Z</time>
      </trkpt>
      <trkpt lat="39.908075" lon="116.630117">
        <time>2022-06-14T12:39:42Z</time>
      </trkpt>
      <trkpt lat="39.908087" lon="116.630289">
        <time>2022-06-14T12:39:47Z</time>
      </trkpt>
      <trkpt lat="39.908103" lon="116.630466">
        <time>2022-06-14T12:39:52Z</time>
      </trkpt>
      <trkpt lat="39.908121" lon="116.630595">
        <time>2022-06-14T12:39:57Z</time>
      </trkpt>
      <trkpt lat="39.90813" lon="116.630743">
        <time>2022-06-14T12:40:02Z</time>
      </trkpt>
      <trkpt lat="39.908151" lon="116.630912">
        <time>2022-06-14T12:40:07Z</time>
      </trkpt>
      <trkpt lat="39.908163" lon="116.631063">
        <time>2022-06-14T12:40:12Z</time>
      </trkpt>
      <trkpt lat="39.908178" lon="116.631196">
        <time>2022-06-14T12:40:17Z</time>
      </trkpt>
      <trkpt lat="39.90821" lon="116.631332">
        <time>2022-06-14T12:40:22Z</time>
      </trkpt>
      <trkpt lat="39.908239" lon="116.631475">
        <time>2022-06-14T12:40:27Z</time>
      </trkpt>
      <trkpt lat="39.908256" lon="116.631582">
        <time>2022-06-14T12:40:32Z</time>
      </trkpt>
      <trkpt lat="39.908281" lon="116.631704">
        <time>2022-06-14T12:40:37Z</time>
      </trkpt>
      <trkpt lat="39.908329" lon="116.631868">
        <time>2022-06-14T12:40:42Z</time>
      </trkpt>
      <trkpt lat="39.908353" lon="116.632032">
        <time>2022-06-14T12:40:47Z</time>
      </trkpt>
      <trkpt lat="39.908369" lon="116.632192">
        <time>2022-06-14T12:40:52Z</time>
      </trkpt>
      <trkpt lat="39.908373" lon="116.632364">
        <time>2022-06-14T12:40:57Z</time>
      </trkpt>
      <trkpt lat="39.908409" lon="116.632522">
        <time>2022-06-14T12:41:02Z</time>
      </trkpt>
      <trkpt lat="39.908423" lon="116.632647">
        <time>2022-06-14T12:41:07Z</time>
      </trkpt>
      <trkpt lat="39.908424" lon="116.632809">
        <time>2022-06-14T12:41:12Z</time>
      </trkpt>
      <trkpt lat="39.908407" lon="116.632976">
        <time>2022-06-14T12:41:17Z</time>
      </trkpt>
      <trkpt lat="39.908377" lon="116.633116">
        <time>2022-06-14T12:41:22Z</time>
      </trkpt>
      <trkpt lat="39.908403" lon="116.633265">
        <time>2022-06-14T12:41:27Z</time>
      </trkpt>
      <trkpt lat="39.908464" lon="116.633424">
        <time>2022-06-14T12:41:32Z</time>
      </trkpt>
      <trkpt lat="39.908472" lon="116.6336">
        <time>2022-06-14T12:41:37Z</time>
      </trkpt>
      <trkpt lat="39.908472" lon="116.633748">
        <time>2022-06-14T12:41:42Z</time>
      </trkpt>
      <trkpt lat="39.908476" lon="116.633795">
        <time>2022-06-14T12:41:47Z</time>
      </trkpt>
      <trkpt lat="39.90848" lon="116.633877">
        <time>2022-06-14T12:41:52Z</time>
      </trkpt>
      <trkpt lat="39.908472" lon="116.633986">
        <time>2022-06-14T12:41:57Z</time>
      </trkpt>
      <trkpt lat="39.908456" lon="116.634169">
        <time>2022-06-14T12:42:02Z</time>
      </trkpt>
      <trkpt lat="39.908451" lon="116.634263">
        <time>2022-06-14T12:42:07Z</time>
      </trkpt>
      <trkpt lat="39.908452" lon="116.634409">
        <time>2022-06-14T12:42:12Z</time>
      </trkpt>
      <trkpt lat="39.908463" lon="116.634553">
        <time>2022-06-14T12:42:17Z</time>
      </trkpt>
      <trkpt lat="39.908478" lon="116.634707">
        <time>2022-06-14T12:42:22Z</time>
      </trkpt>
      <trkpt lat="39.908473" lon="116.634833">
        <time>2022-06-14T12:42:27Z</time>
      </trkpt>
      <trkpt lat="39.908479" lon="116.635036">
        <time>2022-06-14T12:42:32Z</time>
      </trkpt>
      <trkpt lat="39.908486" lon="116.635123">
        <time>2022-06-14T12:42:37Z</time>
      </trkpt>
      <trkpt lat="39.908494" lon="116.635282">
        <time>2022-06-14T12:42:42Z</time>
      </trkpt>
      <trkpt lat="39.908491" lon="116.635421">
        <time>2022-06-14T12:42:47Z</time>
      </trkpt>
      <trkpt lat="39.908498" lon="116.63559">
        <time>2022-06-14T12:42:52Z</time>
      </trkpt>
      <trkpt lat="39.908507" lon="116.635722">
        <time>2022-06-14T12:42:57Z</time>
      </trkpt>
      <trkpt lat="39.908514" lon="116.635826">
        <time>2022-06-14T12:43:02Z</time>
      </trkpt>
      <trkpt lat="39.908534" lon="116.635898">
        <time>2022-06-14T12:43:07Z</time>
      </trkpt>
      <trkpt lat="39.908503" lon="116.636001">
        <time>2022-06-14T12:43:12Z</time>
      </trkpt>
      <trkpt lat="39.90847" lon="116.636145">
        <time>2022-06-14T12:43:17Z</time>
      </trkpt>
      <trkpt lat="39.908447" lon="116.636284">
        <time>2022-06-14T12:43:22Z</time>
      </trkpt>
      <trkpt lat="39.908438" lon="116.636405">
        <time>2022-06-14T12:43:27Z</time>
      </trkpt>
      <trkpt lat="39.908432" lon="116.636517">
        <time>2022-06-14T12:43:32Z</time>
      </trkpt>
      <trkpt lat="39.90841" lon="116.636654">
        <time>2022-06-14T12:43:37Z</time>
      </trkpt>
      <trkpt lat="39.908392" lon="116.636828">
        <time>2022-06-14T12:43:42Z</time>
      </trkpt>
      <trkpt lat="39.908351" lon="116.637">
        <time>2022-06-14T12:43:47Z</time>
      </trkpt>
      <trkpt lat="39.908311" lon="116.637163">
        <time>2022-06-14T12:43:52Z</time>
      </trkpt>
      <trkpt lat="39.908264" lon="116.637279">
        <time>2022-06-14T12:43:57Z</time>
      </trkpt>
      <trkpt lat="39.9082" lon="116.637349">
        <time>2022-06-14T12:44:02Z</time>
      </trkpt>
      <trkpt lat="39.908184" lon="116.63743">
        <time>2022-06-14T12:44:07Z</time>
      </trkpt>
      <trkpt lat="39.90825" lon="116.637566">
        <time>2022-06-14T12:44:12Z</time>
      </trkpt>
      <trkpt lat="39.908317" lon="116.637727">
        <time>2022-06-14T12:44:17Z</time>
      </trkpt>
      <trkpt lat="39.908371" lon="116.637852">
        <time>2022-06-14T12:44:22Z</time>
      </trkpt>
      <trkpt lat="39.908424" lon="116.638016">
        <time>2022-06-14T12:44:27Z</time>
      </trkpt>
      <trkpt lat="39.90846" lon="116.638161">
        <time>2022-06-14T12:44:32Z</time>
      </trkpt>
      <trkpt lat="39.908461" lon="116.6383">
        <time>2022-06-14T12:44:37Z</time>
      </trkpt>
      <trkpt lat="39.908464" lon="116.638462">
        <time>2022-06-14T12:44:42Z</time>
      </trkpt>
      <trkpt lat="39.908469" lon="116.63864">
        <time>2022-06-14T12:44:47Z</time>
      </trkpt>
      <trkpt lat="39.908484" lon="116.638776">
        <time>2022-06-14T12:44:52Z</time>
      </trkpt>
      <trkpt lat="39.908499" lon="116.638931">
        <time>2022-06-14T12:44:57Z</time>
      </trkpt>
      <trkpt lat="39.908513" lon="116.639107">
        <time>2022-06-14T12:45:02Z</time>
      </trkpt>
      <trkpt lat="39.908522" lon="116.639271">
        <time>2022-06-14T12:45:07Z</time>
      </trkpt>
      <trkpt lat="39.908515" lon="116.639408">
        <time>2022-06-14T12:45:12Z</time>
      </trkpt>
      <trkpt lat="39.908525" lon="116.639584">
        <time>2022-06-14T12:45:17Z</time>
      </trkpt>
      <trkpt lat="39.908532" lon="116.63973">
        <time>2022-06-14T12:45:22Z</time>
      </trkpt>
      <trkpt lat="39.908535" lon="116.639862">
        <time>2022-06-14T12:45:27Z</time>
      </trkpt>
      <trkpt lat="39.908536" lon="116.639993">
        <time>2022-06-14T12:45:32Z</time>
      </trkpt>
      <trkpt lat="39.908554" lon="116.640126">
        <time>2022-06-14T12:45:37Z</time>
      </trkpt>
      <trkpt lat="39.908574" lon="116.640349">
        <time>2022-06-14T12:45:42Z</time>
      </trkpt>
      <trkpt lat="39.908583" lon="116.640406">
        <time>2022-06-14T12:45:47Z</time>
      </trkpt>
      <trkpt lat="39.908603" lon="116.640559">
        <time>2022-06-14T12:45:52Z</time>
      </trkpt>
      <trkpt lat="39.908565" lon="116.640641">
        <time>2022-06-14T12:45:57Z</time>
      </trkpt>
      <trkpt lat="39.908557" lon="116.640763">
        <time>2022-06-14T12:46:02Z</time>
      </trkpt>
      <trkpt lat="39.90857" lon="116.640894">
        <time>2022-06-14T12:46:07Z</time>
      </trkpt>
      <trkpt lat="39.908571" lon="116.641022">
        <time>2022-06-14T12:46:12Z</time>
      </trkpt>
      <trkpt lat="39.908573" lon="116.64123">
        <time>2022-06-14T12:46:17Z</time>
      </trkpt>
      <trkpt lat="39.908577" lon="116.641291">
        <time>2022-06-14T12:46:22Z</time>
      </trkpt>
      <trkpt lat="39.908592" lon="116.641461">
        <time>2022-06-14T12:46:27Z</time>
      </trkpt>
      <trkpt lat="39.908602" lon="116.641601">
        <time>2022-06-14T12:46:32Z</time>
      </trkpt>
      <trkpt lat="39.908611" lon="116.641756">
        <time>2022-06-14T12:46:37Z</time>
      </trkpt>
      <trkpt lat="39.908597" lon="116.641887">
        <time>2022-06-14T12:46:42Z</time>
      </trkpt>
      <trkpt lat="39.908595" lon="116.642029">
        <time>2022-06-14T12:46:47Z</time>
      </trkpt>
      <trkpt lat="39.908591" lon="116.64217">
        <time>2022-06-14T12:46:52Z</time>
      </trkpt>
      <trkpt lat="39.908603" lon="116.642308">
        <time>2022-06-14T12:46:57Z</time>
      </trkpt>
      <trkpt lat="39.908608" lon="116.642442">
        <time>2022-06-14T12:47:02Z</time>
      </trkpt>
      <trkpt lat="39.908608" lon="116.642617">
        <time>2022-06-14T12:47:07Z</time>
      </trkpt>
      <trkpt lat="39.90861" lon="116.642758">
        <time>2022-06-14T12:47:12Z</time>
      </trkpt>
      <trkpt lat="39.90862" lon="116.642904">
        <time>2022-06-14T12:47:17Z</time>
      </trkpt>
      <trkpt lat="39.908612" lon="116.643063">
        <time>2022-06-14T12:47:22Z</time>
      </trkpt>
      <trkpt lat="39.90862" lon="116.643243">
        <time>2022-06-14T12:47:27Z</time>
      </trkpt>
      <trkpt lat="39.908637" lon="116.643387">
        <time>2022-06-14T12:47:32Z</time>
      </trkpt>
      <trkpt lat="39.908612" lon="116.643543">
        <time>2022-06-14T12:47:37Z</time>
      </trkpt>
      <trkpt lat="39.908594" lon="116.643713">
        <time>2022-06-14T12:47:42Z</time>
      </trkpt>
      <trkpt lat="39.908602" lon="116.643892">
        <time>2022-06-14T12:47:47Z</time>
      </trkpt>
      <trkpt lat="39.908633" lon="116.644087">
        <time>2022-06-14T12:47:52Z</time>
      </trkpt>
      <trkpt lat="39.908655" lon="116.644274">
        <time>2022-06-14T12:47:57Z</time>
      </trkpt>
      <trkpt lat="39.908659" lon="116.64446">
        <time>2022-06-14T12:48:02Z</time>
      </trkpt>
      <trkpt lat="39.908687" lon="116.64464">
        <time>2022-06-14T12:48:07Z</time>
      </trkpt>
      <trkpt lat="39.908689" lon="116.644806">
        <time>2022-06-14T12:48:12Z</time>
      </trkpt>
      <trkpt lat="39.908714" lon="116.644981">
        <time>2022-06-14T12:48:17Z</time>
      </trkpt>
      <trkpt lat="39.908735" lon="116.645142">
        <time>2022-06-14T12:48:22Z</time>
      </trkpt>
      <trkpt lat="39.908746" lon="116.645291">
        <time>2022-06-14T12:48:27Z</time>
      </trkpt>
      <trkpt lat="39.908787" lon="116.645438">
        <time>2022-06-14T12:48:32Z</time>
      </trkpt>
      <trkpt lat="39.908834" lon="116.645558">
        <time>2022-06-14T12:48:37Z</time>
      </trkpt>
      <trkpt lat="39.908852" lon="116.645703">
        <time>2022-06-14T12:48:42Z</time>
      </trkpt>
      <trkpt lat="39.908881" lon="116.645882">
        <time>2022-06-14T12:48:47Z</time>
      </trkpt>
      <trkpt lat="39.908912" lon="116.646045">
        <time>2022-06-14T12:48:52Z</time>
      </trkpt>
      <trkpt lat="39.908949" lon="116.646201">
        <time>2022-06-14T12:48:57Z</time>
      </trkpt>
      <trkpt lat="39.908994" lon="116.64635">
        <time>2022-06-14T12:49:02Z</time>
      </trkpt>
      <trkpt lat="39.909021" lon="116.646488">
        <time>2022-06-14T12:49:07Z</time>
      </trkpt>
      <trkpt lat="39.909068" lon="116.646617">
        <time>2022-06-14T12:49:12Z</time>
      </trkpt>
      <trkpt lat="39.909103" lon="116.646741">
        <time>2022-06-14T12:49:17Z</time>
      </trkpt>
      <trkpt lat="39.909141" lon="116.64686">
        <time>2022-06-14T12:49:22Z</time>
      </trkpt>
      <trkpt lat="39.909182" lon="116.646973">
        <time>2022-06-14T12:49:27Z</time>
      </trkpt>
      <trkpt lat="39.909229" lon="116.647114">
        <time>2022-06-14T12:49:32Z</time>
      </trkpt>
      <trkpt lat="39.909282" lon="116.647293">
        <time>2022-06-14T12:49:37Z</time>
      </trkpt>
      <trkpt lat="39.909316" lon="116.647451">
        <time>2022-06-14T12:49:42Z</time>
      </trkpt>
      <trkpt lat="39.909352" lon="116.647608">
        <time>2022-06-14T12:49:47Z</time>
      </trkpt>
      <trkpt lat="39.909402" lon="116.647762">
        <time>2022-06-14T12:49:52Z</time>
      </trkpt>
      <trkpt lat="39.909445" lon="116.647932">
        <time>2022-06-14T12:49:57Z</time>
      </trkpt>
      <trkpt lat="39.909479" lon="116.648098">
        <time>2022-06-14T12:50:02Z</time>
      </trkpt>
      <trkpt lat="39.90953" lon="116.648256">
        <time>2022-06-14T12:50:07Z</time>
      </trkpt>
      <trkpt lat="39.909588" lon="116.648424">
        <time>2022-06-14T12:50:12Z</time>
      </trkpt>
      <trkpt lat="39.909641" lon="116.648609">
        <time>2022-06-14T12:50:17Z</time>
      </trkpt>
      <trkpt lat="39.909678" lon="116.648781">
        <time>2022-06-14T12:50:22Z</time>
      </trkpt>
      <trkpt lat="39.909771" lon="116.649076">
        <time>2022-06-14T12:50:27Z</time>
      </trkpt>
      <trkpt lat="39.90978" lon="116.649101">
        <time>2022-06-14T12:50:32Z</time>
      </trkpt>
      <trkpt lat="39.909822" lon="116.649239">
        <time>2022-06-14T12:50:37Z</time>
      </trkpt>
      <trkpt lat="39.909846" lon="116.649381">
        <time>2022-06-14T12:50:42Z</time>
      </trkpt>
      <trkpt lat="39.909878" lon="116.649531">
        <time>2022-06-14T12:50:47Z</time>
      </trkpt>
      <trkpt lat="39.909933" lon="116.649689">
        <time>2022-06-14T12:50:52Z</time>
      </trkpt>
      <trkpt lat="39.909986" lon="116.649838">
        <time>2022-06-14T12:50:57Z</time>
      </trkpt>
      <trkpt lat="39.910023" lon="116.649979">
        <time>2022-06-14T12:51:02Z</time>
      </trkpt>
      <trkpt lat="39.910062" lon="116.650128">
        <time>2022-06-14T12:51:07Z</time>
      </trkpt>
      <trkpt lat="39.910062" lon="116.650253">
        <time>2022-06-14T12:51:12Z</time>
      </trkpt>
      <trkpt lat="39.910029" lon="116.650406">
        <time>2022-06-14T12:51:17Z</time>
      </trkpt>
      <trkpt lat="39.909993" lon="116.65054">
        <time>2022-06-14T12:51:22Z</time>
      </trkpt>
      <trkpt lat="39.909985" lon="116.650633">
        <time>2022-06-14T12:51:27Z</time>
      </trkpt>
      <trkpt lat="39.909988" lon="116.650688">
        <time>2022-06-14T12:51:32Z</time>
      </trkpt>
      <trkpt lat="39.910003" lon="116.650763">
        <time>2022-06-14T12:51:37Z</time>
      </trkpt>
      <trkpt lat="39.910009" lon="116.650818">
        <time>2022-06-14T12:51:42Z</time>
      </trkpt>
      <trkpt lat="39.909991" lon="116.650862">
        <time>2022-06-14T12:51:47Z</time>
      </trkpt>
      <trkpt lat="39.909984" lon="116.650878">
        <time>2022-06-14T12:51:52Z</time>
      </trkpt>
      <trkpt lat="39.909979" lon="116.650909">
        <time>2022-06-14T12:51:57Z</time>
      </trkpt>
      <trkpt lat="39.91009" lon="116.650946">
        <time>2022-06-14T12:52:02Z</time>
      </trkpt>
      <trkpt lat="39.91019" lon="116.650927">
        <time>2022-06-14T12:52:07Z</time>
      </trkpt>
      <trkpt lat="39.910295" lon="116.65092">
        <time>2022-06-14T12:52:12Z</time>
      </trkpt>
      <trkpt lat="39.910386" lon="116.650913">
        <time>2022-06-14T12:52:17Z</time>
      </trkpt>
      <trkpt lat="39.910472" lon="116.650895">
        <time>2022-06-14T12:52:22Z</time>
      </trkpt>
      <trkpt lat="39.910558" lon="116.650897">
        <time>2022-06-14T12:52:27Z</time>
      </trkpt>
      <trkpt lat="39.910602" lon="116.650883">
        <time>2022-06-14T12:52:32Z</time>
      </trkpt>
      <trkpt lat="39.910674" lon="116.650864">
        <time>2022-06-14T12:52:37Z</time>
      </trkpt>
      <trkpt lat="39.910754" lon="116.65084">
        <time>2022-06-14T12:52:42Z</time>
      </trkpt>
      <trkpt lat="39.91084" lon="116.650819">
        <time>2022-06-14T12:52:47Z</time>
      </trkpt>
      <trkpt lat="39.910956" lon="116.6508">
        <time>2022-06-14T12:52:52Z</time>
      </trkpt>
      <trkpt lat="39.911073" lon="116.650787">
        <time>2022-06-14T12:52:57Z</time>
      </trkpt>
      <trkpt lat="39.911149" lon="116.650746">
        <time>2022-06-14T12:53:02Z</time>
      </trkpt>
      <trkpt lat="39.91126" lon="116.650742">
        <time>2022-06-14T12:53:07Z</time>
      </trkpt>
      <trkpt lat="39.91126" lon="116.650742">
        <time>2022-06-14T12:53:12Z</time>
      </trkpt>
      <trkpt lat="39.911345" lon="116.650773">
        <time>2022-06-14T12:53:17Z</time>
      </trkpt>
      <trkpt lat="39.91134" lon="116.651072">
        <time>2022-06-14T12:53:22Z</time>
      </trkpt>
      <trkpt lat="39.911364" lon="116.65122">
        <time>2022-06-14T12:53:27Z</time>
      </trkpt>
      <trkpt lat="39.911368" lon="116.651369">
        <time>2022-06-14T12:53:32Z</time>
      </trkpt>
      <trkpt lat="39.911358" lon="116.651514">
        <time>2022-06-14T12:53:37Z</time>
      </trkpt>
      <trkpt lat="39.911288" lon="116.651616">
        <time>2022-06-14T12:53:42Z</time>
      </trkpt>
      <trkpt lat="39.911266" lon="116.651689">
        <time>2022-06-14T12:53:47Z</time>
      </trkpt>
      <trkpt lat="39.911259" lon="116.651617">
        <time>2022-06-14T12:53:52Z</time>
      </trkpt>
      <trkpt lat="39.91119" lon="116.651586">
        <time>2022-06-14T12:53:57Z</time>
      </trkpt>
      <trkpt lat="39.911149" lon="116.651683">
        <time>2022-06-14T12:54:02Z</time>
      </trkpt>
      <trkpt lat="39.911145" lon="116.651739">
        <time>2022-06-14T12:54:07Z</time>
      </trkpt>
      <trkpt lat="39.911133" lon="116.651833">
        <time>2022-06-14T12:54:12Z</time>
      </trkpt>
      <trkpt lat="39.911079" lon="116.651904">
        <time>2022-06-14T12:54:17Z</time>
      </trkpt>
      <trkpt lat="39.911045" lon="116.651988">
        <time>2022-06-14T12:54:22Z</time>
      </trkpt>
      <trkpt lat="39.910988" lon="116.652062">
        <time>2022-06-14T12:54:27Z</time>
      </trkpt>
      <trkpt lat="39.91107" lon="116.652156">
        <time>2022-06-14T12:54:32Z</time>
      </trkpt>
      <trkpt lat="39.911148" lon="116.652249">
        <time>2022-06-14T12:54:37Z</time>
      </trkpt>
      <trkpt lat="39.911248" lon="116.65237">
        <time>2022-06-14T12:54:42Z</time>
      </trkpt>
      <trkpt lat="39.911346" lon="116.652463">
        <time>2022-06-14T12:54:47Z</time>
      </trkpt>
      <trkpt lat="39.911457" lon="116.652558">
        <time>2022-06-14T12:54:52Z</time>
      </trkpt>
      <trkpt lat="39.911562" lon="116.652637">
        <time>2022-06-14T12:54:57Z</time>
      </trkpt>
      <trkpt lat="39.911661" lon="116.652721">
        <time>2022-06-14T12:55:02Z</time>
      </trkpt>
      <trkpt lat="39.911764" lon="116.652785">
        <time>2022-06-14T12:55:07Z</time>
      </trkpt>
      <trkpt lat="39.911875" lon="116.652814">
        <time>2022-06-14T12:55:12Z</time>
      </trkpt>
      <trkpt lat="39.911963" lon="116.652875">
        <time>2022-06-14T12:55:17Z</time>
      </trkpt>
      <trkpt lat="39.912063" lon="116.652966">
        <time>2022-06-14T12:55:22Z</time>
      </trkpt>
      <trkpt lat="39.912159" lon="116.653079">
        <time>2022-06-14T12:55:27Z</time>
      </trkpt>
      <trkpt lat="39.912255" lon="116.653139">
        <time>2022-06-14T12:55:32Z</time>
      </trkpt>
      <trkpt lat="39.91236" lon="116.653237">
        <time>2022-06-14T12:55:37Z</time>
      </trkpt>
      <trkpt lat="39.912457" lon="116.653296">
        <time>2022-06-14T12:55:42Z</time>
      </trkpt>
      <trkpt lat="39.912586" lon="116.653339">
        <time>2022-06-14T12:55:47Z</time>
      </trkpt>
      <trkpt lat="39.912682" lon="116.653444">
        <time>2022-06-14T12:55:52Z</time>
      </trkpt>
      <trkpt lat="39.91279" lon="116.653557">
        <time>2022-06-14T12:55:57Z</time>
      </trkpt>
      <trkpt lat="39.912892" lon="116.653677">
        <time>2022-06-14T12:56:02Z</time>
      </trkpt>
      <trkpt lat="39.912985" lon="116.653773">
        <time>2022-06-14T12:56:07Z</time>
      </trkpt>
      <trkpt lat="39.913083" lon="116.653877">
        <time>2022-06-14T12:56:12Z</time>
      </trkpt>
      <trkpt lat="39.913138" lon="116.653948">
        <time>2022-06-14T12:56:17Z</time>
      </trkpt>
      <trkpt lat="39.913147" lon="116.653974">
        <time>2022-06-14T12:56:22Z</time>
      </trkpt>
      <trkpt lat="39.913156" lon="116.654">
        <time>2022-06-14T12:56:27Z</time>
      </trkpt>
      <trkpt lat="39.913221" lon="116.654074">
        <time>2022-06-14T12:56:32Z</time>
      </trkpt>
      <trkpt lat="39.913304" lon="116.654136">
        <time>2022-06-14T12:56:37Z</time>
      </trkpt>
      <trkpt lat="39.91337" lon="116.654175">
        <time>2022-06-14T12:56:42Z</time>
      </trkpt>
      <trkpt lat="39.913425" lon="116.654221">
        <time>2022-06-14T12:56:47Z</time>
      </trkpt>
      <trkpt lat="39.913506" lon="116.654294">
        <time>2022-06-14T12:56:52Z</time>
      </trkpt>
      <trkpt lat="39.913576" lon="116.654368">
        <time>2022-06-14T12:56:57Z</time>
      </trkpt>
      <trkpt lat="39.91366" lon="116.654456">
        <time>2022-06-14T12:57:02Z</time>
      </trkpt>
      <trkpt lat="39.913752" lon="116.654536">
        <time>2022-06-14T12:57:07Z</time>
      </trkpt>
      <trkpt lat="39.913844" lon="116.654602">
        <time>2022-06-14T12:57:12Z</time>
      </trkpt>
      <trkpt lat="39.913937" lon="116.65465">
        <time>2022-06-14T12:57:17Z</time>
      </trkpt>
      <trkpt lat="39.914017" lon="116.654723">
        <time>2022-06-14T12:57:22Z</time>
      </trkpt>
      <trkpt lat="39.914101" lon="116.654788">
        <time>2022-06-14T12:57:27Z</time>
      </trkpt>
      <trkpt lat="39.914197" lon="116.654881">
        <time>2022-06-14T12:57:32Z</time>
      </trkpt>
      <trkpt lat="39.914286" lon="116.655025">
        <time>2022-06-14T12:57:37Z</time>
      </trkpt>
      <trkpt lat="39.91438" lon="116.655148">
        <time>2022-06-14T12:57:42Z</time>
      </trkpt>
      <trkpt lat="39.914463" lon="116.655227">
        <time>2022-06-14T12:57:47Z</time>
      </trkpt>
      <trkpt lat="39.914532" lon="116.655328">
        <time>2022-06-14T12:57:52Z</time>
      </trkpt>
      <trkpt lat="39.914636" lon="116.655448">
        <time>2022-06-14T12:57:57Z</time>
      </trkpt>
      <trkpt lat="39.914726" lon="116.655537">
        <time>2022-06-14T12:58:02Z</time>
      </trkpt>
      <trkpt lat="39.914805" lon="116.65564">
        <time>2022-06-14T12:58:07Z</time>
      </trkpt>
      <trkpt lat="39.914858" lon="116.655728">
        <time>2022-06-14T12:58:12Z</time>
      </trkpt>
      <trkpt lat="39.914896" lon="116.655837">
        <time>2022-06-14T12:58:17Z</time>
      </trkpt>
      <trkpt lat="39.91493" lon="116.65596">
        <time>2022-06-14T12:58:22Z</time>
      </trkpt>
      <trkpt lat="39.914978" lon="116.656078">
        <time>2022-06-14T12:58:27Z</time>
      </trkpt>
      <trkpt lat="39.915042" lon="116.656177">
        <time>2022-06-14T12:58:32Z</time>
      </trkpt>
      <trkpt lat="39.915082" lon="116.656268">
        <time>2022-06-14T12:58:37Z</time>
      </trkpt>
      <trkpt lat="39.915115" lon="116.656295">
        <time>2022-06-14T12:58:42Z</time>
      </trkpt>
      <trkpt lat="39.915155" lon="116.656354">
        <time>2022-06-14T12:58:47Z</time>
      </trkpt>
      <trkpt lat="39.91518" lon="116.656426">
        <time>2022-06-14T12:58:52Z</time>
      </trkpt>
      <trkpt lat="39.915333" lon="116.656607">
        <time>2022-06-14T12:58:57Z</time>
      </trkpt>
      <trkpt lat="39.915348" lon="116.656641">
        <time>2022-06-14T12:59:02Z</time>
      </trkpt>
      <trkpt lat="39.915415" lon="116.656784">
        <time>2022-06-14T12:59:07Z</time>
      </trkpt>
      <trkpt lat="39.915475" lon="116.656904">
        <time>2022-06-14T12:59:12Z</time>
      </trkpt>
      <trkpt lat="39.915522" lon="116.656986">
        <time>2022-06-14T12:59:17Z</time>
      </trkpt>
      <trkpt lat="39.915579" lon="116.657078">
        <time>2022-06-14T12:59:22Z</time>
      </trkpt>
      <trkpt lat="39.915643" lon="116.657167">
        <time>2022-06-14T12:59:27Z</time>
      </trkpt>
      <trkpt lat="39.915712" lon="116.657279">
        <time>2022-06-14T12:59:32Z</time>
      </trkpt>
      <trkpt lat="39.915779" lon="116.65737">
        <time>2022-06-14T12:59:37Z</time>
      </trkpt>
      <trkpt lat="39.915859" lon="116.657468">
        <time>2022-06-14T12:59:42Z</time>
      </trkpt>
      <trkpt lat="39.915922" lon="116.657563">
        <time>2022-06-14T12:59:47Z</time>
      </trkpt>
      <trkpt lat="39.915994" lon="116.657654">
        <time>2022-06-14T12:59:52Z</time>
      </trkpt>
      <trkpt lat="39.91605" lon="116.657739">
        <time>2022-06-14T12:59:57Z</time>
      </trkpt>
      <trkpt lat="39.916104" lon="116.657809">
        <time>2022-06-14T13:00:02Z</time>
      </trkpt>
      <trkpt lat="39.916152" lon="116.657857">
        <time>2022-06-14T13:00:07Z</time>
      </trkpt>
      <trkpt lat="39.916199" lon="116.657914">
        <time>2022-06-14T13:00:12Z</time>
      </trkpt>
      <trkpt lat="39.91626" lon="116.658006">
        <time>2022-06-14T13:00:17Z</time>
      </trkpt>
      <trkpt lat="39.916323" lon="116.6581">
        <time>2022-06-14T13:00:22Z</time>
      </trkpt>
      <trkpt lat="39.916399" lon="116.658203">
        <time>2022-06-14T13:00:27Z</time>
      </trkpt>
      <trkpt lat="39.916457" lon="116.658318">
        <time>2022-06-14T13:00:32Z</time>
      </trkpt>
      <trkpt lat="39.916509" lon="116.658421">
        <time>2022-06-14T13:00:37Z</time>
      </trkpt>
      <trkpt lat="39.91657" lon="116.658538">
        <time>2022-06-14T13:00:42Z</time>
      </trkpt>
      <trkpt lat="39.916642" lon="116.65866">
        <time>2022-06-14T13:00:47Z</time>
      </trkpt>
      <trkpt lat="39.9167" lon="116.65877">
        <time>2022-06-14T13:00:52Z</time>
      </trkpt>
      <trkpt lat="39.916776" lon="116.658869">
        <time>2022-06-14T13:00:57Z</time>
      </trkpt>
      <trkpt lat="39.916827" lon="116.658971">
        <time>2022-06-14T13:01:02Z</time>
      </trkpt>
      <trkpt lat="39.9169" lon="116.659071">
        <time>2022-06-14T13:01:07Z</time>
      </trkpt>
      <trkpt lat="39.916967" lon="116.659187">
        <time>2022-06-14T13:01:12Z</time>
      </trkpt>
      <trkpt lat="39.917048" lon="116.659306">
        <time>2022-06-14T13:01:17Z</time>
      </trkpt>
      <trkpt lat="39.917062" lon="116.659334">
        <time>2022-06-14T13:01:22Z</time>
      </trkpt>
      <trkpt lat="39.917012" lon="116.659233">
        <time>2022-06-14T13:01:27Z</time>
      </trkpt>
      <trkpt lat="39.91696" lon="116.65913">
        <time>2022-06-14T13:01:32Z</time>
      </trkpt>
      <trkpt lat="39.916889" lon="116.659022">
        <time>2022-06-14T13:01:37Z</time>
      </trkpt>
      <trkpt lat="39.916829" lon="116.658934">
        <time>2022-06-14T13:01:42Z</time>
      </trkpt>
      <trkpt lat="39.916768" lon="116.658814">
        <time>2022-06-14T13:01:47Z</time>
      </trkpt>
      <trkpt lat="39.916704" lon="116.658699">
        <time>2022-06-14T13:01:52Z</time>
      </trkpt>
      <trkpt lat="39.916616" lon="116.658588">
        <time>2022-06-14T13:01:57Z</time>
      </trkpt>
      <trkpt lat="39.916537" lon="116.658467">
        <time>2022-06-14T13:02:02Z</time>
      </trkpt>
      <trkpt lat="39.916487" lon="116.658378">
        <time>2022-06-14T13:02:07Z</time>
      </trkpt>
      <trkpt lat="39.916422" lon="116.658273">
        <time>2022-06-14T13:02:12Z</time>
      </trkpt>
      <trkpt lat="39.916354" lon="116.658147">
        <time>2022-06-14T13:02:17Z</time>
      </trkpt>
      <trkpt lat="39.916283" lon="116.65804">
        <time>2022-06-14T13:02:22Z</time>
      </trkpt>
      <trkpt lat="39.916205" lon="116.657924">
        <time>2022-06-14T13:02:27Z</time>
      </trkpt>
      <trkpt lat="39.916141" lon="116.657852">
        <time>2022-06-14T13:02:32Z</time>
      </trkpt>
      <trkpt lat="39.916065" lon="116.657745">
        <time>2022-06-14T13:02:37Z</time>
      </trkpt>
      <trkpt lat="39.915984" lon="116.657625">
        <time>2022-06-14T13:02:42Z</time>
      </trkpt>
      <trkpt lat="39.915903" lon="116.657511">
        <time>2022-06-14T13:02:47Z</time>
      </trkpt>
      <trkpt lat="39.915824" lon="116.657413">
        <time>2022-06-14T13:02:52Z</time>
      </trkpt>
      <trkpt lat="39.91575" lon="116.657313">
        <time>2022-06-14T13:02:57Z</time>
      </trkpt>
      <trkpt lat="39.915684" lon="116.657195">
        <time>2022-06-14T13:03:02Z</time>
      </trkpt>
      <trkpt lat="39.915629" lon="116.657132">
        <time>2022-06-14T13:03:07Z</time>
      </trkpt>
      <trkpt lat="39.915604" lon="116.657098">
        <time>2022-06-14T13:03:12Z</time>
      </trkpt>
      <trkpt lat="39.915554" lon="116.657008">
        <time>2022-06-14T13:03:17Z</time>
      </trkpt>
      <trkpt lat="39.915498" lon="116.656911">
        <time>2022-06-14T13:03:22Z</time>
      </trkpt>
      <trkpt lat="39.915466" lon="116.656857">
        <time>2022-06-14T13:03:27Z</time>
      </trkpt>
      <trkpt lat="39.915417" lon="116.65678">
        <time>2022-06-14T13:03:32Z</time>
      </trkpt>
      <trkpt lat="39.91543" lon="116.656736">
        <time>2022-06-14T13:03:37Z</time>
      </trkpt>
      <trkpt lat="39.915419" lon="116.656665">
        <time>2022-06-14T13:03:42Z</time>
      </trkpt>
      <trkpt lat="39.915392" lon="116.656599">
        <time>2022-06-14T13:03:47Z</time>
      </trkpt>
      <trkpt lat="39.91531" lon="116.656628">
        <time>2022-06-14T13:03:52Z</time>
      </trkpt>
      <trkpt lat="39.915215" lon="116.656566">
        <time>2022-06-14T13:03:57Z</time>
      </trkpt>
      <trkpt lat="39.915141" lon="116.656298">
        <time>2022-06-14T13:04:02Z</time>
      </trkpt>
      <trkpt lat="39.91509" lon="116.656105">
        <time>2022-06-14T13:04:07Z</time>
      </trkpt>
      <trkpt lat="39.914977" lon="116.65596">
        <time>2022-06-14T13:04:12Z</time>
      </trkpt>
      <trkpt lat="39.914882" lon="116.655805">
        <time>2022-06-14T13:04:17Z</time>
      </trkpt>
      <trkpt lat="39.914827" lon="116.655707">
        <time>2022-06-14T13:04:22Z</time>
      </trkpt>
      <trkpt lat="39.914733" lon="116.655596">
        <time>2022-06-14T13:04:27Z</time>
      </trkpt>
      <trkpt lat="39.914689" lon="116.655471">
        <time>2022-06-14T13:04:32Z</time>
      </trkpt>
      <trkpt lat="39.914642" lon="116.655346">
        <time>2022-06-14T13:04:37Z</time>
      </trkpt>
      <trkpt lat="39.914565" lon="116.65525">
        <time>2022-06-14T13:04:42Z</time>
      </trkpt>
      <trkpt lat="39.914496" lon="116.655171">
        <time>2022-06-14T13:04:47Z</time>
      </trkpt>
      <trkpt lat="39.914394" lon="116.655096">
        <time>2022-06-14T13:04:52Z</time>
      </trkpt>
      <trkpt lat="39.914295" lon="116.655022">
        <time>2022-06-14T13:04:57Z</time>
      </trkpt>
      <trkpt lat="39.91421" lon="116.654925">
        <time>2022-06-14T13:05:02Z</time>
      </trkpt>
      <trkpt lat="39.914119" lon="116.654832">
        <time>2022-06-14T13:05:07Z</time>
      </trkpt>
      <trkpt lat="39.914019" lon="116.654707">
        <time>2022-06-14T13:05:12Z</time>
      </trkpt>
      <trkpt lat="39.91395" lon="116.654603">
        <time>2022-06-14T13:05:17Z</time>
      </trkpt>
      <trkpt lat="39.91391" lon="116.654491">
        <time>2022-06-14T13:05:22Z</time>
      </trkpt>
      <trkpt lat="39.913825" lon="116.654429">
        <time>2022-06-14T13:05:27Z</time>
      </trkpt>
      <trkpt lat="39.913738" lon="116.654372">
        <time>2022-06-14T13:05:32Z</time>
      </trkpt>
      <trkpt lat="39.913651" lon="116.654291">
        <time>2022-06-14T13:05:37Z</time>
      </trkpt>
      <trkpt lat="39.913572" lon="116.654219">
        <time>2022-06-14T13:05:42Z</time>
      </trkpt>
      <trkpt lat="39.913507" lon="116.654113">
        <time>2022-06-14T13:05:47Z</time>
      </trkpt>
      <trkpt lat="39.913485" lon="116.654067">
        <time>2022-06-14T13:05:52Z</time>
      </trkpt>
      <trkpt lat="39.913469" lon="116.654022">
        <time>2022-06-14T13:05:57Z</time>
      </trkpt>
      <trkpt lat="39.913393" lon="116.653984">
        <time>2022-06-14T13:06:02Z</time>
      </trkpt>
      <trkpt lat="39.913304" lon="116.653931">
        <time>2022-06-14T13:06:07Z</time>
      </trkpt>
      <trkpt lat="39.913203" lon="116.653885">
        <time>2022-06-14T13:06:12Z</time>
      </trkpt>
      <trkpt lat="39.913091" lon="116.65381">
        <time>2022-06-14T13:06:17Z</time>
      </trkpt>
      <trkpt lat="39.913009" lon="116.653706">
        <time>2022-06-14T13:06:22Z</time>
      </trkpt>
      <trkpt lat="39.912896" lon="116.653627">
        <time>2022-06-14T13:06:27Z</time>
      </trkpt>
      <trkpt lat="39.9128" lon="116.653547">
        <time>2022-06-14T13:06:32Z</time>
      </trkpt>
      <trkpt lat="39.912707" lon="116.653488">
        <time>2022-06-14T13:06:37Z</time>
      </trkpt>
      <trkpt lat="39.912633" lon="116.653422">
        <time>2022-06-14T13:06:42Z</time>
      </trkpt>
      <trkpt lat="39.912534" lon="116.65338">
        <time>2022-06-14T13:06:47Z</time>
      </trkpt>
      <trkpt lat="39.912423" lon="116.653329">
        <time>2022-06-14T13:06:52Z</time>
      </trkpt>
      <trkpt lat="39.912326" lon="116.653287">
        <time>2022-06-14T13:06:57Z</time>
      </trkpt>
      <trkpt lat="39.912277" lon="116.653217">
        <time>2022-06-14T13:07:02Z</time>
      </trkpt>
      <trkpt lat="39.91221" lon="116.653151">
        <time>2022-06-14T13:07:07Z</time>
      </trkpt>
      <trkpt lat="39.912115" lon="116.653083">
        <time>2022-06-14T13:07:12Z</time>
      </trkpt>
      <trkpt lat="39.912044" lon="116.652999">
        <time>2022-06-14T13:07:17Z</time>
      </trkpt>
      <trkpt lat="39.911959" lon="116.652909">
        <time>2022-06-14T13:07:22Z</time>
      </trkpt>
      <trkpt lat="39.911873" lon="116.652836">
        <time>2022-06-14T13:07:27Z</time>
      </trkpt>
      <trkpt lat="39.911783" lon="116.652751">
        <time>2022-06-14T13:07:32Z</time>
      </trkpt>
      <trkpt lat="39.911664" lon="116.6527">
        <time>2022-06-14T13:07:37Z</time>
      </trkpt>
      <trkpt lat="39.911555" lon="116.652625">
        <time>2022-06-14T13:07:42Z</time>
      </trkpt>
      <trkpt lat="39.911459" lon="116.652551">
        <time>2022-06-14T13:07:47Z</time>
      </trkpt>
      <trkpt lat="39.911366" lon="116.652475">
        <time>2022-06-14T13:07:52Z</time>
      </trkpt>
      <trkpt lat="39.911283" lon="116.652407">
        <time>2022-06-14T13:07:57Z</time>
      </trkpt>
      <trkpt lat="39.911187" lon="116.652308">
        <time>2022-06-14T13:08:02Z</time>
      </trkpt>
      <trkpt lat="39.911104" lon="116.652202">
        <time>2022-06-14T13:08:07Z</time>
      </trkpt>
      <trkpt lat="39.911044" lon="116.65212">
        <time>2022-06-14T13:08:12Z</time>
      </trkpt>
      <trkpt lat="39.91102" lon="116.652056">
        <time>2022-06-14T13:08:17Z</time>
      </trkpt>
      <trkpt lat="39.911002" lon="116.651993">
        <time>2022-06-14T13:08:22Z</time>
      </trkpt>
      <trkpt lat="39.910992" lon="116.651893">
        <time>2022-06-14T13:08:27Z</time>
      </trkpt>
      <trkpt lat="39.910974" lon="116.651779">
        <time>2022-06-14T13:08:32Z</time>
      </trkpt>
      <trkpt lat="39.910944" lon="116.651621">
        <time>2022-06-14T13:08:37Z</time>
      </trkpt>
      <trkpt lat="39.910892" lon="116.651496">
        <time>2022-06-14T13:08:42Z</time>
      </trkpt>
      <trkpt lat="39.910845" lon="116.651533">
        <time>2022-06-14T13:08:47Z</time>
      </trkpt>
      <trkpt lat="39.910905" lon="116.651672">
        <time>2022-06-14T13:08:52Z</time>
      </trkpt>
      <trkpt lat="39.910957" lon="116.651782">
        <time>2022-06-14T13:08:57Z</time>
      </trkpt>
      <trkpt lat="39.911011" lon="116.651912">
        <time>2022-06-14T13:09:02Z</time>
      </trkpt>
      <trkpt lat="39.911048" lon="116.652049">
        <time>2022-06-14T13:09:07Z</time>
      </trkpt>
      <trkpt lat="39.911118" lon="116.652152">
        <time>2022-06-14T13:09:12Z</time>
      </trkpt>
      <trkpt lat="39.911194" lon="116.652258">
        <time>2022-06-14T13:09:17Z</time>
      </trkpt>
      <trkpt lat="39.911271" lon="116.652343">
        <time>2022-06-14T13:09:22Z</time>
      </trkpt>
      <trkpt lat="39.91136" lon="116.652417">
        <time>2022-06-14T13:09:27Z</time>
      </trkpt>
      <trkpt lat="39.911466" lon="116.652496">
        <time>2022-06-14T13:09:32Z</time>
      </trkpt>
      <trkpt lat="39.911559" lon="116.652568">
        <time>2022-06-14T13:09:37Z</time>
      </trkpt>
      <trkpt lat="39.911652" lon="116.652649">
        <time>2022-06-14T13:09:42Z</time>
      </trkpt>
      <trkpt lat="39.911746" lon="116.652719">
        <time>2022-06-14T13:09:47Z</time>
      </trkpt>
      <trkpt lat="39.911842" lon="116.652785">
        <time>2022-06-14T13:09:52Z</time>
      </trkpt>
      <trkpt lat="39.911924" lon="116.652863">
        <time>2022-06-14T13:09:57Z</time>
      </trkpt>
      <trkpt lat="39.912028" lon="116.652948">
        <time>2022-06-14T13:10:02Z</time>
      </trkpt>
      <trkpt lat="39.912114" lon="116.653047">
        <time>2022-06-14T13:10:07Z</time>
      </trkpt>
      <trkpt lat="39.912196" lon="116.653134">
        <time>2022-06-14T13:10:12Z</time>
      </trkpt>
      <trkpt lat="39.912273" lon="116.653166">
        <time>2022-06-14T13:10:17Z</time>
      </trkpt>
      <trkpt lat="39.912316" lon="116.653216">
        <time>2022-06-14T13:10:22Z</time>
      </trkpt>
      <trkpt lat="39.912377" lon="116.653272">
        <time>2022-06-14T13:10:27Z</time>
      </trkpt>
      <trkpt lat="39.912452" lon="116.653325">
        <time>2022-06-14T13:10:32Z</time>
      </trkpt>
      <trkpt lat="39.912537" lon="116.653372">
        <time>2022-06-14T13:10:37Z</time>
      </trkpt>
      <trkpt lat="39.912618" lon="116.653423">
        <time>2022-06-14T13:10:42Z</time>
      </trkpt>
      <trkpt lat="39.91271" lon="116.653468">
        <time>2022-06-14T13:10:47Z</time>
      </trkpt>
      <trkpt lat="39.912795" lon="116.653539">
        <time>2022-06-14T13:10:52Z</time>
      </trkpt>
      <trkpt lat="39.912853" lon="116.653615">
        <time>2022-06-14T13:10:57Z</time>
      </trkpt>
      <trkpt lat="39.912915" lon="116.653713">
        <time>2022-06-14T13:11:02Z</time>
      </trkpt>
      <trkpt lat="39.912968" lon="116.653772">
        <time>2022-06-14T13:11:07Z</time>
      </trkpt>
      <trkpt lat="39.913014" lon="116.653823">
        <time>2022-06-14T13:11:12Z</time>
      </trkpt>
      <trkpt lat="39.913088" lon="116.653878">
        <time>2022-06-14T13:11:17Z</time>
      </trkpt>
      <trkpt lat="39.913167" lon="116.653907">
        <time>2022-06-14T13:11:22Z</time>
      </trkpt>
      <trkpt lat="39.913249" lon="116.653924">
        <time>2022-06-14T13:11:27Z</time>
      </trkpt>
      <trkpt lat="39.913342" lon="116.653982">
        <time>2022-06-14T13:11:32Z</time>
      </trkpt>
      <trkpt lat="39.913441" lon="116.654065">
        <time>2022-06-14T13:11:37Z</time>
      </trkpt>
      <trkpt lat="39.913536" lon="116.654173">
        <time>2022-06-14T13:11:42Z</time>
      </trkpt>
      <trkpt lat="39.913628" lon="116.654287">
        <time>2022-06-14T13:11:47Z</time>
      </trkpt>
      <trkpt lat="39.913706" lon="116.654362">
        <time>2022-06-14T13:11:52Z</time>
      </trkpt>
      <trkpt lat="39.913786" lon="116.654449">
        <time>2022-06-14T13:11:57Z</time>
      </trkpt>
      <trkpt lat="39.913881" lon="116.654538">
        <time>2022-06-14T13:12:02Z</time>
      </trkpt>
      <trkpt lat="39.913987" lon="116.654621">
        <time>2022-06-14T13:12:07Z</time>
      </trkpt>
      <trkpt lat="39.914083" lon="116.654719">
        <time>2022-06-14T13:12:12Z</time>
      </trkpt>
      <trkpt lat="39.914151" lon="116.654775">
        <time>2022-06-14T13:12:17Z</time>
      </trkpt>
      <trkpt lat="39.914271" lon="116.654882">
        <time>2022-06-14T13:12:22Z</time>
      </trkpt>
      <trkpt lat="39.91435" lon="116.654972">
        <time>2022-06-14T13:12:27Z</time>
      </trkpt>
      <trkpt lat="39.914425" lon="116.655068">
        <time>2022-06-14T13:12:32Z</time>
      </trkpt>
      <trkpt lat="39.914486" lon="116.655142">
        <time>2022-06-14T13:12:37Z</time>
      </trkpt>
      <trkpt lat="39.914565" lon="116.655249">
        <time>2022-06-14T13:12:42Z</time>
      </trkpt>
      <trkpt lat="39.914651" lon="116.655324">
        <time>2022-06-14T13:12:47Z</time>
      </trkpt>
      <trkpt lat="39.91474" lon="116.65539">
        <time>2022-06-14T13:12:52Z</time>
      </trkpt>
      <trkpt lat="39.91479" lon="116.655524">
        <time>2022-06-14T13:12:57Z</time>
      </trkpt>
      <trkpt lat="39.914863" lon="116.655668">
        <time>2022-06-14T13:13:02Z</time>
      </trkpt>
      <trkpt lat="39.914935" lon="116.655828">
        <time>2022-06-14T13:13:07Z</time>
      </trkpt>
      <trkpt lat="39.914971" lon="116.655973">
        <time>2022-06-14T13:13:12Z</time>
      </trkpt>
      <trkpt lat="39.915019" lon="116.656075">
        <time>2022-06-14T13:13:17Z</time>
      </trkpt>
      <trkpt lat="39.915066" lon="116.656197">
        <time>2022-06-14T13:13:22Z</time>
      </trkpt>
      <trkpt lat="39.915091" lon="116.656252">
        <time>2022-06-14T13:13:27Z</time>
      </trkpt>
      <trkpt lat="39.915114" lon="116.656306">
        <time>2022-06-14T13:13:32Z</time>
      </trkpt>
      <trkpt lat="39.915137" lon="116.656368">
        <time>2022-06-14T13:13:37Z</time>
      </trkpt>
      <trkpt lat="39.915212" lon="116.656425">
        <time>2022-06-14T13:13:42Z</time>
      </trkpt>
      <trkpt lat="39.915277" lon="116.656439">
        <time>2022-06-14T13:13:47Z</time>
      </trkpt>
      <trkpt lat="39.915222" lon="116.656633">
        <time>2022-06-14T13:13:52Z</time>
      </trkpt>
      <trkpt lat="39.915256" lon="116.656783">
        <time>2022-06-14T13:13:57Z</time>
      </trkpt>
      <trkpt lat="39.915379" lon="116.656902">
        <time>2022-06-14T13:14:02Z</time>
      </trkpt>
      <trkpt lat="39.915475" lon="116.656963">
        <time>2022-06-14T13:14:07Z</time>
      </trkpt>
      <trkpt lat="39.915538" lon="116.657051">
        <time>2022-06-14T13:14:12Z</time>
      </trkpt>
      <trkpt lat="39.915606" lon="116.657146">
        <time>2022-06-14T13:14:17Z</time>
      </trkpt>
      <trkpt lat="39.915684" lon="116.657239">
        <time>2022-06-14T13:14:22Z</time>
      </trkpt>
      <trkpt lat="39.91575" lon="116.657336">
        <time>2022-06-14T13:14:27Z</time>
      </trkpt>
      <trkpt lat="39.915804" lon="116.657413">
        <time>2022-06-14T13:14:32Z</time>
      </trkpt>
      <trkpt lat="39.915857" lon="116.657502">
        <time>2022-06-14T13:14:37Z</time>
      </trkpt>
      <trkpt lat="39.91593" lon="116.657591">
        <time>2022-06-14T13:14:42Z</time>
      </trkpt>
      <trkpt lat="39.915992" lon="116.657684">
        <time>2022-06-14T13:14:47Z</time>
      </trkpt>
      <trkpt lat="39.916041" lon="116.657757">
        <time>2022-06-14T13:14:52Z</time>
      </trkpt>
      <trkpt lat="39.916106" lon="116.657864">
        <time>2022-06-14T13:14:57Z</time>
      </trkpt>
      <trkpt lat="39.916144" lon="116.657971">
        <time>2022-06-14T13:15:02Z</time>
      </trkpt>
      <trkpt lat="39.91622" lon="116.658089">
        <time>2022-06-14T13:15:07Z</time>
      </trkpt>
      <trkpt lat="39.916314" lon="116.658196">
        <time>2022-06-14T13:15:12Z</time>
      </trkpt>
      <trkpt lat="39.916386" lon="116.658308">
        <time>2022-06-14T13:15:17Z</time>
      </trkpt>
      <trkpt lat="39.916465" lon="116.65841">
        <time>2022-06-14T13:15:22Z</time>
      </trkpt>
      <trkpt lat="39.916544" lon="116.658528">
        <time>2022-06-14T13:15:27Z</time>
      </trkpt>
      <trkpt lat="39.91661" lon="116.658657">
        <time>2022-06-14T13:15:32Z</time>
      </trkpt>
      <trkpt lat="39.91668" lon="116.658752">
        <time>2022-06-14T13:15:37Z</time>
      </trkpt>
      <trkpt lat="39.916749" lon="116.658848">
        <time>2022-06-14T13:15:42Z</time>
      </trkpt>
      <trkpt lat="39.916804" lon="116.658955">
        <time>2022-06-14T13:15:47Z</time>
      </trkpt>
      <trkpt lat="39.916846" lon="116.659047">
        <time>2022-06-14T13:15:52Z</time>
      </trkpt>
      <trkpt lat="39.91689" lon="116.659111">
        <time>2022-06-14T13:15:57Z</time>
      </trkpt>
      <trkpt lat="39.916941" lon="116.659163">
        <time>2022-06-14T13:16:02Z</time>
      </trkpt>
      <trkpt lat="39.917055" lon="116.65932">
        <time>2022-06-14T13:16:07Z</time>
      </trkpt>
      <trkpt lat="39.917079" lon="116.659318">
        <time>2022-06-14T13:16:12Z</time>
      </trkpt>
      <trkpt lat="39.917006" lon="116.659219">
        <time>2022-06-14T13:16:17Z</time>
      </trkpt>
      <trkpt lat="39.916946" lon="116.659171">
        <time>2022-06-14T13:16:22Z</time>
      </trkpt>
      <trkpt lat="39.916911" lon="116.659127">
        <time>2022-06-14T13:16:27Z</time>
      </trkpt>
      <trkpt lat="39.916854" lon="116.659045">
        <time>2022-06-14T13:16:32Z</time>
      </trkpt>
      <trkpt lat="39.916787" lon="116.658917">
        <time>2022-06-14T13:16:37Z</time>
      </trkpt>
      <trkpt lat="39.916709" lon="116.658795">
        <time>2022-06-14T13:16:42Z</time>
      </trkpt>
      <trkpt lat="39.91663" lon="116.658689">
        <time>2022-06-14T13:16:47Z</time>
      </trkpt>
      <trkpt lat="39.916572" lon="116.658594">
        <time>2022-06-14T13:16:52Z</time>
      </trkpt>
      <trkpt lat="39.916522" lon="116.658505">
        <time>2022-06-14T13:16:57Z</time>
      </trkpt>
      <trkpt lat="39.916503" lon="116.658463">
        <time>2022-06-14T13:17:02Z</time>
      </trkpt>
      <trkpt lat="39.916436" lon="116.658356">
        <time>2022-06-14T13:17:07Z</time>
      </trkpt>
      <trkpt lat="39.916362" lon="116.658254">
        <time>2022-06-14T13:17:12Z</time>
      </trkpt>
      <trkpt lat="39.916297" lon="116.658147">
        <time>2022-06-14T13:17:17Z</time>
      </trkpt>
      <trkpt lat="39.916231" lon="116.658037">
        <time>2022-06-14T13:17:22Z</time>
      </trkpt>
      <trkpt lat="39.916159" lon="116.657923">
        <time>2022-06-14T13:17:27Z</time>
      </trkpt>
      <trkpt lat="39.916103" lon="116.657832">
        <time>2022-06-14T13:17:32Z</time>
      </trkpt>
      <trkpt lat="39.916048" lon="116.657739">
        <time>2022-06-14T13:17:37Z</time>
      </trkpt>
      <trkpt lat="39.915986" lon="116.657649">
        <time>2022-06-14T13:17:42Z</time>
      </trkpt>
      <trkpt lat="39.915933" lon="116.657566">
        <time>2022-06-14T13:17:47Z</time>
      </trkpt>
      <trkpt lat="39.915872" lon="116.657492">
        <time>2022-06-14T13:17:52Z</time>
      </trkpt>
      <trkpt lat="39.915796" lon="116.657406">
        <time>2022-06-14T13:17:57Z</time>
      </trkpt>
      <trkpt lat="39.915735" lon="116.657338">
        <time>2022-06-14T13:18:02Z</time>
      </trkpt>
      <trkpt lat="39.915662" lon="116.65726">
        <time>2022-06-14T13:18:07Z</time>
      </trkpt>
      <trkpt lat="39.915619" lon="116.657216">
        <time>2022-06-14T13:18:12Z</time>
      </trkpt>
      <trkpt lat="39.915607" lon="116.657176">
        <time>2022-06-14T13:18:17Z</time>
      </trkpt>
      <trkpt lat="39.915579" lon="116.657135">
        <time>2022-06-14T13:18:22Z</time>
      </trkpt>
      <trkpt lat="39.915521" lon="116.657045">
        <time>2022-06-14T13:18:27Z</time>
      </trkpt>
      <trkpt lat="39.915482" lon="116.656941">
        <time>2022-06-14T13:18:32Z</time>
      </trkpt>
      <trkpt lat="39.915458" lon="116.656879">
        <time>2022-06-14T13:18:37Z</time>
      </trkpt>
      <trkpt lat="39.915447" lon="116.656873">
        <time>2022-06-14T13:18:42Z</time>
      </trkpt>
      <trkpt lat="39.915429" lon="116.656883">
        <time>2022-06-14T13:18:47Z</time>
      </trkpt>
      <trkpt lat="39.915371" lon="116.656858">
        <time>2022-06-14T13:18:52Z</time>
      </trkpt>
      <trkpt lat="39.915343" lon="116.656891">
        <time>2022-06-14T13:18:57Z</time>
      </trkpt>
      <trkpt lat="39.915219" lon="116.656828">
        <time>2022-06-14T13:19:02Z</time>
      </trkpt>
      <trkpt lat="39.915056" lon="116.656616">
        <time>2022-06-14T13:19:07Z</time>
      </trkpt>
      <trkpt lat="39.914996" lon="116.656404">
        <time>2022-06-14T13:19:12Z</time>
      </trkpt>
      <trkpt lat="39.914964" lon="116.656219">
        <time>2022-06-14T13:19:17Z</time>
      </trkpt>
      <trkpt lat="39.91493" lon="116.65606">
        <time>2022-06-14T13:19:22Z</time>
      </trkpt>
      <trkpt lat="39.91489" lon="116.655896">
        <time>2022-06-14T13:19:27Z</time>
      </trkpt>
      <trkpt lat="39.914836" lon="116.655763">
        <time>2022-06-14T13:19:32Z</time>
      </trkpt>
      <trkpt lat="39.914759" lon="116.655645">
        <time>2022-06-14T13:19:37Z</time>
      </trkpt>
      <trkpt lat="39.914703" lon="116.65555">
        <time>2022-06-14T13:19:42Z</time>
      </trkpt>
      <trkpt lat="39.91465" lon="116.655456">
        <time>2022-06-14T13:19:47Z</time>
      </trkpt>
      <trkpt lat="39.91461" lon="116.65536">
        <time>2022-06-14T13:19:52Z</time>
      </trkpt>
      <trkpt lat="39.914535" lon="116.655259">
        <time>2022-06-14T13:19:57Z</time>
      </trkpt>
      <trkpt lat="39.91447" lon="116.655156">
        <time>2022-06-14T13:20:02Z</time>
      </trkpt>
      <trkpt lat="39.914411" lon="116.655075">
        <time>2022-06-14T13:20:07Z</time>
      </trkpt>
      <trkpt lat="39.914326" lon="116.655013">
        <time>2022-06-14T13:20:12Z</time>
      </trkpt>
      <trkpt lat="39.914257" lon="116.654943">
        <time>2022-06-14T13:20:17Z</time>
      </trkpt>
      <trkpt lat="39.914214" lon="116.654892">
        <time>2022-06-14T13:20:22Z</time>
      </trkpt>
      <trkpt lat="39.914187" lon="116.654847">
        <time>2022-06-14T13:20:27Z</time>
      </trkpt>
      <trkpt lat="39.914161" lon="116.654798">
        <time>2022-06-14T13:20:32Z</time>
      </trkpt>
      <trkpt lat="39.914116" lon="116.654737">
        <time>2022-06-14T13:20:37Z</time>
      </trkpt>
      <trkpt lat="39.914061" lon="116.654672">
        <time>2022-06-14T13:20:42Z</time>
      </trkpt>
      <trkpt lat="39.913984" lon="116.654584">
        <time>2022-06-14T13:20:47Z</time>
      </trkpt>
      <trkpt lat="39.913892" lon="116.654525">
        <time>2022-06-14T13:20:52Z</time>
      </trkpt>
      <trkpt lat="39.913787" lon="116.654477">
        <time>2022-06-14T13:20:57Z</time>
      </trkpt>
      <trkpt lat="39.913692" lon="116.654396">
        <time>2022-06-14T13:21:02Z</time>
      </trkpt>
      <trkpt lat="39.913593" lon="116.654307">
        <time>2022-06-14T13:21:07Z</time>
      </trkpt>
      <trkpt lat="39.913494" lon="116.654234">
        <time>2022-06-14T13:21:12Z</time>
      </trkpt>
      <trkpt lat="39.91344" lon="116.654119">
        <time>2022-06-14T13:21:17Z</time>
      </trkpt>
      <trkpt lat="39.913384" lon="116.65401">
        <time>2022-06-14T13:21:22Z</time>
      </trkpt>
      <trkpt lat="39.913287" lon="116.653968">
        <time>2022-06-14T13:21:27Z</time>
      </trkpt>
      <trkpt lat="39.913194" lon="116.653938">
        <time>2022-06-14T13:21:32Z</time>
      </trkpt>
      <trkpt lat="39.913111" lon="116.653889">
        <time>2022-06-14T13:21:37Z</time>
      </trkpt>
      <trkpt lat="39.913036" lon="116.653834">
        <time>2022-06-14T13:21:42Z</time>
      </trkpt>
      <trkpt lat="39.912925" lon="116.653781">
        <time>2022-06-14T13:21:47Z</time>
      </trkpt>
      <trkpt lat="39.912872" lon="116.653682">
        <time>2022-06-14T13:21:52Z</time>
      </trkpt>
      <trkpt lat="39.91277" lon="116.653637">
        <time>2022-06-14T13:21:57Z</time>
      </trkpt>
      <trkpt lat="39.912709" lon="116.653582">
        <time>2022-06-14T13:22:02Z</time>
      </trkpt>
      <trkpt lat="39.912699" lon="116.653501">
        <time>2022-06-14T13:22:07Z</time>
      </trkpt>
      <trkpt lat="39.912662" lon="116.653458">
        <time>2022-06-14T13:22:12Z</time>
      </trkpt>
      <trkpt lat="39.912605" lon="116.653417">
        <time>2022-06-14T13:22:17Z</time>
      </trkpt>
      <trkpt lat="39.912533" lon="116.653369">
        <time>2022-06-14T13:22:22Z</time>
      </trkpt>
      <trkpt lat="39.91243" lon="116.653328">
        <time>2022-06-14T13:22:27Z</time>
      </trkpt>
      <trkpt lat="39.912338" lon="116.65327">
        <time>2022-06-14T13:22:32Z</time>
      </trkpt>
      <trkpt lat="39.912225" lon="116.653212">
        <time>2022-06-14T13:22:37Z</time>
      </trkpt>
      <trkpt lat="39.912161" lon="116.653166">
        <time>2022-06-14T13:22:42Z</time>
      </trkpt>
      <trkpt lat="39.912109" lon="116.65314">
        <time>2022-06-14T13:22:47Z</time>
      </trkpt>
      <trkpt lat="39.912076" lon="116.653104">
        <time>2022-06-14T13:22:52Z</time>
      </trkpt>
      <trkpt lat="39.912001" lon="116.653026">
        <time>2022-06-14T13:22:57Z</time>
      </trkpt>
      <trkpt lat="39.911914" lon="116.652939">
        <time>2022-06-14T13:23:02Z</time>
      </trkpt>
      <trkpt lat="39.911821" lon="116.652852">
        <time>2022-06-14T13:23:07Z</time>
      </trkpt>
      <trkpt lat="39.911702" lon="116.652778">
        <time>2022-06-14T13:23:12Z</time>
      </trkpt>
      <trkpt lat="39.911613" lon="116.65271">
        <time>2022-06-14T13:23:17Z</time>
      </trkpt>
      <trkpt lat="39.911531" lon="116.652642">
        <time>2022-06-14T13:23:22Z</time>
      </trkpt>
      <trkpt lat="39.911443" lon="116.652576">
        <time>2022-06-14T13:23:27Z</time>
      </trkpt>
      <trkpt lat="39.91137" lon="116.652499">
        <time>2022-06-14T13:23:32Z</time>
      </trkpt>
      <trkpt lat="39.911297" lon="116.652423">
        <time>2022-06-14T13:23:37Z</time>
      </trkpt>
      <trkpt lat="39.911231" lon="116.652323">
        <time>2022-06-14T13:23:42Z</time>
      </trkpt>
      <trkpt lat="39.911145" lon="116.652208">
        <time>2022-06-14T13:23:47Z</time>
      </trkpt>
      <trkpt lat="39.911072" lon="116.652109">
        <time>2022-06-14T13:23:52Z</time>
      </trkpt>
      <trkpt lat="39.911007" lon="116.652015">
        <time>2022-06-14T13:23:57Z</time>
      </trkpt>
      <trkpt lat="39.911072" lon="116.651946">
        <time>2022-06-14T13:24:02Z</time>
      </trkpt>
      <trkpt lat="39.911156" lon="116.651879">
        <time>2022-06-14T13:24:07Z</time>
      </trkpt>
      <trkpt lat="39.911199" lon="116.651824">
        <time>2022-06-14T13:24:12Z</time>
      </trkpt>
      <trkpt lat="39.911246" lon="116.651766">
        <time>2022-06-14T13:24:17Z</time>
      </trkpt>
      <trkpt lat="39.911228" lon="116.651701">
        <time>2022-06-14T13:24:22Z</time>
      </trkpt>
      <trkpt lat="39.911211" lon="116.651647">
        <time>2022-06-14T13:24:27Z</time>
      </trkpt>
      <trkpt lat="39.911221" lon="116.651601">
        <time>2022-06-14T13:24:32Z</time>
      </trkpt>
      <trkpt lat="39.911248" lon="116.651568">
        <time>2022-06-14T13:24:37Z</time>
      </trkpt>
      <trkpt lat="39.911291" lon="116.651523">
        <time>2022-06-14T13:24:42Z</time>
      </trkpt>
      <trkpt lat="39.911332" lon="116.651449">
        <time>2022-06-14T13:24:47Z</time>
      </trkpt>
      <trkpt lat="39.911365" lon="116.651319">
        <time>2022-06-14T13:24:52Z</time>
      </trkpt>
      <trkpt lat="39.911366" lon="116.651213">
        <time>2022-06-14T13:24:57Z</time>
      </trkpt>
      <trkpt lat="39.911365" lon="116.651042">
        <time>2022-06-14T13:25:02Z</time>
      </trkpt>
      <trkpt lat="39.911304" lon="116.650902">
        <time>2022-06-14T13:25:07Z</time>
      </trkpt>
      <trkpt lat="39.911191" lon="116.650813">
        <time>2022-06-14T13:25:12Z</time>
      </trkpt>
      <trkpt lat="39.911085" lon="116.650806">
        <time>2022-06-14T13:25:17Z</time>
      </trkpt>
      <trkpt lat="39.910969" lon="116.650847">
        <time>2022-06-14T13:25:22Z</time>
      </trkpt>
      <trkpt lat="39.91086" lon="116.650887">
        <time>2022-06-14T13:25:27Z</time>
      </trkpt>
      <trkpt lat="39.910755" lon="116.650906">
        <time>2022-06-14T13:25:32Z</time>
      </trkpt>
      <trkpt lat="39.910665" lon="116.650917">
        <time>2022-06-14T13:25:37Z</time>
      </trkpt>
      <trkpt lat="39.910567" lon="116.650918">
        <time>2022-06-14T13:25:42Z</time>
      </trkpt>
      <trkpt lat="39.910458" lon="116.650935">
        <time>2022-06-14T13:25:47Z</time>
      </trkpt>
      <trkpt lat="39.910363" lon="116.650929">
        <time>2022-06-14T13:25:52Z</time>
      </trkpt>
      <trkpt lat="39.910288" lon="116.650943">
        <time>2022-06-14T13:25:57Z</time>
      </trkpt>
      <trkpt lat="39.910223" lon="116.650968">
        <time>2022-06-14T13:26:02Z</time>
      </trkpt>
      <trkpt lat="39.910156" lon="116.650963">
        <time>2022-06-14T13:26:07Z</time>
      </trkpt>
      <trkpt lat="39.910088" lon="116.650963">
        <time>2022-06-14T13:26:12Z</time>
      </trkpt>
      <trkpt lat="39.91002" lon="116.650986">
        <time>2022-06-14T13:26:17Z</time>
      </trkpt>
      <trkpt lat="39.909942" lon="116.651007">
        <time>2022-06-14T13:26:22Z</time>
      </trkpt>
      <trkpt lat="39.909922" lon="116.650996">
        <time>2022-06-14T13:26:27Z</time>
      </trkpt>
      <trkpt lat="39.909945" lon="116.650977">
        <time>2022-06-14T13:26:32Z</time>
      </trkpt>
      <trkpt lat="39.909979" lon="116.650913">
        <time>2022-06-14T13:26:37Z</time>
      </trkpt>
      <trkpt lat="39.910019" lon="116.650829">
        <time>2022-06-14T13:26:42Z</time>
      </trkpt>
      <trkpt lat="39.90999" lon="116.650711">
        <time>2022-06-14T13:26:47Z</time>
      </trkpt>
      <trkpt lat="39.909991" lon="116.650561">
        <time>2022-06-14T13:26:52Z</time>
      </trkpt>
      <trkpt lat="39.910005" lon="116.650415">
        <time>2022-06-14T13:26:57Z</time>
      </trkpt>
      <trkpt lat="39.910025" lon="116.650284">
        <time>2022-06-14T13:27:02Z</time>
      </trkpt>
      <trkpt lat="39.91002" lon="116.650151">
        <time>2022-06-14T13:27:07Z</time>
      </trkpt>
      <trkpt lat="39.910012" lon="116.650017">
        <time>2022-06-14T13:27:12Z</time>
      </trkpt>
      <trkpt lat="39.910015" lon="116.649877">
        <time>2022-06-14T13:27:17Z</time>
      </trkpt>
      <trkpt lat="39.909979" lon="116.649757">
        <time>2022-06-14T13:27:22Z</time>
      </trkpt>
      <trkpt lat="39.909961" lon="116.649612">
        <time>2022-06-14T13:27:27Z</time>
      </trkpt>
      <trkpt lat="39.909926" lon="116.649474">
        <time>2022-06-14T13:27:32Z</time>
      </trkpt>
      <trkpt lat="39.909881" lon="116.649369">
        <time>2022-06-14T13:27:37Z</time>
      </trkpt>
      <trkpt lat="39.909848" lon="116.64928">
        <time>2022-06-14T13:27:42Z</time>
      </trkpt>
      <trkpt lat="39.909824" lon="116.649185">
        <time>2022-06-14T13:27:47Z</time>
      </trkpt>
      <trkpt lat="39.909791" lon="116.649089">
        <time>2022-06-14T13:27:52Z</time>
      </trkpt>
      <trkpt lat="39.909737" lon="116.648876">
        <time>2022-06-14T13:27:57Z</time>
      </trkpt>
      <trkpt lat="39.909729" lon="116.648845">
        <time>2022-06-14T13:28:02Z</time>
      </trkpt>
      <trkpt lat="39.90969" lon="116.648707">
        <time>2022-06-14T13:28:07Z</time>
      </trkpt>
      <trkpt lat="39.909666" lon="116.64862">
        <time>2022-06-14T13:28:12Z</time>
      </trkpt>
      <trkpt lat="39.909656" lon="116.648547">
        <time>2022-06-14T13:28:17Z</time>
      </trkpt>
      <trkpt lat="39.909632" lon="116.648475">
        <time>2022-06-14T13:28:22Z</time>
      </trkpt>
      <trkpt lat="39.909594" lon="116.648392">
        <time>2022-06-14T13:28:27Z</time>
      </trkpt>
      <trkpt lat="39.909568" lon="116.648316">
        <time>2022-06-14T13:28:32Z</time>
      </trkpt>
      <trkpt lat="39.909534" lon="116.648214">
        <time>2022-06-14T13:28:37Z</time>
      </trkpt>
      <trkpt lat="39.909473" lon="116.648108">
        <time>2022-06-14T13:28:42Z</time>
      </trkpt>
      <trkpt lat="39.909429" lon="116.648002">
        <time>2022-06-14T13:28:47Z</time>
      </trkpt>
      <trkpt lat="39.909409" lon="116.647862">
        <time>2022-06-14T13:28:52Z</time>
      </trkpt>
      <trkpt lat="39.909371" lon="116.647742">
        <time>2022-06-14T13:28:57Z</time>
      </trkpt>
      <trkpt lat="39.909358" lon="116.647665">
        <time>2022-06-14T13:29:02Z</time>
      </trkpt>
      <trkpt lat="39.909319" lon="116.647547">
        <time>2022-06-14T13:29:07Z</time>
      </trkpt>
      <trkpt lat="39.909274" lon="116.647437">
        <time>2022-06-14T13:29:12Z</time>
      </trkpt>
      <trkpt lat="39.909251" lon="116.647322">
        <time>2022-06-14T13:29:17Z</time>
      </trkpt>
      <trkpt lat="39.909214" lon="116.647206">
        <time>2022-06-14T13:29:22Z</time>
      </trkpt>
      <trkpt lat="39.90918" lon="116.647104">
        <time>2022-06-14T13:29:27Z</time>
      </trkpt>
      <trkpt lat="39.909144" lon="116.646991">
        <time>2022-06-14T13:29:32Z</time>
      </trkpt>
      <trkpt lat="39.909105" lon="116.64687">
        <time>2022-06-14T13:29:37Z</time>
      </trkpt>
      <trkpt lat="39.909089" lon="116.646737">
        <time>2022-06-14T13:29:42Z</time>
      </trkpt>
      <trkpt lat="39.909049" lon="116.646611">
        <time>2022-06-14T13:29:47Z</time>
      </trkpt>
      <trkpt lat="39.909027" lon="116.646483">
        <time>2022-06-14T13:29:52Z</time>
      </trkpt>
      <trkpt lat="39.908996" lon="116.646353">
        <time>2022-06-14T13:29:57Z</time>
      </trkpt>
      <trkpt lat="39.908956" lon="116.64624">
        <time>2022-06-14T13:30:02Z</time>
      </trkpt>
      <trkpt lat="39.908917" lon="116.646107">
        <time>2022-06-14T13:30:07Z</time>
      </trkpt>
      <trkpt lat="39.908863" lon="116.645989">
        <time>2022-06-14T13:30:12Z</time>
      </trkpt>
      <trkpt lat="39.908826" lon="116.645869">
        <time>2022-06-14T13:30:17Z</time>
      </trkpt>
      <trkpt lat="39.908814" lon="116.645732">
        <time>2022-06-14T13:30:22Z</time>
      </trkpt>
      <trkpt lat="39.90878" lon="116.645595">
        <time>2022-06-14T13:30:27Z</time>
      </trkpt>
      <trkpt lat="39.908773" lon="116.645468">
        <time>2022-06-14T13:30:32Z</time>
      </trkpt>
      <trkpt lat="39.908749" lon="116.645324">
        <time>2022-06-14T13:30:37Z</time>
      </trkpt>
      <trkpt lat="39.90874" lon="116.64517">
        <time>2022-06-14T13:30:42Z</time>
      </trkpt>
      <trkpt lat="39.908724" lon="116.645031">
        <time>2022-06-14T13:30:47Z</time>
      </trkpt>
      <trkpt lat="39.908686" lon="116.644899">
        <time>2022-06-14T13:30:52Z</time>
      </trkpt>
      <trkpt lat="39.908664" lon="116.644758">
        <time>2022-06-14T13:30:57Z</time>
      </trkpt>
      <trkpt lat="39.908654" lon="116.644601">
        <time>2022-06-14T13:31:02Z</time>
      </trkpt>
      <trkpt lat="39.908647" lon="116.644448">
        <time>2022-06-14T13:31:07Z</time>
      </trkpt>
      <trkpt lat="39.90865" lon="116.644308">
        <time>2022-06-14T13:31:12Z</time>
      </trkpt>
      <trkpt lat="39.908637" lon="116.644154">
        <time>2022-06-14T13:31:17Z</time>
      </trkpt>
      <trkpt lat="39.908637" lon="116.644031">
        <time>2022-06-14T13:31:22Z</time>
      </trkpt>
      <trkpt lat="39.908644" lon="116.643951">
        <time>2022-06-14T13:31:27Z</time>
      </trkpt>
      <trkpt lat="39.908629" lon="116.643863">
        <time>2022-06-14T13:31:32Z</time>
      </trkpt>
      <trkpt lat="39.908633" lon="116.643766">
        <time>2022-06-14T13:31:37Z</time>
      </trkpt>
      <trkpt lat="39.908623" lon="116.643709">
        <time>2022-06-14T13:31:42Z</time>
      </trkpt>
      <trkpt lat="39.908621" lon="116.643575">
        <time>2022-06-14T13:31:47Z</time>
      </trkpt>
      <trkpt lat="39.908595" lon="116.64349">
        <time>2022-06-14T13:31:52Z</time>
      </trkpt>
      <trkpt lat="39.908602" lon="116.643359">
        <time>2022-06-14T13:31:57Z</time>
      </trkpt>
      <trkpt lat="39.908612" lon="116.643201">
        <time>2022-06-14T13:32:02Z</time>
      </trkpt>
      <trkpt lat="39.908621" lon="116.643027">
        <time>2022-06-14T13:32:07Z</time>
      </trkpt>
      <trkpt lat="39.908629" lon="116.642865">
        <time>2022-06-14T13:32:12Z</time>
      </trkpt>
      <trkpt lat="39.908597" lon="116.642757">
        <time>2022-06-14T13:32:17Z</time>
      </trkpt>
      <trkpt lat="39.908603" lon="116.642618">
        <time>2022-06-14T13:32:22Z</time>
      </trkpt>
      <trkpt lat="39.90861" lon="116.642477">
        <time>2022-06-14T13:32:27Z</time>
      </trkpt>
      <trkpt lat="39.908608" lon="116.642343">
        <time>2022-06-14T13:32:32Z</time>
      </trkpt>
      <trkpt lat="39.908607" lon="116.642216">
        <time>2022-06-14T13:32:37Z</time>
      </trkpt>
      <trkpt lat="39.908612" lon="116.64209">
        <time>2022-06-14T13:32:42Z</time>
      </trkpt>
      <trkpt lat="39.908599" lon="116.641955">
        <time>2022-06-14T13:32:47Z</time>
      </trkpt>
      <trkpt lat="39.908598" lon="116.641815">
        <time>2022-06-14T13:32:52Z</time>
      </trkpt>
      <trkpt lat="39.908597" lon="116.64167">
        <time>2022-06-14T13:32:57Z</time>
      </trkpt>
      <trkpt lat="39.908592" lon="116.641591">
        <time>2022-06-14T13:33:02Z</time>
      </trkpt>
      <trkpt lat="39.908592" lon="116.641508">
        <time>2022-06-14T13:33:07Z</time>
      </trkpt>
      <trkpt lat="39.908597" lon="116.641434">
        <time>2022-06-14T13:33:12Z</time>
      </trkpt>
      <trkpt lat="39.908571" lon="116.641321">
        <time>2022-06-14T13:33:17Z</time>
      </trkpt>
      <trkpt lat="39.90856" lon="116.641218">
        <time>2022-06-14T13:33:22Z</time>
      </trkpt>
      <trkpt lat="39.908565" lon="116.641081">
        <time>2022-06-14T13:33:27Z</time>
      </trkpt>
      <trkpt lat="39.908565" lon="116.640947">
        <time>2022-06-14T13:33:32Z</time>
      </trkpt>
      <trkpt lat="39.908562" lon="116.640789">
        <time>2022-06-14T13:33:37Z</time>
      </trkpt>
      <trkpt lat="39.908557" lon="116.640662">
        <time>2022-06-14T13:33:42Z</time>
      </trkpt>
      <trkpt lat="39.908547" lon="116.640572">
        <time>2022-06-14T13:33:47Z</time>
      </trkpt>
      <trkpt lat="39.908523" lon="116.640522">
        <time>2022-06-14T13:33:52Z</time>
      </trkpt>
      <trkpt lat="39.908498" lon="116.640425">
        <time>2022-06-14T13:33:57Z</time>
      </trkpt>
      <trkpt lat="39.908493" lon="116.640298">
        <time>2022-06-14T13:34:02Z</time>
      </trkpt>
      <trkpt lat="39.908526" lon="116.640117">
        <time>2022-06-14T13:34:07Z</time>
      </trkpt>
      <trkpt lat="39.908528" lon="116.639964">
        <time>2022-06-14T13:34:12Z</time>
      </trkpt>
      <trkpt lat="39.908545" lon="116.639838">
        <time>2022-06-14T13:34:17Z</time>
      </trkpt>
      <trkpt lat="39.908561" lon="116.639674">
        <time>2022-06-14T13:34:22Z</time>
      </trkpt>
      <trkpt lat="39.90856" lon="116.63952">
        <time>2022-06-14T13:34:27Z</time>
      </trkpt>
      <trkpt lat="39.908555" lon="116.639354">
        <time>2022-06-14T13:34:32Z</time>
      </trkpt>
      <trkpt lat="39.908539" lon="116.639217">
        <time>2022-06-14T13:34:37Z</time>
      </trkpt>
      <trkpt lat="39.908557" lon="116.639074">
        <time>2022-06-14T13:34:42Z</time>
      </trkpt>
      <trkpt lat="39.908536" lon="116.638926">
        <time>2022-06-14T13:34:47Z</time>
      </trkpt>
      <trkpt lat="39.908514" lon="116.638798">
        <time>2022-06-14T13:34:52Z</time>
      </trkpt>
      <trkpt lat="39.908502" lon="116.638671">
        <time>2022-06-14T13:34:57Z</time>
      </trkpt>
      <trkpt lat="39.908485" lon="116.638535">
        <time>2022-06-14T13:35:02Z</time>
      </trkpt>
      <trkpt lat="39.908457" lon="116.638381">
        <time>2022-06-14T13:35:07Z</time>
      </trkpt>
      <trkpt lat="39.908447" lon="116.638203">
        <time>2022-06-14T13:35:12Z</time>
      </trkpt>
      <trkpt lat="39.908447" lon="116.638053">
        <time>2022-06-14T13:35:17Z</time>
      </trkpt>
      <trkpt lat="39.908393" lon="116.63793">
        <time>2022-06-14T13:35:22Z</time>
      </trkpt>
      <trkpt lat="39.908341" lon="116.637817">
        <time>2022-06-14T13:35:27Z</time>
      </trkpt>
      <trkpt lat="39.908289" lon="116.63768">
        <time>2022-06-14T13:35:32Z</time>
      </trkpt>
      <trkpt lat="39.908238" lon="116.637558">
        <time>2022-06-14T13:35:37Z</time>
      </trkpt>
      <trkpt lat="39.908172" lon="116.637472">
        <time>2022-06-14T13:35:42Z</time>
      </trkpt>
      <trkpt lat="39.908172" lon="116.637472">
        <time>2022-06-14T13:35:47Z</time>
      </trkpt>
      <trkpt lat="39.908198" lon="116.637511">
        <time>2022-06-14T13:35:52Z</time>
      </trkpt>
      <trkpt lat="39.908198" lon="116.637511">
        <time>2022-06-14T13:35:57Z</time>
      </trkpt>
      <trkpt lat="39.908206" lon="116.637294">
        <time>2022-06-14T13:36:02Z</time>
      </trkpt>
      <trkpt lat="39.90824" lon="116.637182">
        <time>2022-06-14T13:36:07Z</time>
      </trkpt>
      <trkpt lat="39.908316" lon="116.637062">
        <time>2022-06-14T13:36:12Z</time>
      </trkpt>
      <trkpt lat="39.908348" lon="116.636962">
        <time>2022-06-14T13:36:17Z</time>
      </trkpt>
      <trkpt lat="39.908372" lon="116.636817">
        <time>2022-06-14T13:36:22Z</time>
      </trkpt>
      <trkpt lat="39.908401" lon="116.636672">
        <time>2022-06-14T13:36:27Z</time>
      </trkpt>
      <trkpt lat="39.908414" lon="116.636534">
        <time>2022-06-14T13:36:32Z</time>
      </trkpt>
      <trkpt lat="39.908411" lon="116.636459">
        <time>2022-06-14T13:36:37Z</time>
      </trkpt>
      <trkpt lat="39.908406" lon="116.636399">
        <time>2022-06-14T13:36:42Z</time>
      </trkpt>
      <trkpt lat="39.90843" lon="116.636282">
        <time>2022-06-14T13:36:47Z</time>
      </trkpt>
      <trkpt lat="39.908439" lon="116.636163">
        <time>2022-06-14T13:36:52Z</time>
      </trkpt>
      <trkpt lat="39.908472" lon="116.636005">
        <time>2022-06-14T13:36:57Z</time>
      </trkpt>
      <trkpt lat="39.908492" lon="116.635839">
        <time>2022-06-14T13:37:02Z</time>
      </trkpt>
      <trkpt lat="39.908501" lon="116.63567">
        <time>2022-06-14T13:37:07Z</time>
      </trkpt>
      <trkpt lat="39.908516" lon="116.635526">
        <time>2022-06-14T13:37:12Z</time>
      </trkpt>
      <trkpt lat="39.908523" lon="116.635394">
        <time>2022-06-14T13:37:17Z</time>
      </trkpt>
      <trkpt lat="39.90849" lon="116.635275">
        <time>2022-06-14T13:37:22Z</time>
      </trkpt>
      <trkpt lat="39.908489" lon="116.635165">
        <time>2022-06-14T13:37:27Z</time>
      </trkpt>
      <trkpt lat="39.908505" lon="116.63504">
        <time>2022-06-14T13:37:32Z</time>
      </trkpt>
      <trkpt lat="39.908495" lon="116.634939">
        <time>2022-06-14T13:37:37Z</time>
      </trkpt>
      <trkpt lat="39.908475" lon="116.634848">
        <time>2022-06-14T13:37:42Z</time>
      </trkpt>
      <trkpt lat="39.908468" lon="116.634745">
        <time>2022-06-14T13:37:47Z</time>
      </trkpt>
      <trkpt lat="39.908459" lon="116.634627">
        <time>2022-06-14T13:37:52Z</time>
      </trkpt>
      <trkpt lat="39.908451" lon="116.634489">
        <time>2022-06-14T13:37:57Z</time>
      </trkpt>
      <trkpt lat="39.908455" lon="116.63432">
        <time>2022-06-14T13:38:02Z</time>
      </trkpt>
      <trkpt lat="39.908476" lon="116.634155">
        <time>2022-06-14T13:38:07Z</time>
      </trkpt>
      <trkpt lat="39.908504" lon="116.633983">
        <time>2022-06-14T13:38:12Z</time>
      </trkpt>
      <trkpt lat="39.908509" lon="116.633859">
        <time>2022-06-14T13:38:17Z</time>
      </trkpt>
      <trkpt lat="39.908482" lon="116.633732">
        <time>2022-06-14T13:38:22Z</time>
      </trkpt>
      <trkpt lat="39.908443" lon="116.633543">
        <time>2022-06-14T13:38:27Z</time>
      </trkpt>
      <trkpt lat="39.90844" lon="116.633465">
        <time>2022-06-14T13:38:32Z</time>
      </trkpt>
      <trkpt lat="39.90845" lon="116.633371">
        <time>2022-06-14T13:38:37Z</time>
      </trkpt>
      <trkpt lat="39.908433" lon="116.633265">
        <time>2022-06-14T13:38:42Z</time>
      </trkpt>
      <trkpt lat="39.908427" lon="116.633161">
        <time>2022-06-14T13:38:47Z</time>
      </trkpt>
      <trkpt lat="39.908463" lon="116.633053">
        <time>2022-06-14T13:38:52Z</time>
      </trkpt>
      <trkpt lat="39.908483" lon="116.632964">
        <time>2022-06-14T13:38:57Z</time>
      </trkpt>
      <trkpt lat="39.908479" lon="116.632881">
        <time>2022-06-14T13:39:02Z</time>
      </trkpt>
      <trkpt lat="39.908449" lon="116.632764">
        <time>2022-06-14T13:39:07Z</time>
      </trkpt>
      <trkpt lat="39.908435" lon="116.632682">
        <time>2022-06-14T13:39:12Z</time>
      </trkpt>
      <trkpt lat="39.908406" lon="116.632563">
        <time>2022-06-14T13:39:17Z</time>
      </trkpt>
      <trkpt lat="39.908401" lon="116.632431">
        <time>2022-06-14T13:39:22Z</time>
      </trkpt>
      <trkpt lat="39.90839" lon="116.632293">
        <time>2022-06-14T13:39:27Z</time>
      </trkpt>
      <trkpt lat="39.908353" lon="116.632179">
        <time>2022-06-14T13:39:32Z</time>
      </trkpt>
      <trkpt lat="39.908329" lon="116.63206">
        <time>2022-06-14T13:39:37Z</time>
      </trkpt>
      <trkpt lat="39.908317" lon="116.631921">
        <time>2022-06-14T13:39:42Z</time>
      </trkpt>
      <trkpt lat="39.908289" lon="116.631808">
        <time>2022-06-14T13:39:47Z</time>
      </trkpt>
      <trkpt lat="39.908279" lon="116.63167">
        <time>2022-06-14T13:39:52Z</time>
      </trkpt>
      <trkpt lat="39.908311" lon="116.631579">
        <time>2022-06-14T13:39:57Z</time>
      </trkpt>
      <trkpt lat="39.908344" lon="116.631457">
        <time>2022-06-14T13:40:02Z</time>
      </trkpt>
      <trkpt lat="39.908315" lon="116.631368">
        <time>2022-06-14T13:40:07Z</time>
      </trkpt>
      <trkpt lat="39.908272" lon="116.631298">
        <time>2022-06-14T13:40:12Z</time>
      </trkpt>
      <trkpt lat="39.908231" lon="116.631186">
        <time>2022-06-14T13:40:17Z</time>
      </trkpt>
      <trkpt lat="39.908187" lon="116.631035">
        <time>2022-06-14T13:40:22Z</time>
      </trkpt>
      <trkpt lat="39.908178" lon="116.630872">
        <time>2022-06-14T13:40:27Z</time>
      </trkpt>
      <trkpt lat="39.908151" lon="116.630792">
        <time>2022-06-14T13:40:32Z</time>
      </trkpt>
      <trkpt lat="39.908132" lon="116.630721">
        <time>2022-06-14T13:40:37Z</time>
      </trkpt>
      <trkpt lat="39.908147" lon="116.630591">
        <time>2022-06-14T13:40:42Z</time>
      </trkpt>
      <trkpt lat="39.908149" lon="116.630485">
        <time>2022-06-14T13:40:47Z</time>
      </trkpt>
      <trkpt lat="39.90815" lon="116.630413">
        <time>2022-06-14T13:40:52Z</time>
      </trkpt>
      <trkpt lat="39.908136" lon="116.63033">
        <time>2022-06-14T13:40:57Z</time>
      </trkpt>
      <trkpt lat="39.908135" lon="116.630243">
        <time>2022-06-14T13:41:02Z</time>
      </trkpt>
      <trkpt lat="39.908133" lon="116.630185">
        <time>2022-06-14T13:41:07Z</time>
      </trkpt>
      <trkpt lat="39.908116" lon="116.630104">
        <time>2022-06-14T13:41:12Z</time>
      </trkpt>
      <trkpt lat="39.908108" lon="116.630024">
        <time>2022-06-14T13:41:17Z</time>
      </trkpt>
      <trkpt lat="39.90807" lon="116.629955">
        <time>2022-06-14T13:41:22Z</time>
      </trkpt>
      <trkpt lat="39.908012" lon="116.629905">
        <time>2022-06-14T13:41:27Z</time>
      </trkpt>
      <trkpt lat="39.907993" lon="116.629777">
        <time>2022-06-14T13:41:32Z</time>
      </trkpt>
      <trkpt lat="39.907982" lon="116.629654">
        <time>2022-06-14T13:41:37Z</time>
      </trkpt>
      <trkpt lat="39.907989" lon="116.629537">
        <time>2022-06-14T13:41:42Z</time>
      </trkpt>
      <trkpt lat="39.908014" lon="116.62949">
        <time>2022-06-14T13:41:47Z</time>
      </trkpt>
      <trkpt lat="39.907968" lon="116.629411">
        <time>2022-06-14T13:41:52Z</time>
      </trkpt>
      <trkpt lat="39.907955" lon="116.62932">
        <time>2022-06-14T13:41:57Z</time>
      </trkpt>
      <trkpt lat="39.907902" lon="116.629236">
        <time>2022-06-14T13:42:02Z</time>
      </trkpt>
      <trkpt lat="39.907896" lon="116.629129">
        <time>2022-06-14T13:42:07Z</time>
      </trkpt>
      <trkpt lat="39.907903" lon="116.628949">
        <time>2022-06-14T13:42:12Z</time>
      </trkpt>
      <trkpt lat="39.907902" lon="116.628807">
        <time>2022-06-14T13:42:17Z</time>
      </trkpt>
      <trkpt lat="39.907865" lon="116.628733">
        <time>2022-06-14T13:42:22Z</time>
      </trkpt>
      <trkpt lat="39.907828" lon="116.6286">
        <time>2022-06-14T13:42:27Z</time>
      </trkpt>
      <trkpt lat="39.907813" lon="116.628477">
        <time>2022-06-14T13:42:32Z</time>
      </trkpt>
      <trkpt lat="39.907824" lon="116.628382">
        <time>2022-06-14T13:42:37Z</time>
      </trkpt>
      <trkpt lat="39.907854" lon="116.62831">
        <time>2022-06-14T13:42:42Z</time>
      </trkpt>
      <trkpt lat="39.907843" lon="116.628245">
        <time>2022-06-14T13:42:47Z</time>
      </trkpt>
      <trkpt lat="39.907853" lon="116.628182">
        <time>2022-06-14T13:42:52Z</time>
      </trkpt>
      <trkpt lat="39.907831" lon="116.628081">
        <time>2022-06-14T13:42:57Z</time>
      </trkpt>
      <trkpt lat="39.907816" lon="116.627975">
        <time>2022-06-14T13:43:02Z</time>
      </trkpt>
      <trkpt lat="39.907792" lon="116.62789">
        <time>2022-06-14T13:43:07Z</time>
      </trkpt>
      <trkpt lat="39.907781" lon="116.627784">
        <time>2022-06-14T13:43:12Z</time>
      </trkpt>
      <trkpt lat="39.907747" lon="116.627693">
        <time>2022-06-14T13:43:17Z</time>
      </trkpt>
      <trkpt lat="39.907728" lon="116.627593">
        <time>2022-06-14T13:43:22Z</time>
      </trkpt>
      <trkpt lat="39.907717" lon="116.627491">
        <time>2022-06-14T13:43:27Z</time>
      </trkpt>
      <trkpt lat="39.907704" lon="116.62738">
        <time>2022-06-14T13:43:32Z</time>
      </trkpt>
      <trkpt lat="39.907691" lon="116.627275">
        <time>2022-06-14T13:43:37Z</time>
      </trkpt>
      <trkpt lat="39.90768" lon="116.627214">
        <time>2022-06-14T13:43:42Z</time>
      </trkpt>
      <trkpt lat="39.907696" lon="116.627113">
        <time>2022-06-14T13:43:47Z</time>
      </trkpt>
      <trkpt lat="39.907692" lon="116.626995">
        <time>2022-06-14T13:43:52Z</time>
      </trkpt>
      <trkpt lat="39.907685" lon="116.626806">
        <time>2022-06-14T13:43:57Z</time>
      </trkpt>
      <trkpt lat="39.907666" lon="116.626727">
        <time>2022-06-14T13:44:02Z</time>
      </trkpt>
      <trkpt lat="39.90767" lon="116.626586">
        <time>2022-06-14T13:44:07Z</time>
      </trkpt>
      <trkpt lat="39.907672" lon="116.626489">
        <time>2022-06-14T13:44:12Z</time>
      </trkpt>
      <trkpt lat="39.90764" lon="116.62642">
        <time>2022-06-14T13:44:17Z</time>
      </trkpt>
      <trkpt lat="39.907629" lon="116.626339">
        <time>2022-06-14T13:44:22Z</time>
      </trkpt>
      <trkpt lat="39.907613" lon="116.626246">
        <time>2022-06-14T13:44:27Z</time>
      </trkpt>
      <trkpt lat="39.907599" lon="116.626144">
        <time>2022-06-14T13:44:32Z</time>
      </trkpt>
      <trkpt lat="39.907594" lon="116.626038">
        <time>2022-06-14T13:44:37Z</time>
      </trkpt>
      <trkpt lat="39.907591" lon="116.62594">
        <time>2022-06-14T13:44:42Z</time>
      </trkpt>
      <trkpt lat="39.907562" lon="116.625845">
        <time>2022-06-14T13:44:47Z</time>
      </trkpt>
      <trkpt lat="39.90755" lon="116.625762">
        <time>2022-06-14T13:44:52Z</time>
      </trkpt>
      <trkpt lat="39.907542" lon="116.625638">
        <time>2022-06-14T13:44:57Z</time>
      </trkpt>
      <trkpt lat="39.907536" lon="116.625544">
        <time>2022-06-14T13:45:02Z</time>
      </trkpt>
      <trkpt lat="39.907523" lon="116.625432">
        <time>2022-06-14T13:45:07Z</time>
      </trkpt>
      <trkpt lat="39.907506" lon="116.625338">
        <time>2022-06-14T13:45:12Z</time>
      </trkpt>
      <trkpt lat="39.907507" lon="116.625246">
        <time>2022-06-14T13:45:17Z</time>
      </trkpt>
      <trkpt lat="39.907478" lon="116.625167">
        <time>2022-06-14T13:45:22Z</time>
      </trkpt>
      <trkpt lat="39.907468" lon="116.625075">
        <time>2022-06-14T13:45:27Z</time>
      </trkpt>
      <trkpt lat="39.907461" lon="116.624978">
        <time>2022-06-14T13:45:32Z</time>
      </trkpt>
      <trkpt lat="39.907457" lon="116.624893">
        <time>2022-06-14T13:45:37Z</time>
      </trkpt>
      <trkpt lat="39.907413" lon="116.624841">
        <time>2022-06-14T13:45:42Z</time>
      </trkpt>
      <trkpt lat="39.907395" lon="116.624766">
        <time>2022-06-14T13:45:47Z</time>
      </trkpt>
      <trkpt lat="39.90744" lon="116.624662">
        <time>2022-06-14T13:45:52Z</time>
      </trkpt>
      <trkpt lat="39.907459" lon="116.624562">
        <time>2022-06-14T13:45:57Z</time>
      </trkpt>
      <trkpt lat="39.907443" lon="116.624459">
        <time>2022-06-14T13:46:02Z</time>
      </trkpt>
      <trkpt lat="39.907451" lon="116.624317">
        <time>2022-06-14T13:46:07Z</time>
      </trkpt>
      <trkpt lat="39.907458" lon="116.624164">
        <time>2022-06-14T13:46:12Z</time>
      </trkpt>
      <trkpt lat="39.907452" lon="116.624022">
        <time>2022-06-14T13:46:17Z</time>
      </trkpt>
      <trkpt lat="39.907434" lon="116.623873">
        <time>2022-06-14T13:46:22Z</time>
      </trkpt>
      <trkpt lat="39.907436" lon="116.623712">
        <time>2022-06-14T13:46:27Z</time>
      </trkpt>
      <trkpt lat="39.907406" lon="116.623628">
        <time>2022-06-14T13:46:32Z</time>
      </trkpt>
      <trkpt lat="39.907381" lon="116.623568">
        <time>2022-06-14T13:46:37Z</time>
      </trkpt>
      <trkpt lat="39.907365" lon="116.623455">
        <time>2022-06-14T13:46:42Z</time>
      </trkpt>
      <trkpt lat="39.907343" lon="116.623355">
        <time>2022-06-14T13:46:47Z</time>
      </trkpt>
      <trkpt lat="39.907302" lon="116.623238">
        <time>2022-06-14T13:46:52Z</time>
      </trkpt>
      <trkpt lat="39.907276" lon="116.623129">
        <time>2022-06-14T13:46:57Z</time>
      </trkpt>
      <trkpt lat="39.907275" lon="116.623031">
        <time>2022-06-14T13:47:02Z</time>
      </trkpt>
      <trkpt lat="39.907275" lon="116.622936">
        <time>2022-06-14T13:47:07Z</time>
      </trkpt>
      <trkpt lat="39.907241" lon="116.622864">
        <time>2022-06-14T13:47:12Z</time>
      </trkpt>
      <trkpt lat="39.907218" lon="116.622791">
        <time>2022-06-14T13:47:17Z</time>
      </trkpt>
      <trkpt lat="39.907209" lon="116.622686">
        <time>2022-06-14T13:47:22Z</time>
      </trkpt>
      <trkpt lat="39.907201" lon="116.622608">
        <time>2022-06-14T13:47:27Z</time>
      </trkpt>
      <trkpt lat="39.907189" lon="116.6225">
        <time>2022-06-14T13:47:32Z</time>
      </trkpt>
      <trkpt lat="39.907181" lon="116.622424">
        <time>2022-06-14T13:47:37Z</time>
      </trkpt>
      <trkpt lat="39.907174" lon="116.622325">
        <time>2022-06-14T13:47:42Z</time>
      </trkpt>
      <trkpt lat="39.907175" lon="116.622183">
        <time>2022-06-14T13:47:47Z</time>
      </trkpt>
      <trkpt lat="39.907187" lon="116.622065">
        <time>2022-06-14T13:47:52Z</time>
      </trkpt>
      <trkpt lat="39.907164" lon="116.621945">
        <time>2022-06-14T13:47:57Z</time>
      </trkpt>
      <trkpt lat="39.90713" lon="116.62188">
        <time>2022-06-14T13:48:02Z</time>
      </trkpt>
      <trkpt lat="39.907074" lon="116.621861">
        <time>2022-06-14T13:48:07Z</time>
      </trkpt>
      <trkpt lat="39.907064" lon="116.621792">
        <time>2022-06-14T13:48:12Z</time>
      </trkpt>
      <trkpt lat="39.907064" lon="116.621667">
        <time>2022-06-14T13:48:17Z</time>
      </trkpt>
      <trkpt lat="39.907098" lon="116.621523">
        <time>2022-06-14T13:48:22Z</time>
      </trkpt>
      <trkpt lat="39.907085" lon="116.621412">
        <time>2022-06-14T13:48:27Z</time>
      </trkpt>
      <trkpt lat="39.907077" lon="116.621296">
        <time>2022-06-14T13:48:32Z</time>
      </trkpt>
      <trkpt lat="39.907054" lon="116.621206">
        <time>2022-06-14T13:48:37Z</time>
      </trkpt>
      <trkpt lat="39.907035" lon="116.62108">
        <time>2022-06-14T13:48:42Z</time>
      </trkpt>
      <trkpt lat="39.907027" lon="116.620977">
        <time>2022-06-14T13:48:47Z</time>
      </trkpt>
      <trkpt lat="39.907009" lon="116.620877">
        <time>2022-06-14T13:48:52Z</time>
      </trkpt>
      <trkpt lat="39.906991" lon="116.620784">
        <time>2022-06-14T13:48:57Z</time>
      </trkpt>
      <trkpt lat="39.906972" lon="116.620689">
        <time>2022-06-14T13:49:02Z</time>
      </trkpt>
      <trkpt lat="39.906969" lon="116.620583">
        <time>2022-06-14T13:49:07Z</time>
      </trkpt>
      <trkpt lat="39.906939" lon="116.62052">
        <time>2022-06-14T13:49:12Z</time>
      </trkpt>
      <trkpt lat="39.906945" lon="116.620405">
        <time>2022-06-14T13:49:17Z</time>
      </trkpt>
      <trkpt lat="39.906952" lon="116.620279">
        <time>2022-06-14T13:49:22Z</time>
      </trkpt>
      <trkpt lat="39.906954" lon="116.620148">
        <time>2022-06-14T13:49:27Z</time>
      </trkpt>
      <trkpt lat="39.906944" lon="116.620051">
        <time>2022-06-14T13:49:32Z</time>
      </trkpt>
      <trkpt lat="39.906917" lon="116.619944">
        <time>2022-06-14T13:49:37Z</time>
      </trkpt>
      <trkpt lat="39.906915" lon="116.619825">
        <time>2022-06-14T13:49:42Z</time>
      </trkpt>
      <trkpt lat="39.906873" lon="116.619732">
        <time>2022-06-14T13:49:47Z</time>
      </trkpt>
      <trkpt lat="39.906824" lon="116.619642">
        <time>2022-06-14T13:49:52Z</time>
      </trkpt>
      <trkpt lat="39.90677" lon="116.619563">
        <time>2022-06-14T13:49:57Z</time>
      </trkpt>
      <trkpt lat="39.906781" lon="116.619262">
        <time>2022-06-14T13:50:02Z</time>
      </trkpt>
      <trkpt lat="39.906781" lon="116.619238">
        <time>2022-06-14T13:50:07Z</time>
      </trkpt>
      <trkpt lat="39.90677" lon="116.619161">
        <time>2022-06-14T13:50:12Z</time>
      </trkpt>
      <trkpt lat="39.906777" lon="116.619083">
        <time>2022-06-14T13:50:17Z</time>
      </trkpt>
      <trkpt lat="39.906774" lon="116.619003">
        <time>2022-06-14T13:50:22Z</time>
      </trkpt>
      <trkpt lat="39.906771" lon="116.618874">
        <time>2022-06-14T13:50:27Z</time>
      </trkpt>
      <trkpt lat="39.906766" lon="116.618767">
        <time>2022-06-14T13:50:32Z</time>
      </trkpt>
      <trkpt lat="39.90675" lon="116.618668">
        <time>2022-06-14T13:50:37Z</time>
      </trkpt>
      <trkpt lat="39.90673" lon="116.618568">
        <time>2022-06-14T13:50:42Z</time>
      </trkpt>
      <trkpt lat="39.906726" lon="116.618457">
        <time>2022-06-14T13:50:47Z</time>
      </trkpt>
      <trkpt lat="39.906715" lon="116.618366">
        <time>2022-06-14T13:50:52Z</time>
      </trkpt>
      <trkpt lat="39.90672" lon="116.61826">
        <time>2022-06-14T13:50:57Z</time>
      </trkpt>
      <trkpt lat="39.906716" lon="116.618162">
        <time>2022-06-14T13:51:02Z</time>
      </trkpt>
      <trkpt lat="39.9067" lon="116.618091">
        <time>2022-06-14T13:51:07Z</time>
      </trkpt>
      <trkpt lat="39.906689" lon="116.618019">
        <time>2022-06-14T13:51:12Z</time>
      </trkpt>
      <trkpt lat="39.90669" lon="116.617926">
        <time>2022-06-14T13:51:17Z</time>
      </trkpt>
      <trkpt lat="39.906671" lon="116.61783">
        <time>2022-06-14T13:51:22Z</time>
      </trkpt>
      <trkpt lat="39.90666" lon="116.617742">
        <time>2022-06-14T13:51:27Z</time>
      </trkpt>
      <trkpt lat="39.906646" lon="116.617643">
        <time>2022-06-14T13:51:32Z</time>
      </trkpt>
      <trkpt lat="39.906627" lon="116.617561">
        <time>2022-06-14T13:51:37Z</time>
      </trkpt>
      <trkpt lat="39.906605" lon="116.61747">
        <time>2022-06-14T13:51:42Z</time>
      </trkpt>
      <trkpt lat="39.906583" lon="116.617371">
        <time>2022-06-14T13:51:47Z</time>
      </trkpt>
      <trkpt lat="39.906558" lon="116.617275">
        <time>2022-06-14T13:51:52Z</time>
      </trkpt>
      <trkpt lat="39.906536" lon="116.617147">
        <time>2022-06-14T13:51:57Z</time>
      </trkpt>
      <trkpt lat="39.906517" lon="116.616996">
        <time>2022-06-14T13:52:02Z</time>
      </trkpt>
      <trkpt lat="39.906499" lon="116.616858">
        <time>2022-06-14T13:52:07Z</time>
      </trkpt>
      <trkpt lat="39.906496" lon="116.616747">
        <time>2022-06-14T13:52:12Z</time>
      </trkpt>
      <trkpt lat="39.906489" lon="116.616676">
        <time>2022-06-14T13:52:17Z</time>
      </trkpt>
      <trkpt lat="39.906478" lon="116.616561">
        <time>2022-06-14T13:52:22Z</time>
      </trkpt>
      <trkpt lat="39.906478" lon="116.616561">
        <time>2022-06-14T13:52:27Z</time>
      </trkpt>
      <trkpt lat="39.906458" lon="116.61646">
        <time>2022-06-14T13:52:32Z</time>
      </trkpt>
      <trkpt lat="39.906331" lon="116.616227">
        <time>2022-06-14T13:52:37Z</time>
      </trkpt>
      <trkpt lat="39.906288" lon="116.616141">
        <time>2022-06-14T13:52:42Z</time>
      </trkpt>
      <trkpt lat="39.906245" lon="116.616049">
        <time>2022-06-14T13:52:47Z</time>
      </trkpt>
      <trkpt lat="39.906196" lon="116.615963">
        <time>2022-06-14T13:52:52Z</time>
      </trkpt>
      <trkpt lat="39.906165" lon="116.615849">
        <time>2022-06-14T13:52:57Z</time>
      </trkpt>
      <trkpt lat="39.906146" lon="116.615743">
        <time>2022-06-14T13:53:02Z</time>
      </trkpt>
      <trkpt lat="39.906113" lon="116.615645">
        <time>2022-06-14T13:53:07Z</time>
      </trkpt>
      <trkpt lat="39.906065" lon="116.615566">
        <time>2022-06-14T13:53:12Z</time>
      </trkpt>
      <trkpt lat="39.906038" lon="116.615456">
        <time>2022-06-14T13:53:17Z</time>
      </trkpt>
      <trkpt lat="39.906001" lon="116.61538">
        <time>2022-06-14T13:53:22Z</time>
      </trkpt>
      <trkpt lat="39.905963" lon="116.615326">
        <time>2022-06-14T13:53:27Z</time>
      </trkpt>
      <trkpt lat="39.905917" lon="116.615229">
        <time>2022-06-14T13:53:32Z</time>
      </trkpt>
      <trkpt lat="39.905879" lon="116.615142">
        <time>2022-06-14T13:53:37Z</time>
      </trkpt>
      <trkpt lat="39.905839" lon="116.615035">
        <time>2022-06-14T13:53:42Z</time>
      </trkpt>
      <trkpt lat="39.905839" lon="116.614935">
        <time>2022-06-14T13:53:47Z</time>
      </trkpt>
      <trkpt lat="39.905867" lon="116.614841">
        <time>2022-06-14T13:53:52Z</time>
      </trkpt>
      <trkpt lat="39.905846" lon="116.61474">
        <time>2022-06-14T13:53:57Z</time>
      </trkpt>
      <trkpt lat="39.905786" lon="116.614696">
        <time>2022-06-14T13:54:02Z</time>
      </trkpt>
      <trkpt lat="39.905701" lon="116.61477">
        <time>2022-06-14T13:54:07Z</time>
      </trkpt>
      <trkpt lat="39.905683" lon="116.614894">
        <time>2022-06-14T13:54:12Z</time>
      </trkpt>
      <trkpt lat="39.905695" lon="116.615006">
        <time>2022-06-14T13:54:17Z</time>
      </trkpt>
      <trkpt lat="39.905703" lon="116.615115">
        <time>2022-06-14T13:54:22Z</time>
      </trkpt>
      <trkpt lat="39.905706" lon="116.615223">
        <time>2022-06-14T13:54:27Z</time>
      </trkpt>
      <trkpt lat="39.905723" lon="116.615295">
        <time>2022-06-14T13:54:32Z</time>
      </trkpt>
      <trkpt lat="39.905722" lon="116.615381">
        <time>2022-06-14T13:54:37Z</time>
      </trkpt>
      <trkpt lat="39.905721" lon="116.615467">
        <time>2022-06-14T13:54:42Z</time>
      </trkpt>
      <trkpt lat="39.905724" lon="116.61557">
        <time>2022-06-14T13:54:47Z</time>
      </trkpt>
      <trkpt lat="39.905707" lon="116.615707">
        <time>2022-06-14T13:54:52Z</time>
      </trkpt>
      <trkpt lat="39.905719" lon="116.615819">
        <time>2022-06-14T13:54:57Z</time>
      </trkpt>
      <trkpt lat="39.905693" lon="116.6159">
        <time>2022-06-14T13:55:02Z</time>
      </trkpt>
      <trkpt lat="39.9057" lon="116.615991">
        <time>2022-06-14T13:55:07Z</time>
      </trkpt>
      <trkpt lat="39.905706" lon="116.616105">
        <time>2022-06-14T13:55:12Z</time>
      </trkpt>
      <trkpt lat="39.905694" lon="116.616207">
        <time>2022-06-14T13:55:17Z</time>
      </trkpt>
      <trkpt lat="39.90568" lon="116.616332">
        <time>2022-06-14T13:55:22Z</time>
      </trkpt>
      <trkpt lat="39.905652" lon="116.616436">
        <time>2022-06-14T14:00:30Z</time>
      </trkpt>
    </trkseg>
  </trk>
</gpx>