<?xml version="1.0" encoding="UTF-8"?>
<gpx xmlns="http://www.topografix.com/GPX/1/1" xmlns:gpxtpx="http://www.garmin.com/xmlschemas/TrackPointExtension/v1" xmlns:xsi="http://www.w3.org/2001/XMLSchema-instance" xsi:schemaLocation="http://www.topografix.com/GPX/1/1 http://www.topografix.com/GPX/1/1/gpx.xsd" version="1.1" creator="gpx.py -- https://github.com/tkrajina/gpxpy">
  <trk>
    <name>gpx from keep</name>
    <trkseg>
      <trkpt lat="39.906261" lon="116.620707">
        <time>2022-06-20T12:50:13Z</time>
      </trkpt>
      <trkpt lat="39.906261" lon="116.620707">
        <time>2022-06-20T12:50:18Z</time>
      </trkpt>
      <trkpt lat="39.906219" lon="116.620718">
        <time>2022-06-20T12:50:23Z</time>
      </trkpt>
      <trkpt lat="39.905885" lon="116.620733">
        <time>2022-06-20T12:50:28Z</time>
      </trkpt>
      <trkpt lat="39.905834" lon="116.620741">
        <time>2022-06-20T12:50:33Z</time>
      </trkpt>
      <trkpt lat="39.905777" lon="116.620645">
        <time>2022-06-20T12:50:38Z</time>
      </trkpt>
      <trkpt lat="39.905792" lon="116.620493">
        <time>2022-06-20T12:50:43Z</time>
      </trkpt>
      <trkpt lat="39.905792" lon="116.620345">
        <time>2022-06-20T12:50:48Z</time>
      </trkpt>
      <trkpt lat="39.905764" lon="116.620203">
        <time>2022-06-20T12:50:53Z</time>
      </trkpt>
      <trkpt lat="39.905754" lon="116.620036">
        <time>2022-06-20T12:50:58Z</time>
      </trkpt>
      <trkpt lat="39.905787" lon="116.619855">
        <time>2022-06-20T12:51:03Z</time>
      </trkpt>
      <trkpt lat="39.905816" lon="116.619735">
        <time>2022-06-20T12:51:08Z</time>
      </trkpt>
      <trkpt lat="39.905834" lon="116.619578">
        <time>2022-06-20T12:51:13Z</time>
      </trkpt>
      <trkpt lat="39.905811" lon="116.61942">
        <time>2022-06-20T12:51:18Z</time>
      </trkpt>
      <trkpt lat="39.905768" lon="116.619268">
        <time>2022-06-20T12:51:23Z</time>
      </trkpt>
      <trkpt lat="39.90574" lon="116.619075">
        <time>2022-06-20T12:51:28Z</time>
      </trkpt>
      <trkpt lat="39.905708" lon="116.618957">
        <time>2022-06-20T12:51:33Z</time>
      </trkpt>
      <trkpt lat="39.905699" lon="116.618807">
        <time>2022-06-20T12:51:38Z</time>
      </trkpt>
      <trkpt lat="39.905689" lon="116.618662">
        <time>2022-06-20T12:51:43Z</time>
      </trkpt>
      <trkpt lat="39.905681" lon="116.618482">
        <time>2022-06-20T12:51:48Z</time>
      </trkpt>
      <trkpt lat="39.905658" lon="116.618282">
        <time>2022-06-20T12:51:53Z</time>
      </trkpt>
      <trkpt lat="39.905627" lon="116.618174">
        <time>2022-06-20T12:51:58Z</time>
      </trkpt>
      <trkpt lat="39.905631" lon="116.618">
        <time>2022-06-20T12:52:03Z</time>
      </trkpt>
      <trkpt lat="39.905621" lon="116.617859">
        <time>2022-06-20T12:52:08Z</time>
      </trkpt>
      <trkpt lat="39.905618" lon="116.617732">
        <time>2022-06-20T12:52:13Z</time>
      </trkpt>
      <trkpt lat="39.905645" lon="116.617588">
        <time>2022-06-20T12:52:18Z</time>
      </trkpt>
      <trkpt lat="39.905679" lon="116.617414">
        <time>2022-06-20T12:52:23Z</time>
      </trkpt>
      <trkpt lat="39.90569" lon="116.617302">
        <time>2022-06-20T12:52:28Z</time>
      </trkpt>
      <trkpt lat="39.905656" lon="116.617158">
        <time>2022-06-20T12:52:33Z</time>
      </trkpt>
      <trkpt lat="39.905616" lon="116.616914">
        <time>2022-06-20T12:52:38Z</time>
      </trkpt>
      <trkpt lat="39.905609" lon="116.616791">
        <time>2022-06-20T12:52:43Z</time>
      </trkpt>
      <trkpt lat="39.905628" lon="116.616617">
        <time>2022-06-20T12:52:48Z</time>
      </trkpt>
      <trkpt lat="39.905648" lon="116.616516">
        <time>2022-06-20T12:52:53Z</time>
      </trkpt>
      <trkpt lat="39.905677" lon="116.616392">
        <time>2022-06-20T12:52:58Z</time>
      </trkpt>
      <trkpt lat="39.905689" lon="116.616249">
        <time>2022-06-20T12:53:03Z</time>
      </trkpt>
      <trkpt lat="39.905687" lon="116.616142">
        <time>2022-06-20T12:53:08Z</time>
      </trkpt>
      <trkpt lat="39.905709" lon="116.616039">
        <time>2022-06-20T12:53:13Z</time>
      </trkpt>
      <trkpt lat="39.905744" lon="116.615943">
        <time>2022-06-20T12:53:18Z</time>
      </trkpt>
      <trkpt lat="39.90573" lon="116.615866">
        <time>2022-06-20T12:53:23Z</time>
      </trkpt>
      <trkpt lat="39.905733" lon="116.615786">
        <time>2022-06-20T12:53:28Z</time>
      </trkpt>
      <trkpt lat="39.905722" lon="116.615684">
        <time>2022-06-20T12:53:33Z</time>
      </trkpt>
      <trkpt lat="39.9057" lon="116.615608">
        <time>2022-06-20T12:53:38Z</time>
      </trkpt>
      <trkpt lat="39.905686" lon="116.615451">
        <time>2022-06-20T12:53:43Z</time>
      </trkpt>
      <trkpt lat="39.90569" lon="116.615297">
        <time>2022-06-20T12:53:48Z</time>
      </trkpt>
      <trkpt lat="39.905663" lon="116.61516">
        <time>2022-06-20T12:53:53Z</time>
      </trkpt>
      <trkpt lat="39.905676" lon="116.615046">
        <time>2022-06-20T12:53:58Z</time>
      </trkpt>
      <trkpt lat="39.905686" lon="116.614907">
        <time>2022-06-20T12:54:03Z</time>
      </trkpt>
      <trkpt lat="39.9057" lon="116.614751">
        <time>2022-06-20T12:54:08Z</time>
      </trkpt>
      <trkpt lat="39.905774" lon="116.614704">
        <time>2022-06-20T12:54:13Z</time>
      </trkpt>
      <trkpt lat="39.905862" lon="116.614817">
        <time>2022-06-20T12:54:18Z</time>
      </trkpt>
      <trkpt lat="39.905917" lon="116.614845">
        <time>2022-06-20T12:54:23Z</time>
      </trkpt>
      <trkpt lat="39.90592" lon="116.614733">
        <time>2022-06-20T12:54:28Z</time>
      </trkpt>
      <trkpt lat="39.905927" lon="116.614706">
        <time>2022-06-20T12:54:33Z</time>
      </trkpt>
      <trkpt lat="39.905904" lon="116.614666">
        <time>2022-06-20T12:54:38Z</time>
      </trkpt>
      <trkpt lat="39.905897" lon="116.614657">
        <time>2022-06-20T12:54:43Z</time>
      </trkpt>
      <trkpt lat="39.905872" lon="116.614679">
        <time>2022-06-20T12:54:48Z</time>
      </trkpt>
      <trkpt lat="39.90586" lon="116.614696">
        <time>2022-06-20T12:54:53Z</time>
      </trkpt>
      <trkpt lat="39.905899" lon="116.614716">
        <time>2022-06-20T12:54:58Z</time>
      </trkpt>
      <trkpt lat="39.905884" lon="116.614709">
        <time>2022-06-20T12:55:03Z</time>
      </trkpt>
      <trkpt lat="39.905885" lon="116.614684">
        <time>2022-06-20T12:55:08Z</time>
      </trkpt>
      <trkpt lat="39.905881" lon="116.6147">
        <time>2022-06-20T12:55:13Z</time>
      </trkpt>
      <trkpt lat="39.905885" lon="116.614715">
        <time>2022-06-20T12:55:18Z</time>
      </trkpt>
      <trkpt lat="39.905898" lon="116.614713">
        <time>2022-06-20T12:55:23Z</time>
      </trkpt>
      <trkpt lat="39.905901" lon="116.614722">
        <time>2022-06-20T12:55:28Z</time>
      </trkpt>
      <trkpt lat="39.905906" lon="116.614733">
        <time>2022-06-20T12:55:33Z</time>
      </trkpt>
      <trkpt lat="39.905914" lon="116.614717">
        <time>2022-06-20T12:55:38Z</time>
      </trkpt>
      <trkpt lat="39.905918" lon="116.614727">
        <time>2022-06-20T12:55:43Z</time>
      </trkpt>
      <trkpt lat="39.905899" lon="116.614718">
        <time>2022-06-20T12:55:48Z</time>
      </trkpt>
      <trkpt lat="39.905902" lon="116.614706">
        <time>2022-06-20T12:55:53Z</time>
      </trkpt>
      <trkpt lat="39.9059" lon="116.614707">
        <time>2022-06-20T12:55:58Z</time>
      </trkpt>
      <trkpt lat="39.905908" lon="116.614701">
        <time>2022-06-20T12:56:03Z</time>
      </trkpt>
      <trkpt lat="39.905932" lon="116.614709">
        <time>2022-06-20T12:56:08Z</time>
      </trkpt>
      <trkpt lat="39.905933" lon="116.614724">
        <time>2022-06-20T12:56:13Z</time>
      </trkpt>
      <trkpt lat="39.905926" lon="116.614721">
        <time>2022-06-20T12:56:18Z</time>
      </trkpt>
      <trkpt lat="39.90593" lon="116.614737">
        <time>2022-06-20T12:56:23Z</time>
      </trkpt>
      <trkpt lat="39.905927" lon="116.61475">
        <time>2022-06-20T12:56:28Z</time>
      </trkpt>
      <trkpt lat="39.905914" lon="116.61476">
        <time>2022-06-20T12:56:33Z</time>
      </trkpt>
      <trkpt lat="39.905902" lon="116.614789">
        <time>2022-06-20T12:56:38Z</time>
      </trkpt>
      <trkpt lat="39.905885" lon="116.614898">
        <time>2022-06-20T12:56:43Z</time>
      </trkpt>
      <trkpt lat="39.90589" lon="116.614996">
        <time>2022-06-20T12:56:48Z</time>
      </trkpt>
      <trkpt lat="39.905884" lon="116.615113">
        <time>2022-06-20T12:56:53Z</time>
      </trkpt>
      <trkpt lat="39.905934" lon="116.61527">
        <time>2022-06-20T12:56:58Z</time>
      </trkpt>
      <trkpt lat="39.905994" lon="116.615421">
        <time>2022-06-20T12:57:03Z</time>
      </trkpt>
      <trkpt lat="39.906041" lon="116.615558">
        <time>2022-06-20T12:57:08Z</time>
      </trkpt>
      <trkpt lat="39.906108" lon="116.615716">
        <time>2022-06-20T12:57:13Z</time>
      </trkpt>
      <trkpt lat="39.906167" lon="116.615856">
        <time>2022-06-20T12:57:18Z</time>
      </trkpt>
      <trkpt lat="39.906239" lon="116.616036">
        <time>2022-06-20T12:57:23Z</time>
      </trkpt>
      <trkpt lat="39.906312" lon="116.616194">
        <time>2022-06-20T12:57:28Z</time>
      </trkpt>
      <trkpt lat="39.906361" lon="116.61631">
        <time>2022-06-20T12:57:33Z</time>
      </trkpt>
      <trkpt lat="39.906417" lon="116.616448">
        <time>2022-06-20T12:57:38Z</time>
      </trkpt>
      <trkpt lat="39.90646" lon="116.616629">
        <time>2022-06-20T12:57:43Z</time>
      </trkpt>
      <trkpt lat="39.906478" lon="116.616817">
        <time>2022-06-20T12:57:48Z</time>
      </trkpt>
      <trkpt lat="39.906483" lon="116.616903">
        <time>2022-06-20T12:57:53Z</time>
      </trkpt>
      <trkpt lat="39.9065" lon="116.61711">
        <time>2022-06-20T12:57:58Z</time>
      </trkpt>
      <trkpt lat="39.906511" lon="116.617288">
        <time>2022-06-20T12:58:03Z</time>
      </trkpt>
      <trkpt lat="39.906527" lon="116.617416">
        <time>2022-06-20T12:58:08Z</time>
      </trkpt>
      <trkpt lat="39.906545" lon="116.617536">
        <time>2022-06-20T12:58:13Z</time>
      </trkpt>
      <trkpt lat="39.906563" lon="116.617758">
        <time>2022-06-20T12:58:18Z</time>
      </trkpt>
      <trkpt lat="39.906581" lon="116.617874">
        <time>2022-06-20T12:58:23Z</time>
      </trkpt>
      <trkpt lat="39.906605" lon="116.618011">
        <time>2022-06-20T12:58:28Z</time>
      </trkpt>
      <trkpt lat="39.906623" lon="116.618245">
        <time>2022-06-20T12:58:33Z</time>
      </trkpt>
      <trkpt lat="39.906629" lon="116.618359">
        <time>2022-06-20T12:58:38Z</time>
      </trkpt>
      <trkpt lat="39.906637" lon="116.618452">
        <time>2022-06-20T12:58:43Z</time>
      </trkpt>
      <trkpt lat="39.90665" lon="116.618596">
        <time>2022-06-20T12:58:48Z</time>
      </trkpt>
      <trkpt lat="39.90668" lon="116.618871">
        <time>2022-06-20T12:58:53Z</time>
      </trkpt>
      <trkpt lat="39.906694" lon="116.618942">
        <time>2022-06-20T12:58:58Z</time>
      </trkpt>
      <trkpt lat="39.906707" lon="116.619071">
        <time>2022-06-20T12:59:03Z</time>
      </trkpt>
      <trkpt lat="39.906718" lon="116.619248">
        <time>2022-06-20T12:59:08Z</time>
      </trkpt>
      <trkpt lat="39.90674" lon="116.619395">
        <time>2022-06-20T12:59:13Z</time>
      </trkpt>
      <trkpt lat="39.906781" lon="116.619564">
        <time>2022-06-20T12:59:18Z</time>
      </trkpt>
      <trkpt lat="39.906794" lon="116.619665">
        <time>2022-06-20T12:59:23Z</time>
      </trkpt>
      <trkpt lat="39.906815" lon="116.619891">
        <time>2022-06-20T12:59:28Z</time>
      </trkpt>
      <trkpt lat="39.906817" lon="116.619956">
        <time>2022-06-20T12:59:33Z</time>
      </trkpt>
      <trkpt lat="39.906832" lon="116.620107">
        <time>2022-06-20T12:59:38Z</time>
      </trkpt>
      <trkpt lat="39.906842" lon="116.620265">
        <time>2022-06-20T12:59:43Z</time>
      </trkpt>
      <trkpt lat="39.906856" lon="116.620394">
        <time>2022-06-20T12:59:48Z</time>
      </trkpt>
      <trkpt lat="39.906888" lon="116.620596">
        <time>2022-06-20T12:59:53Z</time>
      </trkpt>
      <trkpt lat="39.906937" lon="116.620723">
        <time>2022-06-20T12:59:58Z</time>
      </trkpt>
      <trkpt lat="39.906949" lon="116.620892">
        <time>2022-06-20T13:00:03Z</time>
      </trkpt>
      <trkpt lat="39.906956" lon="116.621039">
        <time>2022-06-20T13:00:08Z</time>
      </trkpt>
      <trkpt lat="39.906981" lon="116.621246">
        <time>2022-06-20T13:00:13Z</time>
      </trkpt>
      <trkpt lat="39.907" lon="116.621403">
        <time>2022-06-20T13:00:18Z</time>
      </trkpt>
      <trkpt lat="39.906989" lon="116.621481">
        <time>2022-06-20T13:00:23Z</time>
      </trkpt>
      <trkpt lat="39.907017" lon="116.621671">
        <time>2022-06-20T13:00:28Z</time>
      </trkpt>
      <trkpt lat="39.907038" lon="116.621762">
        <time>2022-06-20T13:00:33Z</time>
      </trkpt>
      <trkpt lat="39.907052" lon="116.62197">
        <time>2022-06-20T13:00:38Z</time>
      </trkpt>
      <trkpt lat="39.907036" lon="116.622089">
        <time>2022-06-20T13:00:43Z</time>
      </trkpt>
      <trkpt lat="39.907078" lon="116.622263">
        <time>2022-06-20T13:00:48Z</time>
      </trkpt>
      <trkpt lat="39.907107" lon="116.622367">
        <time>2022-06-20T13:00:53Z</time>
      </trkpt>
      <trkpt lat="39.907146" lon="116.622489">
        <time>2022-06-20T13:00:58Z</time>
      </trkpt>
      <trkpt lat="39.907192" lon="116.622678">
        <time>2022-06-20T13:01:03Z</time>
      </trkpt>
      <trkpt lat="39.907197" lon="116.622782">
        <time>2022-06-20T13:01:08Z</time>
      </trkpt>
      <trkpt lat="39.90721" lon="116.622921">
        <time>2022-06-20T13:01:13Z</time>
      </trkpt>
      <trkpt lat="39.907213" lon="116.623057">
        <time>2022-06-20T13:01:18Z</time>
      </trkpt>
      <trkpt lat="39.907219" lon="116.623181">
        <time>2022-06-20T13:01:23Z</time>
      </trkpt>
      <trkpt lat="39.907233" lon="116.62337">
        <time>2022-06-20T13:01:28Z</time>
      </trkpt>
      <trkpt lat="39.907272" lon="116.623538">
        <time>2022-06-20T13:01:33Z</time>
      </trkpt>
      <trkpt lat="39.907302" lon="116.623646">
        <time>2022-06-20T13:01:38Z</time>
      </trkpt>
      <trkpt lat="39.907339" lon="116.623807">
        <time>2022-06-20T13:01:43Z</time>
      </trkpt>
      <trkpt lat="39.907383" lon="116.623853">
        <time>2022-06-20T13:01:48Z</time>
      </trkpt>
      <trkpt lat="39.907384" lon="116.623969">
        <time>2022-06-20T13:01:53Z</time>
      </trkpt>
      <trkpt lat="39.907394" lon="116.624135">
        <time>2022-06-20T13:01:58Z</time>
      </trkpt>
      <trkpt lat="39.907389" lon="116.624329">
        <time>2022-06-20T13:02:03Z</time>
      </trkpt>
      <trkpt lat="39.90739" lon="116.624496">
        <time>2022-06-20T13:02:08Z</time>
      </trkpt>
      <trkpt lat="39.907408" lon="116.624604">
        <time>2022-06-20T13:02:13Z</time>
      </trkpt>
      <trkpt lat="39.907415" lon="116.624751">
        <time>2022-06-20T13:02:18Z</time>
      </trkpt>
      <trkpt lat="39.90741" lon="116.624866">
        <time>2022-06-20T13:02:23Z</time>
      </trkpt>
      <trkpt lat="39.907444" lon="116.625018">
        <time>2022-06-20T13:02:28Z</time>
      </trkpt>
      <trkpt lat="39.907449" lon="116.625213">
        <time>2022-06-20T13:02:33Z</time>
      </trkpt>
      <trkpt lat="39.907467" lon="116.625381">
        <time>2022-06-20T13:02:38Z</time>
      </trkpt>
      <trkpt lat="39.907497" lon="116.625568">
        <time>2022-06-20T13:02:43Z</time>
      </trkpt>
      <trkpt lat="39.90751" lon="116.625728">
        <time>2022-06-20T13:02:48Z</time>
      </trkpt>
      <trkpt lat="39.907538" lon="116.625923">
        <time>2022-06-20T13:02:53Z</time>
      </trkpt>
      <trkpt lat="39.907569" lon="116.626123">
        <time>2022-06-20T13:02:58Z</time>
      </trkpt>
      <trkpt lat="39.9076" lon="116.626347">
        <time>2022-06-20T13:03:03Z</time>
      </trkpt>
      <trkpt lat="39.907609" lon="116.626459">
        <time>2022-06-20T13:03:08Z</time>
      </trkpt>
      <trkpt lat="39.907638" lon="116.626682">
        <time>2022-06-20T13:03:13Z</time>
      </trkpt>
      <trkpt lat="39.907648" lon="116.626786">
        <time>2022-06-20T13:03:18Z</time>
      </trkpt>
      <trkpt lat="39.907658" lon="116.626973">
        <time>2022-06-20T13:03:23Z</time>
      </trkpt>
      <trkpt lat="39.907682" lon="116.627115">
        <time>2022-06-20T13:03:28Z</time>
      </trkpt>
      <trkpt lat="39.9077" lon="116.627235">
        <time>2022-06-20T13:03:33Z</time>
      </trkpt>
      <trkpt lat="39.907739" lon="116.627543">
        <time>2022-06-20T13:03:38Z</time>
      </trkpt>
      <trkpt lat="39.907743" lon="116.62758">
        <time>2022-06-20T13:03:43Z</time>
      </trkpt>
      <trkpt lat="39.907749" lon="116.627706">
        <time>2022-06-20T13:03:48Z</time>
      </trkpt>
      <trkpt lat="39.907783" lon="116.627879">
        <time>2022-06-20T13:03:53Z</time>
      </trkpt>
      <trkpt lat="39.907795" lon="116.627991">
        <time>2022-06-20T13:03:58Z</time>
      </trkpt>
      <trkpt lat="39.907818" lon="116.628154">
        <time>2022-06-20T13:04:03Z</time>
      </trkpt>
      <trkpt lat="39.907838" lon="116.628316">
        <time>2022-06-20T13:04:08Z</time>
      </trkpt>
      <trkpt lat="39.907838" lon="116.628456">
        <time>2022-06-20T13:04:13Z</time>
      </trkpt>
      <trkpt lat="39.907852" lon="116.628611">
        <time>2022-06-20T13:04:18Z</time>
      </trkpt>
      <trkpt lat="39.907853" lon="116.628721">
        <time>2022-06-20T13:04:23Z</time>
      </trkpt>
      <trkpt lat="39.907869" lon="116.628851">
        <time>2022-06-20T13:04:28Z</time>
      </trkpt>
      <trkpt lat="39.907872" lon="116.62891">
        <time>2022-06-20T13:04:33Z</time>
      </trkpt>
      <trkpt lat="39.907893" lon="116.629009">
        <time>2022-06-20T13:04:38Z</time>
      </trkpt>
      <trkpt lat="39.907904" lon="116.629141">
        <time>2022-06-20T13:04:43Z</time>
      </trkpt>
      <trkpt lat="39.90793" lon="116.629286">
        <time>2022-06-20T13:04:48Z</time>
      </trkpt>
      <trkpt lat="39.907966" lon="116.629445">
        <time>2022-06-20T13:04:53Z</time>
      </trkpt>
      <trkpt lat="39.907991" lon="116.629598">
        <time>2022-06-20T13:04:58Z</time>
      </trkpt>
      <trkpt lat="39.908011" lon="116.629748">
        <time>2022-06-20T13:05:03Z</time>
      </trkpt>
      <trkpt lat="39.908033" lon="116.62989">
        <time>2022-06-20T13:05:08Z</time>
      </trkpt>
      <trkpt lat="39.908048" lon="116.630037">
        <time>2022-06-20T13:05:13Z</time>
      </trkpt>
      <trkpt lat="39.90803" lon="116.630181">
        <time>2022-06-20T13:05:18Z</time>
      </trkpt>
      <trkpt lat="39.908052" lon="116.630316">
        <time>2022-06-20T13:05:23Z</time>
      </trkpt>
      <trkpt lat="39.908086" lon="116.630458">
        <time>2022-06-20T13:05:28Z</time>
      </trkpt>
      <trkpt lat="39.90812" lon="116.630631">
        <time>2022-06-20T13:05:33Z</time>
      </trkpt>
      <trkpt lat="39.908129" lon="116.630756">
        <time>2022-06-20T13:05:38Z</time>
      </trkpt>
      <trkpt lat="39.908152" lon="116.630907">
        <time>2022-06-20T13:05:43Z</time>
      </trkpt>
      <trkpt lat="39.908164" lon="116.631051">
        <time>2022-06-20T13:05:48Z</time>
      </trkpt>
      <trkpt lat="39.908188" lon="116.631223">
        <time>2022-06-20T13:05:53Z</time>
      </trkpt>
      <trkpt lat="39.908209" lon="116.63133">
        <time>2022-06-20T13:05:58Z</time>
      </trkpt>
      <trkpt lat="39.908238" lon="116.631477">
        <time>2022-06-20T13:06:03Z</time>
      </trkpt>
      <trkpt lat="39.908273" lon="116.631588">
        <time>2022-06-20T13:06:08Z</time>
      </trkpt>
      <trkpt lat="39.908297" lon="116.631767">
        <time>2022-06-20T13:06:13Z</time>
      </trkpt>
      <trkpt lat="39.908308" lon="116.631877">
        <time>2022-06-20T13:06:18Z</time>
      </trkpt>
      <trkpt lat="39.908306" lon="116.632033">
        <time>2022-06-20T13:06:23Z</time>
      </trkpt>
      <trkpt lat="39.908332" lon="116.632172">
        <time>2022-06-20T13:06:28Z</time>
      </trkpt>
      <trkpt lat="39.908355" lon="116.632315">
        <time>2022-06-20T13:06:33Z</time>
      </trkpt>
      <trkpt lat="39.90836" lon="116.632451">
        <time>2022-06-20T13:06:38Z</time>
      </trkpt>
      <trkpt lat="39.908374" lon="116.632658">
        <time>2022-06-20T13:06:43Z</time>
      </trkpt>
      <trkpt lat="39.908396" lon="116.632862">
        <time>2022-06-20T13:06:48Z</time>
      </trkpt>
      <trkpt lat="39.908408" lon="116.63299">
        <time>2022-06-20T13:06:53Z</time>
      </trkpt>
      <trkpt lat="39.908412" lon="116.633186">
        <time>2022-06-20T13:06:58Z</time>
      </trkpt>
      <trkpt lat="39.908399" lon="116.633292">
        <time>2022-06-20T13:07:03Z</time>
      </trkpt>
      <trkpt lat="39.908386" lon="116.63338">
        <time>2022-06-20T13:07:08Z</time>
      </trkpt>
      <trkpt lat="39.908392" lon="116.633463">
        <time>2022-06-20T13:07:13Z</time>
      </trkpt>
      <trkpt lat="39.908451" lon="116.633564">
        <time>2022-06-20T13:07:18Z</time>
      </trkpt>
      <trkpt lat="39.908467" lon="116.633649">
        <time>2022-06-20T13:07:23Z</time>
      </trkpt>
      <trkpt lat="39.90849" lon="116.633796">
        <time>2022-06-20T13:07:28Z</time>
      </trkpt>
      <trkpt lat="39.908489" lon="116.6339">
        <time>2022-06-20T13:07:33Z</time>
      </trkpt>
      <trkpt lat="39.908471" lon="116.634132">
        <time>2022-06-20T13:07:38Z</time>
      </trkpt>
      <trkpt lat="39.908466" lon="116.634183">
        <time>2022-06-20T13:07:43Z</time>
      </trkpt>
      <trkpt lat="39.908505" lon="116.634322">
        <time>2022-06-20T13:07:48Z</time>
      </trkpt>
      <trkpt lat="39.908499" lon="116.634405">
        <time>2022-06-20T13:07:53Z</time>
      </trkpt>
      <trkpt lat="39.908489" lon="116.63448">
        <time>2022-06-20T13:07:58Z</time>
      </trkpt>
      <trkpt lat="39.908468" lon="116.634538">
        <time>2022-06-20T13:08:03Z</time>
      </trkpt>
      <trkpt lat="39.908465" lon="116.634644">
        <time>2022-06-20T13:08:08Z</time>
      </trkpt>
      <trkpt lat="39.908457" lon="116.634785">
        <time>2022-06-20T13:08:13Z</time>
      </trkpt>
      <trkpt lat="39.908436" lon="116.63488">
        <time>2022-06-20T13:08:18Z</time>
      </trkpt>
      <trkpt lat="39.90844" lon="116.635108">
        <time>2022-06-20T13:08:23Z</time>
      </trkpt>
      <trkpt lat="39.908447" lon="116.635224">
        <time>2022-06-20T13:08:28Z</time>
      </trkpt>
      <trkpt lat="39.908459" lon="116.635424">
        <time>2022-06-20T13:08:33Z</time>
      </trkpt>
      <trkpt lat="39.908451" lon="116.63554">
        <time>2022-06-20T13:08:38Z</time>
      </trkpt>
      <trkpt lat="39.908467" lon="116.63567">
        <time>2022-06-20T13:08:43Z</time>
      </trkpt>
      <trkpt lat="39.908475" lon="116.635831">
        <time>2022-06-20T13:08:48Z</time>
      </trkpt>
      <trkpt lat="39.908465" lon="116.635925">
        <time>2022-06-20T13:08:53Z</time>
      </trkpt>
      <trkpt lat="39.90845" lon="116.636068">
        <time>2022-06-20T13:08:58Z</time>
      </trkpt>
      <trkpt lat="39.908413" lon="116.636219">
        <time>2022-06-20T13:09:03Z</time>
      </trkpt>
      <trkpt lat="39.908392" lon="116.63636">
        <time>2022-06-20T13:09:08Z</time>
      </trkpt>
      <trkpt lat="39.908368" lon="116.636524">
        <time>2022-06-20T13:09:13Z</time>
      </trkpt>
      <trkpt lat="39.908341" lon="116.636652">
        <time>2022-06-20T13:09:18Z</time>
      </trkpt>
      <trkpt lat="39.90831" lon="116.636835">
        <time>2022-06-20T13:09:23Z</time>
      </trkpt>
      <trkpt lat="39.908279" lon="116.637007">
        <time>2022-06-20T13:09:28Z</time>
      </trkpt>
      <trkpt lat="39.908258" lon="116.637162">
        <time>2022-06-20T13:09:33Z</time>
      </trkpt>
      <trkpt lat="39.908235" lon="116.637366">
        <time>2022-06-20T13:09:38Z</time>
      </trkpt>
      <trkpt lat="39.908201" lon="116.637559">
        <time>2022-06-20T13:09:43Z</time>
      </trkpt>
      <trkpt lat="39.90821" lon="116.637659">
        <time>2022-06-20T13:09:48Z</time>
      </trkpt>
      <trkpt lat="39.908351" lon="116.63782">
        <time>2022-06-20T13:09:53Z</time>
      </trkpt>
      <trkpt lat="39.908364" lon="116.63787">
        <time>2022-06-20T13:09:58Z</time>
      </trkpt>
      <trkpt lat="39.908373" lon="116.637992">
        <time>2022-06-20T13:10:03Z</time>
      </trkpt>
      <trkpt lat="39.908405" lon="116.638194">
        <time>2022-06-20T13:10:08Z</time>
      </trkpt>
      <trkpt lat="39.908445" lon="116.638301">
        <time>2022-06-20T13:10:13Z</time>
      </trkpt>
      <trkpt lat="39.908451" lon="116.638467">
        <time>2022-06-20T13:10:18Z</time>
      </trkpt>
      <trkpt lat="39.908491" lon="116.638667">
        <time>2022-06-20T13:10:23Z</time>
      </trkpt>
      <trkpt lat="39.908499" lon="116.638834">
        <time>2022-06-20T13:10:28Z</time>
      </trkpt>
      <trkpt lat="39.908516" lon="116.638966">
        <time>2022-06-20T13:10:33Z</time>
      </trkpt>
      <trkpt lat="39.908516" lon="116.639073">
        <time>2022-06-20T13:10:38Z</time>
      </trkpt>
      <trkpt lat="39.908504" lon="116.639188">
        <time>2022-06-20T13:10:43Z</time>
      </trkpt>
      <trkpt lat="39.908504" lon="116.63933">
        <time>2022-06-20T13:10:48Z</time>
      </trkpt>
      <trkpt lat="39.908506" lon="116.639503">
        <time>2022-06-20T13:10:53Z</time>
      </trkpt>
      <trkpt lat="39.908505" lon="116.639721">
        <time>2022-06-20T13:10:58Z</time>
      </trkpt>
      <trkpt lat="39.908502" lon="116.639856">
        <time>2022-06-20T13:11:03Z</time>
      </trkpt>
      <trkpt lat="39.908514" lon="116.640012">
        <time>2022-06-20T13:11:08Z</time>
      </trkpt>
      <trkpt lat="39.908523" lon="116.640132">
        <time>2022-06-20T13:11:13Z</time>
      </trkpt>
      <trkpt lat="39.908523" lon="116.640246">
        <time>2022-06-20T13:11:18Z</time>
      </trkpt>
      <trkpt lat="39.908547" lon="116.640425">
        <time>2022-06-20T13:11:23Z</time>
      </trkpt>
      <trkpt lat="39.908568" lon="116.640534">
        <time>2022-06-20T13:11:28Z</time>
      </trkpt>
      <trkpt lat="39.908562" lon="116.640662">
        <time>2022-06-20T13:11:33Z</time>
      </trkpt>
      <trkpt lat="39.908558" lon="116.640707">
        <time>2022-06-20T13:11:38Z</time>
      </trkpt>
      <trkpt lat="39.908548" lon="116.640851">
        <time>2022-06-20T13:11:43Z</time>
      </trkpt>
      <trkpt lat="39.908547" lon="116.640979">
        <time>2022-06-20T13:11:48Z</time>
      </trkpt>
      <trkpt lat="39.908554" lon="116.641253">
        <time>2022-06-20T13:11:53Z</time>
      </trkpt>
      <trkpt lat="39.908555" lon="116.641313">
        <time>2022-06-20T13:11:58Z</time>
      </trkpt>
      <trkpt lat="39.908556" lon="116.641438">
        <time>2022-06-20T13:12:03Z</time>
      </trkpt>
      <trkpt lat="39.908555" lon="116.64158">
        <time>2022-06-20T13:12:08Z</time>
      </trkpt>
      <trkpt lat="39.908547" lon="116.641753">
        <time>2022-06-20T13:12:13Z</time>
      </trkpt>
      <trkpt lat="39.908553" lon="116.641868">
        <time>2022-06-20T13:12:18Z</time>
      </trkpt>
      <trkpt lat="39.908562" lon="116.642065">
        <time>2022-06-20T13:12:23Z</time>
      </trkpt>
      <trkpt lat="39.908567" lon="116.642223">
        <time>2022-06-20T13:12:28Z</time>
      </trkpt>
      <trkpt lat="39.908572" lon="116.642357">
        <time>2022-06-20T13:12:33Z</time>
      </trkpt>
      <trkpt lat="39.908577" lon="116.642489">
        <time>2022-06-20T13:12:38Z</time>
      </trkpt>
      <trkpt lat="39.908592" lon="116.64266">
        <time>2022-06-20T13:12:43Z</time>
      </trkpt>
      <trkpt lat="39.908611" lon="116.642827">
        <time>2022-06-20T13:12:48Z</time>
      </trkpt>
      <trkpt lat="39.908626" lon="116.643003">
        <time>2022-06-20T13:12:53Z</time>
      </trkpt>
      <trkpt lat="39.908618" lon="116.643189">
        <time>2022-06-20T13:12:58Z</time>
      </trkpt>
      <trkpt lat="39.908615" lon="116.643311">
        <time>2022-06-20T13:13:03Z</time>
      </trkpt>
      <trkpt lat="39.908612" lon="116.643521">
        <time>2022-06-20T13:13:08Z</time>
      </trkpt>
      <trkpt lat="39.908616" lon="116.643592">
        <time>2022-06-20T13:13:13Z</time>
      </trkpt>
      <trkpt lat="39.908621" lon="116.643668">
        <time>2022-06-20T13:13:18Z</time>
      </trkpt>
      <trkpt lat="39.908613" lon="116.643799">
        <time>2022-06-20T13:13:23Z</time>
      </trkpt>
      <trkpt lat="39.90861" lon="116.643972">
        <time>2022-06-20T13:13:28Z</time>
      </trkpt>
      <trkpt lat="39.908615" lon="116.64416">
        <time>2022-06-20T13:13:33Z</time>
      </trkpt>
      <trkpt lat="39.90862" lon="116.644332">
        <time>2022-06-20T13:13:38Z</time>
      </trkpt>
      <trkpt lat="39.908624" lon="116.644497">
        <time>2022-06-20T13:13:43Z</time>
      </trkpt>
      <trkpt lat="39.908634" lon="116.644693">
        <time>2022-06-20T13:13:48Z</time>
      </trkpt>
      <trkpt lat="39.908646" lon="116.644865">
        <time>2022-06-20T13:13:53Z</time>
      </trkpt>
      <trkpt lat="39.908671" lon="116.645018">
        <time>2022-06-20T13:13:58Z</time>
      </trkpt>
      <trkpt lat="39.908691" lon="116.645108">
        <time>2022-06-20T13:14:03Z</time>
      </trkpt>
      <trkpt lat="39.908721" lon="116.645315">
        <time>2022-06-20T13:14:08Z</time>
      </trkpt>
      <trkpt lat="39.908746" lon="116.645475">
        <time>2022-06-20T13:14:13Z</time>
      </trkpt>
      <trkpt lat="39.908794" lon="116.645639">
        <time>2022-06-20T13:14:18Z</time>
      </trkpt>
      <trkpt lat="39.908832" lon="116.645784">
        <time>2022-06-20T13:14:23Z</time>
      </trkpt>
      <trkpt lat="39.908838" lon="116.645933">
        <time>2022-06-20T13:14:28Z</time>
      </trkpt>
      <trkpt lat="39.908877" lon="116.646072">
        <time>2022-06-20T13:14:33Z</time>
      </trkpt>
      <trkpt lat="39.908916" lon="116.646209">
        <time>2022-06-20T13:14:38Z</time>
      </trkpt>
      <trkpt lat="39.908914" lon="116.646349">
        <time>2022-06-20T13:14:43Z</time>
      </trkpt>
      <trkpt lat="39.908962" lon="116.646482">
        <time>2022-06-20T13:14:48Z</time>
      </trkpt>
      <trkpt lat="39.909018" lon="116.646597">
        <time>2022-06-20T13:14:53Z</time>
      </trkpt>
      <trkpt lat="39.90909" lon="116.646763">
        <time>2022-06-20T13:14:58Z</time>
      </trkpt>
      <trkpt lat="39.909125" lon="116.646902">
        <time>2022-06-20T13:15:03Z</time>
      </trkpt>
      <trkpt lat="39.909138" lon="116.647">
        <time>2022-06-20T13:15:08Z</time>
      </trkpt>
      <trkpt lat="39.90916" lon="116.647084">
        <time>2022-06-20T13:15:13Z</time>
      </trkpt>
      <trkpt lat="39.909192" lon="116.647195">
        <time>2022-06-20T13:15:18Z</time>
      </trkpt>
      <trkpt lat="39.909237" lon="116.647299">
        <time>2022-06-20T13:15:23Z</time>
      </trkpt>
      <trkpt lat="39.909265" lon="116.647435">
        <time>2022-06-20T13:15:28Z</time>
      </trkpt>
      <trkpt lat="39.909305" lon="116.647558">
        <time>2022-06-20T13:15:33Z</time>
      </trkpt>
      <trkpt lat="39.909366" lon="116.647724">
        <time>2022-06-20T13:15:38Z</time>
      </trkpt>
      <trkpt lat="39.909402" lon="116.647834">
        <time>2022-06-20T13:15:43Z</time>
      </trkpt>
      <trkpt lat="39.909449" lon="116.647957">
        <time>2022-06-20T13:15:48Z</time>
      </trkpt>
      <trkpt lat="39.909482" lon="116.648063">
        <time>2022-06-20T13:15:53Z</time>
      </trkpt>
      <trkpt lat="39.909523" lon="116.648241">
        <time>2022-06-20T13:15:58Z</time>
      </trkpt>
      <trkpt lat="39.909554" lon="116.648363">
        <time>2022-06-20T13:16:03Z</time>
      </trkpt>
      <trkpt lat="39.90959" lon="116.64852">
        <time>2022-06-20T13:16:08Z</time>
      </trkpt>
      <trkpt lat="39.909615" lon="116.648651">
        <time>2022-06-20T13:16:13Z</time>
      </trkpt>
      <trkpt lat="39.909674" lon="116.648855">
        <time>2022-06-20T13:16:18Z</time>
      </trkpt>
      <trkpt lat="39.90975" lon="116.64902">
        <time>2022-06-20T13:16:23Z</time>
      </trkpt>
      <trkpt lat="39.909754" lon="116.649155">
        <time>2022-06-20T13:16:28Z</time>
      </trkpt>
      <trkpt lat="39.909758" lon="116.649224">
        <time>2022-06-20T13:16:33Z</time>
      </trkpt>
      <trkpt lat="39.90983" lon="116.649422">
        <time>2022-06-20T13:16:38Z</time>
      </trkpt>
      <trkpt lat="39.909874" lon="116.649499">
        <time>2022-06-20T13:16:43Z</time>
      </trkpt>
      <trkpt lat="39.909921" lon="116.649736">
        <time>2022-06-20T13:16:48Z</time>
      </trkpt>
      <trkpt lat="39.909953" lon="116.64987">
        <time>2022-06-20T13:16:53Z</time>
      </trkpt>
      <trkpt lat="39.910003" lon="116.650012">
        <time>2022-06-20T13:16:58Z</time>
      </trkpt>
      <trkpt lat="39.909999" lon="116.650162">
        <time>2022-06-20T13:17:03Z</time>
      </trkpt>
      <trkpt lat="39.910029" lon="116.650298">
        <time>2022-06-20T13:17:08Z</time>
      </trkpt>
      <trkpt lat="39.910025" lon="116.650421">
        <time>2022-06-20T13:17:13Z</time>
      </trkpt>
      <trkpt lat="39.910007" lon="116.650539">
        <time>2022-06-20T13:17:18Z</time>
      </trkpt>
      <trkpt lat="39.910018" lon="116.650613">
        <time>2022-06-20T13:17:23Z</time>
      </trkpt>
      <trkpt lat="39.910028" lon="116.650682">
        <time>2022-06-20T13:17:28Z</time>
      </trkpt>
      <trkpt lat="39.910036" lon="116.650786">
        <time>2022-06-20T13:17:33Z</time>
      </trkpt>
      <trkpt lat="39.910017" lon="116.650866">
        <time>2022-06-20T13:17:38Z</time>
      </trkpt>
      <trkpt lat="39.909973" lon="116.650884">
        <time>2022-06-20T13:17:43Z</time>
      </trkpt>
      <trkpt lat="39.909967" lon="116.650931">
        <time>2022-06-20T13:17:48Z</time>
      </trkpt>
      <trkpt lat="39.909966" lon="116.650954">
        <time>2022-06-20T13:17:53Z</time>
      </trkpt>
      <trkpt lat="39.910054" lon="116.650991">
        <time>2022-06-20T13:17:58Z</time>
      </trkpt>
      <trkpt lat="39.910147" lon="116.650979">
        <time>2022-06-20T13:18:03Z</time>
      </trkpt>
      <trkpt lat="39.910268" lon="116.650952">
        <time>2022-06-20T13:18:08Z</time>
      </trkpt>
      <trkpt lat="39.91033" lon="116.650948">
        <time>2022-06-20T13:18:13Z</time>
      </trkpt>
      <trkpt lat="39.910507" lon="116.65092">
        <time>2022-06-20T13:18:18Z</time>
      </trkpt>
      <trkpt lat="39.9106" lon="116.65091">
        <time>2022-06-20T13:18:23Z</time>
      </trkpt>
      <trkpt lat="39.910721" lon="116.650908">
        <time>2022-06-20T13:18:28Z</time>
      </trkpt>
      <trkpt lat="39.910829" lon="116.650894">
        <time>2022-06-20T13:18:33Z</time>
      </trkpt>
      <trkpt lat="39.910873" lon="116.650866">
        <time>2022-06-20T13:18:38Z</time>
      </trkpt>
      <trkpt lat="39.911009" lon="116.650817">
        <time>2022-06-20T13:18:43Z</time>
      </trkpt>
      <trkpt lat="39.911162" lon="116.65081">
        <time>2022-06-20T13:18:48Z</time>
      </trkpt>
      <trkpt lat="39.911315" lon="116.650815">
        <time>2022-06-20T13:18:53Z</time>
      </trkpt>
      <trkpt lat="39.911327" lon="116.650838">
        <time>2022-06-20T13:18:58Z</time>
      </trkpt>
      <trkpt lat="39.911349" lon="116.651218">
        <time>2022-06-20T13:19:03Z</time>
      </trkpt>
      <trkpt lat="39.911363" lon="116.651337">
        <time>2022-06-20T13:19:08Z</time>
      </trkpt>
      <trkpt lat="39.911333" lon="116.651477">
        <time>2022-06-20T13:19:13Z</time>
      </trkpt>
      <trkpt lat="39.911282" lon="116.651548">
        <time>2022-06-20T13:19:18Z</time>
      </trkpt>
      <trkpt lat="39.911193" lon="116.651586">
        <time>2022-06-20T13:19:23Z</time>
      </trkpt>
      <trkpt lat="39.911151" lon="116.651658">
        <time>2022-06-20T13:19:28Z</time>
      </trkpt>
      <trkpt lat="39.911126" lon="116.651731">
        <time>2022-06-20T13:19:33Z</time>
      </trkpt>
      <trkpt lat="39.911141" lon="116.651811">
        <time>2022-06-20T13:19:38Z</time>
      </trkpt>
      <trkpt lat="39.911114" lon="116.651861">
        <time>2022-06-20T13:19:43Z</time>
      </trkpt>
      <trkpt lat="39.911101" lon="116.651967">
        <time>2022-06-20T13:19:48Z</time>
      </trkpt>
      <trkpt lat="39.911" lon="116.652005">
        <time>2022-06-20T13:19:53Z</time>
      </trkpt>
      <trkpt lat="39.91102" lon="116.652114">
        <time>2022-06-20T13:19:58Z</time>
      </trkpt>
      <trkpt lat="39.911114" lon="116.652247">
        <time>2022-06-20T13:20:03Z</time>
      </trkpt>
      <trkpt lat="39.911215" lon="116.652387">
        <time>2022-06-20T13:20:08Z</time>
      </trkpt>
      <trkpt lat="39.911282" lon="116.652477">
        <time>2022-06-20T13:20:13Z</time>
      </trkpt>
      <trkpt lat="39.911365" lon="116.652558">
        <time>2022-06-20T13:20:18Z</time>
      </trkpt>
      <trkpt lat="39.911466" lon="116.652632">
        <time>2022-06-20T13:20:23Z</time>
      </trkpt>
      <trkpt lat="39.911525" lon="116.65266">
        <time>2022-06-20T13:20:28Z</time>
      </trkpt>
      <trkpt lat="39.911597" lon="116.652702">
        <time>2022-06-20T13:20:33Z</time>
      </trkpt>
      <trkpt lat="39.91167" lon="116.652761">
        <time>2022-06-20T13:20:38Z</time>
      </trkpt>
      <trkpt lat="39.911778" lon="116.6528">
        <time>2022-06-20T13:20:43Z</time>
      </trkpt>
      <trkpt lat="39.9119" lon="116.652903">
        <time>2022-06-20T13:20:48Z</time>
      </trkpt>
      <trkpt lat="39.912023" lon="116.653014">
        <time>2022-06-20T13:20:53Z</time>
      </trkpt>
      <trkpt lat="39.912081" lon="116.653078">
        <time>2022-06-20T13:20:58Z</time>
      </trkpt>
      <trkpt lat="39.912156" lon="116.653158">
        <time>2022-06-20T13:21:03Z</time>
      </trkpt>
      <trkpt lat="39.912227" lon="116.653209">
        <time>2022-06-20T13:21:08Z</time>
      </trkpt>
      <trkpt lat="39.912316" lon="116.653277">
        <time>2022-06-20T13:21:13Z</time>
      </trkpt>
      <trkpt lat="39.912419" lon="116.65336">
        <time>2022-06-20T13:21:18Z</time>
      </trkpt>
      <trkpt lat="39.912507" lon="116.653427">
        <time>2022-06-20T13:21:23Z</time>
      </trkpt>
      <trkpt lat="39.912616" lon="116.653486">
        <time>2022-06-20T13:21:28Z</time>
      </trkpt>
      <trkpt lat="39.912712" lon="116.65358">
        <time>2022-06-20T13:21:33Z</time>
      </trkpt>
      <trkpt lat="39.912799" lon="116.653665">
        <time>2022-06-20T13:21:38Z</time>
      </trkpt>
      <trkpt lat="39.912863" lon="116.653741">
        <time>2022-06-20T13:21:43Z</time>
      </trkpt>
      <trkpt lat="39.912928" lon="116.653819">
        <time>2022-06-20T13:21:48Z</time>
      </trkpt>
      <trkpt lat="39.913027" lon="116.653917">
        <time>2022-06-20T13:21:53Z</time>
      </trkpt>
      <trkpt lat="39.913136" lon="116.653988">
        <time>2022-06-20T13:21:58Z</time>
      </trkpt>
      <trkpt lat="39.913244" lon="116.654045">
        <time>2022-06-20T13:22:03Z</time>
      </trkpt>
      <trkpt lat="39.913343" lon="116.654099">
        <time>2022-06-20T13:22:08Z</time>
      </trkpt>
      <trkpt lat="39.913463" lon="116.65419">
        <time>2022-06-20T13:22:13Z</time>
      </trkpt>
      <trkpt lat="39.913566" lon="116.654319">
        <time>2022-06-20T13:22:18Z</time>
      </trkpt>
      <trkpt lat="39.913665" lon="116.654433">
        <time>2022-06-20T13:22:23Z</time>
      </trkpt>
      <trkpt lat="39.91374" lon="116.654505">
        <time>2022-06-20T13:22:28Z</time>
      </trkpt>
      <trkpt lat="39.913819" lon="116.654591">
        <time>2022-06-20T13:22:33Z</time>
      </trkpt>
      <trkpt lat="39.913879" lon="116.654637">
        <time>2022-06-20T13:22:38Z</time>
      </trkpt>
      <trkpt lat="39.91398" lon="116.654697">
        <time>2022-06-20T13:22:43Z</time>
      </trkpt>
      <trkpt lat="39.914054" lon="116.654759">
        <time>2022-06-20T13:22:48Z</time>
      </trkpt>
      <trkpt lat="39.914132" lon="116.654866">
        <time>2022-06-20T13:22:53Z</time>
      </trkpt>
      <trkpt lat="39.914263" lon="116.654982">
        <time>2022-06-20T13:22:58Z</time>
      </trkpt>
      <trkpt lat="39.914334" lon="116.655068">
        <time>2022-06-20T13:23:03Z</time>
      </trkpt>
      <trkpt lat="39.914426" lon="116.655182">
        <time>2022-06-20T13:23:08Z</time>
      </trkpt>
      <trkpt lat="39.914517" lon="116.655304">
        <time>2022-06-20T13:23:13Z</time>
      </trkpt>
      <trkpt lat="39.91459" lon="116.655413">
        <time>2022-06-20T13:23:18Z</time>
      </trkpt>
      <trkpt lat="39.91468" lon="116.655508">
        <time>2022-06-20T13:23:23Z</time>
      </trkpt>
      <trkpt lat="39.914749" lon="116.655622">
        <time>2022-06-20T13:23:28Z</time>
      </trkpt>
      <trkpt lat="39.914826" lon="116.655746">
        <time>2022-06-20T13:23:33Z</time>
      </trkpt>
      <trkpt lat="39.914864" lon="116.655818">
        <time>2022-06-20T13:23:38Z</time>
      </trkpt>
      <trkpt lat="39.914902" lon="116.655875">
        <time>2022-06-20T13:23:43Z</time>
      </trkpt>
      <trkpt lat="39.914967" lon="116.656005">
        <time>2022-06-20T13:23:48Z</time>
      </trkpt>
      <trkpt lat="39.915026" lon="116.656092">
        <time>2022-06-20T13:23:53Z</time>
      </trkpt>
      <trkpt lat="39.915082" lon="116.656079">
        <time>2022-06-20T13:23:58Z</time>
      </trkpt>
      <trkpt lat="39.915093" lon="116.656125">
        <time>2022-06-20T13:24:03Z</time>
      </trkpt>
      <trkpt lat="39.915126" lon="116.65615">
        <time>2022-06-20T13:24:08Z</time>
      </trkpt>
      <trkpt lat="39.91512" lon="116.656187">
        <time>2022-06-20T13:24:13Z</time>
      </trkpt>
      <trkpt lat="39.915151" lon="116.656219">
        <time>2022-06-20T13:24:18Z</time>
      </trkpt>
      <trkpt lat="39.915257" lon="116.65641">
        <time>2022-06-20T13:24:23Z</time>
      </trkpt>
      <trkpt lat="39.915357" lon="116.656611">
        <time>2022-06-20T13:24:28Z</time>
      </trkpt>
      <trkpt lat="39.915485" lon="116.65688">
        <time>2022-06-20T13:24:33Z</time>
      </trkpt>
      <trkpt lat="39.915556" lon="116.657021">
        <time>2022-06-20T13:24:38Z</time>
      </trkpt>
      <trkpt lat="39.915638" lon="116.657152">
        <time>2022-06-20T13:24:43Z</time>
      </trkpt>
      <trkpt lat="39.915716" lon="116.657278">
        <time>2022-06-20T13:24:48Z</time>
      </trkpt>
      <trkpt lat="39.915798" lon="116.657411">
        <time>2022-06-20T13:24:53Z</time>
      </trkpt>
      <trkpt lat="39.915894" lon="116.657552">
        <time>2022-06-20T13:24:58Z</time>
      </trkpt>
      <trkpt lat="39.915947" lon="116.657629">
        <time>2022-06-20T13:25:03Z</time>
      </trkpt>
      <trkpt lat="39.916032" lon="116.65776">
        <time>2022-06-20T13:25:08Z</time>
      </trkpt>
      <trkpt lat="39.916136" lon="116.657906">
        <time>2022-06-20T13:25:13Z</time>
      </trkpt>
      <trkpt lat="39.916215" lon="116.658002">
        <time>2022-06-20T13:25:18Z</time>
      </trkpt>
      <trkpt lat="39.916335" lon="116.658195">
        <time>2022-06-20T13:25:23Z</time>
      </trkpt>
      <trkpt lat="39.916403" lon="116.658299">
        <time>2022-06-20T13:25:28Z</time>
      </trkpt>
      <trkpt lat="39.916464" lon="116.65842">
        <time>2022-06-20T13:25:33Z</time>
      </trkpt>
      <trkpt lat="39.916484" lon="116.658469">
        <time>2022-06-20T13:25:38Z</time>
      </trkpt>
      <trkpt lat="39.916544" lon="116.658552">
        <time>2022-06-20T13:25:43Z</time>
      </trkpt>
      <trkpt lat="39.916599" lon="116.658636">
        <time>2022-06-20T13:25:48Z</time>
      </trkpt>
      <trkpt lat="39.916684" lon="116.658756">
        <time>2022-06-20T13:25:53Z</time>
      </trkpt>
      <trkpt lat="39.916748" lon="116.658843">
        <time>2022-06-20T13:25:58Z</time>
      </trkpt>
      <trkpt lat="39.916827" lon="116.658985">
        <time>2022-06-20T13:26:03Z</time>
      </trkpt>
      <trkpt lat="39.916879" lon="116.659082">
        <time>2022-06-20T13:26:08Z</time>
      </trkpt>
      <trkpt lat="39.91696" lon="116.659225">
        <time>2022-06-20T13:26:13Z</time>
      </trkpt>
      <trkpt lat="39.917047" lon="116.659371">
        <time>2022-06-20T13:26:18Z</time>
      </trkpt>
      <trkpt lat="39.917065" lon="116.659376">
        <time>2022-06-20T13:26:23Z</time>
      </trkpt>
      <trkpt lat="39.916991" lon="116.659263">
        <time>2022-06-20T13:26:28Z</time>
      </trkpt>
      <trkpt lat="39.916896" lon="116.659129">
        <time>2022-06-20T13:26:33Z</time>
      </trkpt>
      <trkpt lat="39.916844" lon="116.659051">
        <time>2022-06-20T13:26:38Z</time>
      </trkpt>
      <trkpt lat="39.916805" lon="116.658973">
        <time>2022-06-20T13:26:43Z</time>
      </trkpt>
      <trkpt lat="39.916723" lon="116.658828">
        <time>2022-06-20T13:26:48Z</time>
      </trkpt>
      <trkpt lat="39.916658" lon="116.6587">
        <time>2022-06-20T13:26:53Z</time>
      </trkpt>
      <trkpt lat="39.916577" lon="116.658561">
        <time>2022-06-20T13:26:58Z</time>
      </trkpt>
      <trkpt lat="39.91651" lon="116.658432">
        <time>2022-06-20T13:27:03Z</time>
      </trkpt>
      <trkpt lat="39.916443" lon="116.658319">
        <time>2022-06-20T13:27:08Z</time>
      </trkpt>
      <trkpt lat="39.916368" lon="116.658198">
        <time>2022-06-20T13:27:13Z</time>
      </trkpt>
      <trkpt lat="39.916282" lon="116.658078">
        <time>2022-06-20T13:27:18Z</time>
      </trkpt>
      <trkpt lat="39.916213" lon="116.657979">
        <time>2022-06-20T13:27:23Z</time>
      </trkpt>
      <trkpt lat="39.916113" lon="116.657852">
        <time>2022-06-20T13:27:28Z</time>
      </trkpt>
      <trkpt lat="39.916018" lon="116.657724">
        <time>2022-06-20T13:27:33Z</time>
      </trkpt>
      <trkpt lat="39.915917" lon="116.657591">
        <time>2022-06-20T13:27:38Z</time>
      </trkpt>
      <trkpt lat="39.915853" lon="116.657481">
        <time>2022-06-20T13:27:43Z</time>
      </trkpt>
      <trkpt lat="39.915757" lon="116.65733">
        <time>2022-06-20T13:27:48Z</time>
      </trkpt>
      <trkpt lat="39.915706" lon="116.657292">
        <time>2022-06-20T13:27:53Z</time>
      </trkpt>
      <trkpt lat="39.915668" lon="116.657247">
        <time>2022-06-20T13:27:58Z</time>
      </trkpt>
      <trkpt lat="39.915615" lon="116.657157">
        <time>2022-06-20T13:28:03Z</time>
      </trkpt>
      <trkpt lat="39.915536" lon="116.657058">
        <time>2022-06-20T13:28:08Z</time>
      </trkpt>
      <trkpt lat="39.915449" lon="116.656924">
        <time>2022-06-20T13:28:13Z</time>
      </trkpt>
      <trkpt lat="39.91542" lon="116.656877">
        <time>2022-06-20T13:28:18Z</time>
      </trkpt>
      <trkpt lat="39.915447" lon="116.656881">
        <time>2022-06-20T13:28:23Z</time>
      </trkpt>
      <trkpt lat="39.915419" lon="116.656863">
        <time>2022-06-20T13:28:28Z</time>
      </trkpt>
      <trkpt lat="39.915411" lon="116.656794">
        <time>2022-06-20T13:28:33Z</time>
      </trkpt>
      <trkpt lat="39.915243" lon="116.656789">
        <time>2022-06-20T13:28:38Z</time>
      </trkpt>
      <trkpt lat="39.915158" lon="116.656633">
        <time>2022-06-20T13:28:43Z</time>
      </trkpt>
      <trkpt lat="39.915113" lon="116.656491">
        <time>2022-06-20T13:28:48Z</time>
      </trkpt>
      <trkpt lat="39.915034" lon="116.656227">
        <time>2022-06-20T13:28:53Z</time>
      </trkpt>
      <trkpt lat="39.914957" lon="116.656069">
        <time>2022-06-20T13:28:58Z</time>
      </trkpt>
      <trkpt lat="39.91491" lon="116.655926">
        <time>2022-06-20T13:29:03Z</time>
      </trkpt>
      <trkpt lat="39.914844" lon="116.655799">
        <time>2022-06-20T13:29:08Z</time>
      </trkpt>
      <trkpt lat="39.914758" lon="116.655642">
        <time>2022-06-20T13:29:13Z</time>
      </trkpt>
      <trkpt lat="39.914679" lon="116.655525">
        <time>2022-06-20T13:29:18Z</time>
      </trkpt>
      <trkpt lat="39.914583" lon="116.655385">
        <time>2022-06-20T13:29:23Z</time>
      </trkpt>
      <trkpt lat="39.914514" lon="116.655252">
        <time>2022-06-20T13:29:28Z</time>
      </trkpt>
      <trkpt lat="39.914468" lon="116.655141">
        <time>2022-06-20T13:29:33Z</time>
      </trkpt>
      <trkpt lat="39.914375" lon="116.655018">
        <time>2022-06-20T13:29:38Z</time>
      </trkpt>
      <trkpt lat="39.914262" lon="116.654928">
        <time>2022-06-20T13:29:43Z</time>
      </trkpt>
      <trkpt lat="39.914129" lon="116.654809">
        <time>2022-06-20T13:29:48Z</time>
      </trkpt>
      <trkpt lat="39.914042" lon="116.654717">
        <time>2022-06-20T13:29:53Z</time>
      </trkpt>
      <trkpt lat="39.913951" lon="116.654634">
        <time>2022-06-20T13:29:58Z</time>
      </trkpt>
      <trkpt lat="39.913865" lon="116.654551">
        <time>2022-06-20T13:30:03Z</time>
      </trkpt>
      <trkpt lat="39.913706" lon="116.654422">
        <time>2022-06-20T13:30:08Z</time>
      </trkpt>
      <trkpt lat="39.913539" lon="116.654297">
        <time>2022-06-20T13:30:13Z</time>
      </trkpt>
      <trkpt lat="39.913475" lon="116.654218">
        <time>2022-06-20T13:30:18Z</time>
      </trkpt>
      <trkpt lat="39.913373" lon="116.6541">
        <time>2022-06-20T13:30:23Z</time>
      </trkpt>
      <trkpt lat="39.913256" lon="116.654013">
        <time>2022-06-20T13:30:28Z</time>
      </trkpt>
      <trkpt lat="39.913138" lon="116.653893">
        <time>2022-06-20T13:30:33Z</time>
      </trkpt>
      <trkpt lat="39.91298" lon="116.653768">
        <time>2022-06-20T13:30:38Z</time>
      </trkpt>
      <trkpt lat="39.912859" lon="116.653666">
        <time>2022-06-20T13:30:43Z</time>
      </trkpt>
      <trkpt lat="39.912772" lon="116.653593">
        <time>2022-06-20T13:30:48Z</time>
      </trkpt>
      <trkpt lat="39.912682" lon="116.653504">
        <time>2022-06-20T13:30:53Z</time>
      </trkpt>
      <trkpt lat="39.912578" lon="116.653432">
        <time>2022-06-20T13:30:58Z</time>
      </trkpt>
      <trkpt lat="39.912459" lon="116.653353">
        <time>2022-06-20T13:31:03Z</time>
      </trkpt>
      <trkpt lat="39.912319" lon="116.653291">
        <time>2022-06-20T13:31:08Z</time>
      </trkpt>
      <trkpt lat="39.91222" lon="116.653216">
        <time>2022-06-20T13:31:13Z</time>
      </trkpt>
      <trkpt lat="39.912174" lon="116.653195">
        <time>2022-06-20T13:31:18Z</time>
      </trkpt>
      <trkpt lat="39.912098" lon="116.653126">
        <time>2022-06-20T13:31:23Z</time>
      </trkpt>
      <trkpt lat="39.912046" lon="116.653058">
        <time>2022-06-20T13:31:28Z</time>
      </trkpt>
      <trkpt lat="39.911993" lon="116.65299">
        <time>2022-06-20T13:31:33Z</time>
      </trkpt>
      <trkpt lat="39.911919" lon="116.652914">
        <time>2022-06-20T13:31:38Z</time>
      </trkpt>
      <trkpt lat="39.91186" lon="116.652868">
        <time>2022-06-20T13:31:43Z</time>
      </trkpt>
      <trkpt lat="39.91181" lon="116.652837">
        <time>2022-06-20T13:31:48Z</time>
      </trkpt>
      <trkpt lat="39.911767" lon="116.652792">
        <time>2022-06-20T13:31:53Z</time>
      </trkpt>
      <trkpt lat="39.911653" lon="116.652722">
        <time>2022-06-20T13:31:58Z</time>
      </trkpt>
      <trkpt lat="39.911565" lon="116.652657">
        <time>2022-06-20T13:32:03Z</time>
      </trkpt>
      <trkpt lat="39.911494" lon="116.652596">
        <time>2022-06-20T13:32:08Z</time>
      </trkpt>
      <trkpt lat="39.911406" lon="116.652515">
        <time>2022-06-20T13:32:13Z</time>
      </trkpt>
      <trkpt lat="39.911309" lon="116.652424">
        <time>2022-06-20T13:32:18Z</time>
      </trkpt>
      <trkpt lat="39.911233" lon="116.652347">
        <time>2022-06-20T13:32:23Z</time>
      </trkpt>
      <trkpt lat="39.911125" lon="116.652224">
        <time>2022-06-20T13:32:28Z</time>
      </trkpt>
      <trkpt lat="39.911059" lon="116.652113">
        <time>2022-06-20T13:32:33Z</time>
      </trkpt>
      <trkpt lat="39.911" lon="116.651994">
        <time>2022-06-20T13:32:38Z</time>
      </trkpt>
      <trkpt lat="39.910973" lon="116.651805">
        <time>2022-06-20T13:32:43Z</time>
      </trkpt>
      <trkpt lat="39.910949" lon="116.651666">
        <time>2022-06-20T13:32:48Z</time>
      </trkpt>
      <trkpt lat="39.910923" lon="116.651509">
        <time>2022-06-20T13:32:53Z</time>
      </trkpt>
      <trkpt lat="39.910889" lon="116.651455">
        <time>2022-06-20T13:32:58Z</time>
      </trkpt>
      <trkpt lat="39.910906" lon="116.651628">
        <time>2022-06-20T13:33:03Z</time>
      </trkpt>
      <trkpt lat="39.910962" lon="116.651784">
        <time>2022-06-20T13:33:08Z</time>
      </trkpt>
      <trkpt lat="39.911011" lon="116.651942">
        <time>2022-06-20T13:33:13Z</time>
      </trkpt>
      <trkpt lat="39.911036" lon="116.65207">
        <time>2022-06-20T13:33:18Z</time>
      </trkpt>
      <trkpt lat="39.911092" lon="116.652198">
        <time>2022-06-20T13:33:23Z</time>
      </trkpt>
      <trkpt lat="39.911189" lon="116.652351">
        <time>2022-06-20T13:33:28Z</time>
      </trkpt>
      <trkpt lat="39.911277" lon="116.652432">
        <time>2022-06-20T13:33:33Z</time>
      </trkpt>
      <trkpt lat="39.911345" lon="116.652505">
        <time>2022-06-20T13:33:38Z</time>
      </trkpt>
      <trkpt lat="39.911445" lon="116.652582">
        <time>2022-06-20T13:33:43Z</time>
      </trkpt>
      <trkpt lat="39.911564" lon="116.652634">
        <time>2022-06-20T13:33:48Z</time>
      </trkpt>
      <trkpt lat="39.911661" lon="116.65272">
        <time>2022-06-20T13:33:53Z</time>
      </trkpt>
      <trkpt lat="39.91174" lon="116.652781">
        <time>2022-06-20T13:33:58Z</time>
      </trkpt>
      <trkpt lat="39.91179" lon="116.652803">
        <time>2022-06-20T13:34:03Z</time>
      </trkpt>
      <trkpt lat="39.911858" lon="116.652838">
        <time>2022-06-20T13:34:08Z</time>
      </trkpt>
      <trkpt lat="39.911924" lon="116.652894">
        <time>2022-06-20T13:34:13Z</time>
      </trkpt>
      <trkpt lat="39.912038" lon="116.652985">
        <time>2022-06-20T13:34:18Z</time>
      </trkpt>
      <trkpt lat="39.912101" lon="116.653087">
        <time>2022-06-20T13:34:23Z</time>
      </trkpt>
      <trkpt lat="39.912157" lon="116.653154">
        <time>2022-06-20T13:34:28Z</time>
      </trkpt>
      <trkpt lat="39.912247" lon="116.653221">
        <time>2022-06-20T13:34:33Z</time>
      </trkpt>
      <trkpt lat="39.912311" lon="116.65327">
        <time>2022-06-20T13:34:38Z</time>
      </trkpt>
      <trkpt lat="39.912405" lon="116.653333">
        <time>2022-06-20T13:34:43Z</time>
      </trkpt>
      <trkpt lat="39.912492" lon="116.653381">
        <time>2022-06-20T13:34:48Z</time>
      </trkpt>
      <trkpt lat="39.912588" lon="116.653435">
        <time>2022-06-20T13:34:53Z</time>
      </trkpt>
      <trkpt lat="39.912678" lon="116.65348">
        <time>2022-06-20T13:34:58Z</time>
      </trkpt>
      <trkpt lat="39.912765" lon="116.653548">
        <time>2022-06-20T13:35:03Z</time>
      </trkpt>
      <trkpt lat="39.91285" lon="116.653641">
        <time>2022-06-20T13:35:08Z</time>
      </trkpt>
      <trkpt lat="39.912942" lon="116.653722">
        <time>2022-06-20T13:35:13Z</time>
      </trkpt>
      <trkpt lat="39.913055" lon="116.653868">
        <time>2022-06-20T13:35:18Z</time>
      </trkpt>
      <trkpt lat="39.913128" lon="116.65393">
        <time>2022-06-20T13:35:23Z</time>
      </trkpt>
      <trkpt lat="39.913236" lon="116.653998">
        <time>2022-06-20T13:35:28Z</time>
      </trkpt>
      <trkpt lat="39.913381" lon="116.654096">
        <time>2022-06-20T13:35:33Z</time>
      </trkpt>
      <trkpt lat="39.913476" lon="116.654176">
        <time>2022-06-20T13:35:38Z</time>
      </trkpt>
      <trkpt lat="39.913569" lon="116.654281">
        <time>2022-06-20T13:35:43Z</time>
      </trkpt>
      <trkpt lat="39.913613" lon="116.654332">
        <time>2022-06-20T13:35:48Z</time>
      </trkpt>
      <trkpt lat="39.913645" lon="116.654379">
        <time>2022-06-20T13:35:53Z</time>
      </trkpt>
      <trkpt lat="39.913706" lon="116.654404">
        <time>2022-06-20T13:35:58Z</time>
      </trkpt>
      <trkpt lat="39.913769" lon="116.654471">
        <time>2022-06-20T13:36:03Z</time>
      </trkpt>
      <trkpt lat="39.913826" lon="116.654539">
        <time>2022-06-20T13:36:08Z</time>
      </trkpt>
      <trkpt lat="39.913918" lon="116.654646">
        <time>2022-06-20T13:36:13Z</time>
      </trkpt>
      <trkpt lat="39.914073" lon="116.654735">
        <time>2022-06-20T13:36:18Z</time>
      </trkpt>
      <trkpt lat="39.914145" lon="116.654812">
        <time>2022-06-20T13:36:23Z</time>
      </trkpt>
      <trkpt lat="39.914228" lon="116.65488">
        <time>2022-06-20T13:36:28Z</time>
      </trkpt>
      <trkpt lat="39.9143" lon="116.654953">
        <time>2022-06-20T13:36:33Z</time>
      </trkpt>
      <trkpt lat="39.914396" lon="116.655042">
        <time>2022-06-20T13:36:38Z</time>
      </trkpt>
      <trkpt lat="39.914482" lon="116.655137">
        <time>2022-06-20T13:36:43Z</time>
      </trkpt>
      <trkpt lat="39.914532" lon="116.655263">
        <time>2022-06-20T13:36:48Z</time>
      </trkpt>
      <trkpt lat="39.914605" lon="116.655392">
        <time>2022-06-20T13:36:53Z</time>
      </trkpt>
      <trkpt lat="39.914691" lon="116.655471">
        <time>2022-06-20T13:36:58Z</time>
      </trkpt>
      <trkpt lat="39.914738" lon="116.655566">
        <time>2022-06-20T13:37:03Z</time>
      </trkpt>
      <trkpt lat="39.914844" lon="116.655676">
        <time>2022-06-20T13:37:08Z</time>
      </trkpt>
      <trkpt lat="39.914906" lon="116.655838">
        <time>2022-06-20T13:37:13Z</time>
      </trkpt>
      <trkpt lat="39.914989" lon="116.655992">
        <time>2022-06-20T13:37:18Z</time>
      </trkpt>
      <trkpt lat="39.915055" lon="116.65612">
        <time>2022-06-20T13:37:23Z</time>
      </trkpt>
      <trkpt lat="39.915121" lon="116.656231">
        <time>2022-06-20T13:37:28Z</time>
      </trkpt>
      <trkpt lat="39.915111" lon="116.656259">
        <time>2022-06-20T13:37:33Z</time>
      </trkpt>
      <trkpt lat="39.915151" lon="116.65625">
        <time>2022-06-20T13:37:38Z</time>
      </trkpt>
      <trkpt lat="39.915174" lon="116.65626">
        <time>2022-06-20T13:37:43Z</time>
      </trkpt>
      <trkpt lat="39.915238" lon="116.656363">
        <time>2022-06-20T13:37:48Z</time>
      </trkpt>
      <trkpt lat="39.915296" lon="116.65651">
        <time>2022-06-20T13:37:53Z</time>
      </trkpt>
      <trkpt lat="39.915378" lon="116.656674">
        <time>2022-06-20T13:37:58Z</time>
      </trkpt>
      <trkpt lat="39.915451" lon="116.65682">
        <time>2022-06-20T13:38:03Z</time>
      </trkpt>
      <trkpt lat="39.915523" lon="116.656968">
        <time>2022-06-20T13:38:08Z</time>
      </trkpt>
      <trkpt lat="39.915577" lon="116.657055">
        <time>2022-06-20T13:38:13Z</time>
      </trkpt>
      <trkpt lat="39.915648" lon="116.657164">
        <time>2022-06-20T13:38:18Z</time>
      </trkpt>
      <trkpt lat="39.915727" lon="116.657276">
        <time>2022-06-20T13:38:23Z</time>
      </trkpt>
      <trkpt lat="39.915806" lon="116.65741">
        <time>2022-06-20T13:38:28Z</time>
      </trkpt>
      <trkpt lat="39.915874" lon="116.657507">
        <time>2022-06-20T13:38:33Z</time>
      </trkpt>
      <trkpt lat="39.915927" lon="116.657602">
        <time>2022-06-20T13:38:38Z</time>
      </trkpt>
      <trkpt lat="39.915987" lon="116.657701">
        <time>2022-06-20T13:38:43Z</time>
      </trkpt>
      <trkpt lat="39.916059" lon="116.657785">
        <time>2022-06-20T13:38:48Z</time>
      </trkpt>
      <trkpt lat="39.916133" lon="116.657886">
        <time>2022-06-20T13:38:53Z</time>
      </trkpt>
      <trkpt lat="39.916234" lon="116.65801">
        <time>2022-06-20T13:38:58Z</time>
      </trkpt>
      <trkpt lat="39.91636" lon="116.65819">
        <time>2022-06-20T13:39:03Z</time>
      </trkpt>
      <trkpt lat="39.916391" lon="116.658271">
        <time>2022-06-20T13:39:08Z</time>
      </trkpt>
      <trkpt lat="39.916434" lon="116.658339">
        <time>2022-06-20T13:39:13Z</time>
      </trkpt>
      <trkpt lat="39.916465" lon="116.65839">
        <time>2022-06-20T13:39:18Z</time>
      </trkpt>
      <trkpt lat="39.916518" lon="116.658478">
        <time>2022-06-20T13:39:23Z</time>
      </trkpt>
      <trkpt lat="39.916566" lon="116.658559">
        <time>2022-06-20T13:39:28Z</time>
      </trkpt>
      <trkpt lat="39.916622" lon="116.658641">
        <time>2022-06-20T13:39:33Z</time>
      </trkpt>
      <trkpt lat="39.91667" lon="116.658725">
        <time>2022-06-20T13:39:38Z</time>
      </trkpt>
      <trkpt lat="39.916757" lon="116.658838">
        <time>2022-06-20T13:39:43Z</time>
      </trkpt>
      <trkpt lat="39.916835" lon="116.658983">
        <time>2022-06-20T13:39:48Z</time>
      </trkpt>
      <trkpt lat="39.916917" lon="116.659104">
        <time>2022-06-20T13:39:53Z</time>
      </trkpt>
      <trkpt lat="39.916989" lon="116.659222">
        <time>2022-06-20T13:39:58Z</time>
      </trkpt>
      <trkpt lat="39.917077" lon="116.659364">
        <time>2022-06-20T13:40:03Z</time>
      </trkpt>
      <trkpt lat="39.917115" lon="116.65943">
        <time>2022-06-20T13:40:08Z</time>
      </trkpt>
      <trkpt lat="39.917029" lon="116.659311">
        <time>2022-06-20T13:40:13Z</time>
      </trkpt>
      <trkpt lat="39.916968" lon="116.659214">
        <time>2022-06-20T13:40:18Z</time>
      </trkpt>
      <trkpt lat="39.916931" lon="116.659145">
        <time>2022-06-20T13:40:23Z</time>
      </trkpt>
      <trkpt lat="39.916842" lon="116.658996">
        <time>2022-06-20T13:40:28Z</time>
      </trkpt>
      <trkpt lat="39.916765" lon="116.658865">
        <time>2022-06-20T13:40:33Z</time>
      </trkpt>
      <trkpt lat="39.916699" lon="116.658751">
        <time>2022-06-20T13:40:38Z</time>
      </trkpt>
      <trkpt lat="39.916595" lon="116.658581">
        <time>2022-06-20T13:40:43Z</time>
      </trkpt>
      <trkpt lat="39.916529" lon="116.658475">
        <time>2022-06-20T13:40:48Z</time>
      </trkpt>
      <trkpt lat="39.916458" lon="116.658339">
        <time>2022-06-20T13:40:53Z</time>
      </trkpt>
      <trkpt lat="39.916412" lon="116.658271">
        <time>2022-06-20T13:40:58Z</time>
      </trkpt>
      <trkpt lat="39.916296" lon="116.658133">
        <time>2022-06-20T13:41:03Z</time>
      </trkpt>
      <trkpt lat="39.916224" lon="116.658012">
        <time>2022-06-20T13:41:08Z</time>
      </trkpt>
      <trkpt lat="39.916165" lon="116.65791">
        <time>2022-06-20T13:41:13Z</time>
      </trkpt>
      <trkpt lat="39.916095" lon="116.657796">
        <time>2022-06-20T13:41:18Z</time>
      </trkpt>
      <trkpt lat="39.916016" lon="116.657695">
        <time>2022-06-20T13:41:23Z</time>
      </trkpt>
      <trkpt lat="39.915892" lon="116.657532">
        <time>2022-06-20T13:41:28Z</time>
      </trkpt>
      <trkpt lat="39.915778" lon="116.657392">
        <time>2022-06-20T13:41:33Z</time>
      </trkpt>
      <trkpt lat="39.915725" lon="116.657296">
        <time>2022-06-20T13:41:38Z</time>
      </trkpt>
      <trkpt lat="39.915636" lon="116.657148">
        <time>2022-06-20T13:41:43Z</time>
      </trkpt>
      <trkpt lat="39.915548" lon="116.657009">
        <time>2022-06-20T13:41:48Z</time>
      </trkpt>
      <trkpt lat="39.915461" lon="116.656874">
        <time>2022-06-20T13:41:53Z</time>
      </trkpt>
      <trkpt lat="39.915422" lon="116.65683">
        <time>2022-06-20T13:41:58Z</time>
      </trkpt>
      <trkpt lat="39.915446" lon="116.656854">
        <time>2022-06-20T13:42:03Z</time>
      </trkpt>
      <trkpt lat="39.915399" lon="116.656752">
        <time>2022-06-20T13:42:08Z</time>
      </trkpt>
      <trkpt lat="39.915414" lon="116.656627">
        <time>2022-06-20T13:42:13Z</time>
      </trkpt>
      <trkpt lat="39.915218" lon="116.656297">
        <time>2022-06-20T13:42:18Z</time>
      </trkpt>
      <trkpt lat="39.915167" lon="116.656242">
        <time>2022-06-20T13:42:23Z</time>
      </trkpt>
      <trkpt lat="39.915104" lon="116.656179">
        <time>2022-06-20T13:42:28Z</time>
      </trkpt>
      <trkpt lat="39.915035" lon="116.656074">
        <time>2022-06-20T13:42:33Z</time>
      </trkpt>
      <trkpt lat="39.914971" lon="116.655988">
        <time>2022-06-20T13:42:38Z</time>
      </trkpt>
      <trkpt lat="39.914947" lon="116.655881">
        <time>2022-06-20T13:42:43Z</time>
      </trkpt>
      <trkpt lat="39.914895" lon="116.655791">
        <time>2022-06-20T13:42:48Z</time>
      </trkpt>
      <trkpt lat="39.91481" lon="116.655649">
        <time>2022-06-20T13:42:53Z</time>
      </trkpt>
      <trkpt lat="39.914751" lon="116.655571">
        <time>2022-06-20T13:42:58Z</time>
      </trkpt>
      <trkpt lat="39.914705" lon="116.655496">
        <time>2022-06-20T13:43:03Z</time>
      </trkpt>
      <trkpt lat="39.914647" lon="116.65541">
        <time>2022-06-20T13:43:08Z</time>
      </trkpt>
      <trkpt lat="39.914594" lon="116.655303">
        <time>2022-06-20T13:43:13Z</time>
      </trkpt>
      <trkpt lat="39.914571" lon="116.655226">
        <time>2022-06-20T13:43:18Z</time>
      </trkpt>
      <trkpt lat="39.91452" lon="116.655163">
        <time>2022-06-20T13:43:23Z</time>
      </trkpt>
      <trkpt lat="39.91438" lon="116.655063">
        <time>2022-06-20T13:43:28Z</time>
      </trkpt>
      <trkpt lat="39.914281" lon="116.654968">
        <time>2022-06-20T13:43:33Z</time>
      </trkpt>
      <trkpt lat="39.914213" lon="116.654897">
        <time>2022-06-20T13:43:38Z</time>
      </trkpt>
      <trkpt lat="39.914119" lon="116.654806">
        <time>2022-06-20T13:43:43Z</time>
      </trkpt>
      <trkpt lat="39.914039" lon="116.654735">
        <time>2022-06-20T13:43:48Z</time>
      </trkpt>
      <trkpt lat="39.913931" lon="116.654609">
        <time>2022-06-20T13:43:53Z</time>
      </trkpt>
      <trkpt lat="39.913825" lon="116.654544">
        <time>2022-06-20T13:43:58Z</time>
      </trkpt>
      <trkpt lat="39.91375" lon="116.654441">
        <time>2022-06-20T13:44:03Z</time>
      </trkpt>
      <trkpt lat="39.913695" lon="116.654385">
        <time>2022-06-20T13:44:08Z</time>
      </trkpt>
      <trkpt lat="39.913648" lon="116.654364">
        <time>2022-06-20T13:44:13Z</time>
      </trkpt>
      <trkpt lat="39.913578" lon="116.654325">
        <time>2022-06-20T13:44:18Z</time>
      </trkpt>
      <trkpt lat="39.913531" lon="116.654262">
        <time>2022-06-20T13:44:23Z</time>
      </trkpt>
      <trkpt lat="39.91346" lon="116.654161">
        <time>2022-06-20T13:44:28Z</time>
      </trkpt>
      <trkpt lat="39.913343" lon="116.654077">
        <time>2022-06-20T13:44:33Z</time>
      </trkpt>
      <trkpt lat="39.91326" lon="116.654028">
        <time>2022-06-20T13:44:38Z</time>
      </trkpt>
      <trkpt lat="39.913148" lon="116.653959">
        <time>2022-06-20T13:44:43Z</time>
      </trkpt>
      <trkpt lat="39.913054" lon="116.653864">
        <time>2022-06-20T13:44:48Z</time>
      </trkpt>
      <trkpt lat="39.912978" lon="116.653761">
        <time>2022-06-20T13:44:53Z</time>
      </trkpt>
      <trkpt lat="39.912857" lon="116.65368">
        <time>2022-06-20T13:44:58Z</time>
      </trkpt>
      <trkpt lat="39.91278" lon="116.653617">
        <time>2022-06-20T13:45:03Z</time>
      </trkpt>
      <trkpt lat="39.912635" lon="116.653486">
        <time>2022-06-20T13:45:08Z</time>
      </trkpt>
      <trkpt lat="39.912541" lon="116.653427">
        <time>2022-06-20T13:45:13Z</time>
      </trkpt>
      <trkpt lat="39.912445" lon="116.653358">
        <time>2022-06-20T13:45:18Z</time>
      </trkpt>
      <trkpt lat="39.912333" lon="116.653292">
        <time>2022-06-20T13:45:23Z</time>
      </trkpt>
      <trkpt lat="39.912275" lon="116.653246">
        <time>2022-06-20T13:45:28Z</time>
      </trkpt>
      <trkpt lat="39.912213" lon="116.653204">
        <time>2022-06-20T13:45:33Z</time>
      </trkpt>
      <trkpt lat="39.912138" lon="116.653154">
        <time>2022-06-20T13:45:38Z</time>
      </trkpt>
      <trkpt lat="39.912065" lon="116.653077">
        <time>2022-06-20T13:45:43Z</time>
      </trkpt>
      <trkpt lat="39.911977" lon="116.652988">
        <time>2022-06-20T13:45:48Z</time>
      </trkpt>
      <trkpt lat="39.911867" lon="116.652892">
        <time>2022-06-20T13:45:53Z</time>
      </trkpt>
      <trkpt lat="39.911806" lon="116.652833">
        <time>2022-06-20T13:45:58Z</time>
      </trkpt>
      <trkpt lat="39.911695" lon="116.652762">
        <time>2022-06-20T13:46:03Z</time>
      </trkpt>
      <trkpt lat="39.911584" lon="116.652671">
        <time>2022-06-20T13:46:08Z</time>
      </trkpt>
      <trkpt lat="39.911516" lon="116.652633">
        <time>2022-06-20T13:46:13Z</time>
      </trkpt>
      <trkpt lat="39.911473" lon="116.652597">
        <time>2022-06-20T13:46:18Z</time>
      </trkpt>
      <trkpt lat="39.911425" lon="116.652569">
        <time>2022-06-20T13:46:23Z</time>
      </trkpt>
      <trkpt lat="39.91136" lon="116.652501">
        <time>2022-06-20T13:46:28Z</time>
      </trkpt>
      <trkpt lat="39.91127" lon="116.652402">
        <time>2022-06-20T13:46:33Z</time>
      </trkpt>
      <trkpt lat="39.91118" lon="116.652279">
        <time>2022-06-20T13:46:38Z</time>
      </trkpt>
      <trkpt lat="39.911135" lon="116.652202">
        <time>2022-06-20T13:46:43Z</time>
      </trkpt>
      <trkpt lat="39.911058" lon="116.652084">
        <time>2022-06-20T13:46:48Z</time>
      </trkpt>
      <trkpt lat="39.911027" lon="116.651979">
        <time>2022-06-20T13:46:53Z</time>
      </trkpt>
      <trkpt lat="39.911155" lon="116.651938">
        <time>2022-06-20T13:46:58Z</time>
      </trkpt>
      <trkpt lat="39.911184" lon="116.651905">
        <time>2022-06-20T13:47:03Z</time>
      </trkpt>
      <trkpt lat="39.911216" lon="116.651841">
        <time>2022-06-20T13:47:08Z</time>
      </trkpt>
      <trkpt lat="39.911191" lon="116.651788">
        <time>2022-06-20T13:47:13Z</time>
      </trkpt>
      <trkpt lat="39.91116" lon="116.651694">
        <time>2022-06-20T13:47:18Z</time>
      </trkpt>
      <trkpt lat="39.911199" lon="116.651584">
        <time>2022-06-20T13:47:23Z</time>
      </trkpt>
      <trkpt lat="39.911265" lon="116.651531">
        <time>2022-06-20T13:47:28Z</time>
      </trkpt>
      <trkpt lat="39.911312" lon="116.651488">
        <time>2022-06-20T13:47:33Z</time>
      </trkpt>
      <trkpt lat="39.911344" lon="116.651401">
        <time>2022-06-20T13:47:38Z</time>
      </trkpt>
      <trkpt lat="39.911386" lon="116.651194">
        <time>2022-06-20T13:47:43Z</time>
      </trkpt>
      <trkpt lat="39.91139" lon="116.65105">
        <time>2022-06-20T13:47:48Z</time>
      </trkpt>
      <trkpt lat="39.911289" lon="116.650837">
        <time>2022-06-20T13:47:53Z</time>
      </trkpt>
      <trkpt lat="39.911193" lon="116.65081">
        <time>2022-06-20T13:47:58Z</time>
      </trkpt>
      <trkpt lat="39.911127" lon="116.650813">
        <time>2022-06-20T13:48:03Z</time>
      </trkpt>
      <trkpt lat="39.911014" lon="116.650816">
        <time>2022-06-20T13:48:08Z</time>
      </trkpt>
      <trkpt lat="39.910936" lon="116.650847">
        <time>2022-06-20T13:48:13Z</time>
      </trkpt>
      <trkpt lat="39.910877" lon="116.65086">
        <time>2022-06-20T13:48:18Z</time>
      </trkpt>
      <trkpt lat="39.910808" lon="116.65087">
        <time>2022-06-20T13:48:23Z</time>
      </trkpt>
      <trkpt lat="39.910765" lon="116.650887">
        <time>2022-06-20T13:48:28Z</time>
      </trkpt>
      <trkpt lat="39.910688" lon="116.650907">
        <time>2022-06-20T13:48:33Z</time>
      </trkpt>
      <trkpt lat="39.910587" lon="116.650909">
        <time>2022-06-20T13:48:38Z</time>
      </trkpt>
      <trkpt lat="39.910511" lon="116.650924">
        <time>2022-06-20T13:48:43Z</time>
      </trkpt>
      <trkpt lat="39.910389" lon="116.650943">
        <time>2022-06-20T13:48:48Z</time>
      </trkpt>
      <trkpt lat="39.910291" lon="116.650964">
        <time>2022-06-20T13:48:53Z</time>
      </trkpt>
      <trkpt lat="39.910235" lon="116.650984">
        <time>2022-06-20T13:48:58Z</time>
      </trkpt>
      <trkpt lat="39.910171" lon="116.650994">
        <time>2022-06-20T13:49:03Z</time>
      </trkpt>
      <trkpt lat="39.9101" lon="116.651015">
        <time>2022-06-20T13:49:08Z</time>
      </trkpt>
      <trkpt lat="39.910003" lon="116.651029">
        <time>2022-06-20T13:49:13Z</time>
      </trkpt>
      <trkpt lat="39.909953" lon="116.651021">
        <time>2022-06-20T13:49:18Z</time>
      </trkpt>
      <trkpt lat="39.909964" lon="116.651001">
        <time>2022-06-20T13:49:23Z</time>
      </trkpt>
      <trkpt lat="39.909968" lon="116.651006">
        <time>2022-06-20T13:49:28Z</time>
      </trkpt>
      <trkpt lat="39.909987" lon="116.650979">
        <time>2022-06-20T13:49:33Z</time>
      </trkpt>
      <trkpt lat="39.909995" lon="116.650904">
        <time>2022-06-20T13:49:38Z</time>
      </trkpt>
      <trkpt lat="39.910028" lon="116.650863">
        <time>2022-06-20T13:49:43Z</time>
      </trkpt>
      <trkpt lat="39.910058" lon="116.650712">
        <time>2022-06-20T13:49:48Z</time>
      </trkpt>
      <trkpt lat="39.910055" lon="116.650551">
        <time>2022-06-20T13:49:53Z</time>
      </trkpt>
      <trkpt lat="39.910066" lon="116.650438">
        <time>2022-06-20T13:49:58Z</time>
      </trkpt>
      <trkpt lat="39.910047" lon="116.650267">
        <time>2022-06-20T13:50:03Z</time>
      </trkpt>
      <trkpt lat="39.910047" lon="116.650156">
        <time>2022-06-20T13:50:08Z</time>
      </trkpt>
      <trkpt lat="39.91002" lon="116.650007">
        <time>2022-06-20T13:50:13Z</time>
      </trkpt>
      <trkpt lat="39.909997" lon="116.649828">
        <time>2022-06-20T13:50:18Z</time>
      </trkpt>
      <trkpt lat="39.909972" lon="116.649681">
        <time>2022-06-20T13:50:23Z</time>
      </trkpt>
      <trkpt lat="39.909932" lon="116.649548">
        <time>2022-06-20T13:50:28Z</time>
      </trkpt>
      <trkpt lat="39.909897" lon="116.649397">
        <time>2022-06-20T13:50:33Z</time>
      </trkpt>
      <trkpt lat="39.909897" lon="116.649397">
        <time>2022-06-20T13:50:38Z</time>
      </trkpt>
      <trkpt lat="39.909883" lon="116.64933">
        <time>2022-06-20T13:50:43Z</time>
      </trkpt>
      <trkpt lat="39.909819" lon="116.649137">
        <time>2022-06-20T13:50:48Z</time>
      </trkpt>
      <trkpt lat="39.909781" lon="116.649068">
        <time>2022-06-20T13:50:53Z</time>
      </trkpt>
      <trkpt lat="39.909717" lon="116.648839">
        <time>2022-06-20T13:50:58Z</time>
      </trkpt>
      <trkpt lat="39.909698" lon="116.648777">
        <time>2022-06-20T13:51:03Z</time>
      </trkpt>
      <trkpt lat="39.909665" lon="116.648594">
        <time>2022-06-20T13:51:08Z</time>
      </trkpt>
      <trkpt lat="39.909635" lon="116.648499">
        <time>2022-06-20T13:51:13Z</time>
      </trkpt>
      <trkpt lat="39.909604" lon="116.648343">
        <time>2022-06-20T13:51:18Z</time>
      </trkpt>
      <trkpt lat="39.909548" lon="116.648215">
        <time>2022-06-20T13:51:23Z</time>
      </trkpt>
      <trkpt lat="39.909512" lon="116.648092">
        <time>2022-06-20T13:51:28Z</time>
      </trkpt>
      <trkpt lat="39.909475" lon="116.64798">
        <time>2022-06-20T13:51:33Z</time>
      </trkpt>
      <trkpt lat="39.909444" lon="116.647903">
        <time>2022-06-20T13:51:38Z</time>
      </trkpt>
      <trkpt lat="39.909431" lon="116.647824">
        <time>2022-06-20T13:51:43Z</time>
      </trkpt>
      <trkpt lat="39.909405" lon="116.647739">
        <time>2022-06-20T13:51:48Z</time>
      </trkpt>
      <trkpt lat="39.909377" lon="116.64766">
        <time>2022-06-20T13:51:53Z</time>
      </trkpt>
      <trkpt lat="39.909343" lon="116.647538">
        <time>2022-06-20T13:51:58Z</time>
      </trkpt>
      <trkpt lat="39.909319" lon="116.647469">
        <time>2022-06-20T13:52:03Z</time>
      </trkpt>
      <trkpt lat="39.909287" lon="116.647344">
        <time>2022-06-20T13:52:08Z</time>
      </trkpt>
      <trkpt lat="39.90925" lon="116.64721">
        <time>2022-06-20T13:52:13Z</time>
      </trkpt>
      <trkpt lat="39.909179" lon="116.647011">
        <time>2022-06-20T13:52:18Z</time>
      </trkpt>
      <trkpt lat="39.909147" lon="116.646887">
        <time>2022-06-20T13:52:23Z</time>
      </trkpt>
      <trkpt lat="39.909107" lon="116.646727">
        <time>2022-06-20T13:52:28Z</time>
      </trkpt>
      <trkpt lat="39.909071" lon="116.646608">
        <time>2022-06-20T13:52:33Z</time>
      </trkpt>
      <trkpt lat="39.909038" lon="116.646458">
        <time>2022-06-20T13:52:38Z</time>
      </trkpt>
      <trkpt lat="39.909001" lon="116.646313">
        <time>2022-06-20T13:52:43Z</time>
      </trkpt>
      <trkpt lat="39.908961" lon="116.646158">
        <time>2022-06-20T13:52:48Z</time>
      </trkpt>
      <trkpt lat="39.908934" lon="116.646029">
        <time>2022-06-20T13:52:53Z</time>
      </trkpt>
      <trkpt lat="39.908916" lon="116.64596">
        <time>2022-06-20T13:52:58Z</time>
      </trkpt>
      <trkpt lat="39.908855" lon="116.645834">
        <time>2022-06-20T13:53:03Z</time>
      </trkpt>
      <trkpt lat="39.908823" lon="116.645689">
        <time>2022-06-20T13:53:08Z</time>
      </trkpt>
      <trkpt lat="39.908802" lon="116.645561">
        <time>2022-06-20T13:53:13Z</time>
      </trkpt>
      <trkpt lat="39.90879" lon="116.645415">
        <time>2022-06-20T13:53:18Z</time>
      </trkpt>
      <trkpt lat="39.908768" lon="116.645284">
        <time>2022-06-20T13:53:23Z</time>
      </trkpt>
      <trkpt lat="39.908745" lon="116.645139">
        <time>2022-06-20T13:53:28Z</time>
      </trkpt>
      <trkpt lat="39.908738" lon="116.645">
        <time>2022-06-20T13:53:33Z</time>
      </trkpt>
      <trkpt lat="39.908704" lon="116.644865">
        <time>2022-06-20T13:53:38Z</time>
      </trkpt>
      <trkpt lat="39.908704" lon="116.644742">
        <time>2022-06-20T13:53:43Z</time>
      </trkpt>
      <trkpt lat="39.908704" lon="116.644643">
        <time>2022-06-20T13:53:48Z</time>
      </trkpt>
      <trkpt lat="39.908696" lon="116.644553">
        <time>2022-06-20T13:53:53Z</time>
      </trkpt>
      <trkpt lat="39.908693" lon="116.644461">
        <time>2022-06-20T13:53:58Z</time>
      </trkpt>
      <trkpt lat="39.908677" lon="116.644382">
        <time>2022-06-20T13:54:03Z</time>
      </trkpt>
      <trkpt lat="39.908654" lon="116.644248">
        <time>2022-06-20T13:54:08Z</time>
      </trkpt>
      <trkpt lat="39.908658" lon="116.644126">
        <time>2022-06-20T13:54:13Z</time>
      </trkpt>
      <trkpt lat="39.908655" lon="116.643994">
        <time>2022-06-20T13:54:18Z</time>
      </trkpt>
      <trkpt lat="39.908691" lon="116.643855">
        <time>2022-06-20T13:54:23Z</time>
      </trkpt>
      <trkpt lat="39.908694" lon="116.643699">
        <time>2022-06-20T13:54:28Z</time>
      </trkpt>
      <trkpt lat="39.90869" lon="116.643554">
        <time>2022-06-20T13:54:33Z</time>
      </trkpt>
      <trkpt lat="39.908703" lon="116.643372">
        <time>2022-06-20T13:54:38Z</time>
      </trkpt>
      <trkpt lat="39.908713" lon="116.643211">
        <time>2022-06-20T13:54:43Z</time>
      </trkpt>
      <trkpt lat="39.908705" lon="116.643023">
        <time>2022-06-20T13:54:48Z</time>
      </trkpt>
      <trkpt lat="39.908678" lon="116.642853">
        <time>2022-06-20T13:54:53Z</time>
      </trkpt>
      <trkpt lat="39.908677" lon="116.64269">
        <time>2022-06-20T13:54:58Z</time>
      </trkpt>
      <trkpt lat="39.908664" lon="116.64255">
        <time>2022-06-20T13:55:03Z</time>
      </trkpt>
      <trkpt lat="39.908644" lon="116.642302">
        <time>2022-06-20T13:55:08Z</time>
      </trkpt>
      <trkpt lat="39.908633" lon="116.642194">
        <time>2022-06-20T13:55:13Z</time>
      </trkpt>
      <trkpt lat="39.908613" lon="116.641938">
        <time>2022-06-20T13:55:18Z</time>
      </trkpt>
      <trkpt lat="39.908595" lon="116.641745">
        <time>2022-06-20T13:55:23Z</time>
      </trkpt>
      <trkpt lat="39.908596" lon="116.641557">
        <time>2022-06-20T13:55:28Z</time>
      </trkpt>
      <trkpt lat="39.908589" lon="116.641481">
        <time>2022-06-20T13:55:33Z</time>
      </trkpt>
      <trkpt lat="39.908589" lon="116.641384">
        <time>2022-06-20T13:55:38Z</time>
      </trkpt>
      <trkpt lat="39.908605" lon="116.641312">
        <time>2022-06-20T13:55:43Z</time>
      </trkpt>
      <trkpt lat="39.908624" lon="116.641222">
        <time>2022-06-20T13:55:48Z</time>
      </trkpt>
      <trkpt lat="39.908628" lon="116.641109">
        <time>2022-06-20T13:55:53Z</time>
      </trkpt>
      <trkpt lat="39.908617" lon="116.640969">
        <time>2022-06-20T13:55:58Z</time>
      </trkpt>
      <trkpt lat="39.908599" lon="116.640833">
        <time>2022-06-20T13:56:03Z</time>
      </trkpt>
      <trkpt lat="39.908641" lon="116.640591">
        <time>2022-06-20T13:56:08Z</time>
      </trkpt>
      <trkpt lat="39.908641" lon="116.640532">
        <time>2022-06-20T13:56:13Z</time>
      </trkpt>
      <trkpt lat="39.908632" lon="116.640373">
        <time>2022-06-20T13:56:18Z</time>
      </trkpt>
      <trkpt lat="39.908637" lon="116.640243">
        <time>2022-06-20T13:56:23Z</time>
      </trkpt>
      <trkpt lat="39.908628" lon="116.640009">
        <time>2022-06-20T13:56:28Z</time>
      </trkpt>
      <trkpt lat="39.90861" lon="116.639907">
        <time>2022-06-20T13:56:33Z</time>
      </trkpt>
      <trkpt lat="39.908588" lon="116.639667">
        <time>2022-06-20T13:56:38Z</time>
      </trkpt>
      <trkpt lat="39.908575" lon="116.639543">
        <time>2022-06-20T13:56:43Z</time>
      </trkpt>
      <trkpt lat="39.908552" lon="116.639357">
        <time>2022-06-20T13:56:48Z</time>
      </trkpt>
      <trkpt lat="39.90858" lon="116.639224">
        <time>2022-06-20T13:56:53Z</time>
      </trkpt>
      <trkpt lat="39.908577" lon="116.63904">
        <time>2022-06-20T13:56:58Z</time>
      </trkpt>
      <trkpt lat="39.908609" lon="116.638915">
        <time>2022-06-20T13:57:03Z</time>
      </trkpt>
      <trkpt lat="39.908583" lon="116.638761">
        <time>2022-06-20T13:57:08Z</time>
      </trkpt>
      <trkpt lat="39.908611" lon="116.638592">
        <time>2022-06-20T13:57:13Z</time>
      </trkpt>
      <trkpt lat="39.908605" lon="116.638415">
        <time>2022-06-20T13:57:18Z</time>
      </trkpt>
      <trkpt lat="39.908555" lon="116.638245">
        <time>2022-06-20T13:57:23Z</time>
      </trkpt>
      <trkpt lat="39.908517" lon="116.638052">
        <time>2022-06-20T13:57:28Z</time>
      </trkpt>
      <trkpt lat="39.908471" lon="116.637926">
        <time>2022-06-20T13:57:33Z</time>
      </trkpt>
      <trkpt lat="39.908359" lon="116.637787">
        <time>2022-06-20T13:57:38Z</time>
      </trkpt>
      <trkpt lat="39.908305" lon="116.637691">
        <time>2022-06-20T13:57:43Z</time>
      </trkpt>
      <trkpt lat="39.908235" lon="116.637656">
        <time>2022-06-20T13:57:48Z</time>
      </trkpt>
      <trkpt lat="39.908265" lon="116.637546">
        <time>2022-06-20T13:57:53Z</time>
      </trkpt>
      <trkpt lat="39.908288" lon="116.637396">
        <time>2022-06-20T13:57:58Z</time>
      </trkpt>
      <trkpt lat="39.908288" lon="116.637373">
        <time>2022-06-20T13:58:03Z</time>
      </trkpt>
      <trkpt lat="39.908308" lon="116.637278">
        <time>2022-06-20T13:58:08Z</time>
      </trkpt>
      <trkpt lat="39.908336" lon="116.637149">
        <time>2022-06-20T13:58:13Z</time>
      </trkpt>
      <trkpt lat="39.908347" lon="116.636959">
        <time>2022-06-20T13:58:18Z</time>
      </trkpt>
      <trkpt lat="39.908363" lon="116.63678">
        <time>2022-06-20T13:58:23Z</time>
      </trkpt>
      <trkpt lat="39.908413" lon="116.636589">
        <time>2022-06-20T13:58:28Z</time>
      </trkpt>
      <trkpt lat="39.90843" lon="116.636459">
        <time>2022-06-20T13:58:33Z</time>
      </trkpt>
      <trkpt lat="39.908494" lon="116.636281">
        <time>2022-06-20T13:58:38Z</time>
      </trkpt>
      <trkpt lat="39.908515" lon="116.636151">
        <time>2022-06-20T13:58:43Z</time>
      </trkpt>
      <trkpt lat="39.90859" lon="116.635972">
        <time>2022-06-20T13:58:48Z</time>
      </trkpt>
      <trkpt lat="39.908576" lon="116.635835">
        <time>2022-06-20T13:58:53Z</time>
      </trkpt>
      <trkpt lat="39.908513" lon="116.635637">
        <time>2022-06-20T13:58:58Z</time>
      </trkpt>
      <trkpt lat="39.90851" lon="116.635512">
        <time>2022-06-20T13:59:03Z</time>
      </trkpt>
      <trkpt lat="39.908571" lon="116.635323">
        <time>2022-06-20T13:59:08Z</time>
      </trkpt>
      <trkpt lat="39.908557" lon="116.635237">
        <time>2022-06-20T13:59:13Z</time>
      </trkpt>
      <trkpt lat="39.908547" lon="116.635168">
        <time>2022-06-20T13:59:18Z</time>
      </trkpt>
      <trkpt lat="39.908548" lon="116.635047">
        <time>2022-06-20T13:59:23Z</time>
      </trkpt>
      <trkpt lat="39.908534" lon="116.634982">
        <time>2022-06-20T13:59:28Z</time>
      </trkpt>
      <trkpt lat="39.90851" lon="116.634863">
        <time>2022-06-20T13:59:33Z</time>
      </trkpt>
      <trkpt lat="39.908495" lon="116.634787">
        <time>2022-06-20T13:59:38Z</time>
      </trkpt>
      <trkpt lat="39.908525" lon="116.634667">
        <time>2022-06-20T13:59:43Z</time>
      </trkpt>
      <trkpt lat="39.908521" lon="116.634553">
        <time>2022-06-20T13:59:48Z</time>
      </trkpt>
      <trkpt lat="39.908493" lon="116.634374">
        <time>2022-06-20T13:59:53Z</time>
      </trkpt>
      <trkpt lat="39.908455" lon="116.634206">
        <time>2022-06-20T13:59:58Z</time>
      </trkpt>
      <trkpt lat="39.908433" lon="116.634018">
        <time>2022-06-20T14:00:03Z</time>
      </trkpt>
      <trkpt lat="39.90848" lon="116.633907">
        <time>2022-06-20T14:00:08Z</time>
      </trkpt>
      <trkpt lat="39.908476" lon="116.63374">
        <time>2022-06-20T14:00:13Z</time>
      </trkpt>
      <trkpt lat="39.908466" lon="116.633598">
        <time>2022-06-20T14:00:18Z</time>
      </trkpt>
      <trkpt lat="39.908458" lon="116.633448">
        <time>2022-06-20T14:00:23Z</time>
      </trkpt>
      <trkpt lat="39.908446" lon="116.633291">
        <time>2022-06-20T14:00:28Z</time>
      </trkpt>
      <trkpt lat="39.908449" lon="116.633172">
        <time>2022-06-20T14:00:33Z</time>
      </trkpt>
      <trkpt lat="39.908444" lon="116.632986">
        <time>2022-06-20T14:00:38Z</time>
      </trkpt>
      <trkpt lat="39.908429" lon="116.632853">
        <time>2022-06-20T14:00:43Z</time>
      </trkpt>
      <trkpt lat="39.90842" lon="116.632669">
        <time>2022-06-20T14:00:48Z</time>
      </trkpt>
      <trkpt lat="39.908443" lon="116.632559">
        <time>2022-06-20T14:00:53Z</time>
      </trkpt>
      <trkpt lat="39.908427" lon="116.632463">
        <time>2022-06-20T14:00:58Z</time>
      </trkpt>
      <trkpt lat="39.908426" lon="116.632373">
        <time>2022-06-20T14:01:03Z</time>
      </trkpt>
      <trkpt lat="39.908415" lon="116.632263">
        <time>2022-06-20T14:01:08Z</time>
      </trkpt>
      <trkpt lat="39.908386" lon="116.63218">
        <time>2022-06-20T14:01:13Z</time>
      </trkpt>
      <trkpt lat="39.908379" lon="116.632084">
        <time>2022-06-20T14:01:18Z</time>
      </trkpt>
      <trkpt lat="39.90833" lon="116.631942">
        <time>2022-06-20T14:01:23Z</time>
      </trkpt>
      <trkpt lat="39.908309" lon="116.631802">
        <time>2022-06-20T14:01:28Z</time>
      </trkpt>
      <trkpt lat="39.908308" lon="116.631695">
        <time>2022-06-20T14:01:33Z</time>
      </trkpt>
      <trkpt lat="39.908275" lon="116.631498">
        <time>2022-06-20T14:01:38Z</time>
      </trkpt>
      <trkpt lat="39.908263" lon="116.631454">
        <time>2022-06-20T14:01:43Z</time>
      </trkpt>
      <trkpt lat="39.908266" lon="116.631332">
        <time>2022-06-20T14:01:48Z</time>
      </trkpt>
      <trkpt lat="39.908242" lon="116.631212">
        <time>2022-06-20T14:01:53Z</time>
      </trkpt>
      <trkpt lat="39.908203" lon="116.631102">
        <time>2022-06-20T14:01:58Z</time>
      </trkpt>
      <trkpt lat="39.908153" lon="116.630988">
        <time>2022-06-20T14:02:03Z</time>
      </trkpt>
      <trkpt lat="39.90815" lon="116.63086">
        <time>2022-06-20T14:02:08Z</time>
      </trkpt>
      <trkpt lat="39.90816" lon="116.630822">
        <time>2022-06-20T14:02:13Z</time>
      </trkpt>
      <trkpt lat="39.908177" lon="116.630715">
        <time>2022-06-20T14:02:18Z</time>
      </trkpt>
      <trkpt lat="39.908166" lon="116.630595">
        <time>2022-06-20T14:02:23Z</time>
      </trkpt>
      <trkpt lat="39.908135" lon="116.630518">
        <time>2022-06-20T14:02:28Z</time>
      </trkpt>
      <trkpt lat="39.908094" lon="116.630416">
        <time>2022-06-20T14:02:33Z</time>
      </trkpt>
      <trkpt lat="39.908043" lon="116.630291">
        <time>2022-06-20T14:02:38Z</time>
      </trkpt>
      <trkpt lat="39.90803" lon="116.630183">
        <time>2022-06-20T14:02:43Z</time>
      </trkpt>
      <trkpt lat="39.90804" lon="116.630049">
        <time>2022-06-20T14:02:48Z</time>
      </trkpt>
      <trkpt lat="39.90802" lon="116.629956">
        <time>2022-06-20T14:02:53Z</time>
      </trkpt>
      <trkpt lat="39.908009" lon="116.629837">
        <time>2022-06-20T14:02:58Z</time>
      </trkpt>
      <trkpt lat="39.908" lon="116.629752">
        <time>2022-06-20T14:03:03Z</time>
      </trkpt>
      <trkpt lat="39.907965" lon="116.629649">
        <time>2022-06-20T14:03:08Z</time>
      </trkpt>
      <trkpt lat="39.907949" lon="116.629534">
        <time>2022-06-20T14:03:13Z</time>
      </trkpt>
      <trkpt lat="39.907934" lon="116.629388">
        <time>2022-06-20T14:03:18Z</time>
      </trkpt>
      <trkpt lat="39.90795" lon="116.629275">
        <time>2022-06-20T14:03:23Z</time>
      </trkpt>
      <trkpt lat="39.907985" lon="116.629126">
        <time>2022-06-20T14:03:28Z</time>
      </trkpt>
      <trkpt lat="39.907995" lon="116.629048">
        <time>2022-06-20T14:03:33Z</time>
      </trkpt>
      <trkpt lat="39.907974" lon="116.628891">
        <time>2022-06-20T14:03:38Z</time>
      </trkpt>
      <trkpt lat="39.90796" lon="116.628721">
        <time>2022-06-20T14:03:43Z</time>
      </trkpt>
      <trkpt lat="39.90796" lon="116.628626">
        <time>2022-06-20T14:03:48Z</time>
      </trkpt>
      <trkpt lat="39.907921" lon="116.628509">
        <time>2022-06-20T14:03:53Z</time>
      </trkpt>
      <trkpt lat="39.907891" lon="116.628411">
        <time>2022-06-20T14:03:58Z</time>
      </trkpt>
      <trkpt lat="39.907869" lon="116.628291">
        <time>2022-06-20T14:04:03Z</time>
      </trkpt>
      <trkpt lat="39.907866" lon="116.62822">
        <time>2022-06-20T14:04:08Z</time>
      </trkpt>
      <trkpt lat="39.907848" lon="116.62813">
        <time>2022-06-20T14:04:13Z</time>
      </trkpt>
      <trkpt lat="39.907839" lon="116.628019">
        <time>2022-06-20T14:04:18Z</time>
      </trkpt>
      <trkpt lat="39.90784" lon="116.627903">
        <time>2022-06-20T14:04:23Z</time>
      </trkpt>
      <trkpt lat="39.907827" lon="116.627718">
        <time>2022-06-20T14:04:28Z</time>
      </trkpt>
      <trkpt lat="39.907813" lon="116.627579">
        <time>2022-06-20T14:04:33Z</time>
      </trkpt>
      <trkpt lat="39.907764" lon="116.627449">
        <time>2022-06-20T14:04:38Z</time>
      </trkpt>
      <trkpt lat="39.907727" lon="116.627274">
        <time>2022-06-20T14:04:43Z</time>
      </trkpt>
      <trkpt lat="39.907711" lon="116.62711">
        <time>2022-06-20T14:04:48Z</time>
      </trkpt>
      <trkpt lat="39.907705" lon="116.62702">
        <time>2022-06-20T14:04:53Z</time>
      </trkpt>
      <trkpt lat="39.907703" lon="116.626927">
        <time>2022-06-20T14:04:58Z</time>
      </trkpt>
      <trkpt lat="39.907688" lon="116.626792">
        <time>2022-06-20T14:05:03Z</time>
      </trkpt>
      <trkpt lat="39.907681" lon="116.626748">
        <time>2022-06-20T14:05:08Z</time>
      </trkpt>
      <trkpt lat="39.90768" lon="116.626623">
        <time>2022-06-20T14:05:13Z</time>
      </trkpt>
      <trkpt lat="39.907657" lon="116.626543">
        <time>2022-06-20T14:05:18Z</time>
      </trkpt>
      <trkpt lat="39.907628" lon="116.62644">
        <time>2022-06-20T14:05:23Z</time>
      </trkpt>
      <trkpt lat="39.907617" lon="116.626327">
        <time>2022-06-20T14:05:28Z</time>
      </trkpt>
      <trkpt lat="39.907614" lon="116.626241">
        <time>2022-06-20T14:05:33Z</time>
      </trkpt>
      <trkpt lat="39.907594" lon="116.626116">
        <time>2022-06-20T14:05:38Z</time>
      </trkpt>
      <trkpt lat="39.907593" lon="116.625992">
        <time>2022-06-20T14:05:43Z</time>
      </trkpt>
      <trkpt lat="39.907573" lon="116.625862">
        <time>2022-06-20T14:05:48Z</time>
      </trkpt>
      <trkpt lat="39.907573" lon="116.625775">
        <time>2022-06-20T14:05:53Z</time>
      </trkpt>
      <trkpt lat="39.907558" lon="116.625648">
        <time>2022-06-20T14:05:58Z</time>
      </trkpt>
      <trkpt lat="39.907535" lon="116.625439">
        <time>2022-06-20T14:06:03Z</time>
      </trkpt>
      <trkpt lat="39.907522" lon="116.625302">
        <time>2022-06-20T14:06:08Z</time>
      </trkpt>
      <trkpt lat="39.907537" lon="116.625146">
        <time>2022-06-20T14:06:13Z</time>
      </trkpt>
      <trkpt lat="39.907515" lon="116.62502">
        <time>2022-06-20T14:06:18Z</time>
      </trkpt>
      <trkpt lat="39.907493" lon="116.624869">
        <time>2022-06-20T14:06:23Z</time>
      </trkpt>
      <trkpt lat="39.907465" lon="116.624738">
        <time>2022-06-20T14:06:28Z</time>
      </trkpt>
      <trkpt lat="39.907475" lon="116.624582">
        <time>2022-06-20T14:06:33Z</time>
      </trkpt>
      <trkpt lat="39.907505" lon="116.624381">
        <time>2022-06-20T14:06:38Z</time>
      </trkpt>
      <trkpt lat="39.907493" lon="116.624255">
        <time>2022-06-20T14:06:43Z</time>
      </trkpt>
      <trkpt lat="39.907454" lon="116.62412">
        <time>2022-06-20T14:06:48Z</time>
      </trkpt>
      <trkpt lat="39.907409" lon="116.624009">
        <time>2022-06-20T14:06:53Z</time>
      </trkpt>
      <trkpt lat="39.907418" lon="116.623898">
        <time>2022-06-20T14:06:58Z</time>
      </trkpt>
      <trkpt lat="39.907426" lon="116.623797">
        <time>2022-06-20T14:07:03Z</time>
      </trkpt>
      <trkpt lat="39.907365" lon="116.623706">
        <time>2022-06-20T14:07:08Z</time>
      </trkpt>
      <trkpt lat="39.907327" lon="116.623599">
        <time>2022-06-20T14:07:13Z</time>
      </trkpt>
      <trkpt lat="39.907303" lon="116.623477">
        <time>2022-06-20T14:07:18Z</time>
      </trkpt>
      <trkpt lat="39.907289" lon="116.623305">
        <time>2022-06-20T14:07:23Z</time>
      </trkpt>
      <trkpt lat="39.907278" lon="116.623185">
        <time>2022-06-20T14:07:28Z</time>
      </trkpt>
      <trkpt lat="39.907237" lon="116.623028">
        <time>2022-06-20T14:07:33Z</time>
      </trkpt>
      <trkpt lat="39.90721" lon="116.622945">
        <time>2022-06-20T14:07:38Z</time>
      </trkpt>
      <trkpt lat="39.907191" lon="116.622795">
        <time>2022-06-20T14:07:43Z</time>
      </trkpt>
      <trkpt lat="39.907175" lon="116.622593">
        <time>2022-06-20T14:07:48Z</time>
      </trkpt>
      <trkpt lat="39.907159" lon="116.622457">
        <time>2022-06-20T14:07:53Z</time>
      </trkpt>
      <trkpt lat="39.907165" lon="116.622383">
        <time>2022-06-20T14:07:58Z</time>
      </trkpt>
      <trkpt lat="39.907142" lon="116.622318">
        <time>2022-06-20T14:08:03Z</time>
      </trkpt>
      <trkpt lat="39.90712" lon="116.622215">
        <time>2022-06-20T14:08:08Z</time>
      </trkpt>
      <trkpt lat="39.907111" lon="116.622123">
        <time>2022-06-20T14:08:13Z</time>
      </trkpt>
      <trkpt lat="39.907095" lon="116.622028">
        <time>2022-06-20T14:08:18Z</time>
      </trkpt>
      <trkpt lat="39.907064" lon="116.621917">
        <time>2022-06-20T14:08:23Z</time>
      </trkpt>
      <trkpt lat="39.907055" lon="116.62179">
        <time>2022-06-20T14:08:28Z</time>
      </trkpt>
      <trkpt lat="39.907016" lon="116.621665">
        <time>2022-06-20T14:08:33Z</time>
      </trkpt>
      <trkpt lat="39.907022" lon="116.621524">
        <time>2022-06-20T14:08:38Z</time>
      </trkpt>
      <trkpt lat="39.907003" lon="116.621366">
        <time>2022-06-20T14:08:43Z</time>
      </trkpt>
      <trkpt lat="39.906962" lon="116.621212">
        <time>2022-06-20T14:08:48Z</time>
      </trkpt>
      <trkpt lat="39.906934" lon="116.621056">
        <time>2022-06-20T14:08:53Z</time>
      </trkpt>
      <trkpt lat="39.906934" lon="116.620954">
        <time>2022-06-20T14:08:58Z</time>
      </trkpt>
      <trkpt lat="39.906905" lon="116.62083">
        <time>2022-06-20T14:09:03Z</time>
      </trkpt>
      <trkpt lat="39.906895" lon="116.620757">
        <time>2022-06-20T14:09:08Z</time>
      </trkpt>
      <trkpt lat="39.906896" lon="116.620618">
        <time>2022-06-20T14:09:13Z</time>
      </trkpt>
      <trkpt lat="39.906904" lon="116.620542">
        <time>2022-06-20T14:09:18Z</time>
      </trkpt>
      <trkpt lat="39.90687" lon="116.62044">
        <time>2022-06-20T14:09:23Z</time>
      </trkpt>
      <trkpt lat="39.906864" lon="116.620377">
        <time>2022-06-20T14:09:28Z</time>
      </trkpt>
      <trkpt lat="39.90686" lon="116.620267">
        <time>2022-06-20T14:09:33Z</time>
      </trkpt>
      <trkpt lat="39.906858" lon="116.620172">
        <time>2022-06-20T14:09:38Z</time>
      </trkpt>
      <trkpt lat="39.90682" lon="116.62005">
        <time>2022-06-20T14:09:43Z</time>
      </trkpt>
      <trkpt lat="39.906833" lon="116.619829">
        <time>2022-06-20T14:09:48Z</time>
      </trkpt>
      <trkpt lat="39.90682" lon="116.619719">
        <time>2022-06-20T14:09:53Z</time>
      </trkpt>
      <trkpt lat="39.906809" lon="116.619524">
        <time>2022-06-20T14:09:58Z</time>
      </trkpt>
      <trkpt lat="39.90679" lon="116.619381">
        <time>2022-06-20T14:10:03Z</time>
      </trkpt>
      <trkpt lat="39.906747" lon="116.619196">
        <time>2022-06-20T14:10:08Z</time>
      </trkpt>
      <trkpt lat="39.906731" lon="116.619127">
        <time>2022-06-20T14:10:13Z</time>
      </trkpt>
      <trkpt lat="39.906707" lon="116.618955">
        <time>2022-06-20T14:10:18Z</time>
      </trkpt>
      <trkpt lat="39.906696" lon="116.618879">
        <time>2022-06-20T14:10:23Z</time>
      </trkpt>
      <trkpt lat="39.906652" lon="116.618743">
        <time>2022-06-20T14:10:28Z</time>
      </trkpt>
      <trkpt lat="39.906633" lon="116.618471">
        <time>2022-06-20T14:10:33Z</time>
      </trkpt>
      <trkpt lat="39.906634" lon="116.618433">
        <time>2022-06-20T14:10:38Z</time>
      </trkpt>
      <trkpt lat="39.906608" lon="116.618152">
        <time>2022-06-20T14:10:43Z</time>
      </trkpt>
      <trkpt lat="39.906611" lon="116.618075">
        <time>2022-06-20T14:10:48Z</time>
      </trkpt>
      <trkpt lat="39.906619" lon="116.617933">
        <time>2022-06-20T14:10:53Z</time>
      </trkpt>
      <trkpt lat="39.906606" lon="116.617798">
        <time>2022-06-20T14:10:58Z</time>
      </trkpt>
      <trkpt lat="39.906584" lon="116.617614">
        <time>2022-06-20T14:11:03Z</time>
      </trkpt>
      <trkpt lat="39.90655" lon="116.61744">
        <time>2022-06-20T14:11:08Z</time>
      </trkpt>
      <trkpt lat="39.906529" lon="116.617254">
        <time>2022-06-20T14:11:13Z</time>
      </trkpt>
      <trkpt lat="39.906521" lon="116.617133">
        <time>2022-06-20T14:11:18Z</time>
      </trkpt>
      <trkpt lat="39.906516" lon="116.616965">
        <time>2022-06-20T14:11:23Z</time>
      </trkpt>
      <trkpt lat="39.906477" lon="116.616769">
        <time>2022-06-20T14:11:28Z</time>
      </trkpt>
      <trkpt lat="39.906439" lon="116.616568">
        <time>2022-06-20T14:11:33Z</time>
      </trkpt>
      <trkpt lat="39.906395" lon="116.616424">
        <time>2022-06-20T14:11:38Z</time>
      </trkpt>
      <trkpt lat="39.906346" lon="116.61629">
        <time>2022-06-20T14:11:43Z</time>
      </trkpt>
      <trkpt lat="39.906251" lon="116.616103">
        <time>2022-06-20T14:11:48Z</time>
      </trkpt>
      <trkpt lat="39.906217" lon="116.615937">
        <time>2022-06-20T14:11:53Z</time>
      </trkpt>
      <trkpt lat="39.906195" lon="116.61587">
        <time>2022-06-20T14:11:58Z</time>
      </trkpt>
      <trkpt lat="39.90615" lon="116.615788">
        <time>2022-06-20T14:12:03Z</time>
      </trkpt>
      <trkpt lat="39.906127" lon="116.615685">
        <time>2022-06-20T14:12:08Z</time>
      </trkpt>
      <trkpt lat="39.906082" lon="116.61555">
        <time>2022-06-20T14:12:13Z</time>
      </trkpt>
      <trkpt lat="39.906016" lon="116.615416">
        <time>2022-06-20T14:12:18Z</time>
      </trkpt>
      <trkpt lat="39.90594" lon="116.615283">
        <time>2022-06-20T14:12:23Z</time>
      </trkpt>
      <trkpt lat="39.905892" lon="116.615173">
        <time>2022-06-20T14:12:28Z</time>
      </trkpt>
      <trkpt lat="39.905862" lon="116.615105">
        <time>2022-06-20T14:12:33Z</time>
      </trkpt>
      <trkpt lat="39.90585" lon="116.615013">
        <time>2022-06-20T14:12:38Z</time>
      </trkpt>
      <trkpt lat="39.905855" lon="116.614942">
        <time>2022-06-20T14:12:43Z</time>
      </trkpt>
      <trkpt lat="39.905848" lon="116.614828">
        <time>2022-06-20T14:12:48Z</time>
      </trkpt>
      <trkpt lat="39.905824" lon="116.61475">
        <time>2022-06-20T14:12:53Z</time>
      </trkpt>
      <trkpt lat="39.905764" lon="116.614769">
        <time>2022-06-20T14:12:58Z</time>
      </trkpt>
      <trkpt lat="39.905717" lon="116.614809">
        <time>2022-06-20T14:13:03Z</time>
      </trkpt>
      <trkpt lat="39.90572" lon="116.614898">
        <time>2022-06-20T14:13:08Z</time>
      </trkpt>
      <trkpt lat="39.90573" lon="116.615029">
        <time>2022-06-20T14:13:13Z</time>
      </trkpt>
      <trkpt lat="39.905737" lon="116.615117">
        <time>2022-06-20T14:13:18Z</time>
      </trkpt>
      <trkpt lat="39.905739" lon="116.61526">
        <time>2022-06-20T14:13:23Z</time>
      </trkpt>
      <trkpt lat="39.905744" lon="116.615421">
        <time>2022-06-20T14:13:28Z</time>
      </trkpt>
      <trkpt lat="39.905737" lon="116.61559">
        <time>2022-06-20T14:13:33Z</time>
      </trkpt>
      <trkpt lat="39.905717" lon="116.615748">
        <time>2022-06-20T14:13:38Z</time>
      </trkpt>
      <trkpt lat="39.905708" lon="116.615865">
        <time>2022-06-20T14:13:43Z</time>
      </trkpt>
      <trkpt lat="39.905682" lon="116.615979">
        <time>2022-06-20T14:13:48Z</time>
      </trkpt>
      <trkpt lat="39.905666" lon="116.616103">
        <time>2022-06-20T14:13:53Z</time>
      </trkpt>
      <trkpt lat="39.905699" lon="116.616196">
        <time>2022-06-20T14:13:58Z</time>
      </trkpt>
      <trkpt lat="39.905697" lon="116.616285">
        <time>2022-06-20T14:14:03Z</time>
      </trkpt>
      <trkpt lat="39.905702" lon="116.616416">
        <time>2022-06-20T14:14:08Z</time>
      </trkpt>
      <trkpt lat="39.905701" lon="116.6165">
        <time>2022-06-20T14:14:13Z</time>
      </trkpt>
      <trkpt lat="39.905691" lon="116.616616">
        <time>2022-06-20T14:14:18Z</time>
      </trkpt>
      <trkpt lat="39.905669" lon="116.616789">
        <time>2022-06-20T14:14:23Z</time>
      </trkpt>
      <trkpt lat="39.90565" lon="116.616932">
        <time>2022-06-20T14:14:28Z</time>
      </trkpt>
      <trkpt lat="39.905642" lon="116.617016">
        <time>2022-06-20T14:14:33Z</time>
      </trkpt>
      <trkpt lat="39.905635" lon="116.617207">
        <time>2022-06-20T14:14:38Z</time>
      </trkpt>
      <trkpt lat="39.905617" lon="116.617321">
        <time>2022-06-20T14:14:43Z</time>
      </trkpt>
      <trkpt lat="39.905619" lon="116.617442">
        <time>2022-06-20T14:14:48Z</time>
      </trkpt>
      <trkpt lat="39.905617" lon="116.617523">
        <time>2022-06-20T14:14:53Z</time>
      </trkpt>
      <trkpt lat="39.905605" lon="116.617651">
        <time>2022-06-20T14:14:58Z</time>
      </trkpt>
      <trkpt lat="39.905591" lon="116.617738">
        <time>2022-06-20T14:15:03Z</time>
      </trkpt>
      <trkpt lat="39.905607" lon="116.617823">
        <time>2022-06-20T14:15:08Z</time>
      </trkpt>
      <trkpt lat="39.905619" lon="116.617915">
        <time>2022-06-20T14:15:13Z</time>
      </trkpt>
      <trkpt lat="39.90562" lon="116.618051">
        <time>2022-06-20T14:15:18Z</time>
      </trkpt>
      <trkpt lat="39.905626" lon="116.61821">
        <time>2022-06-20T14:15:23Z</time>
      </trkpt>
      <trkpt lat="39.905637" lon="116.618417">
        <time>2022-06-20T14:15:28Z</time>
      </trkpt>
      <trkpt lat="39.905655" lon="116.618528">
        <time>2022-06-20T14:15:33Z</time>
      </trkpt>
      <trkpt lat="39.905657" lon="116.618701">
        <time>2022-06-20T14:15:38Z</time>
      </trkpt>
      <trkpt lat="39.905669" lon="116.618845">
        <time>2022-06-20T14:15:43Z</time>
      </trkpt>
      <trkpt lat="39.905683" lon="116.618999">
        <time>2022-06-20T14:15:48Z</time>
      </trkpt>
      <trkpt lat="39.905702" lon="116.619182">
        <time>2022-06-20T14:15:53Z</time>
      </trkpt>
      <trkpt lat="39.905747" lon="116.619379">
        <time>2022-06-20T14:15:58Z</time>
      </trkpt>
      <trkpt lat="39.905777" lon="116.619524">
        <time>2022-06-20T14:16:03Z</time>
      </trkpt>
      <trkpt lat="39.90578" lon="116.619654">
        <time>2022-06-20T14:16:08Z</time>
      </trkpt>
      <trkpt lat="39.905783" lon="116.61973">
        <time>2022-06-20T14:16:13Z</time>
      </trkpt>
      <trkpt lat="39.905774" lon="116.619854">
        <time>2022-06-20T14:16:18Z</time>
      </trkpt>
      <trkpt lat="39.905776" lon="116.619944">
        <time>2022-06-20T14:16:23Z</time>
      </trkpt>
      <trkpt lat="39.905778" lon="116.62002">
        <time>2022-06-20T14:16:28Z</time>
      </trkpt>
      <trkpt lat="39.905801" lon="116.620099">
        <time>2022-06-20T14:16:33Z</time>
      </trkpt>
      <trkpt lat="39.905814" lon="116.620164">
        <time>2022-06-20T14:16:38Z</time>
      </trkpt>
      <trkpt lat="39.905821" lon="116.620303">
        <time>2022-06-20T14:16:43Z</time>
      </trkpt>
      <trkpt lat="39.905827" lon="116.620385">
        <time>2022-06-20T14:16:48Z</time>
      </trkpt>
      <trkpt lat="39.905831" lon="116.620467">
        <time>2022-06-20T14:16:53Z</time>
      </trkpt>
      <trkpt lat="39.905842" lon="116.62059">
        <time>2022-06-20T14:16:58Z</time>
      </trkpt>
      <trkpt lat="39.905843" lon="116.620701">
        <time>2022-06-20T14:17:03Z</time>
      </trkpt>
      <trkpt lat="39.905848" lon="116.620773">
        <time>2022-06-20T14:17:08Z</time>
      </trkpt>
      <trkpt lat="39.905942" lon="116.620783">
        <time>2022-06-20T14:17:13Z</time>
      </trkpt>
      <trkpt lat="39.90605" lon="116.620768">
        <time>2022-06-20T14:17:18Z</time>
      </trkpt>
      <trkpt lat="39.906246" lon="116.620773">
        <time>2022-06-20T14:17:23Z</time>
      </trkpt>
      <trkpt lat="39.906358" lon="116.620806">
        <time>2022-06-20T14:19:10Z</time>
      </trkpt>
    </trkseg>
  </trk>
</gpx>