<?xml version="1.0" encoding="UTF-8"?>
<gpx xmlns="http://www.topografix.com/GPX/1/1" xmlns:gpxtpx="http://www.garmin.com/xmlschemas/TrackPointExtension/v1" xmlns:xsi="http://www.w3.org/2001/XMLSchema-instance" xsi:schemaLocation="http://www.topografix.com/GPX/1/1 http://www.topografix.com/GPX/1/1/gpx.xsd" version="1.1" creator="gpx.py -- https://github.com/tkrajina/gpxpy">
  <trk>
    <name>gpx from keep</name>
    <trkseg>
      <trkpt lat="39.905977" lon="116.620624">
        <time>2022-06-29T12:36:00Z</time>
      </trkpt>
      <trkpt lat="39.905977" lon="116.620624">
        <time>2022-06-29T12:36:05Z</time>
      </trkpt>
      <trkpt lat="39.90582" lon="116.620679">
        <time>2022-06-29T12:36:10Z</time>
      </trkpt>
      <trkpt lat="39.905659" lon="116.62049">
        <time>2022-06-29T12:36:15Z</time>
      </trkpt>
      <trkpt lat="39.905911" lon="116.620511">
        <time>2022-06-29T12:36:20Z</time>
      </trkpt>
      <trkpt lat="39.905886" lon="116.620299">
        <time>2022-06-29T12:36:25Z</time>
      </trkpt>
      <trkpt lat="39.905843" lon="116.620132">
        <time>2022-06-29T12:36:30Z</time>
      </trkpt>
      <trkpt lat="39.905829" lon="116.619997">
        <time>2022-06-29T12:36:35Z</time>
      </trkpt>
      <trkpt lat="39.905801" lon="116.619837">
        <time>2022-06-29T12:36:40Z</time>
      </trkpt>
      <trkpt lat="39.905793" lon="116.619703">
        <time>2022-06-29T12:36:45Z</time>
      </trkpt>
      <trkpt lat="39.905789" lon="116.619504">
        <time>2022-06-29T12:36:50Z</time>
      </trkpt>
      <trkpt lat="39.905758" lon="116.619424">
        <time>2022-06-29T12:36:55Z</time>
      </trkpt>
      <trkpt lat="39.905734" lon="116.619302">
        <time>2022-06-29T12:37:00Z</time>
      </trkpt>
      <trkpt lat="39.9057" lon="116.61913">
        <time>2022-06-29T12:37:05Z</time>
      </trkpt>
      <trkpt lat="39.90567" lon="116.618997">
        <time>2022-06-29T12:37:10Z</time>
      </trkpt>
      <trkpt lat="39.905645" lon="116.618827">
        <time>2022-06-29T12:37:15Z</time>
      </trkpt>
      <trkpt lat="39.905621" lon="116.618675">
        <time>2022-06-29T12:37:20Z</time>
      </trkpt>
      <trkpt lat="39.905629" lon="116.618514">
        <time>2022-06-29T12:37:25Z</time>
      </trkpt>
      <trkpt lat="39.905625" lon="116.618353">
        <time>2022-06-29T12:37:30Z</time>
      </trkpt>
      <trkpt lat="39.905606" lon="116.618154">
        <time>2022-06-29T12:37:35Z</time>
      </trkpt>
      <trkpt lat="39.905605" lon="116.617986">
        <time>2022-06-29T12:37:40Z</time>
      </trkpt>
      <trkpt lat="39.905592" lon="116.617837">
        <time>2022-06-29T12:37:45Z</time>
      </trkpt>
      <trkpt lat="39.905594" lon="116.617678">
        <time>2022-06-29T12:37:50Z</time>
      </trkpt>
      <trkpt lat="39.905616" lon="116.617535">
        <time>2022-06-29T12:37:55Z</time>
      </trkpt>
      <trkpt lat="39.905628" lon="116.61741">
        <time>2022-06-29T12:38:00Z</time>
      </trkpt>
      <trkpt lat="39.905636" lon="116.617281">
        <time>2022-06-29T12:38:05Z</time>
      </trkpt>
      <trkpt lat="39.905653" lon="116.617159">
        <time>2022-06-29T12:38:10Z</time>
      </trkpt>
      <trkpt lat="39.905633" lon="116.616994">
        <time>2022-06-29T12:38:15Z</time>
      </trkpt>
      <trkpt lat="39.905648" lon="116.61684">
        <time>2022-06-29T12:38:20Z</time>
      </trkpt>
      <trkpt lat="39.905622" lon="116.616685">
        <time>2022-06-29T12:38:25Z</time>
      </trkpt>
      <trkpt lat="39.905637" lon="116.616534">
        <time>2022-06-29T12:38:30Z</time>
      </trkpt>
      <trkpt lat="39.905657" lon="116.616393">
        <time>2022-06-29T12:38:35Z</time>
      </trkpt>
      <trkpt lat="39.905665" lon="116.616236">
        <time>2022-06-29T12:38:40Z</time>
      </trkpt>
      <trkpt lat="39.905683" lon="116.616067">
        <time>2022-06-29T12:38:45Z</time>
      </trkpt>
      <trkpt lat="39.905703" lon="116.61594">
        <time>2022-06-29T12:38:50Z</time>
      </trkpt>
      <trkpt lat="39.905696" lon="116.615791">
        <time>2022-06-29T12:38:55Z</time>
      </trkpt>
      <trkpt lat="39.905709" lon="116.615639">
        <time>2022-06-29T12:39:00Z</time>
      </trkpt>
      <trkpt lat="39.905715" lon="116.615507">
        <time>2022-06-29T12:39:05Z</time>
      </trkpt>
      <trkpt lat="39.905721" lon="116.615357">
        <time>2022-06-29T12:39:10Z</time>
      </trkpt>
      <trkpt lat="39.905727" lon="116.615237">
        <time>2022-06-29T12:39:15Z</time>
      </trkpt>
      <trkpt lat="39.905739" lon="116.615157">
        <time>2022-06-29T12:39:20Z</time>
      </trkpt>
      <trkpt lat="39.905739" lon="116.615068">
        <time>2022-06-29T12:39:25Z</time>
      </trkpt>
      <trkpt lat="39.905717" lon="116.614971">
        <time>2022-06-29T12:39:30Z</time>
      </trkpt>
      <trkpt lat="39.905709" lon="116.614864">
        <time>2022-06-29T12:39:35Z</time>
      </trkpt>
      <trkpt lat="39.905742" lon="116.614755">
        <time>2022-06-29T12:39:40Z</time>
      </trkpt>
      <trkpt lat="39.90584" lon="116.614795">
        <time>2022-06-29T12:39:45Z</time>
      </trkpt>
      <trkpt lat="39.9059" lon="116.614919">
        <time>2022-06-29T12:39:50Z</time>
      </trkpt>
      <trkpt lat="39.905905" lon="116.615001">
        <time>2022-06-29T12:39:55Z</time>
      </trkpt>
      <trkpt lat="39.905901" lon="116.614998">
        <time>2022-06-29T12:40:00Z</time>
      </trkpt>
      <trkpt lat="39.905915" lon="116.61498">
        <time>2022-06-29T12:40:05Z</time>
      </trkpt>
      <trkpt lat="39.905936" lon="116.61497">
        <time>2022-06-29T12:40:10Z</time>
      </trkpt>
      <trkpt lat="39.90594" lon="116.614978">
        <time>2022-06-29T12:40:15Z</time>
      </trkpt>
      <trkpt lat="39.905929" lon="116.614977">
        <time>2022-06-29T12:40:20Z</time>
      </trkpt>
      <trkpt lat="39.905932" lon="116.614993">
        <time>2022-06-29T12:40:25Z</time>
      </trkpt>
      <trkpt lat="39.905933" lon="116.614988">
        <time>2022-06-29T12:40:30Z</time>
      </trkpt>
      <trkpt lat="39.905927" lon="116.614991">
        <time>2022-06-29T12:40:35Z</time>
      </trkpt>
      <trkpt lat="39.905931" lon="116.614992">
        <time>2022-06-29T12:40:40Z</time>
      </trkpt>
      <trkpt lat="39.905931" lon="116.614985">
        <time>2022-06-29T12:40:45Z</time>
      </trkpt>
      <trkpt lat="39.905924" lon="116.614988">
        <time>2022-06-29T12:40:50Z</time>
      </trkpt>
      <trkpt lat="39.905929" lon="116.614986">
        <time>2022-06-29T12:40:55Z</time>
      </trkpt>
      <trkpt lat="39.905941" lon="116.614993">
        <time>2022-06-29T12:41:00Z</time>
      </trkpt>
      <trkpt lat="39.905938" lon="116.614975">
        <time>2022-06-29T12:41:05Z</time>
      </trkpt>
      <trkpt lat="39.905934" lon="116.614968">
        <time>2022-06-29T12:41:10Z</time>
      </trkpt>
      <trkpt lat="39.905918" lon="116.614977">
        <time>2022-06-29T12:41:15Z</time>
      </trkpt>
      <trkpt lat="39.905929" lon="116.614975">
        <time>2022-06-29T12:41:20Z</time>
      </trkpt>
      <trkpt lat="39.905926" lon="116.614999">
        <time>2022-06-29T12:41:25Z</time>
      </trkpt>
      <trkpt lat="39.905901" lon="116.614988">
        <time>2022-06-29T12:41:30Z</time>
      </trkpt>
      <trkpt lat="39.905891" lon="116.615005">
        <time>2022-06-29T12:41:35Z</time>
      </trkpt>
      <trkpt lat="39.905911" lon="116.615029">
        <time>2022-06-29T12:41:40Z</time>
      </trkpt>
      <trkpt lat="39.905882" lon="116.615088">
        <time>2022-06-29T12:41:45Z</time>
      </trkpt>
      <trkpt lat="39.905883" lon="116.615184">
        <time>2022-06-29T12:41:50Z</time>
      </trkpt>
      <trkpt lat="39.90589" lon="116.615198">
        <time>2022-06-29T12:41:55Z</time>
      </trkpt>
      <trkpt lat="39.90593" lon="116.615269">
        <time>2022-06-29T12:42:00Z</time>
      </trkpt>
      <trkpt lat="39.905995" lon="116.615411">
        <time>2022-06-29T12:42:05Z</time>
      </trkpt>
      <trkpt lat="39.906049" lon="116.615551">
        <time>2022-06-29T12:42:10Z</time>
      </trkpt>
      <trkpt lat="39.906096" lon="116.615669">
        <time>2022-06-29T12:42:15Z</time>
      </trkpt>
      <trkpt lat="39.90614" lon="116.61578">
        <time>2022-06-29T12:42:20Z</time>
      </trkpt>
      <trkpt lat="39.90617" lon="116.615902">
        <time>2022-06-29T12:42:25Z</time>
      </trkpt>
      <trkpt lat="39.906243" lon="116.615996">
        <time>2022-06-29T12:42:30Z</time>
      </trkpt>
      <trkpt lat="39.906289" lon="116.616118">
        <time>2022-06-29T12:42:35Z</time>
      </trkpt>
      <trkpt lat="39.90636" lon="116.616247">
        <time>2022-06-29T12:42:40Z</time>
      </trkpt>
      <trkpt lat="39.90641" lon="116.616373">
        <time>2022-06-29T12:42:45Z</time>
      </trkpt>
      <trkpt lat="39.90644" lon="116.616509">
        <time>2022-06-29T12:42:50Z</time>
      </trkpt>
      <trkpt lat="39.906467" lon="116.616649">
        <time>2022-06-29T12:42:55Z</time>
      </trkpt>
      <trkpt lat="39.906476" lon="116.616785">
        <time>2022-06-29T12:43:00Z</time>
      </trkpt>
      <trkpt lat="39.906477" lon="116.616912">
        <time>2022-06-29T12:43:05Z</time>
      </trkpt>
      <trkpt lat="39.906497" lon="116.617044">
        <time>2022-06-29T12:43:10Z</time>
      </trkpt>
      <trkpt lat="39.906524" lon="116.617176">
        <time>2022-06-29T12:43:15Z</time>
      </trkpt>
      <trkpt lat="39.906542" lon="116.617326">
        <time>2022-06-29T12:43:20Z</time>
      </trkpt>
      <trkpt lat="39.906547" lon="116.61747">
        <time>2022-06-29T12:43:25Z</time>
      </trkpt>
      <trkpt lat="39.906564" lon="116.617649">
        <time>2022-06-29T12:43:30Z</time>
      </trkpt>
      <trkpt lat="39.906582" lon="116.61782">
        <time>2022-06-29T12:43:35Z</time>
      </trkpt>
      <trkpt lat="39.906607" lon="116.617994">
        <time>2022-06-29T12:43:40Z</time>
      </trkpt>
      <trkpt lat="39.906623" lon="116.618136">
        <time>2022-06-29T12:43:45Z</time>
      </trkpt>
      <trkpt lat="39.906645" lon="116.618284">
        <time>2022-06-29T12:43:50Z</time>
      </trkpt>
      <trkpt lat="39.90664" lon="116.618429">
        <time>2022-06-29T12:43:55Z</time>
      </trkpt>
      <trkpt lat="39.906654" lon="116.618574">
        <time>2022-06-29T12:44:00Z</time>
      </trkpt>
      <trkpt lat="39.90669" lon="116.618807">
        <time>2022-06-29T12:44:05Z</time>
      </trkpt>
      <trkpt lat="39.906697" lon="116.618865">
        <time>2022-06-29T12:44:10Z</time>
      </trkpt>
      <trkpt lat="39.906721" lon="116.619018">
        <time>2022-06-29T12:44:15Z</time>
      </trkpt>
      <trkpt lat="39.90674" lon="116.619173">
        <time>2022-06-29T12:44:20Z</time>
      </trkpt>
      <trkpt lat="39.906761" lon="116.619309">
        <time>2022-06-29T12:44:25Z</time>
      </trkpt>
      <trkpt lat="39.906791" lon="116.619446">
        <time>2022-06-29T12:44:30Z</time>
      </trkpt>
      <trkpt lat="39.906827" lon="116.619695">
        <time>2022-06-29T12:44:35Z</time>
      </trkpt>
      <trkpt lat="39.906842" lon="116.619799">
        <time>2022-06-29T12:44:40Z</time>
      </trkpt>
      <trkpt lat="39.906881" lon="116.619932">
        <time>2022-06-29T12:44:45Z</time>
      </trkpt>
      <trkpt lat="39.906901" lon="116.620067">
        <time>2022-06-29T12:44:50Z</time>
      </trkpt>
      <trkpt lat="39.906907" lon="116.620179">
        <time>2022-06-29T12:44:55Z</time>
      </trkpt>
      <trkpt lat="39.906935" lon="116.620359">
        <time>2022-06-29T12:45:00Z</time>
      </trkpt>
      <trkpt lat="39.906963" lon="116.620545">
        <time>2022-06-29T12:45:05Z</time>
      </trkpt>
      <trkpt lat="39.90699" lon="116.620723">
        <time>2022-06-29T12:45:10Z</time>
      </trkpt>
      <trkpt lat="39.90701" lon="116.62088">
        <time>2022-06-29T12:45:15Z</time>
      </trkpt>
      <trkpt lat="39.907014" lon="116.620973">
        <time>2022-06-29T12:45:20Z</time>
      </trkpt>
      <trkpt lat="39.907036" lon="116.621108">
        <time>2022-06-29T12:45:25Z</time>
      </trkpt>
      <trkpt lat="39.907072" lon="116.621267">
        <time>2022-06-29T12:45:30Z</time>
      </trkpt>
      <trkpt lat="39.907053" lon="116.621437">
        <time>2022-06-29T12:45:35Z</time>
      </trkpt>
      <trkpt lat="39.907058" lon="116.621614">
        <time>2022-06-29T12:45:40Z</time>
      </trkpt>
      <trkpt lat="39.907046" lon="116.621772">
        <time>2022-06-29T12:45:45Z</time>
      </trkpt>
      <trkpt lat="39.90705" lon="116.621866">
        <time>2022-06-29T12:45:50Z</time>
      </trkpt>
      <trkpt lat="39.907061" lon="116.622017">
        <time>2022-06-29T12:45:55Z</time>
      </trkpt>
      <trkpt lat="39.907053" lon="116.622132">
        <time>2022-06-29T12:46:00Z</time>
      </trkpt>
      <trkpt lat="39.907104" lon="116.622281">
        <time>2022-06-29T12:46:05Z</time>
      </trkpt>
      <trkpt lat="39.907133" lon="116.622444">
        <time>2022-06-29T12:46:10Z</time>
      </trkpt>
      <trkpt lat="39.907153" lon="116.622646">
        <time>2022-06-29T12:46:15Z</time>
      </trkpt>
      <trkpt lat="39.907195" lon="116.622849">
        <time>2022-06-29T12:46:20Z</time>
      </trkpt>
      <trkpt lat="39.907223" lon="116.623046">
        <time>2022-06-29T12:46:25Z</time>
      </trkpt>
      <trkpt lat="39.90726" lon="116.623226">
        <time>2022-06-29T12:46:30Z</time>
      </trkpt>
      <trkpt lat="39.90731" lon="116.62338">
        <time>2022-06-29T12:46:35Z</time>
      </trkpt>
      <trkpt lat="39.907347" lon="116.623544">
        <time>2022-06-29T12:46:40Z</time>
      </trkpt>
      <trkpt lat="39.907363" lon="116.623688">
        <time>2022-06-29T12:46:45Z</time>
      </trkpt>
      <trkpt lat="39.907406" lon="116.623837">
        <time>2022-06-29T12:46:50Z</time>
      </trkpt>
      <trkpt lat="39.907393" lon="116.623989">
        <time>2022-06-29T12:46:55Z</time>
      </trkpt>
      <trkpt lat="39.907385" lon="116.624152">
        <time>2022-06-29T12:47:00Z</time>
      </trkpt>
      <trkpt lat="39.907388" lon="116.624297">
        <time>2022-06-29T12:47:05Z</time>
      </trkpt>
      <trkpt lat="39.907416" lon="116.624432">
        <time>2022-06-29T12:47:10Z</time>
      </trkpt>
      <trkpt lat="39.907425" lon="116.624562">
        <time>2022-06-29T12:47:15Z</time>
      </trkpt>
      <trkpt lat="39.907432" lon="116.624715">
        <time>2022-06-29T12:47:20Z</time>
      </trkpt>
      <trkpt lat="39.907428" lon="116.62489">
        <time>2022-06-29T12:47:25Z</time>
      </trkpt>
      <trkpt lat="39.907454" lon="116.625065">
        <time>2022-06-29T12:47:30Z</time>
      </trkpt>
      <trkpt lat="39.907468" lon="116.625205">
        <time>2022-06-29T12:47:35Z</time>
      </trkpt>
      <trkpt lat="39.907485" lon="116.625365">
        <time>2022-06-29T12:47:40Z</time>
      </trkpt>
      <trkpt lat="39.907505" lon="116.62552">
        <time>2022-06-29T12:47:45Z</time>
      </trkpt>
      <trkpt lat="39.907529" lon="116.62567">
        <time>2022-06-29T12:47:50Z</time>
      </trkpt>
      <trkpt lat="39.907549" lon="116.625834">
        <time>2022-06-29T12:47:55Z</time>
      </trkpt>
      <trkpt lat="39.907565" lon="116.625992">
        <time>2022-06-29T12:48:00Z</time>
      </trkpt>
      <trkpt lat="39.907582" lon="116.626159">
        <time>2022-06-29T12:48:05Z</time>
      </trkpt>
      <trkpt lat="39.907601" lon="116.626333">
        <time>2022-06-29T12:48:10Z</time>
      </trkpt>
      <trkpt lat="39.90761" lon="116.626453">
        <time>2022-06-29T12:48:15Z</time>
      </trkpt>
      <trkpt lat="39.907618" lon="116.626596">
        <time>2022-06-29T12:48:20Z</time>
      </trkpt>
      <trkpt lat="39.907661" lon="116.626758">
        <time>2022-06-29T12:48:25Z</time>
      </trkpt>
      <trkpt lat="39.907692" lon="116.62693">
        <time>2022-06-29T12:48:30Z</time>
      </trkpt>
      <trkpt lat="39.907708" lon="116.627054">
        <time>2022-06-29T12:48:35Z</time>
      </trkpt>
      <trkpt lat="39.907724" lon="116.627171">
        <time>2022-06-29T12:48:40Z</time>
      </trkpt>
      <trkpt lat="39.907745" lon="116.627304">
        <time>2022-06-29T12:48:45Z</time>
      </trkpt>
      <trkpt lat="39.90778" lon="116.627483">
        <time>2022-06-29T12:48:50Z</time>
      </trkpt>
      <trkpt lat="39.907791" lon="116.627605">
        <time>2022-06-29T12:48:55Z</time>
      </trkpt>
      <trkpt lat="39.907799" lon="116.627747">
        <time>2022-06-29T12:49:00Z</time>
      </trkpt>
      <trkpt lat="39.907821" lon="116.627946">
        <time>2022-06-29T12:49:05Z</time>
      </trkpt>
      <trkpt lat="39.907851" lon="116.628094">
        <time>2022-06-29T12:49:10Z</time>
      </trkpt>
      <trkpt lat="39.907868" lon="116.628232">
        <time>2022-06-29T12:49:15Z</time>
      </trkpt>
      <trkpt lat="39.90788" lon="116.628432">
        <time>2022-06-29T12:49:20Z</time>
      </trkpt>
      <trkpt lat="39.907893" lon="116.628589">
        <time>2022-06-29T12:49:25Z</time>
      </trkpt>
      <trkpt lat="39.907891" lon="116.628743">
        <time>2022-06-29T12:49:30Z</time>
      </trkpt>
      <trkpt lat="39.907919" lon="116.628893">
        <time>2022-06-29T12:49:35Z</time>
      </trkpt>
      <trkpt lat="39.907943" lon="116.629053">
        <time>2022-06-29T12:49:40Z</time>
      </trkpt>
      <trkpt lat="39.907991" lon="116.629248">
        <time>2022-06-29T12:49:45Z</time>
      </trkpt>
      <trkpt lat="39.908012" lon="116.629413">
        <time>2022-06-29T12:49:50Z</time>
      </trkpt>
      <trkpt lat="39.908021" lon="116.629549">
        <time>2022-06-29T12:49:55Z</time>
      </trkpt>
      <trkpt lat="39.908051" lon="116.629703">
        <time>2022-06-29T12:50:00Z</time>
      </trkpt>
      <trkpt lat="39.908075" lon="116.629847">
        <time>2022-06-29T12:50:05Z</time>
      </trkpt>
      <trkpt lat="39.908064" lon="116.629995">
        <time>2022-06-29T12:50:10Z</time>
      </trkpt>
      <trkpt lat="39.90808" lon="116.63017">
        <time>2022-06-29T12:50:15Z</time>
      </trkpt>
      <trkpt lat="39.908094" lon="116.630306">
        <time>2022-06-29T12:50:20Z</time>
      </trkpt>
      <trkpt lat="39.908108" lon="116.630429">
        <time>2022-06-29T12:50:25Z</time>
      </trkpt>
      <trkpt lat="39.908124" lon="116.630625">
        <time>2022-06-29T12:50:30Z</time>
      </trkpt>
      <trkpt lat="39.908146" lon="116.630789">
        <time>2022-06-29T12:50:35Z</time>
      </trkpt>
      <trkpt lat="39.908172" lon="116.630961">
        <time>2022-06-29T12:50:40Z</time>
      </trkpt>
      <trkpt lat="39.908199" lon="116.631118">
        <time>2022-06-29T12:50:45Z</time>
      </trkpt>
      <trkpt lat="39.90822" lon="116.631278">
        <time>2022-06-29T12:50:50Z</time>
      </trkpt>
      <trkpt lat="39.908254" lon="116.631461">
        <time>2022-06-29T12:50:55Z</time>
      </trkpt>
      <trkpt lat="39.908279" lon="116.631582">
        <time>2022-06-29T12:51:00Z</time>
      </trkpt>
      <trkpt lat="39.908306" lon="116.631794">
        <time>2022-06-29T12:51:05Z</time>
      </trkpt>
      <trkpt lat="39.90832" lon="116.631968">
        <time>2022-06-29T12:51:10Z</time>
      </trkpt>
      <trkpt lat="39.908325" lon="116.632135">
        <time>2022-06-29T12:51:15Z</time>
      </trkpt>
      <trkpt lat="39.908351" lon="116.632311">
        <time>2022-06-29T12:51:20Z</time>
      </trkpt>
      <trkpt lat="39.908377" lon="116.632397">
        <time>2022-06-29T12:51:25Z</time>
      </trkpt>
      <trkpt lat="39.908403" lon="116.632483">
        <time>2022-06-29T12:51:30Z</time>
      </trkpt>
      <trkpt lat="39.908419" lon="116.632593">
        <time>2022-06-29T12:51:35Z</time>
      </trkpt>
      <trkpt lat="39.908417" lon="116.632715">
        <time>2022-06-29T12:51:40Z</time>
      </trkpt>
      <trkpt lat="39.908448" lon="116.632825">
        <time>2022-06-29T12:51:45Z</time>
      </trkpt>
      <trkpt lat="39.908458" lon="116.632971">
        <time>2022-06-29T12:51:50Z</time>
      </trkpt>
      <trkpt lat="39.908449" lon="116.633138">
        <time>2022-06-29T12:51:55Z</time>
      </trkpt>
      <trkpt lat="39.908417" lon="116.633288">
        <time>2022-06-29T12:52:00Z</time>
      </trkpt>
      <trkpt lat="39.908383" lon="116.633475">
        <time>2022-06-29T12:52:05Z</time>
      </trkpt>
      <trkpt lat="39.908383" lon="116.633662">
        <time>2022-06-29T12:52:10Z</time>
      </trkpt>
      <trkpt lat="39.908396" lon="116.633834">
        <time>2022-06-29T12:52:15Z</time>
      </trkpt>
      <trkpt lat="39.908404" lon="116.633998">
        <time>2022-06-29T12:52:20Z</time>
      </trkpt>
      <trkpt lat="39.908396" lon="116.634271">
        <time>2022-06-29T12:52:25Z</time>
      </trkpt>
      <trkpt lat="39.908403" lon="116.634348">
        <time>2022-06-29T12:52:30Z</time>
      </trkpt>
      <trkpt lat="39.90843" lon="116.634496">
        <time>2022-06-29T12:52:35Z</time>
      </trkpt>
      <trkpt lat="39.908436" lon="116.634654">
        <time>2022-06-29T12:52:40Z</time>
      </trkpt>
      <trkpt lat="39.908442" lon="116.634851">
        <time>2022-06-29T12:52:45Z</time>
      </trkpt>
      <trkpt lat="39.908482" lon="116.635063">
        <time>2022-06-29T12:52:50Z</time>
      </trkpt>
      <trkpt lat="39.9085" lon="116.635203">
        <time>2022-06-29T12:52:55Z</time>
      </trkpt>
      <trkpt lat="39.908505" lon="116.635333">
        <time>2022-06-29T12:53:00Z</time>
      </trkpt>
      <trkpt lat="39.908517" lon="116.635491">
        <time>2022-06-29T12:53:05Z</time>
      </trkpt>
      <trkpt lat="39.908513" lon="116.635675">
        <time>2022-06-29T12:53:10Z</time>
      </trkpt>
      <trkpt lat="39.908489" lon="116.635858">
        <time>2022-06-29T12:53:15Z</time>
      </trkpt>
      <trkpt lat="39.908484" lon="116.636029">
        <time>2022-06-29T12:53:20Z</time>
      </trkpt>
      <trkpt lat="39.90844" lon="116.636237">
        <time>2022-06-29T12:53:25Z</time>
      </trkpt>
      <trkpt lat="39.908416" lon="116.636436">
        <time>2022-06-29T12:53:30Z</time>
      </trkpt>
      <trkpt lat="39.908348" lon="116.636586">
        <time>2022-06-29T12:53:35Z</time>
      </trkpt>
      <trkpt lat="39.908333" lon="116.636775">
        <time>2022-06-29T12:53:40Z</time>
      </trkpt>
      <trkpt lat="39.908278" lon="116.636937">
        <time>2022-06-29T12:53:45Z</time>
      </trkpt>
      <trkpt lat="39.908255" lon="116.637079">
        <time>2022-06-29T12:53:50Z</time>
      </trkpt>
      <trkpt lat="39.908227" lon="116.637223">
        <time>2022-06-29T12:53:55Z</time>
      </trkpt>
      <trkpt lat="39.90819" lon="116.6373">
        <time>2022-06-29T12:54:00Z</time>
      </trkpt>
      <trkpt lat="39.908177" lon="116.637308">
        <time>2022-06-29T12:54:05Z</time>
      </trkpt>
      <trkpt lat="39.9082" lon="116.637424">
        <time>2022-06-29T12:54:10Z</time>
      </trkpt>
      <trkpt lat="39.908261" lon="116.637597">
        <time>2022-06-29T12:54:15Z</time>
      </trkpt>
      <trkpt lat="39.908322" lon="116.637762">
        <time>2022-06-29T12:54:20Z</time>
      </trkpt>
      <trkpt lat="39.908401" lon="116.637902">
        <time>2022-06-29T12:54:25Z</time>
      </trkpt>
      <trkpt lat="39.908439" lon="116.638074">
        <time>2022-06-29T12:54:30Z</time>
      </trkpt>
      <trkpt lat="39.908488" lon="116.638235">
        <time>2022-06-29T12:54:35Z</time>
      </trkpt>
      <trkpt lat="39.908501" lon="116.638378">
        <time>2022-06-29T12:54:40Z</time>
      </trkpt>
      <trkpt lat="39.908488" lon="116.638558">
        <time>2022-06-29T12:54:45Z</time>
      </trkpt>
      <trkpt lat="39.908482" lon="116.638734">
        <time>2022-06-29T12:54:50Z</time>
      </trkpt>
      <trkpt lat="39.90849" lon="116.638874">
        <time>2022-06-29T12:54:55Z</time>
      </trkpt>
      <trkpt lat="39.908506" lon="116.63898">
        <time>2022-06-29T12:55:00Z</time>
      </trkpt>
      <trkpt lat="39.908516" lon="116.639098">
        <time>2022-06-29T12:55:05Z</time>
      </trkpt>
      <trkpt lat="39.908529" lon="116.639244">
        <time>2022-06-29T12:55:10Z</time>
      </trkpt>
      <trkpt lat="39.908547" lon="116.639401">
        <time>2022-06-29T12:55:15Z</time>
      </trkpt>
      <trkpt lat="39.90854" lon="116.639592">
        <time>2022-06-29T12:55:20Z</time>
      </trkpt>
      <trkpt lat="39.908547" lon="116.639778">
        <time>2022-06-29T12:55:25Z</time>
      </trkpt>
      <trkpt lat="39.908553" lon="116.639949">
        <time>2022-06-29T12:55:30Z</time>
      </trkpt>
      <trkpt lat="39.908556" lon="116.640164">
        <time>2022-06-29T12:55:35Z</time>
      </trkpt>
      <trkpt lat="39.908572" lon="116.640339">
        <time>2022-06-29T12:55:40Z</time>
      </trkpt>
      <trkpt lat="39.90863" lon="116.640455">
        <time>2022-06-29T12:55:45Z</time>
      </trkpt>
      <trkpt lat="39.90867" lon="116.640602">
        <time>2022-06-29T12:55:50Z</time>
      </trkpt>
      <trkpt lat="39.908615" lon="116.640766">
        <time>2022-06-29T12:55:55Z</time>
      </trkpt>
      <trkpt lat="39.908578" lon="116.640935">
        <time>2022-06-29T12:56:00Z</time>
      </trkpt>
      <trkpt lat="39.908578" lon="116.641074">
        <time>2022-06-29T12:56:05Z</time>
      </trkpt>
      <trkpt lat="39.908574" lon="116.641236">
        <time>2022-06-29T12:56:10Z</time>
      </trkpt>
      <trkpt lat="39.908568" lon="116.641395">
        <time>2022-06-29T12:56:15Z</time>
      </trkpt>
      <trkpt lat="39.908574" lon="116.641539">
        <time>2022-06-29T12:56:20Z</time>
      </trkpt>
      <trkpt lat="39.908576" lon="116.641688">
        <time>2022-06-29T12:56:25Z</time>
      </trkpt>
      <trkpt lat="39.908588" lon="116.641857">
        <time>2022-06-29T12:56:30Z</time>
      </trkpt>
      <trkpt lat="39.908609" lon="116.642">
        <time>2022-06-29T12:56:35Z</time>
      </trkpt>
      <trkpt lat="39.908588" lon="116.642131">
        <time>2022-06-29T12:56:40Z</time>
      </trkpt>
      <trkpt lat="39.908581" lon="116.642314">
        <time>2022-06-29T12:56:45Z</time>
      </trkpt>
      <trkpt lat="39.908586" lon="116.642489">
        <time>2022-06-29T12:56:50Z</time>
      </trkpt>
      <trkpt lat="39.908572" lon="116.642788">
        <time>2022-06-29T12:56:55Z</time>
      </trkpt>
      <trkpt lat="39.908576" lon="116.642818">
        <time>2022-06-29T12:57:00Z</time>
      </trkpt>
      <trkpt lat="39.908591" lon="116.642992">
        <time>2022-06-29T12:57:05Z</time>
      </trkpt>
      <trkpt lat="39.908589" lon="116.64313">
        <time>2022-06-29T12:57:10Z</time>
      </trkpt>
      <trkpt lat="39.908609" lon="116.643296">
        <time>2022-06-29T12:57:15Z</time>
      </trkpt>
      <trkpt lat="39.908615" lon="116.643454">
        <time>2022-06-29T12:57:20Z</time>
      </trkpt>
      <trkpt lat="39.908625" lon="116.643606">
        <time>2022-06-29T12:57:25Z</time>
      </trkpt>
      <trkpt lat="39.908624" lon="116.64377">
        <time>2022-06-29T12:57:30Z</time>
      </trkpt>
      <trkpt lat="39.908625" lon="116.643945">
        <time>2022-06-29T12:57:35Z</time>
      </trkpt>
      <trkpt lat="39.908635" lon="116.644067">
        <time>2022-06-29T12:57:40Z</time>
      </trkpt>
      <trkpt lat="39.908654" lon="116.644225">
        <time>2022-06-29T12:57:45Z</time>
      </trkpt>
      <trkpt lat="39.908671" lon="116.644413">
        <time>2022-06-29T12:57:50Z</time>
      </trkpt>
      <trkpt lat="39.908662" lon="116.644589">
        <time>2022-06-29T12:57:55Z</time>
      </trkpt>
      <trkpt lat="39.908662" lon="116.644756">
        <time>2022-06-29T12:58:00Z</time>
      </trkpt>
      <trkpt lat="39.908679" lon="116.644905">
        <time>2022-06-29T12:58:05Z</time>
      </trkpt>
      <trkpt lat="39.908693" lon="116.645056">
        <time>2022-06-29T12:58:10Z</time>
      </trkpt>
      <trkpt lat="39.908715" lon="116.645227">
        <time>2022-06-29T12:58:15Z</time>
      </trkpt>
      <trkpt lat="39.908746" lon="116.645399">
        <time>2022-06-29T12:58:20Z</time>
      </trkpt>
      <trkpt lat="39.908791" lon="116.645554">
        <time>2022-06-29T12:58:25Z</time>
      </trkpt>
      <trkpt lat="39.908805" lon="116.645697">
        <time>2022-06-29T12:58:30Z</time>
      </trkpt>
      <trkpt lat="39.908834" lon="116.645852">
        <time>2022-06-29T12:58:35Z</time>
      </trkpt>
      <trkpt lat="39.908882" lon="116.646009">
        <time>2022-06-29T12:58:40Z</time>
      </trkpt>
      <trkpt lat="39.908917" lon="116.646159">
        <time>2022-06-29T12:58:45Z</time>
      </trkpt>
      <trkpt lat="39.908965" lon="116.646315">
        <time>2022-06-29T12:58:50Z</time>
      </trkpt>
      <trkpt lat="39.909011" lon="116.646497">
        <time>2022-06-29T12:58:55Z</time>
      </trkpt>
      <trkpt lat="39.909069" lon="116.64665">
        <time>2022-06-29T12:59:00Z</time>
      </trkpt>
      <trkpt lat="39.909104" lon="116.64681">
        <time>2022-06-29T12:59:05Z</time>
      </trkpt>
      <trkpt lat="39.909148" lon="116.646946">
        <time>2022-06-29T12:59:10Z</time>
      </trkpt>
      <trkpt lat="39.909179" lon="116.647104">
        <time>2022-06-29T12:59:15Z</time>
      </trkpt>
      <trkpt lat="39.909212" lon="116.647249">
        <time>2022-06-29T12:59:20Z</time>
      </trkpt>
      <trkpt lat="39.909256" lon="116.647372">
        <time>2022-06-29T12:59:25Z</time>
      </trkpt>
      <trkpt lat="39.909296" lon="116.647508">
        <time>2022-06-29T12:59:30Z</time>
      </trkpt>
      <trkpt lat="39.909329" lon="116.647653">
        <time>2022-06-29T12:59:35Z</time>
      </trkpt>
      <trkpt lat="39.909373" lon="116.647789">
        <time>2022-06-29T12:59:40Z</time>
      </trkpt>
      <trkpt lat="39.90941" lon="116.647922">
        <time>2022-06-29T12:59:45Z</time>
      </trkpt>
      <trkpt lat="39.909448" lon="116.648054">
        <time>2022-06-29T12:59:50Z</time>
      </trkpt>
      <trkpt lat="39.909493" lon="116.648211">
        <time>2022-06-29T12:59:55Z</time>
      </trkpt>
      <trkpt lat="39.909531" lon="116.648349">
        <time>2022-06-29T13:00:00Z</time>
      </trkpt>
      <trkpt lat="39.909575" lon="116.648492">
        <time>2022-06-29T13:00:05Z</time>
      </trkpt>
      <trkpt lat="39.909625" lon="116.648643">
        <time>2022-06-29T13:00:10Z</time>
      </trkpt>
      <trkpt lat="39.909685" lon="116.648801">
        <time>2022-06-29T13:00:15Z</time>
      </trkpt>
      <trkpt lat="39.90972" lon="116.648942">
        <time>2022-06-29T13:00:20Z</time>
      </trkpt>
      <trkpt lat="39.90977" lon="116.649082">
        <time>2022-06-29T13:00:25Z</time>
      </trkpt>
      <trkpt lat="39.909778" lon="116.649206">
        <time>2022-06-29T13:00:30Z</time>
      </trkpt>
      <trkpt lat="39.909824" lon="116.649435">
        <time>2022-06-29T13:00:35Z</time>
      </trkpt>
      <trkpt lat="39.909845" lon="116.649489">
        <time>2022-06-29T13:00:40Z</time>
      </trkpt>
      <trkpt lat="39.909897" lon="116.649648">
        <time>2022-06-29T13:00:45Z</time>
      </trkpt>
      <trkpt lat="39.90992" lon="116.64979">
        <time>2022-06-29T13:00:50Z</time>
      </trkpt>
      <trkpt lat="39.909949" lon="116.649938">
        <time>2022-06-29T13:00:55Z</time>
      </trkpt>
      <trkpt lat="39.90998" lon="116.650071">
        <time>2022-06-29T13:01:00Z</time>
      </trkpt>
      <trkpt lat="39.910019" lon="116.650197">
        <time>2022-06-29T13:01:05Z</time>
      </trkpt>
      <trkpt lat="39.910033" lon="116.650355">
        <time>2022-06-29T13:01:10Z</time>
      </trkpt>
      <trkpt lat="39.910034" lon="116.650477">
        <time>2022-06-29T13:01:15Z</time>
      </trkpt>
      <trkpt lat="39.910042" lon="116.650641">
        <time>2022-06-29T13:01:20Z</time>
      </trkpt>
      <trkpt lat="39.910045" lon="116.65078">
        <time>2022-06-29T13:01:25Z</time>
      </trkpt>
      <trkpt lat="39.910039" lon="116.650891">
        <time>2022-06-29T13:01:30Z</time>
      </trkpt>
      <trkpt lat="39.91" lon="116.650944">
        <time>2022-06-29T13:01:35Z</time>
      </trkpt>
      <trkpt lat="39.909996" lon="116.650979">
        <time>2022-06-29T13:01:40Z</time>
      </trkpt>
      <trkpt lat="39.910012" lon="116.651028">
        <time>2022-06-29T13:01:45Z</time>
      </trkpt>
      <trkpt lat="39.910114" lon="116.651014">
        <time>2022-06-29T13:01:50Z</time>
      </trkpt>
      <trkpt lat="39.910222" lon="116.650984">
        <time>2022-06-29T13:01:55Z</time>
      </trkpt>
      <trkpt lat="39.910345" lon="116.650971">
        <time>2022-06-29T13:02:00Z</time>
      </trkpt>
      <trkpt lat="39.91046" lon="116.650945">
        <time>2022-06-29T13:02:05Z</time>
      </trkpt>
      <trkpt lat="39.910581" lon="116.650926">
        <time>2022-06-29T13:02:10Z</time>
      </trkpt>
      <trkpt lat="39.910696" lon="116.650907">
        <time>2022-06-29T13:02:15Z</time>
      </trkpt>
      <trkpt lat="39.910822" lon="116.650894">
        <time>2022-06-29T13:02:20Z</time>
      </trkpt>
      <trkpt lat="39.910941" lon="116.65087">
        <time>2022-06-29T13:02:25Z</time>
      </trkpt>
      <trkpt lat="39.911064" lon="116.650839">
        <time>2022-06-29T13:02:30Z</time>
      </trkpt>
      <trkpt lat="39.911194" lon="116.650813">
        <time>2022-06-29T13:02:35Z</time>
      </trkpt>
      <trkpt lat="39.911287" lon="116.650811">
        <time>2022-06-29T13:02:40Z</time>
      </trkpt>
      <trkpt lat="39.911355" lon="116.650811">
        <time>2022-06-29T13:02:45Z</time>
      </trkpt>
      <trkpt lat="39.911336" lon="116.65082">
        <time>2022-06-29T13:02:50Z</time>
      </trkpt>
      <trkpt lat="39.911343" lon="116.650877">
        <time>2022-06-29T13:02:55Z</time>
      </trkpt>
      <trkpt lat="39.91135" lon="116.65092">
        <time>2022-06-29T13:03:00Z</time>
      </trkpt>
      <trkpt lat="39.911362" lon="116.651056">
        <time>2022-06-29T13:03:05Z</time>
      </trkpt>
      <trkpt lat="39.911371" lon="116.651208">
        <time>2022-06-29T13:03:10Z</time>
      </trkpt>
      <trkpt lat="39.911366" lon="116.651357">
        <time>2022-06-29T13:03:15Z</time>
      </trkpt>
      <trkpt lat="39.911306" lon="116.651508">
        <time>2022-06-29T13:03:20Z</time>
      </trkpt>
      <trkpt lat="39.911229" lon="116.651598">
        <time>2022-06-29T13:03:25Z</time>
      </trkpt>
      <trkpt lat="39.911158" lon="116.651665">
        <time>2022-06-29T13:03:30Z</time>
      </trkpt>
      <trkpt lat="39.911137" lon="116.651743">
        <time>2022-06-29T13:03:35Z</time>
      </trkpt>
      <trkpt lat="39.91116" lon="116.651818">
        <time>2022-06-29T13:03:40Z</time>
      </trkpt>
      <trkpt lat="39.911128" lon="116.651859">
        <time>2022-06-29T13:03:45Z</time>
      </trkpt>
      <trkpt lat="39.91111" lon="116.651947">
        <time>2022-06-29T13:03:50Z</time>
      </trkpt>
      <trkpt lat="39.911019" lon="116.652031">
        <time>2022-06-29T13:03:55Z</time>
      </trkpt>
      <trkpt lat="39.911019" lon="116.652125">
        <time>2022-06-29T13:04:00Z</time>
      </trkpt>
      <trkpt lat="39.911128" lon="116.652217">
        <time>2022-06-29T13:04:05Z</time>
      </trkpt>
      <trkpt lat="39.911223" lon="116.652341">
        <time>2022-06-29T13:04:10Z</time>
      </trkpt>
      <trkpt lat="39.911322" lon="116.652433">
        <time>2022-06-29T13:04:15Z</time>
      </trkpt>
      <trkpt lat="39.911424" lon="116.652536">
        <time>2022-06-29T13:04:20Z</time>
      </trkpt>
      <trkpt lat="39.911529" lon="116.652621">
        <time>2022-06-29T13:04:25Z</time>
      </trkpt>
      <trkpt lat="39.911645" lon="116.652704">
        <time>2022-06-29T13:04:30Z</time>
      </trkpt>
      <trkpt lat="39.911747" lon="116.652787">
        <time>2022-06-29T13:04:35Z</time>
      </trkpt>
      <trkpt lat="39.911838" lon="116.652856">
        <time>2022-06-29T13:04:40Z</time>
      </trkpt>
      <trkpt lat="39.911942" lon="116.652924">
        <time>2022-06-29T13:04:45Z</time>
      </trkpt>
      <trkpt lat="39.912034" lon="116.653022">
        <time>2022-06-29T13:04:50Z</time>
      </trkpt>
      <trkpt lat="39.912129" lon="116.653123">
        <time>2022-06-29T13:04:55Z</time>
      </trkpt>
      <trkpt lat="39.912245" lon="116.653216">
        <time>2022-06-29T13:05:00Z</time>
      </trkpt>
      <trkpt lat="39.912351" lon="116.653281">
        <time>2022-06-29T13:05:05Z</time>
      </trkpt>
      <trkpt lat="39.912465" lon="116.653369">
        <time>2022-06-29T13:05:10Z</time>
      </trkpt>
      <trkpt lat="39.912582" lon="116.653476">
        <time>2022-06-29T13:05:15Z</time>
      </trkpt>
      <trkpt lat="39.912666" lon="116.653549">
        <time>2022-06-29T13:05:20Z</time>
      </trkpt>
      <trkpt lat="39.912729" lon="116.653585">
        <time>2022-06-29T13:05:25Z</time>
      </trkpt>
      <trkpt lat="39.912808" lon="116.653635">
        <time>2022-06-29T13:05:30Z</time>
      </trkpt>
      <trkpt lat="39.912897" lon="116.653714">
        <time>2022-06-29T13:05:35Z</time>
      </trkpt>
      <trkpt lat="39.912977" lon="116.653802">
        <time>2022-06-29T13:05:40Z</time>
      </trkpt>
      <trkpt lat="39.91308" lon="116.653906">
        <time>2022-06-29T13:05:45Z</time>
      </trkpt>
      <trkpt lat="39.913175" lon="116.653979">
        <time>2022-06-29T13:05:50Z</time>
      </trkpt>
      <trkpt lat="39.913265" lon="116.654028">
        <time>2022-06-29T13:05:55Z</time>
      </trkpt>
      <trkpt lat="39.913399" lon="116.654115">
        <time>2022-06-29T13:06:00Z</time>
      </trkpt>
      <trkpt lat="39.913513" lon="116.654223">
        <time>2022-06-29T13:06:05Z</time>
      </trkpt>
      <trkpt lat="39.913588" lon="116.654314">
        <time>2022-06-29T13:06:10Z</time>
      </trkpt>
      <trkpt lat="39.913624" lon="116.654388">
        <time>2022-06-29T13:06:15Z</time>
      </trkpt>
      <trkpt lat="39.913662" lon="116.654462">
        <time>2022-06-29T13:06:20Z</time>
      </trkpt>
      <trkpt lat="39.913753" lon="116.654528">
        <time>2022-06-29T13:06:25Z</time>
      </trkpt>
      <trkpt lat="39.913848" lon="116.654607">
        <time>2022-06-29T13:06:30Z</time>
      </trkpt>
      <trkpt lat="39.913942" lon="116.654683">
        <time>2022-06-29T13:06:35Z</time>
      </trkpt>
      <trkpt lat="39.914037" lon="116.654763">
        <time>2022-06-29T13:06:40Z</time>
      </trkpt>
      <trkpt lat="39.914154" lon="116.654797">
        <time>2022-06-29T13:06:45Z</time>
      </trkpt>
      <trkpt lat="39.914228" lon="116.654887">
        <time>2022-06-29T13:06:50Z</time>
      </trkpt>
      <trkpt lat="39.914317" lon="116.654954">
        <time>2022-06-29T13:06:55Z</time>
      </trkpt>
      <trkpt lat="39.914374" lon="116.655043">
        <time>2022-06-29T13:07:00Z</time>
      </trkpt>
      <trkpt lat="39.914428" lon="116.655108">
        <time>2022-06-29T13:07:05Z</time>
      </trkpt>
      <trkpt lat="39.914467" lon="116.655195">
        <time>2022-06-29T13:07:10Z</time>
      </trkpt>
      <trkpt lat="39.914538" lon="116.655276">
        <time>2022-06-29T13:07:15Z</time>
      </trkpt>
      <trkpt lat="39.914628" lon="116.655369">
        <time>2022-06-29T13:07:20Z</time>
      </trkpt>
      <trkpt lat="39.914679" lon="116.655452">
        <time>2022-06-29T13:07:25Z</time>
      </trkpt>
      <trkpt lat="39.914734" lon="116.655554">
        <time>2022-06-29T13:07:30Z</time>
      </trkpt>
      <trkpt lat="39.914801" lon="116.655647">
        <time>2022-06-29T13:07:35Z</time>
      </trkpt>
      <trkpt lat="39.914871" lon="116.655716">
        <time>2022-06-29T13:07:40Z</time>
      </trkpt>
      <trkpt lat="39.914947" lon="116.655788">
        <time>2022-06-29T13:07:45Z</time>
      </trkpt>
      <trkpt lat="39.915011" lon="116.655883">
        <time>2022-06-29T13:07:50Z</time>
      </trkpt>
      <trkpt lat="39.915068" lon="116.656003">
        <time>2022-06-29T13:07:55Z</time>
      </trkpt>
      <trkpt lat="39.915114" lon="116.656163">
        <time>2022-06-29T13:08:00Z</time>
      </trkpt>
      <trkpt lat="39.915154" lon="116.656274">
        <time>2022-06-29T13:08:05Z</time>
      </trkpt>
      <trkpt lat="39.915165" lon="116.656284">
        <time>2022-06-29T13:08:10Z</time>
      </trkpt>
      <trkpt lat="39.915209" lon="116.656279">
        <time>2022-06-29T13:08:15Z</time>
      </trkpt>
      <trkpt lat="39.915245" lon="116.656303">
        <time>2022-06-29T13:08:20Z</time>
      </trkpt>
      <trkpt lat="39.91532" lon="116.656484">
        <time>2022-06-29T13:08:25Z</time>
      </trkpt>
      <trkpt lat="39.91538" lon="116.656745">
        <time>2022-06-29T13:08:30Z</time>
      </trkpt>
      <trkpt lat="39.915448" lon="116.656895">
        <time>2022-06-29T13:08:35Z</time>
      </trkpt>
      <trkpt lat="39.91551" lon="116.657012">
        <time>2022-06-29T13:08:40Z</time>
      </trkpt>
      <trkpt lat="39.915577" lon="116.657108">
        <time>2022-06-29T13:08:45Z</time>
      </trkpt>
      <trkpt lat="39.915635" lon="116.657198">
        <time>2022-06-29T13:08:50Z</time>
      </trkpt>
      <trkpt lat="39.915709" lon="116.657303">
        <time>2022-06-29T13:08:55Z</time>
      </trkpt>
      <trkpt lat="39.915796" lon="116.657404">
        <time>2022-06-29T13:09:00Z</time>
      </trkpt>
      <trkpt lat="39.915865" lon="116.657505">
        <time>2022-06-29T13:09:05Z</time>
      </trkpt>
      <trkpt lat="39.915921" lon="116.657599">
        <time>2022-06-29T13:09:10Z</time>
      </trkpt>
      <trkpt lat="39.915985" lon="116.657712">
        <time>2022-06-29T13:09:15Z</time>
      </trkpt>
      <trkpt lat="39.916059" lon="116.657795">
        <time>2022-06-29T13:09:20Z</time>
      </trkpt>
      <trkpt lat="39.916125" lon="116.657871">
        <time>2022-06-29T13:09:25Z</time>
      </trkpt>
      <trkpt lat="39.916191" lon="116.657978">
        <time>2022-06-29T13:09:30Z</time>
      </trkpt>
      <trkpt lat="39.916275" lon="116.658083">
        <time>2022-06-29T13:09:35Z</time>
      </trkpt>
      <trkpt lat="39.916355" lon="116.658215">
        <time>2022-06-29T13:09:40Z</time>
      </trkpt>
      <trkpt lat="39.916418" lon="116.658321">
        <time>2022-06-29T13:09:45Z</time>
      </trkpt>
      <trkpt lat="39.916502" lon="116.658438">
        <time>2022-06-29T13:09:50Z</time>
      </trkpt>
      <trkpt lat="39.916562" lon="116.658559">
        <time>2022-06-29T13:09:55Z</time>
      </trkpt>
      <trkpt lat="39.916634" lon="116.658719">
        <time>2022-06-29T13:10:00Z</time>
      </trkpt>
      <trkpt lat="39.916718" lon="116.658834">
        <time>2022-06-29T13:10:05Z</time>
      </trkpt>
      <trkpt lat="39.916804" lon="116.658963">
        <time>2022-06-29T13:10:10Z</time>
      </trkpt>
      <trkpt lat="39.916898" lon="116.659111">
        <time>2022-06-29T13:10:15Z</time>
      </trkpt>
      <trkpt lat="39.916972" lon="116.659226">
        <time>2022-06-29T13:10:20Z</time>
      </trkpt>
      <trkpt lat="39.917041" lon="116.659348">
        <time>2022-06-29T13:10:25Z</time>
      </trkpt>
      <trkpt lat="39.91703" lon="116.659307">
        <time>2022-06-29T13:10:30Z</time>
      </trkpt>
      <trkpt lat="39.916991" lon="116.65923">
        <time>2022-06-29T13:10:35Z</time>
      </trkpt>
      <trkpt lat="39.916948" lon="116.659154">
        <time>2022-06-29T13:10:40Z</time>
      </trkpt>
      <trkpt lat="39.916892" lon="116.659078">
        <time>2022-06-29T13:10:45Z</time>
      </trkpt>
      <trkpt lat="39.916834" lon="116.658994">
        <time>2022-06-29T13:10:50Z</time>
      </trkpt>
      <trkpt lat="39.91677" lon="116.658879">
        <time>2022-06-29T13:10:55Z</time>
      </trkpt>
      <trkpt lat="39.916699" lon="116.658763">
        <time>2022-06-29T13:11:00Z</time>
      </trkpt>
      <trkpt lat="39.916629" lon="116.658652">
        <time>2022-06-29T13:11:05Z</time>
      </trkpt>
      <trkpt lat="39.916558" lon="116.658555">
        <time>2022-06-29T13:11:10Z</time>
      </trkpt>
      <trkpt lat="39.9165" lon="116.658448">
        <time>2022-06-29T13:11:15Z</time>
      </trkpt>
      <trkpt lat="39.916442" lon="116.658332">
        <time>2022-06-29T13:11:20Z</time>
      </trkpt>
      <trkpt lat="39.916369" lon="116.658211">
        <time>2022-06-29T13:11:25Z</time>
      </trkpt>
      <trkpt lat="39.916281" lon="116.658093">
        <time>2022-06-29T13:11:30Z</time>
      </trkpt>
      <trkpt lat="39.916222" lon="116.658005">
        <time>2022-06-29T13:11:35Z</time>
      </trkpt>
      <trkpt lat="39.91618" lon="116.657948">
        <time>2022-06-29T13:11:40Z</time>
      </trkpt>
      <trkpt lat="39.916121" lon="116.657854">
        <time>2022-06-29T13:11:45Z</time>
      </trkpt>
      <trkpt lat="39.916052" lon="116.657752">
        <time>2022-06-29T13:11:50Z</time>
      </trkpt>
      <trkpt lat="39.915972" lon="116.657635">
        <time>2022-06-29T13:11:55Z</time>
      </trkpt>
      <trkpt lat="39.915899" lon="116.657524">
        <time>2022-06-29T13:12:00Z</time>
      </trkpt>
      <trkpt lat="39.915821" lon="116.657421">
        <time>2022-06-29T13:12:05Z</time>
      </trkpt>
      <trkpt lat="39.915734" lon="116.657316">
        <time>2022-06-29T13:12:10Z</time>
      </trkpt>
      <trkpt lat="39.915665" lon="116.657215">
        <time>2022-06-29T13:12:15Z</time>
      </trkpt>
      <trkpt lat="39.915617" lon="116.657128">
        <time>2022-06-29T13:12:20Z</time>
      </trkpt>
      <trkpt lat="39.915569" lon="116.657009">
        <time>2022-06-29T13:12:25Z</time>
      </trkpt>
      <trkpt lat="39.915477" lon="116.656856">
        <time>2022-06-29T13:12:30Z</time>
      </trkpt>
      <trkpt lat="39.915396" lon="116.656791">
        <time>2022-06-29T13:12:35Z</time>
      </trkpt>
      <trkpt lat="39.915408" lon="116.656714">
        <time>2022-06-29T13:12:40Z</time>
      </trkpt>
      <trkpt lat="39.915423" lon="116.65661">
        <time>2022-06-29T13:12:45Z</time>
      </trkpt>
      <trkpt lat="39.915374" lon="116.656519">
        <time>2022-06-29T13:12:50Z</time>
      </trkpt>
      <trkpt lat="39.915092" lon="116.656202">
        <time>2022-06-29T13:12:55Z</time>
      </trkpt>
      <trkpt lat="39.914997" lon="116.656038">
        <time>2022-06-29T13:13:00Z</time>
      </trkpt>
      <trkpt lat="39.914939" lon="116.655916">
        <time>2022-06-29T13:13:05Z</time>
      </trkpt>
      <trkpt lat="39.914883" lon="116.655777">
        <time>2022-06-29T13:13:10Z</time>
      </trkpt>
      <trkpt lat="39.914787" lon="116.655642">
        <time>2022-06-29T13:13:15Z</time>
      </trkpt>
      <trkpt lat="39.914734" lon="116.655549">
        <time>2022-06-29T13:13:20Z</time>
      </trkpt>
      <trkpt lat="39.914679" lon="116.655479">
        <time>2022-06-29T13:13:25Z</time>
      </trkpt>
      <trkpt lat="39.914612" lon="116.655401">
        <time>2022-06-29T13:13:30Z</time>
      </trkpt>
      <trkpt lat="39.91455" lon="116.655313">
        <time>2022-06-29T13:13:35Z</time>
      </trkpt>
      <trkpt lat="39.914506" lon="116.655257">
        <time>2022-06-29T13:13:40Z</time>
      </trkpt>
      <trkpt lat="39.914435" lon="116.655164">
        <time>2022-06-29T13:13:45Z</time>
      </trkpt>
      <trkpt lat="39.91435" lon="116.655065">
        <time>2022-06-29T13:13:50Z</time>
      </trkpt>
      <trkpt lat="39.914258" lon="116.654969">
        <time>2022-06-29T13:13:55Z</time>
      </trkpt>
      <trkpt lat="39.91419" lon="116.654909">
        <time>2022-06-29T13:14:00Z</time>
      </trkpt>
      <trkpt lat="39.914147" lon="116.654877">
        <time>2022-06-29T13:14:05Z</time>
      </trkpt>
      <trkpt lat="39.91408" lon="116.654825">
        <time>2022-06-29T13:14:10Z</time>
      </trkpt>
      <trkpt lat="39.914009" lon="116.654751">
        <time>2022-06-29T13:14:15Z</time>
      </trkpt>
      <trkpt lat="39.913922" lon="116.654664">
        <time>2022-06-29T13:14:20Z</time>
      </trkpt>
      <trkpt lat="39.913832" lon="116.654585">
        <time>2022-06-29T13:14:25Z</time>
      </trkpt>
      <trkpt lat="39.91373" lon="116.654501">
        <time>2022-06-29T13:14:30Z</time>
      </trkpt>
      <trkpt lat="39.913637" lon="116.654418">
        <time>2022-06-29T13:14:35Z</time>
      </trkpt>
      <trkpt lat="39.913554" lon="116.65433">
        <time>2022-06-29T13:14:40Z</time>
      </trkpt>
      <trkpt lat="39.913454" lon="116.654213">
        <time>2022-06-29T13:14:45Z</time>
      </trkpt>
      <trkpt lat="39.913344" lon="116.654118">
        <time>2022-06-29T13:14:50Z</time>
      </trkpt>
      <trkpt lat="39.913207" lon="116.65403">
        <time>2022-06-29T13:14:55Z</time>
      </trkpt>
      <trkpt lat="39.913094" lon="116.653964">
        <time>2022-06-29T13:15:00Z</time>
      </trkpt>
      <trkpt lat="39.912984" lon="116.653871">
        <time>2022-06-29T13:15:05Z</time>
      </trkpt>
      <trkpt lat="39.91288" lon="116.65377">
        <time>2022-06-29T13:15:10Z</time>
      </trkpt>
      <trkpt lat="39.91279" lon="116.653655">
        <time>2022-06-29T13:15:15Z</time>
      </trkpt>
      <trkpt lat="39.912669" lon="116.653542">
        <time>2022-06-29T13:15:20Z</time>
      </trkpt>
      <trkpt lat="39.912529" lon="116.653457">
        <time>2022-06-29T13:15:25Z</time>
      </trkpt>
      <trkpt lat="39.912401" lon="116.653382">
        <time>2022-06-29T13:15:30Z</time>
      </trkpt>
      <trkpt lat="39.91229" lon="116.653299">
        <time>2022-06-29T13:15:35Z</time>
      </trkpt>
      <trkpt lat="39.912182" lon="116.653204">
        <time>2022-06-29T13:15:40Z</time>
      </trkpt>
      <trkpt lat="39.912084" lon="116.653115">
        <time>2022-06-29T13:15:45Z</time>
      </trkpt>
      <trkpt lat="39.911997" lon="116.653033">
        <time>2022-06-29T13:15:50Z</time>
      </trkpt>
      <trkpt lat="39.91191" lon="116.652947">
        <time>2022-06-29T13:15:55Z</time>
      </trkpt>
      <trkpt lat="39.911832" lon="116.652866">
        <time>2022-06-29T13:16:00Z</time>
      </trkpt>
      <trkpt lat="39.911737" lon="116.652798">
        <time>2022-06-29T13:16:05Z</time>
      </trkpt>
      <trkpt lat="39.911632" lon="116.652736">
        <time>2022-06-29T13:16:10Z</time>
      </trkpt>
      <trkpt lat="39.911528" lon="116.652667">
        <time>2022-06-29T13:16:15Z</time>
      </trkpt>
      <trkpt lat="39.911424" lon="116.652571">
        <time>2022-06-29T13:16:20Z</time>
      </trkpt>
      <trkpt lat="39.911361" lon="116.652496">
        <time>2022-06-29T13:16:25Z</time>
      </trkpt>
      <trkpt lat="39.91131" lon="116.652435">
        <time>2022-06-29T13:16:30Z</time>
      </trkpt>
      <trkpt lat="39.911262" lon="116.652374">
        <time>2022-06-29T13:16:35Z</time>
      </trkpt>
      <trkpt lat="39.911194" lon="116.652314">
        <time>2022-06-29T13:16:40Z</time>
      </trkpt>
      <trkpt lat="39.911125" lon="116.652225">
        <time>2022-06-29T13:16:45Z</time>
      </trkpt>
      <trkpt lat="39.911065" lon="116.652119">
        <time>2022-06-29T13:16:50Z</time>
      </trkpt>
      <trkpt lat="39.911011" lon="116.652007">
        <time>2022-06-29T13:16:55Z</time>
      </trkpt>
      <trkpt lat="39.910996" lon="116.65185">
        <time>2022-06-29T13:17:00Z</time>
      </trkpt>
      <trkpt lat="39.910966" lon="116.651672">
        <time>2022-06-29T13:17:05Z</time>
      </trkpt>
      <trkpt lat="39.91095" lon="116.651536">
        <time>2022-06-29T13:17:10Z</time>
      </trkpt>
      <trkpt lat="39.910893" lon="116.651478">
        <time>2022-06-29T13:17:15Z</time>
      </trkpt>
      <trkpt lat="39.910903" lon="116.651648">
        <time>2022-06-29T13:17:20Z</time>
      </trkpt>
      <trkpt lat="39.910955" lon="116.651798">
        <time>2022-06-29T13:17:25Z</time>
      </trkpt>
      <trkpt lat="39.911002" lon="116.651951">
        <time>2022-06-29T13:17:30Z</time>
      </trkpt>
      <trkpt lat="39.911033" lon="116.652097">
        <time>2022-06-29T13:17:35Z</time>
      </trkpt>
      <trkpt lat="39.911107" lon="116.652198">
        <time>2022-06-29T13:17:40Z</time>
      </trkpt>
      <trkpt lat="39.91118" lon="116.652272">
        <time>2022-06-29T13:17:45Z</time>
      </trkpt>
      <trkpt lat="39.911264" lon="116.652381">
        <time>2022-06-29T13:17:50Z</time>
      </trkpt>
      <trkpt lat="39.911359" lon="116.652474">
        <time>2022-06-29T13:17:55Z</time>
      </trkpt>
      <trkpt lat="39.911434" lon="116.652557">
        <time>2022-06-29T13:18:00Z</time>
      </trkpt>
      <trkpt lat="39.911493" lon="116.652618">
        <time>2022-06-29T13:18:05Z</time>
      </trkpt>
      <trkpt lat="39.911539" lon="116.652683">
        <time>2022-06-29T13:18:10Z</time>
      </trkpt>
      <trkpt lat="39.911622" lon="116.65274">
        <time>2022-06-29T13:18:15Z</time>
      </trkpt>
      <trkpt lat="39.911716" lon="116.6528">
        <time>2022-06-29T13:18:20Z</time>
      </trkpt>
      <trkpt lat="39.911821" lon="116.652856">
        <time>2022-06-29T13:18:25Z</time>
      </trkpt>
      <trkpt lat="39.911919" lon="116.652934">
        <time>2022-06-29T13:18:30Z</time>
      </trkpt>
      <trkpt lat="39.912018" lon="116.653009">
        <time>2022-06-29T13:18:35Z</time>
      </trkpt>
      <trkpt lat="39.912119" lon="116.653102">
        <time>2022-06-29T13:18:40Z</time>
      </trkpt>
      <trkpt lat="39.91223" lon="116.65319">
        <time>2022-06-29T13:18:45Z</time>
      </trkpt>
      <trkpt lat="39.912342" lon="116.653293">
        <time>2022-06-29T13:18:50Z</time>
      </trkpt>
      <trkpt lat="39.912458" lon="116.65338">
        <time>2022-06-29T13:18:55Z</time>
      </trkpt>
      <trkpt lat="39.912555" lon="116.653431">
        <time>2022-06-29T13:19:00Z</time>
      </trkpt>
      <trkpt lat="39.912655" lon="116.653484">
        <time>2022-06-29T13:19:05Z</time>
      </trkpt>
      <trkpt lat="39.912736" lon="116.653532">
        <time>2022-06-29T13:19:10Z</time>
      </trkpt>
      <trkpt lat="39.912819" lon="116.653584">
        <time>2022-06-29T13:19:15Z</time>
      </trkpt>
      <trkpt lat="39.912907" lon="116.653652">
        <time>2022-06-29T13:19:20Z</time>
      </trkpt>
      <trkpt lat="39.91297" lon="116.653738">
        <time>2022-06-29T13:19:25Z</time>
      </trkpt>
      <trkpt lat="39.913045" lon="116.653827">
        <time>2022-06-29T13:19:30Z</time>
      </trkpt>
      <trkpt lat="39.913128" lon="116.653886">
        <time>2022-06-29T13:19:35Z</time>
      </trkpt>
      <trkpt lat="39.913243" lon="116.653925">
        <time>2022-06-29T13:19:40Z</time>
      </trkpt>
      <trkpt lat="39.913333" lon="116.654015">
        <time>2022-06-29T13:19:45Z</time>
      </trkpt>
      <trkpt lat="39.913426" lon="116.654116">
        <time>2022-06-29T13:19:50Z</time>
      </trkpt>
      <trkpt lat="39.913503" lon="116.6542">
        <time>2022-06-29T13:19:55Z</time>
      </trkpt>
      <trkpt lat="39.913585" lon="116.654278">
        <time>2022-06-29T13:20:00Z</time>
      </trkpt>
      <trkpt lat="39.913656" lon="116.654349">
        <time>2022-06-29T13:20:05Z</time>
      </trkpt>
      <trkpt lat="39.913738" lon="116.654437">
        <time>2022-06-29T13:20:10Z</time>
      </trkpt>
      <trkpt lat="39.913828" lon="116.654507">
        <time>2022-06-29T13:20:15Z</time>
      </trkpt>
      <trkpt lat="39.913907" lon="116.654596">
        <time>2022-06-29T13:20:20Z</time>
      </trkpt>
      <trkpt lat="39.91398" lon="116.65467">
        <time>2022-06-29T13:20:25Z</time>
      </trkpt>
      <trkpt lat="39.914053" lon="116.654753">
        <time>2022-06-29T13:20:30Z</time>
      </trkpt>
      <trkpt lat="39.914143" lon="116.654809">
        <time>2022-06-29T13:20:35Z</time>
      </trkpt>
      <trkpt lat="39.914234" lon="116.654895">
        <time>2022-06-29T13:20:40Z</time>
      </trkpt>
      <trkpt lat="39.914304" lon="116.654986">
        <time>2022-06-29T13:20:45Z</time>
      </trkpt>
      <trkpt lat="39.914405" lon="116.655066">
        <time>2022-06-29T13:20:50Z</time>
      </trkpt>
      <trkpt lat="39.914488" lon="116.655207">
        <time>2022-06-29T13:20:55Z</time>
      </trkpt>
      <trkpt lat="39.914577" lon="116.655377">
        <time>2022-06-29T13:21:00Z</time>
      </trkpt>
      <trkpt lat="39.914632" lon="116.65546">
        <time>2022-06-29T13:21:05Z</time>
      </trkpt>
      <trkpt lat="39.914678" lon="116.65554">
        <time>2022-06-29T13:21:10Z</time>
      </trkpt>
      <trkpt lat="39.914752" lon="116.655644">
        <time>2022-06-29T13:21:15Z</time>
      </trkpt>
      <trkpt lat="39.914826" lon="116.655732">
        <time>2022-06-29T13:21:20Z</time>
      </trkpt>
      <trkpt lat="39.914916" lon="116.655843">
        <time>2022-06-29T13:21:25Z</time>
      </trkpt>
      <trkpt lat="39.914971" lon="116.655954">
        <time>2022-06-29T13:21:30Z</time>
      </trkpt>
      <trkpt lat="39.915047" lon="116.656057">
        <time>2022-06-29T13:21:35Z</time>
      </trkpt>
      <trkpt lat="39.915114" lon="116.656185">
        <time>2022-06-29T13:21:40Z</time>
      </trkpt>
      <trkpt lat="39.915123" lon="116.656265">
        <time>2022-06-29T13:21:45Z</time>
      </trkpt>
      <trkpt lat="39.915117" lon="116.656218">
        <time>2022-06-29T13:21:50Z</time>
      </trkpt>
      <trkpt lat="39.915174" lon="116.656234">
        <time>2022-06-29T13:21:55Z</time>
      </trkpt>
      <trkpt lat="39.915241" lon="116.656299">
        <time>2022-06-29T13:22:00Z</time>
      </trkpt>
      <trkpt lat="39.915307" lon="116.656542">
        <time>2022-06-29T13:22:05Z</time>
      </trkpt>
      <trkpt lat="39.915409" lon="116.65678">
        <time>2022-06-29T13:22:10Z</time>
      </trkpt>
      <trkpt lat="39.915493" lon="116.656947">
        <time>2022-06-29T13:22:15Z</time>
      </trkpt>
      <trkpt lat="39.915563" lon="116.657081">
        <time>2022-06-29T13:22:20Z</time>
      </trkpt>
      <trkpt lat="39.915628" lon="116.657191">
        <time>2022-06-29T13:22:25Z</time>
      </trkpt>
      <trkpt lat="39.915677" lon="116.657249">
        <time>2022-06-29T13:22:30Z</time>
      </trkpt>
      <trkpt lat="39.915723" lon="116.657296">
        <time>2022-06-29T13:22:35Z</time>
      </trkpt>
      <trkpt lat="39.915798" lon="116.657388">
        <time>2022-06-29T13:22:40Z</time>
      </trkpt>
      <trkpt lat="39.91586" lon="116.657495">
        <time>2022-06-29T13:22:45Z</time>
      </trkpt>
      <trkpt lat="39.915923" lon="116.657614">
        <time>2022-06-29T13:22:50Z</time>
      </trkpt>
      <trkpt lat="39.916001" lon="116.65772">
        <time>2022-06-29T13:22:55Z</time>
      </trkpt>
      <trkpt lat="39.916063" lon="116.65781">
        <time>2022-06-29T13:23:00Z</time>
      </trkpt>
      <trkpt lat="39.916119" lon="116.657909">
        <time>2022-06-29T13:23:05Z</time>
      </trkpt>
      <trkpt lat="39.916184" lon="116.657976">
        <time>2022-06-29T13:23:10Z</time>
      </trkpt>
      <trkpt lat="39.916262" lon="116.658047">
        <time>2022-06-29T13:23:15Z</time>
      </trkpt>
      <trkpt lat="39.916346" lon="116.658177">
        <time>2022-06-29T13:23:20Z</time>
      </trkpt>
      <trkpt lat="39.916421" lon="116.658302">
        <time>2022-06-29T13:23:25Z</time>
      </trkpt>
      <trkpt lat="39.916505" lon="116.658436">
        <time>2022-06-29T13:23:30Z</time>
      </trkpt>
      <trkpt lat="39.916563" lon="116.658524">
        <time>2022-06-29T13:23:35Z</time>
      </trkpt>
      <trkpt lat="39.916629" lon="116.658633">
        <time>2022-06-29T13:23:40Z</time>
      </trkpt>
      <trkpt lat="39.916692" lon="116.658764">
        <time>2022-06-29T13:23:45Z</time>
      </trkpt>
      <trkpt lat="39.916752" lon="116.658901">
        <time>2022-06-29T13:23:50Z</time>
      </trkpt>
      <trkpt lat="39.916804" lon="116.658972">
        <time>2022-06-29T13:23:55Z</time>
      </trkpt>
      <trkpt lat="39.916855" lon="116.659062">
        <time>2022-06-29T13:24:00Z</time>
      </trkpt>
      <trkpt lat="39.91691" lon="116.659144">
        <time>2022-06-29T13:24:05Z</time>
      </trkpt>
      <trkpt lat="39.916995" lon="116.659257">
        <time>2022-06-29T13:24:10Z</time>
      </trkpt>
      <trkpt lat="39.917065" lon="116.659361">
        <time>2022-06-29T13:24:15Z</time>
      </trkpt>
      <trkpt lat="39.917045" lon="116.659294">
        <time>2022-06-29T13:24:20Z</time>
      </trkpt>
      <trkpt lat="39.916944" lon="116.659179">
        <time>2022-06-29T13:24:25Z</time>
      </trkpt>
      <trkpt lat="39.916871" lon="116.65905">
        <time>2022-06-29T13:24:30Z</time>
      </trkpt>
      <trkpt lat="39.91681" lon="116.658959">
        <time>2022-06-29T13:24:35Z</time>
      </trkpt>
      <trkpt lat="39.916722" lon="116.658813">
        <time>2022-06-29T13:24:40Z</time>
      </trkpt>
      <trkpt lat="39.916642" lon="116.658694">
        <time>2022-06-29T13:24:45Z</time>
      </trkpt>
      <trkpt lat="39.916549" lon="116.658522">
        <time>2022-06-29T13:24:50Z</time>
      </trkpt>
      <trkpt lat="39.916465" lon="116.658369">
        <time>2022-06-29T13:24:55Z</time>
      </trkpt>
      <trkpt lat="39.91637" lon="116.658209">
        <time>2022-06-29T13:25:00Z</time>
      </trkpt>
      <trkpt lat="39.916284" lon="116.658094">
        <time>2022-06-29T13:25:05Z</time>
      </trkpt>
      <trkpt lat="39.916194" lon="116.657967">
        <time>2022-06-29T13:25:10Z</time>
      </trkpt>
      <trkpt lat="39.916085" lon="116.657844">
        <time>2022-06-29T13:25:15Z</time>
      </trkpt>
      <trkpt lat="39.915992" lon="116.657702">
        <time>2022-06-29T13:25:20Z</time>
      </trkpt>
      <trkpt lat="39.915906" lon="116.657574">
        <time>2022-06-29T13:25:25Z</time>
      </trkpt>
      <trkpt lat="39.915814" lon="116.65745">
        <time>2022-06-29T13:25:30Z</time>
      </trkpt>
      <trkpt lat="39.915733" lon="116.657333">
        <time>2022-06-29T13:25:35Z</time>
      </trkpt>
      <trkpt lat="39.915686" lon="116.657269">
        <time>2022-06-29T13:25:40Z</time>
      </trkpt>
      <trkpt lat="39.915638" lon="116.657213">
        <time>2022-06-29T13:25:45Z</time>
      </trkpt>
      <trkpt lat="39.915584" lon="116.657102">
        <time>2022-06-29T13:25:50Z</time>
      </trkpt>
      <trkpt lat="39.915523" lon="116.65699">
        <time>2022-06-29T13:25:55Z</time>
      </trkpt>
      <trkpt lat="39.915471" lon="116.656906">
        <time>2022-06-29T13:26:00Z</time>
      </trkpt>
      <trkpt lat="39.915431" lon="116.656848">
        <time>2022-06-29T13:26:05Z</time>
      </trkpt>
      <trkpt lat="39.915404" lon="116.656802">
        <time>2022-06-29T13:26:10Z</time>
      </trkpt>
      <trkpt lat="39.915404" lon="116.656756">
        <time>2022-06-29T13:26:15Z</time>
      </trkpt>
      <trkpt lat="39.915383" lon="116.656684">
        <time>2022-06-29T13:26:20Z</time>
      </trkpt>
      <trkpt lat="39.915441" lon="116.656614">
        <time>2022-06-29T13:26:25Z</time>
      </trkpt>
      <trkpt lat="39.915312" lon="116.656441">
        <time>2022-06-29T13:26:30Z</time>
      </trkpt>
      <trkpt lat="39.915111" lon="116.656242">
        <time>2022-06-29T13:26:35Z</time>
      </trkpt>
      <trkpt lat="39.915026" lon="116.656101">
        <time>2022-06-29T13:26:40Z</time>
      </trkpt>
      <trkpt lat="39.914957" lon="116.655948">
        <time>2022-06-29T13:26:45Z</time>
      </trkpt>
      <trkpt lat="39.914876" lon="116.655811">
        <time>2022-06-29T13:26:50Z</time>
      </trkpt>
      <trkpt lat="39.914779" lon="116.655676">
        <time>2022-06-29T13:26:55Z</time>
      </trkpt>
      <trkpt lat="39.914723" lon="116.655586">
        <time>2022-06-29T13:27:00Z</time>
      </trkpt>
      <trkpt lat="39.914698" lon="116.655586">
        <time>2022-06-29T13:27:05Z</time>
      </trkpt>
      <trkpt lat="39.91464" lon="116.655491">
        <time>2022-06-29T13:27:10Z</time>
      </trkpt>
      <trkpt lat="39.914555" lon="116.655378">
        <time>2022-06-29T13:27:15Z</time>
      </trkpt>
      <trkpt lat="39.914449" lon="116.655267">
        <time>2022-06-29T13:27:20Z</time>
      </trkpt>
      <trkpt lat="39.914358" lon="116.655188">
        <time>2022-06-29T13:27:25Z</time>
      </trkpt>
      <trkpt lat="39.914306" lon="116.655064">
        <time>2022-06-29T13:27:30Z</time>
      </trkpt>
      <trkpt lat="39.914215" lon="116.654951">
        <time>2022-06-29T13:27:35Z</time>
      </trkpt>
      <trkpt lat="39.914184" lon="116.654904">
        <time>2022-06-29T13:27:40Z</time>
      </trkpt>
      <trkpt lat="39.914125" lon="116.654851">
        <time>2022-06-29T13:27:45Z</time>
      </trkpt>
      <trkpt lat="39.914085" lon="116.654796">
        <time>2022-06-29T13:27:50Z</time>
      </trkpt>
      <trkpt lat="39.914011" lon="116.654723">
        <time>2022-06-29T13:27:55Z</time>
      </trkpt>
      <trkpt lat="39.913927" lon="116.654658">
        <time>2022-06-29T13:28:00Z</time>
      </trkpt>
      <trkpt lat="39.913831" lon="116.654581">
        <time>2022-06-29T13:28:05Z</time>
      </trkpt>
      <trkpt lat="39.913732" lon="116.654509">
        <time>2022-06-29T13:28:10Z</time>
      </trkpt>
      <trkpt lat="39.913647" lon="116.654433">
        <time>2022-06-29T13:28:15Z</time>
      </trkpt>
      <trkpt lat="39.913558" lon="116.654349">
        <time>2022-06-29T13:28:20Z</time>
      </trkpt>
      <trkpt lat="39.913478" lon="116.654264">
        <time>2022-06-29T13:28:25Z</time>
      </trkpt>
      <trkpt lat="39.913391" lon="116.654152">
        <time>2022-06-29T13:28:30Z</time>
      </trkpt>
      <trkpt lat="39.913267" lon="116.654064">
        <time>2022-06-29T13:28:35Z</time>
      </trkpt>
      <trkpt lat="39.913133" lon="116.65403">
        <time>2022-06-29T13:28:40Z</time>
      </trkpt>
      <trkpt lat="39.913019" lon="116.653959">
        <time>2022-06-29T13:28:45Z</time>
      </trkpt>
      <trkpt lat="39.912909" lon="116.653853">
        <time>2022-06-29T13:28:50Z</time>
      </trkpt>
      <trkpt lat="39.912818" lon="116.653738">
        <time>2022-06-29T13:28:55Z</time>
      </trkpt>
      <trkpt lat="39.912724" lon="116.653631">
        <time>2022-06-29T13:29:00Z</time>
      </trkpt>
      <trkpt lat="39.912602" lon="116.653547">
        <time>2022-06-29T13:29:05Z</time>
      </trkpt>
      <trkpt lat="39.912485" lon="116.653463">
        <time>2022-06-29T13:29:10Z</time>
      </trkpt>
      <trkpt lat="39.912352" lon="116.653365">
        <time>2022-06-29T13:29:15Z</time>
      </trkpt>
      <trkpt lat="39.912231" lon="116.653281">
        <time>2022-06-29T13:29:20Z</time>
      </trkpt>
      <trkpt lat="39.912131" lon="116.653182">
        <time>2022-06-29T13:29:25Z</time>
      </trkpt>
      <trkpt lat="39.912019" lon="116.653074">
        <time>2022-06-29T13:29:30Z</time>
      </trkpt>
      <trkpt lat="39.911948" lon="116.653007">
        <time>2022-06-29T13:29:35Z</time>
      </trkpt>
      <trkpt lat="39.911896" lon="116.652944">
        <time>2022-06-29T13:29:40Z</time>
      </trkpt>
      <trkpt lat="39.911827" lon="116.652886">
        <time>2022-06-29T13:29:45Z</time>
      </trkpt>
      <trkpt lat="39.911729" lon="116.652807">
        <time>2022-06-29T13:29:50Z</time>
      </trkpt>
      <trkpt lat="39.911633" lon="116.652742">
        <time>2022-06-29T13:29:55Z</time>
      </trkpt>
      <trkpt lat="39.911534" lon="116.652681">
        <time>2022-06-29T13:30:00Z</time>
      </trkpt>
      <trkpt lat="39.911438" lon="116.652597">
        <time>2022-06-29T13:30:05Z</time>
      </trkpt>
      <trkpt lat="39.911367" lon="116.652506">
        <time>2022-06-29T13:30:10Z</time>
      </trkpt>
      <trkpt lat="39.911316" lon="116.652448">
        <time>2022-06-29T13:30:15Z</time>
      </trkpt>
      <trkpt lat="39.911244" lon="116.652374">
        <time>2022-06-29T13:30:20Z</time>
      </trkpt>
      <trkpt lat="39.911186" lon="116.652328">
        <time>2022-06-29T13:30:25Z</time>
      </trkpt>
      <trkpt lat="39.911128" lon="116.652244">
        <time>2022-06-29T13:30:30Z</time>
      </trkpt>
      <trkpt lat="39.911072" lon="116.652154">
        <time>2022-06-29T13:30:35Z</time>
      </trkpt>
      <trkpt lat="39.911014" lon="116.652041">
        <time>2022-06-29T13:30:40Z</time>
      </trkpt>
      <trkpt lat="39.911085" lon="116.651958">
        <time>2022-06-29T13:30:45Z</time>
      </trkpt>
      <trkpt lat="39.911172" lon="116.651909">
        <time>2022-06-29T13:30:50Z</time>
      </trkpt>
      <trkpt lat="39.9112" lon="116.651864">
        <time>2022-06-29T13:30:55Z</time>
      </trkpt>
      <trkpt lat="39.911208" lon="116.651779">
        <time>2022-06-29T13:31:00Z</time>
      </trkpt>
      <trkpt lat="39.911173" lon="116.651731">
        <time>2022-06-29T13:31:05Z</time>
      </trkpt>
      <trkpt lat="39.91117" lon="116.651676">
        <time>2022-06-29T13:31:10Z</time>
      </trkpt>
      <trkpt lat="39.911186" lon="116.651631">
        <time>2022-06-29T13:31:15Z</time>
      </trkpt>
      <trkpt lat="39.911201" lon="116.651565">
        <time>2022-06-29T13:31:20Z</time>
      </trkpt>
      <trkpt lat="39.91127" lon="116.651532">
        <time>2022-06-29T13:31:25Z</time>
      </trkpt>
      <trkpt lat="39.911321" lon="116.651447">
        <time>2022-06-29T13:31:30Z</time>
      </trkpt>
      <trkpt lat="39.911358" lon="116.651324">
        <time>2022-06-29T13:31:35Z</time>
      </trkpt>
      <trkpt lat="39.911355" lon="116.651226">
        <time>2022-06-29T13:31:40Z</time>
      </trkpt>
      <trkpt lat="39.911334" lon="116.651076">
        <time>2022-06-29T13:31:45Z</time>
      </trkpt>
      <trkpt lat="39.911307" lon="116.650924">
        <time>2022-06-29T13:31:50Z</time>
      </trkpt>
      <trkpt lat="39.911221" lon="116.650836">
        <time>2022-06-29T13:31:55Z</time>
      </trkpt>
      <trkpt lat="39.911087" lon="116.650841">
        <time>2022-06-29T13:32:00Z</time>
      </trkpt>
      <trkpt lat="39.910969" lon="116.650845">
        <time>2022-06-29T13:32:05Z</time>
      </trkpt>
      <trkpt lat="39.910885" lon="116.650867">
        <time>2022-06-29T13:32:10Z</time>
      </trkpt>
      <trkpt lat="39.910822" lon="116.650886">
        <time>2022-06-29T13:32:15Z</time>
      </trkpt>
      <trkpt lat="39.910742" lon="116.650899">
        <time>2022-06-29T13:32:20Z</time>
      </trkpt>
      <trkpt lat="39.910651" lon="116.650905">
        <time>2022-06-29T13:32:25Z</time>
      </trkpt>
      <trkpt lat="39.910559" lon="116.650918">
        <time>2022-06-29T13:32:30Z</time>
      </trkpt>
      <trkpt lat="39.910468" lon="116.650935">
        <time>2022-06-29T13:32:35Z</time>
      </trkpt>
      <trkpt lat="39.910341" lon="116.650952">
        <time>2022-06-29T13:32:40Z</time>
      </trkpt>
      <trkpt lat="39.910241" lon="116.650971">
        <time>2022-06-29T13:32:45Z</time>
      </trkpt>
      <trkpt lat="39.910142" lon="116.650987">
        <time>2022-06-29T13:32:50Z</time>
      </trkpt>
      <trkpt lat="39.91004" lon="116.651">
        <time>2022-06-29T13:32:55Z</time>
      </trkpt>
      <trkpt lat="39.909945" lon="116.650995">
        <time>2022-06-29T13:33:00Z</time>
      </trkpt>
      <trkpt lat="39.90996" lon="116.650871">
        <time>2022-06-29T13:33:05Z</time>
      </trkpt>
      <trkpt lat="39.909974" lon="116.650739">
        <time>2022-06-29T13:33:10Z</time>
      </trkpt>
      <trkpt lat="39.909991" lon="116.650635">
        <time>2022-06-29T13:33:15Z</time>
      </trkpt>
      <trkpt lat="39.910014" lon="116.650491">
        <time>2022-06-29T13:33:20Z</time>
      </trkpt>
      <trkpt lat="39.910023" lon="116.650334">
        <time>2022-06-29T13:33:25Z</time>
      </trkpt>
      <trkpt lat="39.910022" lon="116.650195">
        <time>2022-06-29T13:33:30Z</time>
      </trkpt>
      <trkpt lat="39.910016" lon="116.650039">
        <time>2022-06-29T13:33:35Z</time>
      </trkpt>
      <trkpt lat="39.909982" lon="116.649891">
        <time>2022-06-29T13:33:40Z</time>
      </trkpt>
      <trkpt lat="39.909927" lon="116.649747">
        <time>2022-06-29T13:33:45Z</time>
      </trkpt>
      <trkpt lat="39.909892" lon="116.649599">
        <time>2022-06-29T13:33:50Z</time>
      </trkpt>
      <trkpt lat="39.909857" lon="116.649467">
        <time>2022-06-29T13:33:55Z</time>
      </trkpt>
      <trkpt lat="39.90981" lon="116.649294">
        <time>2022-06-29T13:34:00Z</time>
      </trkpt>
      <trkpt lat="39.909779" lon="116.649162">
        <time>2022-06-29T13:34:05Z</time>
      </trkpt>
      <trkpt lat="39.909723" lon="116.648908">
        <time>2022-06-29T13:34:10Z</time>
      </trkpt>
      <trkpt lat="39.909702" lon="116.648841">
        <time>2022-06-29T13:34:15Z</time>
      </trkpt>
      <trkpt lat="39.909675" lon="116.648758">
        <time>2022-06-29T13:34:20Z</time>
      </trkpt>
      <trkpt lat="39.909645" lon="116.648623">
        <time>2022-06-29T13:34:25Z</time>
      </trkpt>
      <trkpt lat="39.909611" lon="116.648485">
        <time>2022-06-29T13:34:30Z</time>
      </trkpt>
      <trkpt lat="39.909578" lon="116.648409">
        <time>2022-06-29T13:34:35Z</time>
      </trkpt>
      <trkpt lat="39.909549" lon="116.648315">
        <time>2022-06-29T13:34:40Z</time>
      </trkpt>
      <trkpt lat="39.909536" lon="116.648235">
        <time>2022-06-29T13:34:45Z</time>
      </trkpt>
      <trkpt lat="39.909509" lon="116.648129">
        <time>2022-06-29T13:34:50Z</time>
      </trkpt>
      <trkpt lat="39.909474" lon="116.64801">
        <time>2022-06-29T13:34:55Z</time>
      </trkpt>
      <trkpt lat="39.909444" lon="116.647875">
        <time>2022-06-29T13:35:00Z</time>
      </trkpt>
      <trkpt lat="39.909413" lon="116.647763">
        <time>2022-06-29T13:35:05Z</time>
      </trkpt>
      <trkpt lat="39.90937" lon="116.647626">
        <time>2022-06-29T13:35:10Z</time>
      </trkpt>
      <trkpt lat="39.909321" lon="116.647472">
        <time>2022-06-29T13:35:15Z</time>
      </trkpt>
      <trkpt lat="39.909281" lon="116.647333">
        <time>2022-06-29T13:35:20Z</time>
      </trkpt>
      <trkpt lat="39.909241" lon="116.647203">
        <time>2022-06-29T13:35:25Z</time>
      </trkpt>
      <trkpt lat="39.909194" lon="116.647044">
        <time>2022-06-29T13:35:30Z</time>
      </trkpt>
      <trkpt lat="39.909145" lon="116.646902">
        <time>2022-06-29T13:35:35Z</time>
      </trkpt>
      <trkpt lat="39.909093" lon="116.646743">
        <time>2022-06-29T13:35:40Z</time>
      </trkpt>
      <trkpt lat="39.909046" lon="116.646586">
        <time>2022-06-29T13:35:45Z</time>
      </trkpt>
      <trkpt lat="39.908999" lon="116.646434">
        <time>2022-06-29T13:35:50Z</time>
      </trkpt>
      <trkpt lat="39.908955" lon="116.646286">
        <time>2022-06-29T13:35:55Z</time>
      </trkpt>
      <trkpt lat="39.908913" lon="116.646137">
        <time>2022-06-29T13:36:00Z</time>
      </trkpt>
      <trkpt lat="39.908874" lon="116.645985">
        <time>2022-06-29T13:36:05Z</time>
      </trkpt>
      <trkpt lat="39.908822" lon="116.645832">
        <time>2022-06-29T13:36:10Z</time>
      </trkpt>
      <trkpt lat="39.908786" lon="116.645663">
        <time>2022-06-29T13:36:15Z</time>
      </trkpt>
      <trkpt lat="39.908771" lon="116.645537">
        <time>2022-06-29T13:36:20Z</time>
      </trkpt>
      <trkpt lat="39.908741" lon="116.645455">
        <time>2022-06-29T13:36:25Z</time>
      </trkpt>
      <trkpt lat="39.908733" lon="116.645322">
        <time>2022-06-29T13:36:30Z</time>
      </trkpt>
      <trkpt lat="39.908721" lon="116.645169">
        <time>2022-06-29T13:36:35Z</time>
      </trkpt>
      <trkpt lat="39.908689" lon="116.645007">
        <time>2022-06-29T13:36:40Z</time>
      </trkpt>
      <trkpt lat="39.90867" lon="116.644853">
        <time>2022-06-29T13:36:45Z</time>
      </trkpt>
      <trkpt lat="39.908668" lon="116.644679">
        <time>2022-06-29T13:36:50Z</time>
      </trkpt>
      <trkpt lat="39.908663" lon="116.644504">
        <time>2022-06-29T13:36:55Z</time>
      </trkpt>
      <trkpt lat="39.908654" lon="116.644314">
        <time>2022-06-29T13:37:00Z</time>
      </trkpt>
      <trkpt lat="39.908642" lon="116.644111">
        <time>2022-06-29T13:37:05Z</time>
      </trkpt>
      <trkpt lat="39.908643" lon="116.643934">
        <time>2022-06-29T13:37:10Z</time>
      </trkpt>
      <trkpt lat="39.908623" lon="116.643791">
        <time>2022-06-29T13:37:15Z</time>
      </trkpt>
      <trkpt lat="39.908616" lon="116.643642">
        <time>2022-06-29T13:37:20Z</time>
      </trkpt>
      <trkpt lat="39.90862" lon="116.643556">
        <time>2022-06-29T13:37:25Z</time>
      </trkpt>
      <trkpt lat="39.908609" lon="116.643479">
        <time>2022-06-29T13:37:30Z</time>
      </trkpt>
      <trkpt lat="39.908609" lon="116.643331">
        <time>2022-06-29T13:37:35Z</time>
      </trkpt>
      <trkpt lat="39.90862" lon="116.643192">
        <time>2022-06-29T13:37:40Z</time>
      </trkpt>
      <trkpt lat="39.908635" lon="116.643038">
        <time>2022-06-29T13:37:45Z</time>
      </trkpt>
      <trkpt lat="39.908637" lon="116.642918">
        <time>2022-06-29T13:37:50Z</time>
      </trkpt>
      <trkpt lat="39.908634" lon="116.642857">
        <time>2022-06-29T13:37:55Z</time>
      </trkpt>
      <trkpt lat="39.90863" lon="116.642768">
        <time>2022-06-29T13:38:00Z</time>
      </trkpt>
      <trkpt lat="39.90863" lon="116.642655">
        <time>2022-06-29T13:38:05Z</time>
      </trkpt>
      <trkpt lat="39.908639" lon="116.642558">
        <time>2022-06-29T13:38:10Z</time>
      </trkpt>
      <trkpt lat="39.908643" lon="116.64243">
        <time>2022-06-29T13:38:15Z</time>
      </trkpt>
      <trkpt lat="39.908619" lon="116.642284">
        <time>2022-06-29T13:38:20Z</time>
      </trkpt>
      <trkpt lat="39.908627" lon="116.642148">
        <time>2022-06-29T13:38:25Z</time>
      </trkpt>
      <trkpt lat="39.908631" lon="116.642">
        <time>2022-06-29T13:38:30Z</time>
      </trkpt>
      <trkpt lat="39.90864" lon="116.64188">
        <time>2022-06-29T13:38:35Z</time>
      </trkpt>
      <trkpt lat="39.908614" lon="116.641782">
        <time>2022-06-29T13:38:40Z</time>
      </trkpt>
      <trkpt lat="39.908601" lon="116.641651">
        <time>2022-06-29T13:38:45Z</time>
      </trkpt>
      <trkpt lat="39.908593" lon="116.641513">
        <time>2022-06-29T13:38:50Z</time>
      </trkpt>
      <trkpt lat="39.908589" lon="116.641368">
        <time>2022-06-29T13:38:55Z</time>
      </trkpt>
      <trkpt lat="39.908595" lon="116.641233">
        <time>2022-06-29T13:39:00Z</time>
      </trkpt>
      <trkpt lat="39.908592" lon="116.641101">
        <time>2022-06-29T13:39:05Z</time>
      </trkpt>
      <trkpt lat="39.908564" lon="116.640983">
        <time>2022-06-29T13:39:10Z</time>
      </trkpt>
      <trkpt lat="39.908577" lon="116.640817">
        <time>2022-06-29T13:39:15Z</time>
      </trkpt>
      <trkpt lat="39.90858" lon="116.640664">
        <time>2022-06-29T13:39:20Z</time>
      </trkpt>
      <trkpt lat="39.908582" lon="116.640546">
        <time>2022-06-29T13:39:25Z</time>
      </trkpt>
      <trkpt lat="39.908589" lon="116.640438">
        <time>2022-06-29T13:39:30Z</time>
      </trkpt>
      <trkpt lat="39.908589" lon="116.640347">
        <time>2022-06-29T13:39:35Z</time>
      </trkpt>
      <trkpt lat="39.908612" lon="116.640269">
        <time>2022-06-29T13:39:40Z</time>
      </trkpt>
      <trkpt lat="39.908581" lon="116.640202">
        <time>2022-06-29T13:39:45Z</time>
      </trkpt>
      <trkpt lat="39.908575" lon="116.640079">
        <time>2022-06-29T13:39:50Z</time>
      </trkpt>
      <trkpt lat="39.908564" lon="116.639971">
        <time>2022-06-29T13:39:55Z</time>
      </trkpt>
      <trkpt lat="39.908548" lon="116.639863">
        <time>2022-06-29T13:40:00Z</time>
      </trkpt>
      <trkpt lat="39.90854" lon="116.639744">
        <time>2022-06-29T13:40:05Z</time>
      </trkpt>
      <trkpt lat="39.908546" lon="116.639626">
        <time>2022-06-29T13:40:10Z</time>
      </trkpt>
      <trkpt lat="39.908557" lon="116.639477">
        <time>2022-06-29T13:40:15Z</time>
      </trkpt>
      <trkpt lat="39.908536" lon="116.639325">
        <time>2022-06-29T13:40:20Z</time>
      </trkpt>
      <trkpt lat="39.908522" lon="116.639178">
        <time>2022-06-29T13:40:25Z</time>
      </trkpt>
      <trkpt lat="39.908524" lon="116.639032">
        <time>2022-06-29T13:40:30Z</time>
      </trkpt>
      <trkpt lat="39.908543" lon="116.638857">
        <time>2022-06-29T13:40:35Z</time>
      </trkpt>
      <trkpt lat="39.908541" lon="116.63869">
        <time>2022-06-29T13:40:40Z</time>
      </trkpt>
      <trkpt lat="39.908536" lon="116.638557">
        <time>2022-06-29T13:40:45Z</time>
      </trkpt>
      <trkpt lat="39.908529" lon="116.638378">
        <time>2022-06-29T13:40:50Z</time>
      </trkpt>
      <trkpt lat="39.90852" lon="116.638218">
        <time>2022-06-29T13:40:55Z</time>
      </trkpt>
      <trkpt lat="39.908483" lon="116.638067">
        <time>2022-06-29T13:41:00Z</time>
      </trkpt>
      <trkpt lat="39.908426" lon="116.637919">
        <time>2022-06-29T13:41:05Z</time>
      </trkpt>
      <trkpt lat="39.908361" lon="116.637767">
        <time>2022-06-29T13:41:10Z</time>
      </trkpt>
      <trkpt lat="39.908316" lon="116.637679">
        <time>2022-06-29T13:41:15Z</time>
      </trkpt>
      <trkpt lat="39.908316" lon="116.637679">
        <time>2022-06-29T13:41:20Z</time>
      </trkpt>
      <trkpt lat="39.908262" lon="116.637633">
        <time>2022-06-29T13:41:25Z</time>
      </trkpt>
      <trkpt lat="39.908251" lon="116.637328">
        <time>2022-06-29T13:41:30Z</time>
      </trkpt>
      <trkpt lat="39.908258" lon="116.637283">
        <time>2022-06-29T13:41:35Z</time>
      </trkpt>
      <trkpt lat="39.908302" lon="116.637157">
        <time>2022-06-29T13:41:40Z</time>
      </trkpt>
      <trkpt lat="39.908345" lon="116.637005">
        <time>2022-06-29T13:41:45Z</time>
      </trkpt>
      <trkpt lat="39.908371" lon="116.636858">
        <time>2022-06-29T13:41:50Z</time>
      </trkpt>
      <trkpt lat="39.9084" lon="116.636751">
        <time>2022-06-29T13:41:55Z</time>
      </trkpt>
      <trkpt lat="39.90842" lon="116.636674">
        <time>2022-06-29T13:42:00Z</time>
      </trkpt>
      <trkpt lat="39.908416" lon="116.636585">
        <time>2022-06-29T13:42:05Z</time>
      </trkpt>
      <trkpt lat="39.908428" lon="116.636503">
        <time>2022-06-29T13:42:10Z</time>
      </trkpt>
      <trkpt lat="39.908443" lon="116.636421">
        <time>2022-06-29T13:42:15Z</time>
      </trkpt>
      <trkpt lat="39.908481" lon="116.636292">
        <time>2022-06-29T13:42:20Z</time>
      </trkpt>
      <trkpt lat="39.908511" lon="116.636173">
        <time>2022-06-29T13:42:25Z</time>
      </trkpt>
      <trkpt lat="39.908524" lon="116.63604">
        <time>2022-06-29T13:42:30Z</time>
      </trkpt>
      <trkpt lat="39.908539" lon="116.635901">
        <time>2022-06-29T13:42:35Z</time>
      </trkpt>
      <trkpt lat="39.908546" lon="116.63576">
        <time>2022-06-29T13:42:40Z</time>
      </trkpt>
      <trkpt lat="39.908528" lon="116.635624">
        <time>2022-06-29T13:42:45Z</time>
      </trkpt>
      <trkpt lat="39.908504" lon="116.63549">
        <time>2022-06-29T13:42:50Z</time>
      </trkpt>
      <trkpt lat="39.908482" lon="116.635351">
        <time>2022-06-29T13:42:55Z</time>
      </trkpt>
      <trkpt lat="39.908463" lon="116.635212">
        <time>2022-06-29T13:43:00Z</time>
      </trkpt>
      <trkpt lat="39.908469" lon="116.635038">
        <time>2022-06-29T13:43:05Z</time>
      </trkpt>
      <trkpt lat="39.908477" lon="116.634875">
        <time>2022-06-29T13:43:10Z</time>
      </trkpt>
      <trkpt lat="39.908488" lon="116.634696">
        <time>2022-06-29T13:43:15Z</time>
      </trkpt>
      <trkpt lat="39.908513" lon="116.634421">
        <time>2022-06-29T13:43:20Z</time>
      </trkpt>
      <trkpt lat="39.908505" lon="116.634346">
        <time>2022-06-29T13:43:25Z</time>
      </trkpt>
      <trkpt lat="39.908483" lon="116.634195">
        <time>2022-06-29T13:43:30Z</time>
      </trkpt>
      <trkpt lat="39.908501" lon="116.63405">
        <time>2022-06-29T13:43:35Z</time>
      </trkpt>
      <trkpt lat="39.908485" lon="116.633951">
        <time>2022-06-29T13:43:40Z</time>
      </trkpt>
      <trkpt lat="39.908452" lon="116.633864">
        <time>2022-06-29T13:43:45Z</time>
      </trkpt>
      <trkpt lat="39.908436" lon="116.633749">
        <time>2022-06-29T13:43:50Z</time>
      </trkpt>
      <trkpt lat="39.908456" lon="116.633579">
        <time>2022-06-29T13:43:55Z</time>
      </trkpt>
      <trkpt lat="39.90847" lon="116.633493">
        <time>2022-06-29T13:44:00Z</time>
      </trkpt>
      <trkpt lat="39.908502" lon="116.633354">
        <time>2022-06-29T13:44:05Z</time>
      </trkpt>
      <trkpt lat="39.908489" lon="116.63323">
        <time>2022-06-29T13:44:10Z</time>
      </trkpt>
      <trkpt lat="39.908487" lon="116.633074">
        <time>2022-06-29T13:44:15Z</time>
      </trkpt>
      <trkpt lat="39.908451" lon="116.632952">
        <time>2022-06-29T13:44:20Z</time>
      </trkpt>
      <trkpt lat="39.908446" lon="116.632828">
        <time>2022-06-29T13:44:25Z</time>
      </trkpt>
      <trkpt lat="39.908432" lon="116.632699">
        <time>2022-06-29T13:44:30Z</time>
      </trkpt>
      <trkpt lat="39.908414" lon="116.632617">
        <time>2022-06-29T13:44:35Z</time>
      </trkpt>
      <trkpt lat="39.908409" lon="116.632504">
        <time>2022-06-29T13:44:40Z</time>
      </trkpt>
      <trkpt lat="39.908392" lon="116.632379">
        <time>2022-06-29T13:44:45Z</time>
      </trkpt>
      <trkpt lat="39.908382" lon="116.632251">
        <time>2022-06-29T13:44:50Z</time>
      </trkpt>
      <trkpt lat="39.908364" lon="116.632107">
        <time>2022-06-29T13:44:55Z</time>
      </trkpt>
      <trkpt lat="39.908361" lon="116.631944">
        <time>2022-06-29T13:45:00Z</time>
      </trkpt>
      <trkpt lat="39.908331" lon="116.631798">
        <time>2022-06-29T13:45:05Z</time>
      </trkpt>
      <trkpt lat="39.908307" lon="116.631653">
        <time>2022-06-29T13:45:10Z</time>
      </trkpt>
      <trkpt lat="39.908277" lon="116.631485">
        <time>2022-06-29T13:45:15Z</time>
      </trkpt>
      <trkpt lat="39.908238" lon="116.631315">
        <time>2022-06-29T13:45:20Z</time>
      </trkpt>
      <trkpt lat="39.90817" lon="116.631162">
        <time>2022-06-29T13:45:25Z</time>
      </trkpt>
      <trkpt lat="39.908136" lon="116.630996">
        <time>2022-06-29T13:45:30Z</time>
      </trkpt>
      <trkpt lat="39.908145" lon="116.630833">
        <time>2022-06-29T13:45:35Z</time>
      </trkpt>
      <trkpt lat="39.908161" lon="116.630744">
        <time>2022-06-29T13:45:40Z</time>
      </trkpt>
      <trkpt lat="39.908156" lon="116.63064">
        <time>2022-06-29T13:45:45Z</time>
      </trkpt>
      <trkpt lat="39.908147" lon="116.630541">
        <time>2022-06-29T13:45:50Z</time>
      </trkpt>
      <trkpt lat="39.908135" lon="116.630454">
        <time>2022-06-29T13:45:55Z</time>
      </trkpt>
      <trkpt lat="39.908111" lon="116.630362">
        <time>2022-06-29T13:46:00Z</time>
      </trkpt>
      <trkpt lat="39.908087" lon="116.630288">
        <time>2022-06-29T13:46:05Z</time>
      </trkpt>
      <trkpt lat="39.908068" lon="116.630211">
        <time>2022-06-29T13:46:10Z</time>
      </trkpt>
      <trkpt lat="39.90807" lon="116.630092">
        <time>2022-06-29T13:46:15Z</time>
      </trkpt>
      <trkpt lat="39.908047" lon="116.629999">
        <time>2022-06-29T13:46:20Z</time>
      </trkpt>
      <trkpt lat="39.908028" lon="116.629887">
        <time>2022-06-29T13:46:25Z</time>
      </trkpt>
      <trkpt lat="39.90801" lon="116.629759">
        <time>2022-06-29T13:46:30Z</time>
      </trkpt>
      <trkpt lat="39.908011" lon="116.629628">
        <time>2022-06-29T13:46:35Z</time>
      </trkpt>
      <trkpt lat="39.907992" lon="116.629486">
        <time>2022-06-29T13:46:40Z</time>
      </trkpt>
      <trkpt lat="39.907963" lon="116.629364">
        <time>2022-06-29T13:46:45Z</time>
      </trkpt>
      <trkpt lat="39.907941" lon="116.629234">
        <time>2022-06-29T13:46:50Z</time>
      </trkpt>
      <trkpt lat="39.90795" lon="116.629077">
        <time>2022-06-29T13:46:55Z</time>
      </trkpt>
      <trkpt lat="39.907964" lon="116.628924">
        <time>2022-06-29T13:47:00Z</time>
      </trkpt>
      <trkpt lat="39.907956" lon="116.628843">
        <time>2022-06-29T13:47:05Z</time>
      </trkpt>
      <trkpt lat="39.907933" lon="116.628767">
        <time>2022-06-29T13:47:10Z</time>
      </trkpt>
      <trkpt lat="39.907916" lon="116.628676">
        <time>2022-06-29T13:47:15Z</time>
      </trkpt>
      <trkpt lat="39.907899" lon="116.628584">
        <time>2022-06-29T13:47:20Z</time>
      </trkpt>
      <trkpt lat="39.907888" lon="116.62847">
        <time>2022-06-29T13:47:25Z</time>
      </trkpt>
      <trkpt lat="39.907878" lon="116.628356">
        <time>2022-06-29T13:47:30Z</time>
      </trkpt>
      <trkpt lat="39.907835" lon="116.628263">
        <time>2022-06-29T13:47:35Z</time>
      </trkpt>
      <trkpt lat="39.907816" lon="116.628126">
        <time>2022-06-29T13:47:40Z</time>
      </trkpt>
      <trkpt lat="39.907792" lon="116.627991">
        <time>2022-06-29T13:47:45Z</time>
      </trkpt>
      <trkpt lat="39.907769" lon="116.627856">
        <time>2022-06-29T13:47:50Z</time>
      </trkpt>
      <trkpt lat="39.907774" lon="116.627715">
        <time>2022-06-29T13:47:55Z</time>
      </trkpt>
      <trkpt lat="39.90776" lon="116.627633">
        <time>2022-06-29T13:48:00Z</time>
      </trkpt>
      <trkpt lat="39.90773" lon="116.62754">
        <time>2022-06-29T13:48:05Z</time>
      </trkpt>
      <trkpt lat="39.907701" lon="116.627448">
        <time>2022-06-29T13:48:10Z</time>
      </trkpt>
      <trkpt lat="39.907693" lon="116.627304">
        <time>2022-06-29T13:48:15Z</time>
      </trkpt>
      <trkpt lat="39.90769" lon="116.627168">
        <time>2022-06-29T13:48:20Z</time>
      </trkpt>
      <trkpt lat="39.907694" lon="116.627008">
        <time>2022-06-29T13:48:25Z</time>
      </trkpt>
      <trkpt lat="39.907682" lon="116.626905">
        <time>2022-06-29T13:48:30Z</time>
      </trkpt>
      <trkpt lat="39.907653" lon="116.626787">
        <time>2022-06-29T13:48:35Z</time>
      </trkpt>
      <trkpt lat="39.907644" lon="116.626717">
        <time>2022-06-29T13:48:40Z</time>
      </trkpt>
      <trkpt lat="39.907633" lon="116.626633">
        <time>2022-06-29T13:48:45Z</time>
      </trkpt>
      <trkpt lat="39.907595" lon="116.62654">
        <time>2022-06-29T13:48:50Z</time>
      </trkpt>
      <trkpt lat="39.907578" lon="116.626428">
        <time>2022-06-29T13:48:55Z</time>
      </trkpt>
      <trkpt lat="39.907574" lon="116.626301">
        <time>2022-06-29T13:49:00Z</time>
      </trkpt>
      <trkpt lat="39.907545" lon="116.626208">
        <time>2022-06-29T13:49:05Z</time>
      </trkpt>
      <trkpt lat="39.907526" lon="116.626116">
        <time>2022-06-29T13:49:10Z</time>
      </trkpt>
      <trkpt lat="39.907521" lon="116.625972">
        <time>2022-06-29T13:49:15Z</time>
      </trkpt>
      <trkpt lat="39.907542" lon="116.625816">
        <time>2022-06-29T13:49:20Z</time>
      </trkpt>
      <trkpt lat="39.907538" lon="116.625651">
        <time>2022-06-29T13:49:25Z</time>
      </trkpt>
      <trkpt lat="39.907529" lon="116.625482">
        <time>2022-06-29T13:49:30Z</time>
      </trkpt>
      <trkpt lat="39.907509" lon="116.625327">
        <time>2022-06-29T13:49:35Z</time>
      </trkpt>
      <trkpt lat="39.9075" lon="116.625168">
        <time>2022-06-29T13:49:40Z</time>
      </trkpt>
      <trkpt lat="39.907517" lon="116.62504">
        <time>2022-06-29T13:49:45Z</time>
      </trkpt>
      <trkpt lat="39.907508" lon="116.624952">
        <time>2022-06-29T13:49:50Z</time>
      </trkpt>
      <trkpt lat="39.907441" lon="116.624881">
        <time>2022-06-29T13:49:55Z</time>
      </trkpt>
      <trkpt lat="39.907417" lon="116.624773">
        <time>2022-06-29T13:50:00Z</time>
      </trkpt>
      <trkpt lat="39.907394" lon="116.624665">
        <time>2022-06-29T13:50:05Z</time>
      </trkpt>
      <trkpt lat="39.907402" lon="116.624533">
        <time>2022-06-29T13:50:10Z</time>
      </trkpt>
      <trkpt lat="39.907413" lon="116.624386">
        <time>2022-06-29T13:50:15Z</time>
      </trkpt>
      <trkpt lat="39.907425" lon="116.624262">
        <time>2022-06-29T13:50:20Z</time>
      </trkpt>
      <trkpt lat="39.907404" lon="116.624225">
        <time>2022-06-29T13:50:25Z</time>
      </trkpt>
      <trkpt lat="39.907416" lon="116.624095">
        <time>2022-06-29T13:50:30Z</time>
      </trkpt>
      <trkpt lat="39.907419" lon="116.623975">
        <time>2022-06-29T13:50:35Z</time>
      </trkpt>
      <trkpt lat="39.907414" lon="116.62388">
        <time>2022-06-29T13:50:40Z</time>
      </trkpt>
      <trkpt lat="39.907419" lon="116.623777">
        <time>2022-06-29T13:50:45Z</time>
      </trkpt>
      <trkpt lat="39.907377" lon="116.623703">
        <time>2022-06-29T13:50:50Z</time>
      </trkpt>
      <trkpt lat="39.907346" lon="116.623625">
        <time>2022-06-29T13:50:55Z</time>
      </trkpt>
      <trkpt lat="39.907338" lon="116.623502">
        <time>2022-06-29T13:51:00Z</time>
      </trkpt>
      <trkpt lat="39.907315" lon="116.623387">
        <time>2022-06-29T13:51:05Z</time>
      </trkpt>
      <trkpt lat="39.907316" lon="116.623241">
        <time>2022-06-29T13:51:10Z</time>
      </trkpt>
      <trkpt lat="39.907276" lon="116.623135">
        <time>2022-06-29T13:51:15Z</time>
      </trkpt>
      <trkpt lat="39.907255" lon="116.623003">
        <time>2022-06-29T13:51:20Z</time>
      </trkpt>
      <trkpt lat="39.907233" lon="116.622906">
        <time>2022-06-29T13:51:25Z</time>
      </trkpt>
      <trkpt lat="39.907226" lon="116.622801">
        <time>2022-06-29T13:51:30Z</time>
      </trkpt>
      <trkpt lat="39.907226" lon="116.622692">
        <time>2022-06-29T13:51:35Z</time>
      </trkpt>
      <trkpt lat="39.907232" lon="116.622569">
        <time>2022-06-29T13:51:40Z</time>
      </trkpt>
      <trkpt lat="39.907216" lon="116.622446">
        <time>2022-06-29T13:51:45Z</time>
      </trkpt>
      <trkpt lat="39.907177" lon="116.622328">
        <time>2022-06-29T13:51:50Z</time>
      </trkpt>
      <trkpt lat="39.907142" lon="116.622198">
        <time>2022-06-29T13:51:55Z</time>
      </trkpt>
      <trkpt lat="39.907097" lon="116.622079">
        <time>2022-06-29T13:52:00Z</time>
      </trkpt>
      <trkpt lat="39.907099" lon="116.621909">
        <time>2022-06-29T13:52:05Z</time>
      </trkpt>
      <trkpt lat="39.907104" lon="116.621779">
        <time>2022-06-29T13:52:10Z</time>
      </trkpt>
      <trkpt lat="39.907112" lon="116.621675">
        <time>2022-06-29T13:52:15Z</time>
      </trkpt>
      <trkpt lat="39.907119" lon="116.621528">
        <time>2022-06-29T13:52:20Z</time>
      </trkpt>
      <trkpt lat="39.90711" lon="116.621393">
        <time>2022-06-29T13:52:25Z</time>
      </trkpt>
      <trkpt lat="39.907081" lon="116.621259">
        <time>2022-06-29T13:52:30Z</time>
      </trkpt>
      <trkpt lat="39.907052" lon="116.621143">
        <time>2022-06-29T13:52:35Z</time>
      </trkpt>
      <trkpt lat="39.90702" lon="116.621031">
        <time>2022-06-29T13:52:40Z</time>
      </trkpt>
      <trkpt lat="39.907021" lon="116.620875">
        <time>2022-06-29T13:52:45Z</time>
      </trkpt>
      <trkpt lat="39.907044" lon="116.620727">
        <time>2022-06-29T13:52:50Z</time>
      </trkpt>
      <trkpt lat="39.907021" lon="116.620647">
        <time>2022-06-29T13:52:55Z</time>
      </trkpt>
      <trkpt lat="39.90702" lon="116.620516">
        <time>2022-06-29T13:53:00Z</time>
      </trkpt>
      <trkpt lat="39.906996" lon="116.620422">
        <time>2022-06-29T13:53:05Z</time>
      </trkpt>
      <trkpt lat="39.906975" lon="116.620333">
        <time>2022-06-29T13:53:10Z</time>
      </trkpt>
      <trkpt lat="39.906959" lon="116.620209">
        <time>2022-06-29T13:53:15Z</time>
      </trkpt>
      <trkpt lat="39.90693" lon="116.620107">
        <time>2022-06-29T13:53:20Z</time>
      </trkpt>
      <trkpt lat="39.906909" lon="116.619953">
        <time>2022-06-29T13:53:25Z</time>
      </trkpt>
      <trkpt lat="39.906903" lon="116.619789">
        <time>2022-06-29T13:53:30Z</time>
      </trkpt>
      <trkpt lat="39.906868" lon="116.619668">
        <time>2022-06-29T13:53:35Z</time>
      </trkpt>
      <trkpt lat="39.906865" lon="116.619524">
        <time>2022-06-29T13:53:40Z</time>
      </trkpt>
      <trkpt lat="39.906853" lon="116.619458">
        <time>2022-06-29T13:53:45Z</time>
      </trkpt>
      <trkpt lat="39.906837" lon="116.619365">
        <time>2022-06-29T13:53:50Z</time>
      </trkpt>
      <trkpt lat="39.906827" lon="116.61928">
        <time>2022-06-29T13:53:55Z</time>
      </trkpt>
      <trkpt lat="39.906813" lon="116.619187">
        <time>2022-06-29T13:54:00Z</time>
      </trkpt>
      <trkpt lat="39.906794" lon="116.619128">
        <time>2022-06-29T13:54:05Z</time>
      </trkpt>
      <trkpt lat="39.906773" lon="116.619056">
        <time>2022-06-29T13:54:10Z</time>
      </trkpt>
      <trkpt lat="39.906757" lon="116.618974">
        <time>2022-06-29T13:54:15Z</time>
      </trkpt>
      <trkpt lat="39.906734" lon="116.618888">
        <time>2022-06-29T13:54:20Z</time>
      </trkpt>
      <trkpt lat="39.906713" lon="116.618793">
        <time>2022-06-29T13:54:25Z</time>
      </trkpt>
      <trkpt lat="39.906691" lon="116.618667">
        <time>2022-06-29T13:54:30Z</time>
      </trkpt>
      <trkpt lat="39.906674" lon="116.618546">
        <time>2022-06-29T13:54:35Z</time>
      </trkpt>
      <trkpt lat="39.906662" lon="116.618442">
        <time>2022-06-29T13:54:40Z</time>
      </trkpt>
      <trkpt lat="39.906653" lon="116.618354">
        <time>2022-06-29T13:54:45Z</time>
      </trkpt>
      <trkpt lat="39.906652" lon="116.618243">
        <time>2022-06-29T13:54:50Z</time>
      </trkpt>
      <trkpt lat="39.906646" lon="116.618141">
        <time>2022-06-29T13:54:55Z</time>
      </trkpt>
      <trkpt lat="39.906633" lon="116.617999">
        <time>2022-06-29T13:55:00Z</time>
      </trkpt>
      <trkpt lat="39.906619" lon="116.617868">
        <time>2022-06-29T13:55:05Z</time>
      </trkpt>
      <trkpt lat="39.906606" lon="116.617739">
        <time>2022-06-29T13:55:10Z</time>
      </trkpt>
      <trkpt lat="39.906592" lon="116.617612">
        <time>2022-06-29T13:55:15Z</time>
      </trkpt>
      <trkpt lat="39.906578" lon="116.617473">
        <time>2022-06-29T13:55:20Z</time>
      </trkpt>
      <trkpt lat="39.906563" lon="116.617338">
        <time>2022-06-29T13:55:25Z</time>
      </trkpt>
      <trkpt lat="39.906524" lon="116.617215">
        <time>2022-06-29T13:55:30Z</time>
      </trkpt>
      <trkpt lat="39.906509" lon="116.617112">
        <time>2022-06-29T13:55:35Z</time>
      </trkpt>
      <trkpt lat="39.906495" lon="116.616994">
        <time>2022-06-29T13:55:40Z</time>
      </trkpt>
      <trkpt lat="39.906483" lon="116.616918">
        <time>2022-06-29T13:55:45Z</time>
      </trkpt>
      <trkpt lat="39.906477" lon="116.616816">
        <time>2022-06-29T13:55:50Z</time>
      </trkpt>
      <trkpt lat="39.906469" lon="116.616711">
        <time>2022-06-29T13:55:55Z</time>
      </trkpt>
      <trkpt lat="39.906443" lon="116.616633">
        <time>2022-06-29T13:56:00Z</time>
      </trkpt>
      <trkpt lat="39.906421" lon="116.616503">
        <time>2022-06-29T13:56:05Z</time>
      </trkpt>
      <trkpt lat="39.906391" lon="116.616382">
        <time>2022-06-29T13:56:10Z</time>
      </trkpt>
      <trkpt lat="39.906355" lon="116.616263">
        <time>2022-06-29T13:56:15Z</time>
      </trkpt>
      <trkpt lat="39.90631" lon="116.616159">
        <time>2022-06-29T13:56:20Z</time>
      </trkpt>
      <trkpt lat="39.906266" lon="116.61605">
        <time>2022-06-29T13:56:25Z</time>
      </trkpt>
      <trkpt lat="39.906217" lon="116.615947">
        <time>2022-06-29T13:56:30Z</time>
      </trkpt>
      <trkpt lat="39.906181" lon="116.615807">
        <time>2022-06-29T13:56:35Z</time>
      </trkpt>
      <trkpt lat="39.906131" lon="116.615732">
        <time>2022-06-29T13:56:40Z</time>
      </trkpt>
      <trkpt lat="39.906089" lon="116.615641">
        <time>2022-06-29T13:56:45Z</time>
      </trkpt>
      <trkpt lat="39.906054" lon="116.615566">
        <time>2022-06-29T13:56:50Z</time>
      </trkpt>
      <trkpt lat="39.906027" lon="116.615484">
        <time>2022-06-29T13:56:55Z</time>
      </trkpt>
      <trkpt lat="39.905986" lon="116.615396">
        <time>2022-06-29T13:57:00Z</time>
      </trkpt>
      <trkpt lat="39.905943" lon="116.61533">
        <time>2022-06-29T13:57:05Z</time>
      </trkpt>
      <trkpt lat="39.905897" lon="116.615256">
        <time>2022-06-29T13:57:10Z</time>
      </trkpt>
      <trkpt lat="39.905847" lon="116.615184">
        <time>2022-06-29T13:57:15Z</time>
      </trkpt>
      <trkpt lat="39.905804" lon="116.615119">
        <time>2022-06-29T13:57:20Z</time>
      </trkpt>
      <trkpt lat="39.905774" lon="116.615047">
        <time>2022-06-29T13:57:25Z</time>
      </trkpt>
      <trkpt lat="39.905761" lon="116.614961">
        <time>2022-06-29T13:57:30Z</time>
      </trkpt>
      <trkpt lat="39.905748" lon="116.614874">
        <time>2022-06-29T13:57:35Z</time>
      </trkpt>
      <trkpt lat="39.905746" lon="116.614789">
        <time>2022-06-29T13:57:40Z</time>
      </trkpt>
      <trkpt lat="39.90572" lon="116.614812">
        <time>2022-06-29T13:57:45Z</time>
      </trkpt>
      <trkpt lat="39.905734" lon="116.614931">
        <time>2022-06-29T13:57:50Z</time>
      </trkpt>
      <trkpt lat="39.905724" lon="116.615041">
        <time>2022-06-29T13:57:55Z</time>
      </trkpt>
      <trkpt lat="39.905731" lon="116.615138">
        <time>2022-06-29T13:58:00Z</time>
      </trkpt>
      <trkpt lat="39.905736" lon="116.615228">
        <time>2022-06-29T13:58:05Z</time>
      </trkpt>
      <trkpt lat="39.905744" lon="116.615321">
        <time>2022-06-29T13:58:10Z</time>
      </trkpt>
      <trkpt lat="39.905731" lon="116.6154">
        <time>2022-06-29T13:58:15Z</time>
      </trkpt>
      <trkpt lat="39.905729" lon="116.615506">
        <time>2022-06-29T13:58:20Z</time>
      </trkpt>
      <trkpt lat="39.905745" lon="116.615645">
        <time>2022-06-29T13:58:25Z</time>
      </trkpt>
      <trkpt lat="39.905733" lon="116.615808">
        <time>2022-06-29T13:58:30Z</time>
      </trkpt>
      <trkpt lat="39.905715" lon="116.615949">
        <time>2022-06-29T13:58:35Z</time>
      </trkpt>
      <trkpt lat="39.905685" lon="116.616075">
        <time>2022-06-29T13:58:40Z</time>
      </trkpt>
      <trkpt lat="39.905669" lon="116.616205">
        <time>2022-06-29T13:58:45Z</time>
      </trkpt>
      <trkpt lat="39.90568" lon="116.616332">
        <time>2022-06-29T13:58:50Z</time>
      </trkpt>
      <trkpt lat="39.905687" lon="116.616471">
        <time>2022-06-29T13:58:55Z</time>
      </trkpt>
      <trkpt lat="39.905704" lon="116.616607">
        <time>2022-06-29T13:59:00Z</time>
      </trkpt>
      <trkpt lat="39.90568" lon="116.616783">
        <time>2022-06-29T13:59:05Z</time>
      </trkpt>
      <trkpt lat="39.90569" lon="116.616923">
        <time>2022-06-29T13:59:10Z</time>
      </trkpt>
      <trkpt lat="39.905708" lon="116.616999">
        <time>2022-06-29T13:59:15Z</time>
      </trkpt>
      <trkpt lat="39.905699" lon="116.617092">
        <time>2022-06-29T13:59:20Z</time>
      </trkpt>
      <trkpt lat="39.905666" lon="116.6172">
        <time>2022-06-29T13:59:25Z</time>
      </trkpt>
      <trkpt lat="39.905655" lon="116.61731">
        <time>2022-06-29T13:59:30Z</time>
      </trkpt>
      <trkpt lat="39.905655" lon="116.617397">
        <time>2022-06-29T13:59:35Z</time>
      </trkpt>
      <trkpt lat="39.905651" lon="116.617502">
        <time>2022-06-29T13:59:40Z</time>
      </trkpt>
      <trkpt lat="39.905635" lon="116.617578">
        <time>2022-06-29T13:59:45Z</time>
      </trkpt>
      <trkpt lat="39.905632" lon="116.617701">
        <time>2022-06-29T13:59:50Z</time>
      </trkpt>
      <trkpt lat="39.905612" lon="116.617842">
        <time>2022-06-29T13:59:55Z</time>
      </trkpt>
      <trkpt lat="39.905617" lon="116.617951">
        <time>2022-06-29T14:00:00Z</time>
      </trkpt>
      <trkpt lat="39.905633" lon="116.618086">
        <time>2022-06-29T14:00:05Z</time>
      </trkpt>
      <trkpt lat="39.905644" lon="116.618165">
        <time>2022-06-29T14:00:10Z</time>
      </trkpt>
      <trkpt lat="39.905651" lon="116.618265">
        <time>2022-06-29T14:00:15Z</time>
      </trkpt>
      <trkpt lat="39.905642" lon="116.618388">
        <time>2022-06-29T14:00:20Z</time>
      </trkpt>
      <trkpt lat="39.905645" lon="116.618484">
        <time>2022-06-29T14:00:25Z</time>
      </trkpt>
      <trkpt lat="39.905667" lon="116.618557">
        <time>2022-06-29T14:00:30Z</time>
      </trkpt>
      <trkpt lat="39.905642" lon="116.618686">
        <time>2022-06-29T14:00:35Z</time>
      </trkpt>
      <trkpt lat="39.905617" lon="116.618836">
        <time>2022-06-29T14:00:40Z</time>
      </trkpt>
      <trkpt lat="39.905625" lon="116.618982">
        <time>2022-06-29T14:00:45Z</time>
      </trkpt>
      <trkpt lat="39.905642" lon="116.619116">
        <time>2022-06-29T14:00:50Z</time>
      </trkpt>
      <trkpt lat="39.905662" lon="116.619244">
        <time>2022-06-29T14:00:55Z</time>
      </trkpt>
      <trkpt lat="39.905679" lon="116.619357">
        <time>2022-06-29T14:01:00Z</time>
      </trkpt>
      <trkpt lat="39.905707" lon="116.619439">
        <time>2022-06-29T14:01:05Z</time>
      </trkpt>
      <trkpt lat="39.905736" lon="116.619547">
        <time>2022-06-29T14:01:10Z</time>
      </trkpt>
      <trkpt lat="39.90577" lon="116.61964">
        <time>2022-06-29T14:01:15Z</time>
      </trkpt>
      <trkpt lat="39.905767" lon="116.619746">
        <time>2022-06-29T14:01:20Z</time>
      </trkpt>
      <trkpt lat="39.905761" lon="116.619851">
        <time>2022-06-29T14:01:25Z</time>
      </trkpt>
      <trkpt lat="39.905778" lon="116.619926">
        <time>2022-06-29T14:01:30Z</time>
      </trkpt>
      <trkpt lat="39.905777" lon="116.620033">
        <time>2022-06-29T14:01:35Z</time>
      </trkpt>
      <trkpt lat="39.905776" lon="116.620107">
        <time>2022-06-29T14:01:40Z</time>
      </trkpt>
      <trkpt lat="39.905791" lon="116.620206">
        <time>2022-06-29T14:01:45Z</time>
      </trkpt>
      <trkpt lat="39.905794" lon="116.62031">
        <time>2022-06-29T14:01:50Z</time>
      </trkpt>
      <trkpt lat="39.905801" lon="116.620431">
        <time>2022-06-29T14:01:55Z</time>
      </trkpt>
      <trkpt lat="39.905806" lon="116.620573">
        <time>2022-06-29T14:02:00Z</time>
      </trkpt>
      <trkpt lat="39.905808" lon="116.620607">
        <time>2022-06-29T14:02:05Z</time>
      </trkpt>
      <trkpt lat="39.905807" lon="116.620704">
        <time>2022-06-29T14:02:10Z</time>
      </trkpt>
      <trkpt lat="39.905817" lon="116.620769">
        <time>2022-06-29T14:02:15Z</time>
      </trkpt>
      <trkpt lat="39.905835" lon="116.620787">
        <time>2022-06-29T14:02:20Z</time>
      </trkpt>
      <trkpt lat="39.905838" lon="116.620771">
        <time>2022-06-29T14:02:25Z</time>
      </trkpt>
      <trkpt lat="39.905898" lon="116.620769">
        <time>2022-06-29T14:02:30Z</time>
      </trkpt>
      <trkpt lat="39.905928" lon="116.620775">
        <time>2022-06-29T14:02:35Z</time>
      </trkpt>
      <trkpt lat="39.905928" lon="116.620775">
        <time>2022-06-29T14:04:11Z</time>
      </trkpt>
    </trkseg>
  </trk>
</gpx>